horodatage_requete;origine_id;couche;destination;variante;methode;statut;distance_m;forfait_m;distance_totale_m;duree_sans_trafic_s;description;acces_conforme;trace
2026-09-26T10:20:46;E_A1;entree;VITRY;rapide;itineraire;OK;48820;0;48820;2558;A1 et A86;;traces/E_A1_VITRY_rapide.txt
2026-09-26T10:20:46;E_A1;entree;RIS;rapide;itineraire;OK;65882;1380;67262;3448;A3;non (1082 m);traces/E_A1_RIS_rapide.txt
2026-09-26T10:20:47;E_A4;entree;VITRY;rapide;itineraire;OK;73090;0;73090;3051;A4;;traces/E_A4_VITRY_rapide.txt
2026-09-26T10:20:47;E_A4;entree;RIS;rapide;itineraire;OK;92509;1380;93889;3970;A4 et N104;non (146 m);traces/E_A4_RIS_rapide.txt
2026-09-26T10:20:47;E_A5;entree;VITRY;rapide;itineraire;OK;82488;0;82488;3625;A5;;traces/E_A5_VITRY_rapide.txt
2026-09-26T10:20:47;E_A5;entree;RIS;rapide;itineraire;OK;70634;1380;72014;2857;A5;non (146 m);traces/E_A5_RIS_rapide.txt
2026-09-26T10:20:47;E_A6;entree;VITRY;rapide;itineraire;OK;93772;0;93772;3537;A6;;traces/E_A6_VITRY_rapide.txt
2026-09-26T10:20:48;E_A6;entree;RIS;rapide;itineraire;OK;72354;1380;73734;2641;A6;oui;traces/E_A6_RIS_rapide.txt
2026-09-26T10:20:48;E_A10;entree;VITRY;rapide;itineraire;OK;62958;0;62958;2616;A10;;traces/E_A10_VITRY_rapide.txt
2026-09-26T10:20:48;E_A10;entree;RIS;rapide;itineraire;OK;59203;1380;60583;2411;A10 et N104;oui;traces/E_A10_RIS_rapide.txt
2026-09-26T10:20:48;E_A11;entree;VITRY;rapide;itineraire;OK;62192;0;62192;2733;A10;;traces/E_A11_VITRY_rapide.txt
2026-09-26T10:20:48;E_A11;entree;RIS;rapide;itineraire;OK;58437;1380;59817;2527;A10 et N104;oui;traces/E_A11_RIS_rapide.txt
2026-09-26T10:20:48;E_A13;entree;VITRY;rapide;itineraire;OK;92461;0;92461;3779;A13 et A86;;traces/E_A13_VITRY_rapide.txt
2026-09-26T10:20:49;E_A13;entree;RIS;rapide;itineraire;OK;99218;1380;100598;4096;A13;non (1082 m);traces/E_A13_RIS_rapide.txt
2026-09-26T10:20:49;E_A16;entree;VITRY;rapide;itineraire;OK;69185;0;69185;3563;N104;;traces/E_A16_VITRY_rapide.txt
2026-09-26T10:20:49;E_A16;entree;RIS;rapide;itineraire;OK;89679;1380;91059;4332;A86;non (1082 m);traces/E_A16_RIS_rapide.txt
2026-09-26T10:20:49;IDF1;site;VITRY;rapide;itineraire;OK;41890;0;41890;2841;A86;;traces/IDF1_VITRY_rapide.txt
2026-09-26T10:20:49;IDF1;site;RIS;rapide;itineraire;OK;58952;1380;60332;3731;A3;non (1082 m);traces/IDF1_RIS_rapide.txt
2026-09-26T10:20:50;IDF2;site;VITRY;rapide;itineraire;OK;35432;0;35432;2081;A6;;traces/IDF2_VITRY_rapide.txt
2026-09-26T10:20:50;IDF2;site;RIS;rapide;itineraire;OK;14009;1380;15389;1176;D31;oui;traces/IDF2_RIS_rapide.txt
2026-09-26T10:20:50;IDF3;site;VITRY;rapide;itineraire;OK;66563;0;66563;3895;A86;;traces/IDF3_VITRY_rapide.txt
2026-09-26T10:20:50;IDF3;site;RIS;rapide;itineraire;OK;90870;1380;92250;4705;A86;non (1082 m);traces/IDF3_RIS_rapide.txt
2026-09-26T10:20:50;IDF4;site;VITRY;rapide;itineraire;OK;31073;0;31073;2394;A86;;traces/IDF4_VITRY_rapide.txt
2026-09-26T10:20:50;IDF4;site;RIS;rapide;itineraire;OK;48135;1380;49515;3284;A6;non (1082 m);traces/IDF4_RIS_rapide.txt
2026-09-26T10:20:51;IDF5;site;VITRY;rapide;itineraire;OK;27598;0;27598;2839;Blvd Périphérique;;traces/IDF5_VITRY_rapide.txt
2026-09-26T10:20:51;IDF5;site;RIS;rapide;itineraire;OK;48346;1380;49726;3517;Blvd Périphérique;non (1082 m);traces/IDF5_RIS_rapide.txt
2026-09-26T10:20:51;IDF6;site;VITRY;rapide;itineraire;OK;50564;0;50564;2852;A86;;traces/IDF6_VITRY_rapide.txt
2026-09-26T10:20:51;IDF6;site;RIS;rapide;itineraire;OK;57321;1380;58701;3169;A86;non (1082 m);traces/IDF6_RIS_rapide.txt
2026-09-26T10:20:51;IDF7;site;VITRY;rapide;itineraire;OK;40735;0;40735;2677;A86;;traces/IDF7_VITRY_rapide.txt
2026-09-26T10:20:52;IDF7;site;RIS;rapide;itineraire;OK;56204;1380;57584;3048;A86;non (1082 m);traces/IDF7_RIS_rapide.txt
2026-09-26T10:20:52;IDF8;site;VITRY;rapide;itineraire;OK;45059;0;45059;2489;A4;;traces/IDF8_VITRY_rapide.txt
2026-09-26T10:20:52;IDF8;site;RIS;rapide;itineraire;OK;64479;1380;65859;3407;N104;non (146 m);traces/IDF8_RIS_rapide.txt
2026-09-26T10:20:52;IDF9;site;VITRY;rapide;itineraire;OK;46751;0;46751;2979;A86;;traces/IDF9_VITRY_rapide.txt
2026-09-26T10:20:52;IDF9;site;RIS;rapide;itineraire;OK;53507;1380;54887;3296;A86;non (1082 m);traces/IDF9_RIS_rapide.txt
2026-09-26T10:20:53;IDF10;site;VITRY;rapide;itineraire;OK;34363;0;34363;2347;A86;;traces/IDF10_VITRY_rapide.txt
2026-09-26T10:20:53;IDF10;site;RIS;rapide;itineraire;OK;51425;1380;52805;3237;A3;non (1082 m);traces/IDF10_RIS_rapide.txt
2026-09-26T10:20:53;IDF11;site;VITRY;rapide;itineraire;OK;49468;0;49468;2369;A4;;traces/IDF11_VITRY_rapide.txt
2026-09-26T10:20:53;IDF11;site;RIS;rapide;itineraire;OK;68887;1380;70267;3288;A4 et N104;non (146 m);traces/IDF11_RIS_rapide.txt
2026-09-26T10:20:53;IDF12;site;VITRY;rapide;itineraire;OK;11529;0;11529;1049;N406;;traces/IDF12_VITRY_rapide.txt
2026-09-26T10:20:53;IDF12;site;RIS;rapide;itineraire;OK;14828;1380;16208;1955;D136;non (1128 m);traces/IDF12_RIS_rapide.txt
2026-09-26T10:20:54;IDF13;site;VITRY;rapide;itineraire;OK;38905;0;38905;2535;N19;;traces/IDF13_VITRY_rapide.txt
2026-09-26T10:20:54;IDF13;site;RIS;rapide;itineraire;OK;32603;1380;33983;2015;N104;non (146 m);traces/IDF13_RIS_rapide.txt
2026-09-26T10:20:54;IDF14;site;VITRY;rapide;itineraire;OK;7704;0;7704;1243;Quai Jules Guesde/D152;;traces/IDF14_VITRY_rapide.txt
2026-09-26T10:20:54;IDF14;site;RIS;rapide;itineraire;OK;10572;1380;11952;1305;D931;non (1128 m);traces/IDF14_RIS_rapide.txt
2026-09-26T10:20:54;IDF15;site;VITRY;rapide;itineraire;OK;46693;0;46693;2492;N12 et A86;;traces/IDF15_VITRY_rapide.txt
2026-09-26T10:20:54;IDF15;site;RIS;rapide;itineraire;OK;53449;1380;54829;2809;N12;non (1082 m);traces/IDF15_RIS_rapide.txt
2026-09-26T10:20:55;HDF1;site;VITRY;rapide;itineraire;OK;210106;0;210106;9100;A1;;traces/HDF1_VITRY_rapide.txt
2026-09-26T10:20:55;HDF1;site;RIS;rapide;itineraire;OK;227168;1380;228548;9990;A1;non (1082 m);traces/HDF1_RIS_rapide.txt
2026-09-26T10:20:55;HDF2;site;VITRY;rapide;itineraire;OK;203649;0;203649;7989;A1;;traces/HDF2_VITRY_rapide.txt
2026-09-26T10:20:55;HDF2;site;RIS;rapide;itineraire;OK;220711;1380;222091;8879;A1;non (1082 m);traces/HDF2_RIS_rapide.txt
2026-09-26T10:20:56;HDF3;site;VITRY;rapide;itineraire;OK;251636;0;251636;10124;A1;;traces/HDF3_VITRY_rapide.txt
2026-09-26T10:20:56;HDF3;site;RIS;rapide;itineraire;OK;268698;1380;270078;11014;A1;non (1082 m);traces/HDF3_RIS_rapide.txt
2026-09-26T10:20:56;HDF4;site;VITRY;rapide;itineraire;OK;203646;0;203646;8114;A1;;traces/HDF4_VITRY_rapide.txt
2026-09-26T10:20:56;HDF4;site;RIS;rapide;itineraire;OK;220709;1380;222089;9004;A1;non (1082 m);traces/HDF4_RIS_rapide.txt
2026-09-26T10:20:56;HDF5;site;VITRY;rapide;itineraire;OK;224457;0;224457;8841;A1;;traces/HDF5_VITRY_rapide.txt
2026-09-26T10:20:57;HDF5;site;RIS;rapide;itineraire;OK;241519;1380;242899;9731;A1;non (1082 m);traces/HDF5_RIS_rapide.txt
2026-09-26T10:20:57;NOR1;site;VITRY;rapide;itineraire;OK;209947;0;209947;7852;A13;;traces/NOR1_VITRY_rapide.txt
2026-09-26T10:20:57;NOR1;site;RIS;rapide;itineraire;OK;216703;1380;218083;8169;A13;non (1082 m);traces/NOR1_RIS_rapide.txt
2026-09-26T10:20:57;NOR2;site;VITRY;rapide;itineraire;OK;139338;0;139338;5440;A13;;traces/NOR2_VITRY_rapide.txt
2026-09-26T10:20:58;NOR2;site;RIS;rapide;itineraire;OK;146094;1380;147474;5757;A13;non (1082 m);traces/NOR2_RIS_rapide.txt
2026-09-26T10:20:58;NOR3;site;VITRY;rapide;itineraire;OK;134270;0;134270;5550;A13;;traces/NOR3_VITRY_rapide.txt
2026-09-26T10:20:58;NOR3;site;RIS;rapide;itineraire;OK;141027;1380;142407;5867;A13;non (1082 m);traces/NOR3_RIS_rapide.txt
2026-09-26T10:20:58;CVL1;site;VITRY;rapide;itineraire;OK;226354;0;226354;8187;A10;;traces/CVL1_VITRY_rapide.txt
2026-09-26T10:20:58;CVL1;site;RIS;rapide;itineraire;OK;222599;1380;223979;7981;A10;oui;traces/CVL1_RIS_rapide.txt
2026-09-26T10:20:59;CVL2;site;VITRY;rapide;itineraire;OK;262174;0;262174;10181;A10;;traces/CVL2_VITRY_rapide.txt
2026-09-26T10:20:59;CVL2;site;RIS;rapide;itineraire;OK;258419;1380;259799;9975;A10;oui;traces/CVL2_RIS_rapide.txt
2026-09-26T10:20:59;CVL3;site;VITRY;rapide;itineraire;OK;130619;0;130619;5211;A10;;traces/CVL3_VITRY_rapide.txt
2026-09-26T10:20:59;CVL3;site;RIS;rapide;itineraire;OK;126864;1380;128244;5006;A10;oui;traces/CVL3_RIS_rapide.txt
2026-09-26T10:21:00;GE1;site;VITRY;rapide;itineraire;OK;185285;0;185285;6915;A4;;traces/GE1_VITRY_rapide.txt
2026-09-26T10:21:00;GE1;site;RIS;rapide;itineraire;OK;204704;1380;206084;7833;A4;non (146 m);traces/GE1_RIS_rapide.txt
2026-09-26T10:21:00;BFC1;site;VITRY;rapide;itineraire;OK;312203;0;312203;10719;A6;;traces/BFC1_VITRY_rapide.txt
2026-09-26T10:21:00;BFC1;site;RIS;rapide;itineraire;OK;290785;1380;292165;9823;A6;oui;traces/BFC1_RIS_rapide.txt
2026-09-26T10:21:00;E_A1;entree;RIS;acces_impose;itineraire;OK;67584;1380;68964;3457;A3;oui;traces/E_A1_RIS_acces_impose.txt
2026-09-26T10:21:01;E_A1;entree;RIS;impose_est;itineraire;OK;93624;1380;95004;4103;N104;oui;traces/E_A1_RIS_impose_est.txt
2026-09-26T10:21:01;E_A1;entree;RIS;impose_ouest;itineraire;OK;86345;1380;87725;4305;A3;oui;traces/E_A1_RIS_impose_ouest.txt
2026-09-26T10:21:01;E_A4;entree;RIS;acces_impose;itineraire;OK;95907;1380;97287;3915;A4 et N104;oui;traces/E_A4_RIS_acces_impose.txt
2026-09-26T10:21:01;E_A4;entree;RIS;impose_est;itineraire;OK;95907;1380;97287;3915;A4 et N104;oui;traces/E_A4_RIS_impose_est.txt
2026-09-26T10:21:01;E_A4;entree;RIS;impose_ouest;itineraire;OK;111529;1380;112909;4660;A4 et N104;oui;traces/E_A4_RIS_impose_ouest.txt
2026-09-26T10:21:02;E_A5;entree;RIS;acces_impose;itineraire;OK;74032;1380;75412;2802;A5;oui;traces/E_A5_RIS_acces_impose.txt
2026-09-26T10:21:02;E_A5;entree;RIS;impose_est;itineraire;OK;74032;1380;75412;2802;A5;oui;traces/E_A5_RIS_impose_est.txt
2026-09-26T10:21:02;E_A5;entree;RIS;impose_ouest;itineraire;OK;89653;1380;91033;3547;A5 et N104;oui;traces/E_A5_RIS_impose_ouest.txt
2026-09-26T10:21:02;E_A6;entree;RIS;acces_impose;itineraire;OK;72354;1380;73734;2641;A6;oui;traces/E_A6_RIS_acces_impose.txt
2026-09-26T10:21:03;E_A6;entree;RIS;impose_est;itineraire;OK;86270;1380;87650;3292;A6;oui;traces/E_A6_RIS_impose_est.txt
2026-09-26T10:21:03;E_A6;entree;RIS;impose_ouest;itineraire;OK;87977;1380;89357;3385;A6;oui;traces/E_A6_RIS_impose_ouest.txt
2026-09-26T10:21:03;E_A10;entree;RIS;acces_impose;itineraire;OK;59203;1380;60583;2411;A10 et N104;oui;traces/E_A10_RIS_acces_impose.txt
2026-09-26T10:21:03;E_A10;entree;RIS;impose_est;itineraire;OK;80224;1380;81604;3325;A10 et N104;oui;traces/E_A10_RIS_impose_est.txt
2026-09-26T10:21:03;E_A10;entree;RIS;impose_ouest;itineraire;OK;59203;1380;60583;2411;A10 et N104;oui;traces/E_A10_RIS_impose_ouest.txt
2026-09-26T10:21:03;E_A11;entree;RIS;acces_impose;itineraire;OK;58437;1380;59817;2527;A10 et N104;oui;traces/E_A11_RIS_acces_impose.txt
2026-09-26T10:21:04;E_A11;entree;RIS;impose_est;itineraire;OK;79458;1380;80838;3441;A10 et N104;oui;traces/E_A11_RIS_impose_est.txt
2026-09-26T10:21:04;E_A11;entree;RIS;impose_ouest;itineraire;OK;58437;1380;59817;2527;A10 et N104;oui;traces/E_A11_RIS_impose_ouest.txt
2026-09-26T10:21:04;E_A13;entree;RIS;acces_impose;itineraire;OK;100919;1380;102299;4105;A13;oui;traces/E_A13_RIS_acces_impose.txt
2026-09-26T10:21:04;E_A13;entree;RIS;impose_est;itineraire;OK;126275;1380;127655;5185;A13;oui;traces/E_A13_RIS_impose_est.txt
2026-09-26T10:21:04;E_A13;entree;RIS;impose_ouest;itineraire;OK;115696;1380;117076;4740;A13;oui;traces/E_A13_RIS_impose_ouest.txt
2026-09-26T10:21:05;E_A16;entree;RIS;acces_impose;itineraire;OK;91380;1380;92760;4341;A86;oui;traces/E_A16_RIS_acces_impose.txt
2026-09-26T10:21:05;E_A16;entree;RIS;impose_est;itineraire;OK;115286;1380;116666;5055;N104;oui;traces/E_A16_RIS_impose_est.txt
2026-09-26T10:21:05;E_A16;entree;RIS;impose_ouest;itineraire;OK;106157;1380;107537;4977;A86;oui;traces/E_A16_RIS_impose_ouest.txt
2026-09-26T10:21:05;IDF1;site;RIS;acces_impose;itineraire;OK;60653;1380;62033;3740;A3;oui;traces/IDF1_RIS_acces_impose.txt
2026-09-26T10:21:05;IDF1;site;RIS;impose_est;itineraire;OK;87803;1380;89183;4372;A104 et N104;oui;traces/IDF1_RIS_impose_est.txt
2026-09-26T10:21:06;IDF1;site;RIS;impose_ouest;itineraire;OK;79415;1380;80795;4588;A3;oui;traces/IDF1_RIS_impose_ouest.txt
2026-09-26T10:21:06;IDF2;site;RIS;acces_impose;itineraire;OK;14009;1380;15389;1176;D31;oui;traces/IDF2_RIS_acces_impose.txt
2026-09-26T10:21:06;IDF2;site;RIS;impose_est;itineraire;OK;35030;1380;36410;2090;N104;oui;traces/IDF2_RIS_impose_est.txt
2026-09-26T10:21:06;IDF2;site;RIS;impose_ouest;itineraire;OK;23159;1380;24539;1589;N104;oui;traces/IDF2_RIS_impose_ouest.txt
2026-09-26T10:21:06;IDF3;site;RIS;acces_impose;itineraire;OK;92571;1380;93951;4715;A86;oui;traces/IDF3_RIS_acces_impose.txt
2026-09-26T10:21:06;IDF3;site;RIS;impose_est;itineraire;OK;112664;1380;114044;5386;N104;oui;traces/IDF3_RIS_impose_est.txt
2026-09-26T10:21:07;IDF3;site;RIS;impose_ouest;itineraire;OK;107348;1380;108728;5350;A86;oui;traces/IDF3_RIS_impose_ouest.txt
2026-09-26T10:21:07;IDF4;site;RIS;acces_impose;itineraire;OK;49836;1380;51216;3294;A6;oui;traces/IDF4_RIS_acces_impose.txt
2026-09-26T10:21:07;IDF4;site;RIS;impose_est;itineraire;OK;73419;1380;74799;4105;N104;oui;traces/IDF4_RIS_impose_est.txt
2026-09-26T10:21:07;IDF4;site;RIS;impose_ouest;itineraire;OK;68598;1380;69978;4141;N104;oui;traces/IDF4_RIS_impose_ouest.txt
2026-09-26T10:21:08;IDF5;site;RIS;acces_impose;itineraire;OK;50047;1380;51427;3526;Blvd Périphérique;oui;traces/IDF5_RIS_acces_impose.txt
2026-09-26T10:21:08;IDF5;site;RIS;impose_est;itineraire;OK;87391;1380;88771;4368;A104 et N104;oui;traces/IDF5_RIS_impose_est.txt
2026-09-26T10:21:08;IDF5;site;RIS;impose_ouest;itineraire;OK;68809;1380;70189;4374;N104;oui;traces/IDF5_RIS_impose_ouest.txt
2026-09-26T10:21:08;IDF6;site;RIS;acces_impose;itineraire;OK;59022;1380;60402;3179;A86;oui;traces/IDF6_RIS_acces_impose.txt
2026-09-26T10:21:08;IDF6;site;RIS;impose_est;itineraire;OK;84378;1380;85758;4259;A86;oui;traces/IDF6_RIS_impose_est.txt
2026-09-26T10:21:08;IDF6;site;RIS;impose_ouest;itineraire;OK;73799;1380;75179;3814;A86;oui;traces/IDF6_RIS_impose_ouest.txt
2026-09-26T10:21:09;IDF7;site;RIS;acces_impose;itineraire;OK;57906;1380;59286;3058;A86;oui;traces/IDF7_RIS_acces_impose.txt
2026-09-26T10:21:09;IDF7;site;RIS;impose_est;itineraire;OK;83261;1380;84641;4138;A86;oui;traces/IDF7_RIS_impose_est.txt
2026-09-26T10:21:09;IDF7;site;RIS;impose_ouest;itineraire;OK;72682;1380;74062;3693;A86 et N104;oui;traces/IDF7_RIS_impose_ouest.txt
2026-09-26T10:21:09;IDF8;site;RIS;acces_impose;itineraire;OK;67876;1380;69256;3352;N104;oui;traces/IDF8_RIS_acces_impose.txt
2026-09-26T10:21:09;IDF8;site;RIS;impose_est;itineraire;OK;67876;1380;69256;3352;N104;oui;traces/IDF8_RIS_impose_est.txt
2026-09-26T10:21:10;IDF8;site;RIS;impose_ouest;itineraire;OK;83498;1380;84878;4097;N104;oui;traces/IDF8_RIS_impose_ouest.txt
2026-09-26T10:21:11;IDF9;site;RIS;acces_impose;itineraire;OK;55209;1380;56589;3306;A86;oui;traces/IDF9_RIS_acces_impose.txt
2026-09-26T10:21:11;IDF9;site;RIS;impose_est;itineraire;OK;80564;1380;81944;4386;A86;oui;traces/IDF9_RIS_impose_est.txt
2026-09-26T10:21:11;IDF9;site;RIS;impose_ouest;itineraire;OK;69985;1380;71365;3941;A86 et N104;oui;traces/IDF9_RIS_impose_ouest.txt
2026-09-26T10:21:11;IDF10;site;RIS;acces_impose;itineraire;OK;53126;1380;54506;3247;A3;oui;traces/IDF10_RIS_acces_impose.txt
2026-09-26T10:21:11;IDF10;site;RIS;impose_est;itineraire;OK;83395;1380;84775;4005;A104 et N104;oui;traces/IDF10_RIS_impose_est.txt
2026-09-26T10:21:12;IDF10;site;RIS;impose_ouest;itineraire;OK;71888;1380;73268;4094;N104;oui;traces/IDF10_RIS_impose_ouest.txt
2026-09-26T10:21:12;IDF11;site;RIS;acces_impose;itineraire;OK;72285;1380;73665;3233;A4 et N104;oui;traces/IDF11_RIS_acces_impose.txt
2026-09-26T10:21:12;IDF11;site;RIS;impose_est;itineraire;OK;72285;1380;73665;3233;A4 et N104;oui;traces/IDF11_RIS_impose_est.txt
2026-09-26T10:21:12;IDF11;site;RIS;impose_ouest;itineraire;OK;87907;1380;89287;3977;N104;oui;traces/IDF11_RIS_impose_ouest.txt
2026-09-26T10:21:12;IDF12;site;RIS;acces_impose;itineraire;OK;34869;1380;36249;2106;A6;oui;traces/IDF12_RIS_acces_impose.txt
2026-09-26T10:21:13;IDF12;site;RIS;impose_est;itineraire;OK;32483;1380;33863;2372;N104;oui;traces/IDF12_RIS_impose_est.txt
2026-09-26T10:21:13;IDF12;site;RIS;impose_ouest;itineraire;OK;53631;1380;55011;2953;N104;oui;traces/IDF12_RIS_impose_ouest.txt
2026-09-26T10:21:13;IDF13;site;RIS;acces_impose;itineraire;OK;36001;1380;37381;1960;N104;oui;traces/IDF13_RIS_acces_impose.txt
2026-09-26T10:21:13;IDF13;site;RIS;impose_est;itineraire;OK;36001;1380;37381;1960;N104;oui;traces/IDF13_RIS_impose_est.txt
2026-09-26T10:21:13;IDF13;site;RIS;impose_ouest;itineraire;OK;51622;1380;53002;2704;N104;oui;traces/IDF13_RIS_impose_ouest.txt
2026-09-26T10:21:14;IDF14;site;RIS;acces_impose;itineraire;OK;16078;1380;17458;1912;Av. de la Première Armée Rhin et Danube/D310;oui;traces/IDF14_RIS_acces_impose.txt
2026-09-26T10:21:14;IDF14;site;RIS;impose_est;itineraire;OK;33504;1380;34884;2057;N6 et N104;oui;traces/IDF14_RIS_impose_est.txt
2026-09-26T10:21:14;IDF14;site;RIS;impose_ouest;itineraire;OK;49126;1380;50506;2801;N6 et N104;oui;traces/IDF14_RIS_impose_ouest.txt
2026-09-26T10:21:14;IDF15;site;RIS;acces_impose;itineraire;OK;55151;1380;56531;2819;N12;oui;traces/IDF15_RIS_acces_impose.txt
2026-09-26T10:21:14;IDF15;site;RIS;impose_est;itineraire;OK;80506;1380;81886;3899;A6;oui;traces/IDF15_RIS_impose_est.txt
2026-09-26T10:21:15;IDF15;site;RIS;impose_ouest;itineraire;OK;69927;1380;71307;3454;N104;oui;traces/IDF15_RIS_impose_ouest.txt
2026-09-26T10:21:15;HDF1;site;RIS;acces_impose;itineraire;OK;228870;1380;230250;10000;A1;oui;traces/HDF1_RIS_acces_impose.txt
2026-09-26T10:21:15;HDF1;site;RIS;impose_est;itineraire;OK;224950;1380;226330;10145;N2;oui;traces/HDF1_RIS_impose_est.txt
2026-09-26T10:21:15;HDF1;site;RIS;impose_ouest;itineraire;OK;240572;1380;241952;10889;N2;oui;traces/HDF1_RIS_impose_ouest.txt
2026-09-26T10:21:15;HDF2;site;RIS;acces_impose;itineraire;OK;222412;1380;223792;8889;A1;oui;traces/HDF2_RIS_acces_impose.txt
2026-09-26T10:21:16;HDF2;site;RIS;impose_est;itineraire;OK;248453;1380;249833;9535;A1;oui;traces/HDF2_RIS_impose_est.txt
2026-09-26T10:21:16;HDF2;site;RIS;impose_ouest;itineraire;OK;241174;1380;242554;9736;A1;oui;traces/HDF2_RIS_impose_ouest.txt
2026-09-26T10:21:16;HDF3;site;RIS;acces_impose;itineraire;OK;270399;1380;271779;11024;A1;oui;traces/HDF3_RIS_acces_impose.txt
2026-09-26T10:21:16;HDF3;site;RIS;impose_est;itineraire;OK;296440;1380;297820;11670;A1;oui;traces/HDF3_RIS_impose_est.txt
2026-09-26T10:21:17;HDF3;site;RIS;impose_ouest;itineraire;OK;289161;1380;290541;11871;A1;oui;traces/HDF3_RIS_impose_ouest.txt
2026-09-26T10:21:17;HDF4;site;RIS;acces_impose;itineraire;OK;222410;1380;223790;9013;A1;oui;traces/HDF4_RIS_acces_impose.txt
2026-09-26T10:21:17;HDF4;site;RIS;impose_est;itineraire;OK;248451;1380;249831;9660;A1;oui;traces/HDF4_RIS_impose_est.txt
2026-09-26T10:21:17;HDF4;site;RIS;impose_ouest;itineraire;OK;241172;1380;242552;9861;A1;oui;traces/HDF4_RIS_impose_ouest.txt
2026-09-26T10:21:18;HDF5;site;RIS;acces_impose;itineraire;OK;243220;1380;244600;9741;A1;oui;traces/HDF5_RIS_acces_impose.txt
2026-09-26T10:21:18;HDF5;site;RIS;impose_est;itineraire;OK;269261;1380;270641;10387;A1;oui;traces/HDF5_RIS_impose_est.txt
2026-09-26T10:21:18;HDF5;site;RIS;impose_ouest;itineraire;OK;261982;1380;263362;10588;A1;oui;traces/HDF5_RIS_impose_ouest.txt
2026-09-26T10:21:18;NOR1;site;RIS;acces_impose;itineraire;OK;218404;1380;219784;8179;A13;oui;traces/NOR1_RIS_acces_impose.txt
2026-09-26T10:21:18;NOR1;site;RIS;impose_est;itineraire;OK;243760;1380;245140;9259;A13;oui;traces/NOR1_RIS_impose_est.txt
2026-09-26T10:21:19;NOR1;site;RIS;impose_ouest;itineraire;OK;233181;1380;234561;8814;A13;oui;traces/NOR1_RIS_impose_ouest.txt
2026-09-26T10:21:19;NOR2;site;RIS;acces_impose;itineraire;OK;147795;1380;149175;5767;A13;oui;traces/NOR2_RIS_acces_impose.txt
2026-09-26T10:21:19;NOR2;site;RIS;impose_est;itineraire;OK;173151;1380;174531;6847;A13;oui;traces/NOR2_RIS_impose_est.txt
2026-09-26T10:21:19;NOR2;site;RIS;impose_ouest;itineraire;OK;162572;1380;163952;6402;A13;oui;traces/NOR2_RIS_impose_ouest.txt
2026-09-26T10:21:20;NOR3;site;RIS;acces_impose;itineraire;OK;142728;1380;144108;5877;A13;oui;traces/NOR3_RIS_acces_impose.txt
2026-09-26T10:21:20;NOR3;site;RIS;impose_est;itineraire;OK;168084;1380;169464;6957;A13;oui;traces/NOR3_RIS_impose_est.txt
2026-09-26T10:21:20;NOR3;site;RIS;impose_ouest;itineraire;OK;157505;1380;158885;6512;A13;oui;traces/NOR3_RIS_impose_ouest.txt
2026-09-26T10:21:20;CVL1;site;RIS;acces_impose;itineraire;OK;222599;1380;223979;7981;A10;oui;traces/CVL1_RIS_acces_impose.txt
2026-09-26T10:21:20;CVL1;site;RIS;impose_est;itineraire;OK;243620;1380;245000;8895;A10;oui;traces/CVL1_RIS_impose_est.txt
2026-09-26T10:21:21;CVL1;site;RIS;impose_ouest;itineraire;OK;222599;1380;223979;7981;A10;oui;traces/CVL1_RIS_impose_ouest.txt
2026-09-26T10:21:21;CVL2;site;RIS;acces_impose;itineraire;OK;258419;1380;259799;9975;A10;oui;traces/CVL2_RIS_acces_impose.txt
2026-09-26T10:21:21;CVL2;site;RIS;impose_est;itineraire;OK;279440;1380;280820;10889;A10;oui;traces/CVL2_RIS_impose_est.txt
2026-09-26T10:21:21;CVL2;site;RIS;impose_ouest;itineraire;OK;258419;1380;259799;9975;A10;oui;traces/CVL2_RIS_impose_ouest.txt
2026-09-26T10:21:22;CVL3;site;RIS;acces_impose;itineraire;OK;126864;1380;128244;5006;A10;oui;traces/CVL3_RIS_acces_impose.txt
2026-09-26T10:21:22;CVL3;site;RIS;impose_est;itineraire;OK;147885;1380;149265;5920;A10;oui;traces/CVL3_RIS_impose_est.txt
2026-09-26T10:21:22;CVL3;site;RIS;impose_ouest;itineraire;OK;126864;1380;128244;5006;A10;oui;traces/CVL3_RIS_impose_ouest.txt
2026-09-26T10:21:23;GE1;site;RIS;acces_impose;itineraire;OK;208102;1380;209482;7779;A4;oui;traces/GE1_RIS_acces_impose.txt
2026-09-26T10:21:23;GE1;site;RIS;impose_est;itineraire;OK;208102;1380;209482;7779;A4;oui;traces/GE1_RIS_impose_est.txt
2026-09-26T10:21:23;GE1;site;RIS;impose_ouest;itineraire;OK;223723;1380;225103;8523;A4;oui;traces/GE1_RIS_impose_ouest.txt
2026-09-26T10:21:23;BFC1;site;RIS;acces_impose;itineraire;OK;290785;1380;292165;9823;A6;oui;traces/BFC1_RIS_acces_impose.txt
2026-09-26T10:21:23;BFC1;site;RIS;impose_est;itineraire;OK;304701;1380;306081;10474;A6;oui;traces/BFC1_RIS_impose_est.txt
2026-09-26T10:21:24;BFC1;site;RIS;impose_ouest;itineraire;OK;306408;1380;307788;10567;A6;oui;traces/BFC1_RIS_impose_ouest.txt
2026-09-26T10:21:42;G-060+000;grille;VITRY;rapide;matrice;OK;68069;0;68069;3142;;;
2026-09-26T10:21:42;G-060+000;grille;RIS;rapide;matrice;OK;74826;1380;76206;3459;;;
2026-09-26T10:21:42;G-055-020;grille;VITRY;rapide;matrice;OK;78660;0;78660;3716;;;
2026-09-26T10:21:42;G-055-020;grille;RIS;rapide;matrice;OK;74905;1380;76285;3510;;;
2026-09-26T10:21:42;G-055-015;grille;VITRY;rapide;matrice;OK;74732;0;74732;3986;;;
2026-09-26T10:21:42;G-055-015;grille;RIS;rapide;matrice;OK;79054;1380;80434;3770;;;
2026-09-26T10:21:42;G-055-010;grille;VITRY;rapide;matrice;OK;73729;0;73729;3718;;;
2026-09-26T10:21:42;G-055-010;grille;RIS;rapide;matrice;OK;80485;1380;81865;4035;;;
2026-09-26T10:21:42;G-055-005;grille;VITRY;rapide;matrice;OK;67729;0;67729;3202;;;
2026-09-26T10:21:42;G-055-005;grille;RIS;rapide;matrice;OK;74486;1380;75866;3519;;;
2026-09-26T10:21:42;G-055+000;grille;VITRY;rapide;matrice;OK;62258;0;62258;2760;;;
2026-09-26T10:21:42;G-055+000;grille;RIS;rapide;matrice;OK;69015;1380;70395;3077;;;
2026-09-26T10:21:42;G-055+005;grille;VITRY;rapide;matrice;OK;66062;0;66062;3106;;;
2026-09-26T10:21:42;G-055+005;grille;RIS;rapide;matrice;OK;72818;1380;74198;3423;;;
2026-09-26T10:21:42;G-055+010;grille;VITRY;rapide;matrice;OK;77262;0;77262;3597;;;
2026-09-26T10:21:42;G-055+010;grille;RIS;rapide;matrice;OK;84019;1380;85399;3914;;;
2026-09-26T10:21:42;G-055+015;grille;VITRY;rapide;matrice;OK;78162;0;78162;3708;;;
2026-09-26T10:21:42;G-055+015;grille;RIS;rapide;matrice;OK;84918;1380;86298;4025;;;
2026-09-26T10:21:42;G-055+020;grille;VITRY;rapide;matrice;OK;78298;0;78298;3770;;;
2026-09-26T10:21:42;G-055+020;grille;RIS;rapide;matrice;OK;85055;1380;86435;4087;;;
2026-09-26T10:21:42;G-050-030;grille;VITRY;rapide;matrice;OK;69179;0;69179;3253;;;
2026-09-26T10:21:42;G-050-030;grille;RIS;rapide;matrice;OK;65424;1380;66804;3047;;;
2026-09-26T10:21:42;G-050-025;grille;VITRY;rapide;matrice;OK;74103;0;74103;3375;;;
2026-09-26T10:21:42;G-050-025;grille;RIS;rapide;matrice;OK;70348;1380;71728;3170;;;
2026-09-26T10:21:42;G-050-020;grille;VITRY;rapide;matrice;OK;74781;0;74781;3528;;;
2026-09-26T10:21:42;G-050-020;grille;RIS;rapide;matrice;OK;71026;1380;72406;3323;;;
2026-09-26T10:21:42;G-050-015;grille;VITRY;rapide;matrice;OK;74358;0;74358;4217;;;
2026-09-26T10:21:42;G-050-015;grille;RIS;rapide;matrice;OK;78576;1380;79956;3997;;;
2026-09-26T10:21:42;G-050-010;grille;VITRY;rapide;matrice;OK;65823;0;65823;3410;;;
2026-09-26T10:21:42;G-050-010;grille;RIS;rapide;matrice;OK;72579;1380;73959;3727;;;
2026-09-26T10:21:42;G-050-005;grille;VITRY;rapide;matrice;OK;63350;0;63350;3596;;;
2026-09-26T10:21:42;G-050-005;grille;RIS;rapide;matrice;OK;70107;1380;71487;3913;;;
2026-09-26T10:21:42;G-050+000;grille;VITRY;rapide;matrice;OK;60736;0;60736;2767;;;
2026-09-26T10:21:42;G-050+000;grille;RIS;rapide;matrice;OK;67492;1380;68872;3084;;;
2026-09-26T10:21:42;G-050+005;grille;VITRY;rapide;matrice;OK;59164;0;59164;3130;;;
2026-09-26T10:21:42;G-050+005;grille;RIS;rapide;matrice;OK;65920;1380;67300;3447;;;
2026-09-26T10:21:42;G-050+010;grille;VITRY;rapide;matrice;OK;66404;0;66404;3506;;;
2026-09-26T10:21:42;G-050+010;grille;RIS;rapide;matrice;OK;73161;1380;74541;3823;;;
2026-09-26T10:21:42;G-050+015;grille;VITRY;rapide;matrice;OK;68497;0;68497;3527;;;
2026-09-26T10:21:42;G-050+015;grille;RIS;rapide;matrice;OK;75253;1380;76633;3844;;;
2026-09-26T10:21:42;G-050+020;grille;VITRY;rapide;matrice;OK;72855;0;72855;3478;;;
2026-09-26T10:21:42;G-050+020;grille;RIS;rapide;matrice;OK;79611;1380;80991;3795;;;
2026-09-26T10:21:42;G-050+025;grille;VITRY;rapide;matrice;OK;76554;0;76554;3495;;;
2026-09-26T10:21:42;G-050+025;grille;RIS;rapide;matrice;OK;83310;1380;84690;3812;;;
2026-09-26T10:21:42;G-050+030;grille;VITRY;rapide;matrice;OK;82359;0;82359;3899;;;
2026-09-26T10:21:42;G-050+030;grille;RIS;rapide;matrice;OK;89116;1380;90496;4216;;;
2026-09-26T10:21:42;G-045-035;grille;VITRY;rapide;matrice;OK;68110;0;68110;3060;;;
2026-09-26T10:21:42;G-045-035;grille;RIS;rapide;matrice;OK;64355;1380;65735;2854;;;
2026-09-26T10:21:42;G-045-030;grille;VITRY;rapide;matrice;OK;64054;0;64054;3002;;;
2026-09-26T10:21:42;G-045-030;grille;RIS;rapide;matrice;OK;60299;1380;61679;2797;;;
2026-09-26T10:21:42;G-045-025;grille;VITRY;rapide;matrice;OK;69418;0;69418;3093;;;
2026-09-26T10:21:42;G-045-025;grille;RIS;rapide;matrice;OK;65663;1380;67043;2887;;;
2026-09-26T10:21:42;G-045-020;grille;VITRY;rapide;matrice;OK;71828;0;71828;3159;;;
2026-09-26T10:21:42;G-045-020;grille;RIS;rapide;matrice;OK;68073;1380;69453;2954;;;
2026-09-26T10:21:42;G-045-015;grille;VITRY;rapide;matrice;OK;59578;0;59578;3414;;;
2026-09-26T10:21:42;G-045-015;grille;RIS;rapide;matrice;OK;73814;1380;75194;3454;;;
2026-09-26T10:21:42;G-045-010;grille;VITRY;rapide;matrice;OK;67375;0;67375;3363;;;
2026-09-26T10:21:42;G-045-010;grille;RIS;rapide;matrice;OK;79095;1380;80475;3446;;;
2026-09-26T10:21:42;G-045-005;grille;VITRY;rapide;matrice;OK;61757;0;61757;3284;;;
2026-09-26T10:21:42;G-045-005;grille;RIS;rapide;matrice;OK;68514;1380;69894;3601;;;
2026-09-26T10:21:42;G-045+000;grille;VITRY;rapide;matrice;OK;53206;0;53206;2571;;;
2026-09-26T10:21:42;G-045+000;grille;RIS;rapide;matrice;OK;59963;1380;61343;2888;;;
2026-09-26T10:21:42;G-045+005;grille;VITRY;rapide;matrice;OK;55247;0;55247;2644;;;
2026-09-26T10:21:42;G-045+005;grille;RIS;rapide;matrice;OK;62004;1380;63384;2961;;;
2026-09-26T10:21:42;G-045+010;grille;VITRY;rapide;matrice;OK;60751;0;60751;3159;;;
2026-09-26T10:21:42;G-045+010;grille;RIS;rapide;matrice;OK;67507;1380;68887;3476;;;
2026-09-26T10:21:42;G-045+015;grille;VITRY;rapide;matrice;OK;67854;0;67854;3726;;;
2026-09-26T10:21:42;G-045+015;grille;RIS;rapide;matrice;OK;74611;1380;75991;4043;;;
2026-09-26T10:21:42;G-045+020;grille;VITRY;rapide;matrice;OK;65165;0;65165;3189;;;
2026-09-26T10:21:42;G-045+020;grille;RIS;rapide;matrice;OK;71922;1380;73302;3506;;;
2026-09-26T10:21:42;G-045+025;grille;VITRY;rapide;matrice;OK;71198;0;71198;3637;;;
2026-09-26T10:21:42;G-045+025;grille;RIS;rapide;matrice;OK;77955;1380;79335;3954;;;
2026-09-26T10:21:42;G-045+030;grille;VITRY;rapide;matrice;OK;84918;0;84918;4096;;;
2026-09-26T10:21:42;G-045+030;grille;RIS;rapide;matrice;OK;91675;1380;93055;4413;;;
2026-09-26T10:21:42;G-045+035;grille;VITRY;rapide;matrice;OK;89590;0;89590;4309;;;
2026-09-26T10:21:42;G-045+035;grille;RIS;rapide;matrice;OK;96346;1380;97726;4626;;;
2026-09-26T10:21:42;G-040-040;grille;VITRY;rapide;matrice;OK;69372;0;69372;3074;;;
2026-09-26T10:21:42;G-040-040;grille;RIS;rapide;matrice;OK;65618;1380;66998;2868;;;
2026-09-26T10:21:42;G-040-035;grille;VITRY;rapide;matrice;OK;65736;0;65736;2825;;;
2026-09-26T10:21:42;G-040-035;grille;RIS;rapide;matrice;OK;61981;1380;63361;2619;;;
2026-09-26T10:21:42;G-040-030;grille;VITRY;rapide;matrice;OK;64302;0;64302;2856;;;
2026-09-26T10:21:42;G-040-030;grille;RIS;rapide;matrice;OK;60547;1380;61927;2650;;;
2026-09-26T10:21:42;G-040-025;grille;VITRY;rapide;matrice;OK;59577;0;59577;3058;;;
2026-09-26T10:21:42;G-040-025;grille;RIS;rapide;matrice;OK;55822;1380;57202;2852;;;
2026-09-26T10:21:42;G-040-020;grille;VITRY;rapide;matrice;OK;58432;0;58432;2991;;;
2026-09-26T10:21:42;G-040-020;grille;RIS;rapide;matrice;OK;54677;1380;56057;2786;;;
2026-09-26T10:21:42;G-040-015;grille;VITRY;rapide;matrice;OK;60891;0;60891;3156;;;
2026-09-26T10:21:42;G-040-015;grille;RIS;rapide;matrice;OK;57136;1380;58516;2951;;;
2026-09-26T10:21:42;G-040-010;grille;VITRY;rapide;matrice;OK;52161;0;52161;2915;;;
2026-09-26T10:21:42;G-040-010;grille;RIS;rapide;matrice;OK;58917;1380;60297;3232;;;
2026-09-26T10:21:42;G-040-005;grille;VITRY;rapide;matrice;OK;52484;0;52484;2910;;;
2026-09-26T10:21:42;G-040-005;grille;RIS;rapide;matrice;OK;59240;1380;60620;3227;;;
2026-09-26T10:21:42;G-040+000;grille;VITRY;rapide;matrice;OK;47044;0;47044;2352;;;
2026-09-26T10:21:42;G-040+000;grille;RIS;rapide;matrice;OK;53801;1380;55181;2669;;;
2026-09-26T10:21:42;G-040+005;grille;VITRY;rapide;matrice;OK;48857;0;48857;2660;;;
2026-09-26T10:21:42;G-040+005;grille;RIS;rapide;matrice;OK;55614;1380;56994;2977;;;
2026-09-26T10:21:42;G-040+010;grille;VITRY;rapide;matrice;OK;53859;0;53859;2907;;;
2026-09-26T10:21:42;G-040+010;grille;RIS;rapide;matrice;OK;60616;1380;61996;3224;;;
2026-09-26T10:21:42;G-040+015;grille;VITRY;rapide;matrice;OK;58971;0;58971;3162;;;
2026-09-26T10:21:42;G-040+015;grille;RIS;rapide;matrice;OK;65728;1380;67108;3479;;;
2026-09-26T10:21:42;G-040+020;grille;VITRY;rapide;matrice;OK;59643;0;59643;2798;;;
2026-09-26T10:21:42;G-040+020;grille;RIS;rapide;matrice;OK;66400;1380;67780;3115;;;
2026-09-26T10:21:42;G-040+025;grille;VITRY;rapide;matrice;OK;64150;0;64150;3913;;;
2026-09-26T10:21:42;G-040+025;grille;RIS;rapide;matrice;OK;70907;1380;72287;4230;;;
2026-09-26T10:21:42;G-040+030;grille;VITRY;rapide;matrice;OK;67347;0;67347;3893;;;
2026-09-26T10:21:42;G-040+030;grille;RIS;rapide;matrice;OK;74103;1380;75483;4210;;;
2026-09-26T10:21:42;G-040+035;grille;VITRY;rapide;matrice;OK;76078;0;76078;3824;;;
2026-09-26T10:21:42;G-040+035;grille;RIS;rapide;matrice;OK;94128;1380;95508;4370;;;
2026-09-26T10:21:42;G-040+040;grille;VITRY;rapide;matrice;OK;82930;0;82930;4159;;;
2026-09-26T10:21:42;G-040+040;grille;RIS;rapide;matrice;OK;100980;1380;102360;4706;;;
2026-09-26T10:21:42;G-035-045;grille;VITRY;rapide;matrice;OK;75314;0;75314;3435;;;
2026-09-26T10:21:42;G-035-045;grille;RIS;rapide;matrice;OK;71560;1380;72940;3229;;;
2026-09-26T10:21:42;G-035-040;grille;VITRY;rapide;matrice;OK;68426;0;68426;3102;;;
2026-09-26T10:21:42;G-035-040;grille;RIS;rapide;matrice;OK;64671;1380;66051;2896;;;
2026-09-26T10:21:42;G-035-035;grille;VITRY;rapide;matrice;OK;66713;0;66713;3065;;;
2026-09-26T10:21:42;G-035-035;grille;RIS;rapide;matrice;OK;62958;1380;64338;2859;;;
2026-09-26T10:21:42;G-035-030;grille;VITRY;rapide;matrice;OK;56663;0;56663;2815;;;
2026-09-26T10:21:42;G-035-030;grille;RIS;rapide;matrice;OK;52908;1380;54288;2609;;;
2026-09-26T10:21:42;G-035-025;grille;VITRY;rapide;matrice;OK;51099;0;51099;2379;;;
2026-09-26T10:21:42;G-035-025;grille;RIS;rapide;matrice;OK;47344;1380;48724;2173;;;
2026-09-26T10:21:42;G-035-020;grille;VITRY;rapide;matrice;OK;51707;0;51707;2463;;;
2026-09-26T10:21:42;G-035-020;grille;RIS;rapide;matrice;OK;47952;1380;49332;2258;;;
2026-09-26T10:21:42;G-035-015;grille;VITRY;rapide;matrice;OK;58241;0;58241;3110;;;
2026-09-26T10:21:42;G-035-015;grille;RIS;rapide;matrice;OK;54486;1380;55866;2904;;;
2026-09-26T10:21:42;G-035-010;grille;VITRY;rapide;matrice;OK;52970;0;52970;2982;;;
2026-09-26T10:21:42;G-035-010;grille;RIS;rapide;matrice;OK;50719;1380;52099;3001;;;
2026-09-26T10:21:42;G-035-005;grille;VITRY;rapide;matrice;OK;45791;0;45791;2520;;;
2026-09-26T10:21:42;G-035-005;grille;RIS;rapide;matrice;OK;52548;1380;53928;2837;;;
2026-09-26T10:21:42;G-035+000;grille;VITRY;rapide;matrice;OK;43192;0;43192;2331;;;
2026-09-26T10:21:42;G-035+000;grille;RIS;rapide;matrice;OK;49948;1380;51328;2648;;;
2026-09-26T10:21:42;G-035+005;grille;VITRY;rapide;matrice;OK;45604;0;45604;2408;;;
2026-09-26T10:21:42;G-035+005;grille;RIS;rapide;matrice;OK;52361;1380;53741;2725;;;
2026-09-26T10:21:42;G-035+010;grille;VITRY;rapide;matrice;OK;50179;0;50179;2520;;;
2026-09-26T10:21:42;G-035+010;grille;RIS;rapide;matrice;OK;56936;1380;58316;2837;;;
2026-09-26T10:21:42;G-035+015;grille;VITRY;rapide;matrice;OK;53533;0;53533;2974;;;
2026-09-26T10:21:42;G-035+015;grille;RIS;rapide;matrice;OK;60289;1380;61669;3291;;;
2026-09-26T10:21:42;G-035+020;grille;VITRY;rapide;matrice;OK;56113;0;56113;2792;;;
2026-09-26T10:21:42;G-035+020;grille;RIS;rapide;matrice;OK;62870;1380;64250;3109;;;
2026-09-26T10:21:42;G-035+025;grille;VITRY;rapide;matrice;OK;62997;0;62997;3592;;;
2026-09-26T10:21:42;G-035+025;grille;RIS;rapide;matrice;OK;69753;1380;71133;3909;;;
2026-09-26T10:21:42;G-035+030;grille;VITRY;rapide;matrice;OK;70572;0;70572;3727;;;
2026-09-26T10:21:42;G-035+030;grille;RIS;rapide;matrice;OK;75245;1380;76625;4244;;;
2026-09-26T10:21:42;G-035+035;grille;VITRY;rapide;matrice;OK;74813;0;74813;3805;;;
2026-09-26T10:21:42;G-035+035;grille;RIS;rapide;matrice;OK;92863;1380;94243;4352;;;
2026-09-26T10:21:42;G-035+040;grille;VITRY;rapide;matrice;OK;77360;0;77360;4259;;;
2026-09-26T10:21:42;G-035+040;grille;RIS;rapide;matrice;OK;95411;1380;96791;4806;;;
2026-09-26T10:21:42;G-035+045;grille;VITRY;rapide;matrice;OK;82016;0;82016;4547;;;
2026-09-26T10:21:42;G-035+045;grille;RIS;rapide;matrice;OK;100067;1380;101447;5093;;;
2026-09-26T10:21:42;G-030-050;grille;VITRY;rapide;matrice;OK;66605;0;66605;3652;;;
2026-09-26T10:21:42;G-030-050;grille;RIS;rapide;matrice;OK;57807;1380;59187;3036;;;
2026-09-26T10:21:42;G-030-045;grille;VITRY;rapide;matrice;OK;77222;0;77222;3461;;;
2026-09-26T10:21:42;G-030-045;grille;RIS;rapide;matrice;OK;56445;1380;57825;2879;;;
2026-09-26T10:21:42;G-030-040;grille;VITRY;rapide;matrice;OK;74051;0;74051;3274;;;
2026-09-26T10:21:42;G-030-040;grille;RIS;rapide;matrice;OK;70296;1380;71676;3068;;;
2026-09-26T10:21:42;G-030-035;grille;VITRY;rapide;matrice;OK;59361;0;59361;3078;;;
2026-09-26T10:21:42;G-030-035;grille;RIS;rapide;matrice;OK;55606;1380;56986;2872;;;
2026-09-26T10:21:42;G-030-030;grille;VITRY;rapide;matrice;OK;52742;0;52742;2621;;;
2026-09-26T10:21:42;G-030-030;grille;RIS;rapide;matrice;OK;48987;1380;50367;2415;;;
2026-09-26T10:21:42;G-030-025;grille;VITRY;rapide;matrice;OK;48551;0;48551;2396;;;
2026-09-26T10:21:42;G-030-025;grille;RIS;rapide;matrice;OK;44796;1380;46176;2190;;;
2026-09-26T10:21:42;G-030-020;grille;VITRY;rapide;matrice;OK;50896;0;50896;2470;;;
2026-09-26T10:21:42;G-030-020;grille;RIS;rapide;matrice;OK;47142;1380;48522;2264;;;
2026-09-26T10:21:42;G-030-015;grille;VITRY;rapide;matrice;OK;41589;0;41589;2715;;;
2026-09-26T10:21:42;G-030-015;grille;RIS;rapide;matrice;OK;42589;1380;43969;2578;;;
2026-09-26T10:21:42;G-030-010;grille;VITRY;rapide;matrice;OK;46817;0;46817;2815;;;
2026-09-26T10:21:42;G-030-010;grille;RIS;rapide;matrice;OK;46722;1380;48102;2776;;;
2026-09-26T10:21:42;G-030-005;grille;VITRY;rapide;matrice;OK;40986;0;40986;2704;;;
2026-09-26T10:21:42;G-030-005;grille;RIS;rapide;matrice;OK;47742;1380;49122;3021;;;
2026-09-26T10:21:42;G-030+000;grille;VITRY;rapide;matrice;OK;39764;0;39764;2319;;;
2026-09-26T10:21:42;G-030+000;grille;RIS;rapide;matrice;OK;46520;1380;47900;2636;;;
2026-09-26T10:21:42;G-030+005;grille;VITRY;rapide;matrice;OK;47580;0;47580;2456;;;
2026-09-26T10:21:42;G-030+005;grille;RIS;rapide;matrice;OK;54336;1380;55716;2773;;;
2026-09-26T10:21:42;G-030+010;grille;VITRY;rapide;matrice;OK;52524;0;52524;2764;;;
2026-09-26T10:21:42;G-030+010;grille;RIS;rapide;matrice;OK;59281;1380;60661;3081;;;
2026-09-26T10:21:42;G-030+015;grille;VITRY;rapide;matrice;OK;48884;0;48884;2612;;;
2026-09-26T10:21:42;G-030+015;grille;RIS;rapide;matrice;OK;55640;1380;57020;2929;;;
2026-09-26T10:21:42;G-030+020;grille;VITRY;rapide;matrice;OK;57141;0;57141;3120;;;
2026-09-26T10:21:42;G-030+020;grille;RIS;rapide;matrice;OK;63898;1380;65278;3437;;;
2026-09-26T10:21:42;G-030+025;grille;VITRY;rapide;matrice;OK;69688;0;69688;4143;;;
2026-09-26T10:21:42;G-030+025;grille;RIS;rapide;matrice;OK;70351;1380;71731;4433;;;
2026-09-26T10:21:42;G-030+030;grille;VITRY;rapide;matrice;OK;64475;0;64475;3469;;;
2026-09-26T10:21:42;G-030+030;grille;RIS;rapide;matrice;OK;82525;1380;83905;4015;;;
2026-09-26T10:21:42;G-030+035;grille;VITRY;rapide;matrice;OK;69739;0;69739;3903;;;
2026-09-26T10:21:42;G-030+035;grille;RIS;rapide;matrice;OK;87790;1380;89170;4449;;;
2026-09-26T10:21:42;G-030+040;grille;VITRY;rapide;matrice;OK;73008;0;73008;4089;;;
2026-09-26T10:21:42;G-030+040;grille;RIS;rapide;matrice;OK;91059;1380;92439;4636;;;
2026-09-26T10:21:42;G-030+045;grille;VITRY;rapide;matrice;OK;89449;0;89449;4745;;;
2026-09-26T10:21:42;G-030+045;grille;RIS;rapide;matrice;OK;99271;1380;100651;5325;;;
2026-09-26T10:21:42;G-030+050;grille;VITRY;rapide;matrice;OK;89780;0;89780;4606;;;
2026-09-26T10:21:42;G-030+050;grille;RIS;rapide;matrice;OK;101137;1380;102517;5352;;;
2026-09-26T10:21:42;G-025-050;grille;VITRY;rapide;matrice;OK;64567;0;64567;3402;;;
2026-09-26T10:21:42;G-025-050;grille;RIS;rapide;matrice;OK;55769;1380;57149;2786;;;
2026-09-26T10:21:42;G-025-045;grille;VITRY;rapide;matrice;OK;60306;0;60306;3243;;;
2026-09-26T10:21:42;G-025-045;grille;RIS;rapide;matrice;OK;51508;1380;52888;2627;;;
2026-09-26T10:21:42;G-025-040;grille;VITRY;rapide;matrice;OK;57303;0;57303;3395;;;
2026-09-26T10:21:42;G-025-040;grille;RIS;rapide;matrice;OK;48505;1380;49885;2779;;;
2026-09-26T10:21:42;G-025-035;grille;VITRY;rapide;matrice;OK;61825;0;61825;3194;;;
2026-09-26T10:21:42;G-025-035;grille;RIS;rapide;matrice;OK;47711;1380;49091;2650;;;
2026-09-26T10:21:42;G-025-030;grille;VITRY;rapide;matrice;OK;57313;0;57313;2992;;;
2026-09-26T10:21:42;G-025-030;grille;RIS;rapide;matrice;OK;40198;1380;41578;2476;;;
2026-09-26T10:21:42;G-025-025;grille;VITRY;rapide;matrice;OK;53114;0;53114;2729;;;
2026-09-26T10:21:42;G-025-025;grille;RIS;rapide;matrice;OK;34918;1380;36298;2197;;;
2026-09-26T10:21:42;G-025-020;grille;VITRY;rapide;matrice;OK;41926;0;41926;2614;;;
2026-09-26T10:21:42;G-025-020;grille;RIS;rapide;matrice;OK;37423;1380;38803;2394;;;
2026-09-26T10:21:42;G-025-015;grille;VITRY;rapide;matrice;OK;35748;0;35748;2092;;;
2026-09-26T10:21:42;G-025-015;grille;RIS;rapide;matrice;OK;36749;1380;38129;1955;;;
2026-09-26T10:21:42;G-025-010;grille;VITRY;rapide;matrice;OK;36760;0;36760;2506;;;
2026-09-26T10:21:42;G-025-010;grille;RIS;rapide;matrice;OK;40979;1380;42359;2456;;;
2026-09-26T10:21:42;G-025-005;grille;VITRY;rapide;matrice;OK;39775;0;39775;2478;;;
2026-09-26T10:21:42;G-025-005;grille;RIS;rapide;matrice;OK;31539;1380;32919;2333;;;
2026-09-26T10:21:42;G-025+000;grille;VITRY;rapide;matrice;OK;33040;0;33040;1780;;;
2026-09-26T10:21:42;G-025+000;grille;RIS;rapide;matrice;OK;39796;1380;41176;2097;;;
2026-09-26T10:21:42;G-025+005;grille;VITRY;rapide;matrice;OK;40200;0;40200;2464;;;
2026-09-26T10:21:42;G-025+005;grille;RIS;rapide;matrice;OK;46957;1380;48337;2781;;;
2026-09-26T10:21:42;G-025+010;grille;VITRY;rapide;matrice;OK;44287;0;44287;2798;;;
2026-09-26T10:21:42;G-025+010;grille;RIS;rapide;matrice;OK;51044;1380;52424;3115;;;
2026-09-26T10:21:42;G-025+015;grille;VITRY;rapide;matrice;OK;46720;0;46720;3100;;;
2026-09-26T10:21:42;G-025+015;grille;RIS;rapide;matrice;OK;53476;1380;54856;3417;;;
2026-09-26T10:21:42;G-025+020;grille;VITRY;rapide;matrice;OK;52674;0;52674;3492;;;
2026-09-26T10:21:42;G-025+020;grille;RIS;rapide;matrice;OK;59430;1380;60810;3809;;;
2026-09-26T10:21:42;G-025+025;grille;VITRY;rapide;matrice;OK;59100;0;59100;3487;;;
2026-09-26T10:21:42;G-025+025;grille;RIS;rapide;matrice;OK;63780;1380;65160;3889;;;
2026-09-26T10:21:42;G-025+030;grille;VITRY;rapide;matrice;OK;60914;0;60914;3564;;;
2026-09-26T10:21:42;G-025+030;grille;RIS;rapide;matrice;OK;78964;1380;80344;4111;;;
2026-09-26T10:21:42;G-025+035;grille;VITRY;rapide;matrice;OK;65393;0;65393;3907;;;
2026-09-26T10:21:42;G-025+035;grille;RIS;rapide;matrice;OK;83443;1380;84823;4453;;;
2026-09-26T10:21:42;G-025+040;grille;VITRY;rapide;matrice;OK;74196;0;74196;4195;;;
2026-09-26T10:21:42;G-025+040;grille;RIS;rapide;matrice;OK;92247;1380;93627;4741;;;
2026-09-26T10:21:42;G-025+045;grille;VITRY;rapide;matrice;OK;83885;0;83885;4277;;;
2026-09-26T10:21:42;G-025+045;grille;RIS;rapide;matrice;OK;104379;1380;105759;5046;;;
2026-09-26T10:21:42;G-025+050;grille;VITRY;rapide;matrice;OK;83475;0;83475;4166;;;
2026-09-26T10:21:42;G-025+050;grille;RIS;rapide;matrice;OK;103969;1380;105349;4935;;;
2026-09-26T10:21:42;G-020-055;grille;VITRY;rapide;matrice;OK;72820;0;72820;3961;;;
2026-09-26T10:21:42;G-020-055;grille;RIS;rapide;matrice;OK;64022;1380;65402;3345;;;
2026-09-26T10:21:42;G-020-050;grille;VITRY;rapide;matrice;OK;61010;0;61010;3570;;;
2026-09-26T10:21:42;G-020-050;grille;RIS;rapide;matrice;OK;52212;1380;53592;2954;;;
2026-09-26T10:21:42;G-020-045;grille;VITRY;rapide;matrice;OK;55576;0;55576;3074;;;
2026-09-26T10:21:42;G-020-045;grille;RIS;rapide;matrice;OK;46779;1380;48159;2458;;;
2026-09-26T10:21:42;G-020-040;grille;VITRY;rapide;matrice;OK;52218;0;52218;3015;;;
2026-09-26T10:21:42;G-020-040;grille;RIS;rapide;matrice;OK;43420;1380;44800;2400;;;
2026-09-26T10:21:42;G-020-035;grille;VITRY;rapide;matrice;OK;50899;0;50899;3060;;;
2026-09-26T10:21:42;G-020-035;grille;RIS;rapide;matrice;OK;42101;1380;43481;2444;;;
2026-09-26T10:21:42;G-020-030;grille;VITRY;rapide;matrice;OK;43869;0;43869;2859;;;
2026-09-26T10:21:42;G-020-030;grille;RIS;rapide;matrice;OK;35072;1380;36452;2244;;;
2026-09-26T10:21:42;G-020-025;grille;VITRY;rapide;matrice;OK;41012;0;41012;2680;;;
2026-09-26T10:21:42;G-020-025;grille;RIS;rapide;matrice;OK;32214;1380;33594;2065;;;
2026-09-26T10:21:42;G-020-020;grille;VITRY;rapide;matrice;OK;38657;0;38657;2510;;;
2026-09-26T10:21:42;G-020-020;grille;RIS;rapide;matrice;OK;30447;1380;31827;1964;;;
2026-09-26T10:21:42;G-020-015;grille;VITRY;rapide;matrice;OK;34321;0;34321;2098;;;
2026-09-26T10:21:42;G-020-015;grille;RIS;rapide;matrice;OK;35321;1380;36701;1962;;;
2026-09-26T10:21:42;G-020-010;grille;VITRY;rapide;matrice;OK;29422;0;29422;1871;;;
2026-09-26T10:21:42;G-020-010;grille;RIS;rapide;matrice;OK;25911;1380;27291;1734;;;
2026-09-26T10:21:42;G-020-005;grille;VITRY;rapide;matrice;OK;30070;0;30070;1979;;;
2026-09-26T10:21:42;G-020-005;grille;RIS;rapide;matrice;OK;25099;1380;26479;1894;;;
2026-09-26T10:21:42;G-020+000;grille;VITRY;rapide;matrice;OK;25404;0;25404;1370;;;
2026-09-26T10:21:42;G-020+000;grille;RIS;rapide;matrice;OK;32161;1380;33541;1687;;;
2026-09-26T10:21:42;G-020+005;grille;VITRY;rapide;matrice;OK;31274;0;31274;1770;;;
2026-09-26T10:21:42;G-020+005;grille;RIS;rapide;matrice;OK;38030;1380;39410;2087;;;
2026-09-26T10:21:42;G-020+010;grille;VITRY;rapide;matrice;OK;38038;0;38038;2256;;;
2026-09-26T10:21:42;G-020+010;grille;RIS;rapide;matrice;OK;44794;1380;46174;2573;;;
2026-09-26T10:21:42;G-020+015;grille;VITRY;rapide;matrice;OK;43651;0;43651;2857;;;
2026-09-26T10:21:42;G-020+015;grille;RIS;rapide;matrice;OK;50407;1380;51787;3174;;;
2026-09-26T10:21:42;G-020+020;grille;VITRY;rapide;matrice;OK;50934;0;50934;3719;;;
2026-09-26T10:21:42;G-020+020;grille;RIS;rapide;matrice;OK;57691;1380;59071;4036;;;
2026-09-26T10:21:42;G-020+025;grille;VITRY;rapide;matrice;OK;52088;0;52088;2992;;;
2026-09-26T10:21:42;G-020+025;grille;RIS;rapide;matrice;OK;70138;1380;71518;3539;;;
2026-09-26T10:21:42;G-020+030;grille;VITRY;rapide;matrice;OK;59858;0;59858;3328;;;
2026-09-26T10:21:42;G-020+030;grille;RIS;rapide;matrice;OK;77908;1380;79288;3875;;;
2026-09-26T10:21:42;G-020+035;grille;VITRY;rapide;matrice;OK;68197;0;68197;3937;;;
2026-09-26T10:21:42;G-020+035;grille;RIS;rapide;matrice;OK;86247;1380;87627;4483;;;
2026-09-26T10:21:42;G-020+040;grille;VITRY;rapide;matrice;OK;73297;0;73297;4255;;;
2026-09-26T10:21:42;G-020+040;grille;RIS;rapide;matrice;OK;91348;1380;92728;4802;;;
2026-09-26T10:21:42;G-020+045;grille;VITRY;rapide;matrice;OK;79400;0;79400;3951;;;
2026-09-26T10:21:42;G-020+045;grille;RIS;rapide;matrice;OK;99894;1380;101274;4720;;;
2026-09-26T10:21:42;G-020+050;grille;VITRY;rapide;matrice;OK;81881;0;81881;4068;;;
2026-09-26T10:21:42;G-020+050;grille;RIS;rapide;matrice;OK;102375;1380;103755;4837;;;
2026-09-26T10:21:42;G-020+055;grille;VITRY;rapide;matrice;OK;87300;0;87300;4435;;;
2026-09-26T10:21:42;G-020+055;grille;RIS;rapide;matrice;OK;107794;1380;109174;5204;;;
2026-09-26T10:21:42;G-015-055;grille;VITRY;rapide;matrice;OK;66674;0;66674;3713;;;
2026-09-26T10:21:42;G-015-055;grille;RIS;rapide;matrice;OK;57876;1380;59256;3097;;;
2026-09-26T10:21:42;G-015-050;grille;VITRY;rapide;matrice;OK;62729;0;62729;3591;;;
2026-09-26T10:21:42;G-015-050;grille;RIS;rapide;matrice;OK;53931;1380;55311;2975;;;
2026-09-26T10:21:42;G-015-045;grille;VITRY;rapide;matrice;OK;57409;0;57409;3222;;;
2026-09-26T10:21:42;G-015-045;grille;RIS;rapide;matrice;OK;48611;1380;49991;2606;;;
2026-09-26T10:21:42;G-015-040;grille;VITRY;rapide;matrice;OK;56603;0;56603;3358;;;
2026-09-26T10:21:42;G-015-040;grille;RIS;rapide;matrice;OK;47805;1380;49185;2742;;;
2026-09-26T10:21:42;G-015-035;grille;VITRY;rapide;matrice;OK;48060;0;48060;2937;;;
2026-09-26T10:21:42;G-015-035;grille;RIS;rapide;matrice;OK;39262;1380;40642;2321;;;
2026-09-26T10:21:42;G-015-030;grille;VITRY;rapide;matrice;OK;39019;0;39019;2325;;;
2026-09-26T10:21:42;G-015-030;grille;RIS;rapide;matrice;OK;30221;1380;31601;1709;;;
2026-09-26T10:21:42;G-015-025;grille;VITRY;rapide;matrice;OK;35764;0;35764;2197;;;
2026-09-26T10:21:42;G-015-025;grille;RIS;rapide;matrice;OK;26966;1380;28346;1581;;;
2026-09-26T10:21:42;G-015-020;grille;VITRY;rapide;matrice;OK;31725;0;31725;2018;;;
2026-09-26T10:21:42;G-015-020;grille;RIS;rapide;matrice;OK;22928;1380;24308;1402;;;
2026-09-26T10:21:42;G-015-015;grille;VITRY;rapide;matrice;OK;29771;0;29771;1939;;;
2026-09-26T10:21:42;G-015-015;grille;RIS;rapide;matrice;OK;26261;1380;27641;1802;;;
2026-09-26T10:21:42;G-015-010;grille;VITRY;rapide;matrice;OK;23471;0;23471;1320;;;
2026-09-26T10:21:42;G-015-010;grille;RIS;rapide;matrice;OK;19961;1380;21341;1184;;;
2026-09-26T10:21:42;G-015-005;grille;VITRY;rapide;matrice;OK;23660;0;23660;1578;;;
2026-09-26T10:21:42;G-015-005;grille;RIS;rapide;matrice;OK;20150;1380;21530;1441;;;
2026-09-26T10:21:42;G-015+000;grille;VITRY;rapide;matrice;OK;21596;0;21596;1440;;;
2026-09-26T10:21:42;G-015+000;grille;RIS;rapide;matrice;OK;28352;1380;29732;1757;;;
2026-09-26T10:21:42;G-015+005;grille;VITRY;rapide;matrice;OK;27295;0;27295;1911;;;
2026-09-26T10:21:42;G-015+005;grille;RIS;rapide;matrice;OK;34051;1380;35431;2228;;;
2026-09-26T10:21:42;G-015+010;grille;VITRY;rapide;matrice;OK;32321;0;32321;2439;;;
2026-09-26T10:21:42;G-015+010;grille;RIS;rapide;matrice;OK;39077;1380;40457;2756;;;
2026-09-26T10:21:42;G-015+015;grille;VITRY;rapide;matrice;OK;43594;0;43594;2382;;;
2026-09-26T10:21:42;G-015+015;grille;RIS;rapide;matrice;OK;50351;1380;51731;2699;;;
2026-09-26T10:21:42;G-015+020;grille;VITRY;rapide;matrice;OK;47114;0;47114;3010;;;
2026-09-26T10:21:42;G-015+020;grille;RIS;rapide;matrice;OK;55643;1380;57023;3504;;;
2026-09-26T10:21:42;G-015+025;grille;VITRY;rapide;matrice;OK;50674;0;50674;3117;;;
2026-09-26T10:21:42;G-015+025;grille;RIS;rapide;matrice;OK;68725;1380;70105;3664;;;
2026-09-26T10:21:42;G-015+030;grille;VITRY;rapide;matrice;OK;63783;0;63783;3246;;;
2026-09-26T10:21:42;G-015+030;grille;RIS;rapide;matrice;OK;77283;1380;78663;3784;;;
2026-09-26T10:21:42;G-015+035;grille;VITRY;rapide;matrice;OK;65445;0;65445;3615;;;
2026-09-26T10:21:42;G-015+035;grille;RIS;rapide;matrice;OK;81153;1380;82533;4234;;;
2026-09-26T10:21:42;G-015+040;grille;VITRY;rapide;matrice;OK;71179;0;71179;4161;;;
2026-09-26T10:21:42;G-015+040;grille;RIS;rapide;matrice;OK;91673;1380;93053;4930;;;
2026-09-26T10:21:42;G-015+045;grille;VITRY;rapide;matrice;OK;74348;0;74348;3921;;;
2026-09-26T10:21:42;G-015+045;grille;RIS;rapide;matrice;OK;94842;1380;96222;4689;;;
2026-09-26T10:21:42;G-015+050;grille;VITRY;rapide;matrice;OK;78689;0;78689;3997;;;
2026-09-26T10:21:42;G-015+050;grille;RIS;rapide;matrice;OK;99183;1380;100563;4765;;;
2026-09-26T10:21:42;G-015+055;grille;VITRY;rapide;matrice;OK;83899;0;83899;4271;;;
2026-09-26T10:21:42;G-015+055;grille;RIS;rapide;matrice;OK;104393;1380;105773;5040;;;
2026-09-26T10:21:42;G-010-055;grille;VITRY;rapide;matrice;OK;79397;0;79397;3848;;;
2026-09-26T10:21:42;G-010-055;grille;RIS;rapide;matrice;OK;57979;1380;59359;2953;;;
2026-09-26T10:21:42;G-010-050;grille;VITRY;rapide;matrice;OK;64888;0;64888;3750;;;
2026-09-26T10:21:42;G-010-050;grille;RIS;rapide;matrice;OK;53786;1380;55166;2902;;;
2026-09-26T10:21:42;G-010-045;grille;VITRY;rapide;matrice;OK;71821;0;71821;3671;;;
2026-09-26T10:21:42;G-010-045;grille;RIS;rapide;matrice;OK;50403;1380;51783;2775;;;
2026-09-26T10:21:42;G-010-040;grille;VITRY;rapide;matrice;OK;54137;0;54137;3193;;;
2026-09-26T10:21:42;G-010-040;grille;RIS;rapide;matrice;OK;51162;1380;52542;2574;;;
2026-09-26T10:21:42;G-010-035;grille;VITRY;rapide;matrice;OK;50042;0;50042;3028;;;
2026-09-26T10:21:42;G-010-035;grille;RIS;rapide;matrice;OK;31848;1380;33228;2283;;;
2026-09-26T10:21:42;G-010-030;grille;VITRY;rapide;matrice;OK;41670;0;41670;2594;;;
2026-09-26T10:21:42;G-010-030;grille;RIS;rapide;matrice;OK;28191;1380;29571;1826;;;
2026-09-26T10:21:42;G-010-025;grille;VITRY;rapide;matrice;OK;36555;0;36555;2360;;;
2026-09-26T10:21:42;G-010-025;grille;RIS;rapide;matrice;OK;23077;1380;24457;1592;;;
2026-09-26T10:21:42;G-010-020;grille;VITRY;rapide;matrice;OK;29031;0;29031;2015;;;
2026-09-26T10:21:42;G-010-020;grille;RIS;rapide;matrice;OK;17522;1380;18902;1251;;;
2026-09-26T10:21:42;G-010-015;grille;VITRY;rapide;matrice;OK;23235;0;23235;1450;;;
2026-09-26T10:21:42;G-010-015;grille;RIS;rapide;matrice;OK;19201;1380;20581;1398;;;
2026-09-26T10:21:42;G-010-010;grille;VITRY;rapide;matrice;OK;19046;0;19046;1213;;;
2026-09-26T10:21:42;G-010-010;grille;RIS;rapide;matrice;OK;13403;1380;14783;1313;;;
2026-09-26T10:21:42;G-010-005;grille;VITRY;rapide;matrice;OK;17203;0;17203;1325;;;
2026-09-26T10:21:42;G-010-005;grille;RIS;rapide;matrice;OK;19091;1380;20471;1482;;;
2026-09-26T10:21:42;G-010+000;grille;VITRY;rapide;matrice;OK;18243;0;18243;1563;;;
2026-09-26T10:21:42;G-010+000;grille;RIS;rapide;matrice;OK;25000;1380;26380;1880;;;
2026-09-26T10:21:42;G-010+005;grille;VITRY;rapide;matrice;OK;13232;0;13232;1619;;;
2026-09-26T10:21:42;G-010+005;grille;RIS;rapide;matrice;OK;28866;1380;30246;1749;;;
2026-09-26T10:21:42;G-010+010;grille;VITRY;rapide;matrice;OK;20541;0;20541;2215;;;
2026-09-26T10:21:42;G-010+010;grille;RIS;rapide;matrice;OK;36175;1380;37555;2345;;;
2026-09-26T10:21:42;G-010+015;grille;VITRY;rapide;matrice;OK;39628;0;39628;2661;;;
2026-09-26T10:21:42;G-010+015;grille;RIS;rapide;matrice;OK;55834;1380;57214;3138;;;
2026-09-26T10:21:42;G-010+020;grille;VITRY;rapide;matrice;OK;42940;0;42940;2631;;;
2026-09-26T10:21:42;G-010+020;grille;RIS;rapide;matrice;OK;60991;1380;62371;3178;;;
2026-09-26T10:21:42;G-010+025;grille;VITRY;rapide;matrice;OK;47825;0;47825;3341;;;
2026-09-26T10:21:42;G-010+025;grille;RIS;rapide;matrice;OK;65876;1380;67256;3887;;;
2026-09-26T10:21:42;G-010+030;grille;VITRY;rapide;matrice;OK;57630;0;57630;3037;;;
2026-09-26T10:21:42;G-010+030;grille;RIS;rapide;matrice;OK;74692;1380;76072;3927;;;
2026-09-26T10:21:42;G-010+035;grille;VITRY;rapide;matrice;OK;60562;0;60562;3148;;;
2026-09-26T10:21:42;G-010+035;grille;RIS;rapide;matrice;OK;82338;1380;83718;3985;;;
2026-09-26T10:21:42;G-010+040;grille;VITRY;rapide;matrice;OK;68131;0;68131;3662;;;
2026-09-26T10:21:42;G-010+040;grille;RIS;rapide;matrice;OK;88625;1380;90005;4431;;;
2026-09-26T10:21:42;G-010+045;grille;VITRY;rapide;matrice;OK;76192;0;76192;4040;;;
2026-09-26T10:21:42;G-010+045;grille;RIS;rapide;matrice;OK;96686;1380;98066;4809;;;
2026-09-26T10:21:42;G-010+050;grille;VITRY;rapide;matrice;OK;81518;0;81518;4352;;;
2026-09-26T10:21:42;G-010+050;grille;RIS;rapide;matrice;OK;102012;1380;103392;5121;;;
2026-09-26T10:21:42;G-010+055;grille;VITRY;rapide;matrice;OK;87960;0;87960;4754;;;
2026-09-26T10:21:42;G-010+055;grille;RIS;rapide;matrice;OK;108454;1380;109834;5523;;;
2026-09-26T10:21:42;G-005-055;grille;VITRY;rapide;matrice;OK;78703;0;78703;3992;;;
2026-09-26T10:21:42;G-005-055;grille;RIS;rapide;matrice;OK;57285;1380;58665;3096;;;
2026-09-26T10:21:42;G-005-050;grille;VITRY;rapide;matrice;OK;71577;0;71577;3413;;;
2026-09-26T10:21:42;G-005-050;grille;RIS;rapide;matrice;OK;50159;1380;51539;2517;;;
2026-09-26T10:21:42;G-005-045;grille;VITRY;rapide;matrice;OK;67046;0;67046;3327;;;
2026-09-26T10:21:42;G-005-045;grille;RIS;rapide;matrice;OK;45628;1380;47008;2431;;;
2026-09-26T10:21:42;G-005-040;grille;VITRY;rapide;matrice;OK;59890;0;59890;3357;;;
2026-09-26T10:21:42;G-005-040;grille;RIS;rapide;matrice;OK;38472;1380;39852;2461;;;
2026-09-26T10:21:42;G-005-035;grille;VITRY;rapide;matrice;OK;59655;0;59655;3187;;;
2026-09-26T10:21:42;G-005-035;grille;RIS;rapide;matrice;OK;38237;1380;39617;2292;;;
2026-09-26T10:21:42;G-005-030;grille;VITRY;rapide;matrice;OK;44354;0;44354;2592;;;
2026-09-26T10:21:42;G-005-030;grille;RIS;rapide;matrice;OK;22931;1380;24311;1687;;;
2026-09-26T10:21:42;G-005-025;grille;VITRY;rapide;matrice;OK;37818;0;37818;2044;;;
2026-09-26T10:21:42;G-005-025;grille;RIS;rapide;matrice;OK;16395;1380;17775;1139;;;
2026-09-26T10:21:42;G-005-020;grille;VITRY;rapide;matrice;OK;34092;0;34092;1884;;;
2026-09-26T10:21:42;G-005-020;grille;RIS;rapide;matrice;OK;12669;1380;14049;979;;;
2026-09-26T10:21:42;G-005-015;grille;VITRY;rapide;matrice;OK;23613;0;23613;1708;;;
2026-09-26T10:21:42;G-005-015;grille;RIS;rapide;matrice;OK;6822;1380;8202;833;;;
2026-09-26T10:21:42;G-005-010;grille;VITRY;rapide;matrice;OK;14877;0;14877;1370;;;
2026-09-26T10:21:42;G-005-010;grille;RIS;rapide;matrice;OK;6002;1380;7382;807;;;
2026-09-26T10:21:42;G-005-005;grille;VITRY;rapide;matrice;OK;10338;0;10338;901;;;
2026-09-26T10:21:42;G-005-005;grille;RIS;rapide;matrice;OK;11359;1380;12739;1489;;;
2026-09-26T10:21:42;G-005+000;grille;VITRY;rapide;matrice;OK;5703;0;5703;1090;;;
2026-09-26T10:21:42;G-005+000;grille;RIS;rapide;matrice;OK;24318;1380;25698;1740;;;
2026-09-26T10:21:42;G-005+005;grille;VITRY;rapide;matrice;OK;9293;0;9293;1761;;;
2026-09-26T10:21:42;G-005+005;grille;RIS;rapide;matrice;OK;27347;1380;28727;2096;;;
2026-09-26T10:21:42;G-005+010;grille;VITRY;rapide;matrice;OK;13434;0;13434;2311;;;
2026-09-26T10:21:42;G-005+010;grille;RIS;rapide;matrice;OK;34369;1380;35749;3063;;;
2026-09-26T10:21:42;G-005+015;grille;VITRY;rapide;matrice;OK;21780;0;21780;2170;;;
2026-09-26T10:21:42;G-005+015;grille;RIS;rapide;matrice;OK;42528;1380;43908;2848;;;
2026-09-26T10:21:42;G-005+020;grille;VITRY;rapide;matrice;OK;27373;0;27373;3096;;;
2026-09-26T10:21:42;G-005+020;grille;RIS;rapide;matrice;OK;48120;1380;49500;3774;;;
2026-09-26T10:21:42;G-005+025;grille;VITRY;rapide;matrice;OK;59827;0;59827;3313;;;
2026-09-26T10:21:42;G-005+025;grille;RIS;rapide;matrice;OK;53556;1380;54936;4274;;;
2026-09-26T10:21:42;G-005+030;grille;VITRY;rapide;matrice;OK;52405;0;52405;2884;;;
2026-09-26T10:21:42;G-005+030;grille;RIS;rapide;matrice;OK;69467;1380;70847;3774;;;
2026-09-26T10:21:42;G-005+035;grille;VITRY;rapide;matrice;OK;55675;0;55675;3242;;;
2026-09-26T10:21:42;G-005+035;grille;RIS;rapide;matrice;OK;72737;1380;74117;4132;;;
2026-09-26T10:21:42;G-005+040;grille;VITRY;rapide;matrice;OK;65512;0;65512;3761;;;
2026-09-26T10:21:42;G-005+040;grille;RIS;rapide;matrice;OK;82574;1380;83954;4652;;;
2026-09-26T10:21:42;G-005+045;grille;VITRY;rapide;matrice;OK;71090;0;71090;4243;;;
2026-09-26T10:21:42;G-005+045;grille;RIS;rapide;matrice;OK;88152;1380;89532;5133;;;
2026-09-26T10:21:42;G-005+050;grille;VITRY;rapide;matrice;OK;85891;0;85891;4785;;;
2026-09-26T10:21:42;G-005+050;grille;RIS;rapide;matrice;OK;106385;1380;107765;5554;;;
2026-09-26T10:21:42;G-005+055;grille;VITRY;rapide;matrice;OK;85311;0;85311;4748;;;
2026-09-26T10:21:42;G-005+055;grille;RIS;rapide;matrice;OK;109750;1380;111130;5562;;;
2026-09-26T10:21:42;G+000-060;grille;VITRY;rapide;matrice;OK;84942;0;84942;4129;;;
2026-09-26T10:21:42;G+000-060;grille;RIS;rapide;matrice;OK;63524;1380;64904;3234;;;
2026-09-26T10:21:42;G+000-055;grille;VITRY;rapide;matrice;OK;79873;0;79873;3640;;;
2026-09-26T10:21:42;G+000-055;grille;RIS;rapide;matrice;OK;58455;1380;59835;2745;;;
2026-09-26T10:21:42;G+000-050;grille;VITRY;rapide;matrice;OK;70702;0;70702;3501;;;
2026-09-26T10:21:42;G+000-050;grille;RIS;rapide;matrice;OK;49283;1380;50663;2605;;;
2026-09-26T10:21:42;G+000-045;grille;VITRY;rapide;matrice;OK;63974;0;63974;3081;;;
2026-09-26T10:21:42;G+000-045;grille;RIS;rapide;matrice;OK;42556;1380;43936;2185;;;
2026-09-26T10:21:42;G+000-040;grille;VITRY;rapide;matrice;OK;61295;0;61295;2812;;;
2026-09-26T10:21:42;G+000-040;grille;RIS;rapide;matrice;OK;39877;1380;41257;1917;;;
2026-09-26T10:21:42;G+000-035;grille;VITRY;rapide;matrice;OK;51266;0;51266;2577;;;
2026-09-26T10:21:42;G+000-035;grille;RIS;rapide;matrice;OK;29848;1380;31228;1681;;;
2026-09-26T10:21:42;G+000-030;grille;VITRY;rapide;matrice;OK;49120;0;49120;2803;;;
2026-09-26T10:21:42;G+000-030;grille;RIS;rapide;matrice;OK;27702;1380;29082;1908;;;
2026-09-26T10:21:42;G+000-025;grille;VITRY;rapide;matrice;OK;38350;0;38350;2382;;;
2026-09-26T10:21:42;G+000-025;grille;RIS;rapide;matrice;OK;16932;1380;18312;1486;;;
2026-09-26T10:21:42;G+000-020;grille;VITRY;rapide;matrice;OK;32208;0;32208;1837;;;
2026-09-26T10:21:42;G+000-020;grille;RIS;rapide;matrice;OK;10785;1380;12165;932;;;
2026-09-26T10:21:42;G+000-015;grille;VITRY;rapide;matrice;OK;30320;0;30320;1770;;;
2026-09-26T10:21:42;G+000-015;grille;RIS;rapide;matrice;OK;3234;1380;4614;455;;;
2026-09-26T10:21:42;G+000-010;grille;VITRY;rapide;matrice;OK;16081;0;16081;1845;;;
2026-09-26T10:21:42;G+000-010;grille;RIS;rapide;matrice;OK;5759;1380;7139;846;;;
2026-09-26T10:21:42;G+000-005;grille;VITRY;rapide;matrice;OK;6045;0;6045;949;;;
2026-09-26T10:21:42;G+000-005;grille;RIS;rapide;matrice;OK;11767;1380;13147;1553;;;
2026-09-26T10:21:42;G+000+000;grille;VITRY;rapide;matrice;OK;0;0;0;0;;;
2026-09-26T10:21:42;G+000+000;grille;RIS;rapide;matrice;OK;26904;1380;28284;1762;;;
2026-09-26T10:21:42;G+000+005;grille;VITRY;rapide;matrice;OK;8028;0;8028;1290;;;
2026-09-26T10:21:42;G+000+005;grille;RIS;rapide;matrice;OK;29387;1380;30767;2047;;;
2026-09-26T10:21:42;G+000+010;grille;VITRY;rapide;matrice;OK;13518;0;13518;1712;;;
2026-09-26T10:21:42;G+000+010;grille;RIS;rapide;matrice;OK;34265;1380;35645;2389;;;
2026-09-26T10:21:42;G+000+015;grille;VITRY;rapide;matrice;OK;28444;0;28444;2023;;;
2026-09-26T10:21:42;G+000+015;grille;RIS;rapide;matrice;OK;45506;1380;46886;2913;;;
2026-09-26T10:21:42;G+000+020;grille;VITRY;rapide;matrice;OK;37035;0;37035;2361;;;
2026-09-26T10:21:42;G+000+020;grille;RIS;rapide;matrice;OK;54098;1380;55478;3251;;;
2026-09-26T10:21:42;G+000+025;grille;VITRY;rapide;matrice;OK;39442;0;39442;2621;;;
2026-09-26T10:21:42;G+000+025;grille;RIS;rapide;matrice;OK;56504;1380;57884;3511;;;
2026-09-26T10:21:42;G+000+030;grille;VITRY;rapide;matrice;OK;49369;0;49369;3076;;;
2026-09-26T10:21:42;G+000+030;grille;RIS;rapide;matrice;OK;66431;1380;67811;3966;;;
2026-09-26T10:21:42;G+000+035;grille;VITRY;rapide;matrice;OK;54165;0;54165;3105;;;
2026-09-26T10:21:42;G+000+035;grille;RIS;rapide;matrice;OK;71227;1380;72607;3995;;;
2026-09-26T10:21:42;G+000+040;grille;VITRY;rapide;matrice;OK;60063;0;60063;3692;;;
2026-09-26T10:21:42;G+000+040;grille;RIS;rapide;matrice;OK;77126;1380;78506;4582;;;
2026-09-26T10:21:42;G+000+045;grille;VITRY;rapide;matrice;OK;64922;0;64922;3955;;;
2026-09-26T10:21:42;G+000+045;grille;RIS;rapide;matrice;OK;81984;1380;83364;4845;;;
2026-09-26T10:21:42;G+000+050;grille;VITRY;rapide;matrice;OK;68133;0;68133;4509;;;
2026-09-26T10:21:42;G+000+050;grille;RIS;rapide;matrice;OK;85195;1380;86575;5399;;;
2026-09-26T10:21:42;G+000+055;grille;VITRY;rapide;matrice;OK;82982;0;82982;4345;;;
2026-09-26T10:21:42;G+000+055;grille;RIS;rapide;matrice;OK;100044;1380;101424;5235;;;
2026-09-26T10:21:42;G+000+060;grille;VITRY;rapide;matrice;OK;85917;0;85917;4240;;;
2026-09-26T10:21:42;G+000+060;grille;RIS;rapide;matrice;OK;102979;1380;104359;5130;;;
2026-09-26T10:21:42;G+005-055;grille;VITRY;rapide;matrice;OK;76659;0;76659;3467;;;
2026-09-26T10:21:42;G+005-055;grille;RIS;rapide;matrice;OK;55241;1380;56621;2572;;;
2026-09-26T10:21:42;G+005-050;grille;VITRY;rapide;matrice;OK;67094;0;67094;3574;;;
2026-09-26T10:21:42;G+005-050;grille;RIS;rapide;matrice;OK;45676;1380;47056;2678;;;
2026-09-26T10:21:42;G+005-045;grille;VITRY;rapide;matrice;OK;62532;0;62532;3075;;;
2026-09-26T10:21:42;G+005-045;grille;RIS;rapide;matrice;OK;41114;1380;42494;2180;;;
2026-09-26T10:21:42;G+005-040;grille;VITRY;rapide;matrice;OK;56226;0;56226;2663;;;
2026-09-26T10:21:42;G+005-040;grille;RIS;rapide;matrice;OK;34807;1380;36187;1768;;;
2026-09-26T10:21:42;G+005-035;grille;VITRY;rapide;matrice;OK;49429;0;49429;2488;;;
2026-09-26T10:21:42;G+005-035;grille;RIS;rapide;matrice;OK;28011;1380;29391;1593;;;
2026-09-26T10:21:42;G+005-030;grille;VITRY;rapide;matrice;OK;43061;0;43061;2248;;;
2026-09-26T10:21:42;G+005-030;grille;RIS;rapide;matrice;OK;21643;1380;23023;1352;;;
2026-09-26T10:21:42;G+005-025;grille;VITRY;rapide;matrice;OK;36909;0;36909;1731;;;
2026-09-26T10:21:42;G+005-025;grille;RIS;rapide;matrice;OK;15491;1380;16871;836;;;
2026-09-26T10:21:42;G+005-020;grille;VITRY;rapide;matrice;OK;36545;0;36545;1993;;;
2026-09-26T10:21:42;G+005-020;grille;RIS;rapide;matrice;OK;11729;1380;13109;1152;;;
2026-09-26T10:21:42;G+005-015;grille;VITRY;rapide;matrice;OK;41004;0;41004;2564;;;
2026-09-26T10:21:42;G+005-015;grille;RIS;rapide;matrice;OK;16188;1380;17568;1723;;;
2026-09-26T10:21:42;G+005-010;grille;VITRY;rapide;matrice;OK;21026;0;21026;1665;;;
2026-09-26T10:21:42;G+005-010;grille;RIS;rapide;matrice;OK;11278;1380;12658;1612;;;
2026-09-26T10:21:42;G+005-005;grille;VITRY;rapide;matrice;OK;12425;0;12425;1215;;;
2026-09-26T10:21:42;G+005-005;grille;RIS;rapide;matrice;OK;14209;1380;15589;1947;;;
2026-09-26T10:21:42;G+005+000;grille;VITRY;rapide;matrice;OK;13229;0;13229;1339;;;
2026-09-26T10:21:42;G+005+000;grille;RIS;rapide;matrice;OK;34868;1380;36248;2387;;;
2026-09-26T10:21:42;G+005+005;grille;VITRY;rapide;matrice;OK;15004;0;15004;1137;;;
2026-09-26T10:21:42;G+005+005;grille;RIS;rapide;matrice;OK;36643;1380;38023;2185;;;
2026-09-26T10:21:42;G+005+010;grille;VITRY;rapide;matrice;OK;20138;0;20138;1633;;;
2026-09-26T10:21:42;G+005+010;grille;RIS;rapide;matrice;OK;38732;1380;40112;2639;;;
2026-09-26T10:21:42;G+005+015;grille;VITRY;rapide;matrice;OK;25352;0;25352;1871;;;
2026-09-26T10:21:42;G+005+015;grille;RIS;rapide;matrice;OK;42414;1380;43794;2761;;;
2026-09-26T10:21:42;G+005+020;grille;VITRY;rapide;matrice;OK;34188;0;34188;2441;;;
2026-09-26T10:21:42;G+005+020;grille;RIS;rapide;matrice;OK;51250;1380;52630;3331;;;
2026-09-26T10:21:42;G+005+025;grille;VITRY;rapide;matrice;OK;37603;0;37603;2381;;;
2026-09-26T10:21:42;G+005+025;grille;RIS;rapide;matrice;OK;54665;1380;56045;3271;;;
2026-09-26T10:21:42;G+005+030;grille;VITRY;rapide;matrice;OK;43674;0;43674;2600;;;
2026-09-26T10:21:42;G+005+030;grille;RIS;rapide;matrice;OK;60736;1380;62116;3490;;;
2026-09-26T10:21:42;G+005+035;grille;VITRY;rapide;matrice;OK;51423;0;51423;3300;;;
2026-09-26T10:21:42;G+005+035;grille;RIS;rapide;matrice;OK;68486;1380;69866;4191;;;
2026-09-26T10:21:42;G+005+040;grille;VITRY;rapide;matrice;OK;56038;0;56038;3663;;;
2026-09-26T10:21:42;G+005+040;grille;RIS;rapide;matrice;OK;73100;1380;74480;4553;;;
2026-09-26T10:21:42;G+005+045;grille;VITRY;rapide;matrice;OK;59085;0;59085;3535;;;
2026-09-26T10:21:42;G+005+045;grille;RIS;rapide;matrice;OK;76147;1380;77527;4425;;;
2026-09-26T10:21:42;G+005+050;grille;VITRY;rapide;matrice;OK;74363;0;74363;4004;;;
2026-09-26T10:21:42;G+005+050;grille;RIS;rapide;matrice;OK;91425;1380;92805;4894;;;
2026-09-26T10:21:42;G+005+055;grille;VITRY;rapide;matrice;OK;78581;0;78581;3923;;;
2026-09-26T10:21:42;G+005+055;grille;RIS;rapide;matrice;OK;95643;1380;97023;4813;;;
2026-09-26T10:21:42;G+010-055;grille;VITRY;rapide;matrice;OK;71696;0;71696;3143;;;
2026-09-26T10:21:42;G+010-055;grille;RIS;rapide;matrice;OK;50278;1380;51658;2247;;;
2026-09-26T10:21:42;G+010-050;grille;VITRY;rapide;matrice;OK;69134;0;69134;3164;;;
2026-09-26T10:21:42;G+010-050;grille;RIS;rapide;matrice;OK;47716;1380;49096;2269;;;
2026-09-26T10:21:42;G+010-045;grille;VITRY;rapide;matrice;OK;71208;0;71208;3059;;;
2026-09-26T10:21:42;G+010-045;grille;RIS;rapide;matrice;OK;49790;1380;51170;2164;;;
2026-09-26T10:21:42;G+010-040;grille;VITRY;rapide;matrice;OK;56054;0;56054;2778;;;
2026-09-26T10:21:42;G+010-040;grille;RIS;rapide;matrice;OK;34636;1380;36016;1883;;;
2026-09-26T10:21:42;G+010-035;grille;VITRY;rapide;matrice;OK;50331;0;50331;2302;;;
2026-09-26T10:21:42;G+010-035;grille;RIS;rapide;matrice;OK;28913;1380;30293;1407;;;
2026-09-26T10:21:42;G+010-030;grille;VITRY;rapide;matrice;OK;44815;0;44815;2476;;;
2026-09-26T10:21:42;G+010-030;grille;RIS;rapide;matrice;OK;23397;1380;24777;1580;;;
2026-09-26T10:21:42;G+010-025;grille;VITRY;rapide;matrice;OK;46868;0;46868;2571;;;
2026-09-26T10:21:42;G+010-025;grille;RIS;rapide;matrice;OK;25449;1380;26829;1675;;;
2026-09-26T10:21:42;G+010-020;grille;VITRY;rapide;matrice;OK;30847;0;30847;2392;;;
2026-09-26T10:21:42;G+010-020;grille;RIS;rapide;matrice;OK;19707;1380;21087;1464;;;
2026-09-26T10:21:42;G+010-015;grille;VITRY;rapide;matrice;OK;26216;0;26216;2134;;;
2026-09-26T10:21:42;G+010-015;grille;RIS;rapide;matrice;OK;17184;1380;18564;1283;;;
2026-09-26T10:21:42;G+010-010;grille;VITRY;rapide;matrice;OK;20093;0;20093;1695;;;
2026-09-26T10:21:42;G+010-010;grille;RIS;rapide;matrice;OK;23010;1380;24390;1906;;;
2026-09-26T10:21:42;G+010-005;grille;VITRY;rapide;matrice;OK;18738;0;18738;1406;;;
2026-09-26T10:21:42;G+010-005;grille;RIS;rapide;matrice;OK;34384;1380;35764;2308;;;
2026-09-26T10:21:42;G+010+000;grille;VITRY;rapide;matrice;OK;17097;0;17097;1678;;;
2026-09-26T10:21:42;G+010+000;grille;RIS;rapide;matrice;OK;40965;1380;42345;2456;;;
2026-09-26T10:21:42;G+010+005;grille;VITRY;rapide;matrice;OK;19091;0;19091;1282;;;
2026-09-26T10:21:42;G+010+005;grille;RIS;rapide;matrice;OK;40730;1380;42110;2330;;;
2026-09-26T10:21:42;G+010+010;grille;VITRY;rapide;matrice;OK;24540;0;24540;2214;;;
2026-09-26T10:21:42;G+010+010;grille;RIS;rapide;matrice;OK;46179;1380;47559;3261;;;
2026-09-26T10:21:42;G+010+015;grille;VITRY;rapide;matrice;OK;46676;0;46676;2394;;;
2026-09-26T10:21:42;G+010+015;grille;RIS;rapide;matrice;OK;66095;1380;67475;3312;;;
2026-09-26T10:21:42;G+010+020;grille;VITRY;rapide;matrice;OK;36820;0;36820;2281;;;
2026-09-26T10:21:42;G+010+020;grille;RIS;rapide;matrice;OK;53882;1380;55262;3171;;;
2026-09-26T10:21:42;G+010+025;grille;VITRY;rapide;matrice;OK;37344;0;37344;2208;;;
2026-09-26T10:21:42;G+010+025;grille;RIS;rapide;matrice;OK;54406;1380;55786;3098;;;
2026-09-26T10:21:42;G+010+030;grille;VITRY;rapide;matrice;OK;47944;0;47944;2635;;;
2026-09-26T10:21:42;G+010+030;grille;RIS;rapide;matrice;OK;65006;1380;66386;3525;;;
2026-09-26T10:21:42;G+010+035;grille;VITRY;rapide;matrice;OK;54388;0;54388;2906;;;
2026-09-26T10:21:42;G+010+035;grille;RIS;rapide;matrice;OK;71450;1380;72830;3796;;;
2026-09-26T10:21:42;G+010+040;grille;VITRY;rapide;matrice;OK;53718;0;53718;3161;;;
2026-09-26T10:21:42;G+010+040;grille;RIS;rapide;matrice;OK;70780;1380;72160;4051;;;
2026-09-26T10:21:42;G+010+045;grille;VITRY;rapide;matrice;OK;67670;0;67670;3510;;;
2026-09-26T10:21:42;G+010+045;grille;RIS;rapide;matrice;OK;84732;1380;86112;4400;;;
2026-09-26T10:21:42;G+010+050;grille;VITRY;rapide;matrice;OK;69022;0;69022;3736;;;
2026-09-26T10:21:42;G+010+050;grille;RIS;rapide;matrice;OK;86084;1380;87464;4626;;;
2026-09-26T10:21:42;G+010+055;grille;VITRY;rapide;matrice;OK;76531;0;76531;4294;;;
2026-09-26T10:21:42;G+010+055;grille;RIS;rapide;matrice;OK;93593;1380;94973;5184;;;
2026-09-26T10:21:42;G+015-055;grille;VITRY;rapide;matrice;OK;73282;0;73282;3358;;;
2026-09-26T10:21:42;G+015-055;grille;RIS;rapide;matrice;OK;51864;1380;53244;2462;;;
2026-09-26T10:21:42;G+015-050;grille;VITRY;rapide;matrice;OK;66170;0;66170;2833;;;
2026-09-26T10:21:42;G+015-050;grille;RIS;rapide;matrice;OK;44752;1380;46132;1938;;;
2026-09-26T10:21:42;G+015-045;grille;VITRY;rapide;matrice;OK;66406;0;66406;3748;;;
2026-09-26T10:21:42;G+015-045;grille;RIS;rapide;matrice;OK;44988;1380;46368;2853;;;
2026-09-26T10:21:42;G+015-040;grille;VITRY;rapide;matrice;ROUTE_NOT_FOUND;;;;;;;
2026-09-26T10:21:42;G+015-040;grille;RIS;rapide;matrice;ROUTE_NOT_FOUND;;;;;;;
2026-09-26T10:21:42;G+015-035;grille;VITRY;rapide;matrice;OK;56101;0;56101;2653;;;
2026-09-26T10:21:42;G+015-035;grille;RIS;rapide;matrice;OK;34683;1380;36063;1758;;;
2026-09-26T10:21:42;G+015-030;grille;VITRY;rapide;matrice;OK;49297;0;49297;2707;;;
2026-09-26T10:21:42;G+015-030;grille;RIS;rapide;matrice;OK;27879;1380;29259;1811;;;
2026-09-26T10:21:42;G+015-025;grille;VITRY;rapide;matrice;OK;40570;0;40570;2516;;;
2026-09-26T10:21:42;G+015-025;grille;RIS;rapide;matrice;OK;28342;1380;29722;1751;;;
2026-09-26T10:21:42;G+015-020;grille;VITRY;rapide;matrice;OK;36567;0;36567;2458;;;
2026-09-26T10:21:42;G+015-020;grille;RIS;rapide;matrice;OK;24604;1380;25984;1723;;;
2026-09-26T10:21:42;G+015-015;grille;VITRY;rapide;matrice;OK;28504;0;28504;1951;;;
2026-09-26T10:21:42;G+015-015;grille;RIS;rapide;matrice;OK;24166;1380;25546;1520;;;
2026-09-26T10:21:42;G+015-010;grille;VITRY;rapide;matrice;OK;25415;0;25415;1958;;;
2026-09-26T10:21:42;G+015-010;grille;RIS;rapide;matrice;OK;31015;1380;32395;1952;;;
2026-09-26T10:21:42;G+015-005;grille;VITRY;rapide;matrice;OK;35027;0;35027;1937;;;
2026-09-26T10:21:42;G+015-005;grille;RIS;rapide;matrice;OK;34468;1380;35848;1982;;;
2026-09-26T10:21:42;G+015+000;grille;VITRY;rapide;matrice;OK;30687;0;30687;1726;;;
2026-09-26T10:21:42;G+015+000;grille;RIS;rapide;matrice;OK;37707;1380;39087;2132;;;
2026-09-26T10:21:42;G+015+005;grille;VITRY;rapide;matrice;OK;23684;0;23684;1316;;;
2026-09-26T10:21:42;G+015+005;grille;RIS;rapide;matrice;OK;45323;1380;46703;2364;;;
2026-09-26T10:21:42;G+015+010;grille;VITRY;rapide;matrice;OK;36295;0;36295;2209;;;
2026-09-26T10:21:42;G+015+010;grille;RIS;rapide;matrice;OK;55715;1380;57095;3128;;;
2026-09-26T10:21:42;G+015+015;grille;VITRY;rapide;matrice;OK;40177;0;40177;2384;;;
2026-09-26T10:21:42;G+015+015;grille;RIS;rapide;matrice;OK;59596;1380;60976;3303;;;
2026-09-26T10:21:42;G+015+020;grille;VITRY;rapide;matrice;OK;46159;0;46159;2429;;;
2026-09-26T10:21:42;G+015+020;grille;RIS;rapide;matrice;OK;65579;1380;66959;3348;;;
2026-09-26T10:21:42;G+015+025;grille;VITRY;rapide;matrice;OK;45169;0;45169;2957;;;
2026-09-26T10:21:42;G+015+025;grille;RIS;rapide;matrice;OK;62231;1380;63611;3847;;;
2026-09-26T10:21:42;G+015+030;grille;VITRY;rapide;matrice;OK;47663;0;47663;3058;;;
2026-09-26T10:21:42;G+015+030;grille;RIS;rapide;matrice;OK;64725;1380;66105;3948;;;
2026-09-26T10:21:42;G+015+035;grille;VITRY;rapide;matrice;OK;51558;0;51558;3162;;;
2026-09-26T10:21:42;G+015+035;grille;RIS;rapide;matrice;OK;68620;1380;70000;4053;;;
2026-09-26T10:21:42;G+015+040;grille;VITRY;rapide;matrice;OK;58550;0;58550;3826;;;
2026-09-26T10:21:42;G+015+040;grille;RIS;rapide;matrice;OK;75612;1380;76992;4716;;;
2026-09-26T10:21:42;G+015+045;grille;VITRY;rapide;matrice;OK;62890;0;62890;3289;;;
2026-09-26T10:21:42;G+015+045;grille;RIS;rapide;matrice;OK;79952;1380;81332;4179;;;
2026-09-26T10:21:42;G+015+050;grille;VITRY;rapide;matrice;OK;65961;0;65961;3594;;;
2026-09-26T10:21:42;G+015+050;grille;RIS;rapide;matrice;OK;83023;1380;84403;4484;;;
2026-09-26T10:21:42;G+015+055;grille;VITRY;rapide;matrice;OK;70674;0;70674;3799;;;
2026-09-26T10:21:42;G+015+055;grille;RIS;rapide;matrice;OK;87736;1380;89116;4689;;;
2026-09-26T10:21:42;G+020-055;grille;VITRY;rapide;matrice;OK;75388;0;75388;3423;;;
2026-09-26T10:21:42;G+020-055;grille;RIS;rapide;matrice;OK;53970;1380;55350;2527;;;
2026-09-26T10:21:42;G+020-050;grille;VITRY;rapide;matrice;OK;72500;0;72500;3250;;;
2026-09-26T10:21:42;G+020-050;grille;RIS;rapide;matrice;OK;51082;1380;52462;2354;;;
2026-09-26T10:21:42;G+020-045;grille;VITRY;rapide;matrice;OK;65675;0;65675;2991;;;
2026-09-26T10:21:42;G+020-045;grille;RIS;rapide;matrice;OK;44257;1380;45637;2096;;;
2026-09-26T10:21:42;G+020-040;grille;VITRY;rapide;matrice;OK;65998;0;65998;3393;;;
2026-09-26T10:21:42;G+020-040;grille;RIS;rapide;matrice;OK;44580;1380;45960;2497;;;
2026-09-26T10:21:42;G+020-035;grille;VITRY;rapide;matrice;OK;56597;0;56597;3157;;;
2026-09-26T10:21:42;G+020-035;grille;RIS;rapide;matrice;OK;35179;1380;36559;2261;;;
2026-09-26T10:21:42;G+020-030;grille;VITRY;rapide;matrice;OK;47276;0;47276;2964;;;
2026-09-26T10:21:42;G+020-030;grille;RIS;rapide;matrice;OK;35048;1380;36428;2198;;;
2026-09-26T10:21:42;G+020-025;grille;VITRY;rapide;matrice;OK;42065;0;42065;2583;;;
2026-09-26T10:21:42;G+020-025;grille;RIS;rapide;matrice;OK;29836;1380;31216;1818;;;
2026-09-26T10:21:42;G+020-020;grille;VITRY;rapide;matrice;OK;39497;0;39497;2561;;;
2026-09-26T10:21:42;G+020-020;grille;RIS;rapide;matrice;OK;33195;1380;34575;2041;;;
2026-09-26T10:21:42;G+020-015;grille;VITRY;rapide;matrice;OK;32720;0;32720;2436;;;
2026-09-26T10:21:42;G+020-015;grille;RIS;rapide;matrice;OK;31445;1380;32825;1937;;;
2026-09-26T10:21:42;G+020-010;grille;VITRY;rapide;matrice;OK;45084;0;45084;2387;;;
2026-09-26T10:21:42;G+020-010;grille;RIS;rapide;matrice;OK;38635;1380;40015;2253;;;
2026-09-26T10:21:43;G+020-005;grille;VITRY;rapide;matrice;OK;39968;0;39968;2040;;;
2026-09-26T10:21:43;G+020-005;grille;RIS;rapide;matrice;OK;43079;1380;44459;2443;;;
2026-09-26T10:21:43;G+020+000;grille;VITRY;rapide;matrice;OK;35670;0;35670;2054;;;
2026-09-26T10:21:43;G+020+000;grille;RIS;rapide;matrice;OK;41334;1380;42714;2517;;;
2026-09-26T10:21:43;G+020+005;grille;VITRY;rapide;matrice;OK;31281;0;31281;1657;;;
2026-09-26T10:21:43;G+020+005;grille;RIS;rapide;matrice;OK;50700;1380;52080;2576;;;
2026-09-26T10:21:43;G+020+010;grille;VITRY;rapide;matrice;OK;33715;0;33715;1894;;;
2026-09-26T10:21:43;G+020+010;grille;RIS;rapide;matrice;OK;53135;1380;54515;2812;;;
2026-09-26T10:21:43;G+020+015;grille;VITRY;rapide;matrice;OK;39830;0;39830;2322;;;
2026-09-26T10:21:43;G+020+015;grille;RIS;rapide;matrice;OK;59250;1380;60630;3240;;;
2026-09-26T10:21:43;G+020+020;grille;VITRY;rapide;matrice;OK;46915;0;46915;2667;;;
2026-09-26T10:21:43;G+020+020;grille;RIS;rapide;matrice;OK;66335;1380;67715;3586;;;
2026-09-26T10:21:43;G+020+025;grille;VITRY;rapide;matrice;OK;50793;0;50793;2997;;;
2026-09-26T10:21:43;G+020+025;grille;RIS;rapide;matrice;OK;67855;1380;69235;3887;;;
2026-09-26T10:21:43;G+020+030;grille;VITRY;rapide;matrice;OK;53586;0;53586;2912;;;
2026-09-26T10:21:43;G+020+030;grille;RIS;rapide;matrice;OK;70648;1380;72028;3802;;;
2026-09-26T10:21:43;G+020+035;grille;VITRY;rapide;matrice;OK;59567;0;59567;3173;;;
2026-09-26T10:21:43;G+020+035;grille;RIS;rapide;matrice;OK;76629;1380;78009;4063;;;
2026-09-26T10:21:43;G+020+040;grille;VITRY;rapide;matrice;OK;66591;0;66591;3615;;;
2026-09-26T10:21:43;G+020+040;grille;RIS;rapide;matrice;OK;83653;1380;85033;4505;;;
2026-09-26T10:21:43;G+020+045;grille;VITRY;rapide;matrice;OK;67700;0;67700;3523;;;
2026-09-26T10:21:43;G+020+045;grille;RIS;rapide;matrice;OK;84762;1380;86142;4413;;;
2026-09-26T10:21:43;G+020+050;grille;VITRY;rapide;matrice;OK;68001;0;68001;3563;;;
2026-09-26T10:21:43;G+020+050;grille;RIS;rapide;matrice;OK;85063;1380;86443;4453;;;
2026-09-26T10:21:43;G+020+055;grille;VITRY;rapide;matrice;OK;71787;0;71787;3765;;;
2026-09-26T10:21:43;G+020+055;grille;RIS;rapide;matrice;OK;88849;1380;90229;4655;;;
2026-09-26T10:21:43;G+025-050;grille;VITRY;rapide;matrice;OK;74724;0;74724;3570;;;
2026-09-26T10:21:43;G+025-050;grille;RIS;rapide;matrice;OK;53306;1380;54686;2674;;;
2026-09-26T10:21:43;G+025-045;grille;VITRY;rapide;matrice;OK;70592;0;70592;3443;;;
2026-09-26T10:21:43;G+025-045;grille;RIS;rapide;matrice;OK;49174;1380;50554;2547;;;
2026-09-26T10:21:43;G+025-040;grille;VITRY;rapide;matrice;OK;63005;0;63005;3562;;;
2026-09-26T10:21:43;G+025-040;grille;RIS;rapide;matrice;OK;41587;1380;42967;2666;;;
2026-09-26T10:21:43;G+025-035;grille;VITRY;rapide;matrice;OK;56425;0;56425;3842;;;
2026-09-26T10:21:43;G+025-035;grille;RIS;rapide;matrice;OK;44197;1380;45577;3076;;;
2026-09-26T10:21:43;G+025-030;grille;VITRY;rapide;matrice;OK;49868;0;49868;2973;;;
2026-09-26T10:21:43;G+025-030;grille;RIS;rapide;matrice;OK;37639;1380;39019;2207;;;
2026-09-26T10:21:43;G+025-025;grille;VITRY;rapide;matrice;OK;48307;0;48307;3018;;;
2026-09-26T10:21:43;G+025-025;grille;RIS;rapide;matrice;OK;36453;1380;37833;2250;;;
2026-09-26T10:21:43;G+025-020;grille;VITRY;rapide;matrice;OK;46347;0;46347;2868;;;
2026-09-26T10:21:43;G+025-020;grille;RIS;rapide;matrice;OK;34493;1380;35873;2099;;;
2026-09-26T10:21:43;G+025-015;grille;VITRY;rapide;matrice;OK;36781;0;36781;2740;;;
2026-09-26T10:21:43;G+025-015;grille;RIS;rapide;matrice;OK;38478;1380;39858;2400;;;
2026-09-26T10:21:43;G+025-010;grille;VITRY;rapide;matrice;OK;51446;0;51446;2743;;;
2026-09-26T10:21:43;G+025-010;grille;RIS;rapide;matrice;OK;41680;1380;43060;2630;;;
2026-09-26T10:21:43;G+025-005;grille;VITRY;rapide;matrice;OK;43994;0;43994;2395;;;
2026-09-26T10:21:43;G+025-005;grille;RIS;rapide;matrice;OK;50244;1380;51624;2774;;;
2026-09-26T10:21:43;G+025+000;grille;VITRY;rapide;matrice;OK;46242;0;46242;3033;;;
2026-09-26T10:21:43;G+025+000;grille;RIS;rapide;matrice;OK;56517;1380;57897;3466;;;
2026-09-26T10:21:43;G+025+005;grille;VITRY;rapide;matrice;OK;34500;0;34500;2098;;;
2026-09-26T10:21:43;G+025+005;grille;RIS;rapide;matrice;OK;53919;1380;55299;3016;;;
2026-09-26T10:21:43;G+025+010;grille;VITRY;rapide;matrice;OK;37669;0;37669;2081;;;
2026-09-26T10:21:43;G+025+010;grille;RIS;rapide;matrice;OK;57088;1380;58468;3000;;;
2026-09-26T10:21:43;G+025+015;grille;VITRY;rapide;matrice;OK;47307;0;47307;2669;;;
2026-09-26T10:21:43;G+025+015;grille;RIS;rapide;matrice;OK;66727;1380;68107;3587;;;
2026-09-26T10:21:43;G+025+020;grille;VITRY;rapide;matrice;OK;47770;0;47770;2577;;;
2026-09-26T10:21:43;G+025+020;grille;RIS;rapide;matrice;OK;67189;1380;68569;3496;;;
2026-09-26T10:21:43;G+025+025;grille;VITRY;rapide;matrice;OK;53714;0;53714;2998;;;
2026-09-26T10:21:43;G+025+025;grille;RIS;rapide;matrice;OK;73134;1380;74514;3917;;;
2026-09-26T10:21:43;G+025+030;grille;VITRY;rapide;matrice;OK;58981;0;58981;3310;;;
2026-09-26T10:21:43;G+025+030;grille;RIS;rapide;matrice;OK;76043;1380;77423;4200;;;
2026-09-26T10:21:43;G+025+035;grille;VITRY;rapide;matrice;OK;59431;0;59431;3243;;;
2026-09-26T10:21:43;G+025+035;grille;RIS;rapide;matrice;OK;76493;1380;77873;4133;;;
2026-09-26T10:21:43;G+025+040;grille;VITRY;rapide;matrice;OK;67833;0;67833;3455;;;
2026-09-26T10:21:43;G+025+040;grille;RIS;rapide;matrice;OK;84895;1380;86275;4345;;;
2026-09-26T10:21:43;G+025+045;grille;VITRY;rapide;matrice;OK;73905;0;73905;3850;;;
2026-09-26T10:21:43;G+025+045;grille;RIS;rapide;matrice;OK;90967;1380;92347;4741;;;
2026-09-26T10:21:43;G+025+050;grille;VITRY;rapide;matrice;OK;73983;0;73983;3840;;;
2026-09-26T10:21:43;G+025+050;grille;RIS;rapide;matrice;OK;91045;1380;92425;4730;;;
2026-09-26T10:21:43;G+030-050;grille;VITRY;rapide;matrice;OK;77984;0;77984;3871;;;
2026-09-26T10:21:43;G+030-050;grille;RIS;rapide;matrice;OK;56565;1380;57945;2976;;;
2026-09-26T10:21:43;G+030-045;grille;VITRY;rapide;matrice;OK;78647;0;78647;3726;;;
2026-09-26T10:21:43;G+030-045;grille;RIS;rapide;matrice;OK;57229;1380;58609;2831;;;
2026-09-26T10:21:43;G+030-040;grille;VITRY;rapide;matrice;OK;69739;0;69739;4224;;;
2026-09-26T10:21:43;G+030-040;grille;RIS;rapide;matrice;OK;48321;1380;49701;3329;;;
2026-09-26T10:21:43;G+030-035;grille;VITRY;rapide;matrice;OK;57781;0;57781;3547;;;
2026-09-26T10:21:43;G+030-035;grille;RIS;rapide;matrice;OK;45552;1380;46932;2781;;;
2026-09-26T10:21:43;G+030-030;grille;VITRY;rapide;matrice;OK;52578;0;52578;2714;;;
2026-09-26T10:21:43;G+030-030;grille;RIS;rapide;matrice;OK;40724;1380;42104;1945;;;
2026-09-26T10:21:43;G+030-025;grille;VITRY;rapide;matrice;OK;58496;0;58496;3251;;;
2026-09-26T10:21:43;G+030-025;grille;RIS;rapide;matrice;OK;46642;1380;48022;2483;;;
2026-09-26T10:21:43;G+030-020;grille;VITRY;rapide;matrice;OK;47427;0;47427;2982;;;
2026-09-26T10:21:43;G+030-020;grille;RIS;rapide;matrice;OK;42123;1380;43503;2416;;;
2026-09-26T10:21:43;G+030-015;grille;VITRY;rapide;matrice;OK;59522;0;59522;2963;;;
2026-09-26T10:21:43;G+030-015;grille;RIS;rapide;matrice;OK;41334;1380;42714;2409;;;
2026-09-26T10:21:43;G+030-010;grille;VITRY;rapide;matrice;OK;53030;0;53030;2535;;;
2026-09-26T10:21:43;G+030-010;grille;RIS;rapide;matrice;OK;45272;1380;46652;2438;;;
2026-09-26T10:21:43;G+030-005;grille;VITRY;rapide;matrice;OK;49602;0;49602;2404;;;
2026-09-26T10:21:43;G+030-005;grille;RIS;rapide;matrice;OK;55852;1380;57232;2784;;;
2026-09-26T10:21:43;G+030+000;grille;VITRY;rapide;matrice;OK;43331;0;43331;2297;;;
2026-09-26T10:21:43;G+030+000;grille;RIS;rapide;matrice;OK;60668;1380;62048;3079;;;
2026-09-26T10:21:43;G+030+005;grille;VITRY;rapide;matrice;OK;42449;0;42449;2282;;;
2026-09-26T10:21:43;G+030+005;grille;RIS;rapide;matrice;OK;61869;1380;63249;3201;;;
2026-09-26T10:21:43;G+030+010;grille;VITRY;rapide;matrice;OK;44074;0;44074;2371;;;
2026-09-26T10:21:43;G+030+010;grille;RIS;rapide;matrice;OK;63494;1380;64874;3290;;;
2026-09-26T10:21:43;G+030+015;grille;VITRY;rapide;matrice;OK;58003;0;58003;2733;;;
2026-09-26T10:21:43;G+030+015;grille;RIS;rapide;matrice;OK;77423;1380;78803;3652;;;
2026-09-26T10:21:43;G+030+020;grille;VITRY;rapide;matrice;OK;52071;0;52071;2660;;;
2026-09-26T10:21:43;G+030+020;grille;RIS;rapide;matrice;OK;71491;1380;72871;3578;;;
2026-09-26T10:21:43;G+030+025;grille;VITRY;rapide;matrice;OK;65101;0;65101;3117;;;
2026-09-26T10:21:43;G+030+025;grille;RIS;rapide;matrice;OK;84521;1380;85901;4035;;;
2026-09-26T10:21:43;G+030+030;grille;VITRY;rapide;matrice;OK;70863;0;70863;3582;;;
2026-09-26T10:21:43;G+030+030;grille;RIS;rapide;matrice;OK;80221;1380;81601;4510;;;
2026-09-26T10:21:43;G+030+035;grille;VITRY;rapide;matrice;OK;65834;0;65834;3464;;;
2026-09-26T10:21:43;G+030+035;grille;RIS;rapide;matrice;OK;82896;1380;84276;4354;;;
2026-09-26T10:21:43;G+030+040;grille;VITRY;rapide;matrice;OK;66061;0;66061;3269;;;
2026-09-26T10:21:43;G+030+040;grille;RIS;rapide;matrice;OK;83123;1380;84503;4159;;;
2026-09-26T10:21:43;G+030+045;grille;VITRY;rapide;matrice;OK;73242;0;73242;3797;;;
2026-09-26T10:21:43;G+030+045;grille;RIS;rapide;matrice;OK;90304;1380;91684;4687;;;
2026-09-26T10:21:43;G+030+050;grille;VITRY;rapide;matrice;OK;76670;0;76670;4027;;;
2026-09-26T10:21:43;G+030+050;grille;RIS;rapide;matrice;OK;93732;1380;95112;4917;;;
2026-09-26T10:21:43;G+035-045;grille;VITRY;rapide;matrice;OK;75136;0;75136;3766;;;
2026-09-26T10:21:43;G+035-045;grille;RIS;rapide;matrice;OK;63283;1380;64663;2998;;;
2026-09-26T10:21:43;G+035-040;grille;VITRY;rapide;matrice;OK;72205;0;72205;3561;;;
2026-09-26T10:21:43;G+035-040;grille;RIS;rapide;matrice;OK;60351;1380;61731;2793;;;
2026-09-26T10:21:43;G+035-035;grille;VITRY;rapide;matrice;OK;62510;0;62510;3967;;;
2026-09-26T10:21:43;G+035-035;grille;RIS;rapide;matrice;OK;50281;1380;51661;3201;;;
2026-09-26T10:21:43;G+035-030;grille;VITRY;rapide;matrice;OK;64658;0;64658;3542;;;
2026-09-26T10:21:43;G+035-030;grille;RIS;rapide;matrice;OK;52805;1380;54185;2774;;;
2026-09-26T10:21:43;G+035-025;grille;VITRY;rapide;matrice;OK;58387;0;58387;3228;;;
2026-09-26T10:21:43;G+035-025;grille;RIS;rapide;matrice;OK;46533;1380;47913;2459;;;
2026-09-26T10:21:43;G+035-020;grille;VITRY;rapide;matrice;OK;51531;0;51531;3220;;;
2026-09-26T10:21:43;G+035-020;grille;RIS;rapide;matrice;OK;46228;1380;47608;2655;;;
2026-09-26T10:21:43;G+035-015;grille;VITRY;rapide;matrice;OK;64981;0;64981;3274;;;
2026-09-26T10:21:43;G+035-015;grille;RIS;rapide;matrice;OK;48512;1380;49892;2819;;;
2026-09-26T10:21:43;G+035-010;grille;VITRY;rapide;matrice;OK;55853;0;55853;2705;;;
2026-09-26T10:21:43;G+035-010;grille;RIS;rapide;matrice;OK;54439;1380;55819;2975;;;
2026-09-26T10:21:43;G+035-005;grille;VITRY;rapide;matrice;OK;52859;0;52859;2865;;;
2026-09-26T10:21:43;G+035-005;grille;RIS;rapide;matrice;OK;54522;1380;55902;3140;;;
2026-09-26T10:21:43;G+035+000;grille;VITRY;rapide;matrice;OK;50463;0;50463;2743;;;
2026-09-26T10:21:43;G+035+000;grille;RIS;rapide;matrice;OK;61733;1380;63113;3409;;;
2026-09-26T10:21:43;G+035+005;grille;VITRY;rapide;matrice;OK;48052;0;48052;2688;;;
2026-09-26T10:21:43;G+035+005;grille;RIS;rapide;matrice;OK;63631;1380;65011;3577;;;
2026-09-26T10:21:43;G+035+010;grille;VITRY;rapide;matrice;OK;45667;0;45667;2272;;;
2026-09-26T10:21:43;G+035+010;grille;RIS;rapide;matrice;OK;65087;1380;66467;3190;;;
2026-09-26T10:21:43;G+035+015;grille;VITRY;rapide;matrice;OK;52440;0;52440;2762;;;
2026-09-26T10:21:43;G+035+015;grille;RIS;rapide;matrice;OK;71860;1380;73240;3681;;;
2026-09-26T10:21:43;G+035+020;grille;VITRY;rapide;matrice;OK;60309;0;60309;3055;;;
2026-09-26T10:21:43;G+035+020;grille;RIS;rapide;matrice;OK;79729;1380;81109;3974;;;
2026-09-26T10:21:43;G+035+025;grille;VITRY;rapide;matrice;OK;64900;0;64900;3045;;;
2026-09-26T10:21:43;G+035+025;grille;RIS;rapide;matrice;OK;84319;1380;85699;3963;;;
2026-09-26T10:21:43;G+035+030;grille;VITRY;rapide;matrice;OK;69701;0;69701;3327;;;
2026-09-26T10:21:43;G+035+030;grille;RIS;rapide;matrice;OK;89121;1380;90501;4246;;;
2026-09-26T10:21:43;G+035+035;grille;VITRY;rapide;matrice;OK;77936;0;77936;3741;;;
2026-09-26T10:21:43;G+035+035;grille;RIS;rapide;matrice;OK;97356;1380;98736;4660;;;
2026-09-26T10:21:43;G+035+040;grille;VITRY;rapide;matrice;OK;71888;0;71888;3545;;;
2026-09-26T10:21:43;G+035+040;grille;RIS;rapide;matrice;OK;88950;1380;90330;4435;;;
2026-09-26T10:21:43;G+035+045;grille;VITRY;rapide;matrice;OK;76924;0;76924;4116;;;
2026-09-26T10:21:43;G+035+045;grille;RIS;rapide;matrice;OK;93986;1380;95366;5007;;;
2026-09-26T10:21:43;G+040-040;grille;VITRY;rapide;matrice;OK;68972;0;68972;3360;;;
2026-09-26T10:21:43;G+040-040;grille;RIS;rapide;matrice;OK;57118;1380;58498;2592;;;
2026-09-26T10:21:43;G+040-035;grille;VITRY;rapide;matrice;OK;74188;0;74188;3686;;;
2026-09-26T10:21:43;G+040-035;grille;RIS;rapide;matrice;OK;62334;1380;63714;2918;;;
2026-09-26T10:21:43;G+040-030;grille;VITRY;rapide;matrice;OK;65284;0;65284;3534;;;
2026-09-26T10:21:43;G+040-030;grille;RIS;rapide;matrice;OK;53430;1380;54810;2766;;;
2026-09-26T10:21:43;G+040-025;grille;VITRY;rapide;matrice;OK;63266;0;63266;3444;;;
2026-09-26T10:21:43;G+040-025;grille;RIS;rapide;matrice;OK;51412;1380;52792;2676;;;
2026-09-26T10:21:43;G+040-020;grille;VITRY;rapide;matrice;OK;71803;0;71803;3616;;;
2026-09-26T10:21:43;G+040-020;grille;RIS;rapide;matrice;OK;58018;1380;59398;3229;;;
2026-09-26T10:21:43;G+040-015;grille;VITRY;rapide;matrice;OK;66001;0;66001;3213;;;
2026-09-26T10:21:43;G+040-015;grille;RIS;rapide;matrice;OK;52528;1380;53908;2998;;;
2026-09-26T10:21:43;G+040-010;grille;VITRY;rapide;matrice;OK;61434;0;61434;2907;;;
2026-09-26T10:21:43;G+040-010;grille;RIS;rapide;matrice;OK;60021;1380;61401;3177;;;
2026-09-26T10:21:43;G+040-005;grille;VITRY;rapide;matrice;OK;54033;0;54033;2729;;;
2026-09-26T10:21:43;G+040-005;grille;RIS;rapide;matrice;OK;63072;1380;64452;3325;;;
2026-09-26T10:21:43;G+040+000;grille;VITRY;rapide;matrice;OK;54722;0;54722;2995;;;
2026-09-26T10:21:43;G+040+000;grille;RIS;rapide;matrice;OK;65992;1380;67372;3662;;;
2026-09-26T10:21:43;G+040+005;grille;VITRY;rapide;matrice;OK;53533;0;53533;2828;;;
2026-09-26T10:21:43;G+040+005;grille;RIS;rapide;matrice;OK;72953;1380;74333;3747;;;
2026-09-26T10:21:43;G+040+010;grille;VITRY;rapide;matrice;OK;53342;0;53342;2764;;;
2026-09-26T10:21:43;G+040+010;grille;RIS;rapide;matrice;OK;72762;1380;74142;3682;;;
2026-09-26T10:21:43;G+040+015;grille;VITRY;rapide;matrice;OK;54954;0;54954;2661;;;
2026-09-26T10:21:43;G+040+015;grille;RIS;rapide;matrice;OK;74373;1380;75753;3579;;;
2026-09-26T10:21:43;G+040+020;grille;VITRY;rapide;matrice;OK;68977;0;68977;3591;;;
2026-09-26T10:21:43;G+040+020;grille;RIS;rapide;matrice;OK;88396;1380;89776;4509;;;
2026-09-26T10:21:43;G+040+025;grille;VITRY;rapide;matrice;OK;71320;0;71320;3499;;;
2026-09-26T10:21:43;G+040+025;grille;RIS;rapide;matrice;OK;90739;1380;92119;4417;;;
2026-09-26T10:21:43;G+040+030;grille;VITRY;rapide;matrice;OK;73467;0;73467;3511;;;
2026-09-26T10:21:43;G+040+030;grille;RIS;rapide;matrice;OK;92887;1380;94267;4429;;;
2026-09-26T10:21:43;G+040+035;grille;VITRY;rapide;matrice;OK;77061;0;77061;3758;;;
2026-09-26T10:21:43;G+040+035;grille;RIS;rapide;matrice;OK;96481;1380;97861;4677;;;
2026-09-26T10:21:43;G+040+040;grille;VITRY;rapide;matrice;OK;76975;0;76975;3825;;;
2026-09-26T10:21:43;G+040+040;grille;RIS;rapide;matrice;OK;94037;1380;95417;4715;;;
2026-09-26T10:21:43;G+045-035;grille;VITRY;rapide;matrice;OK;80729;0;80729;4036;;;
2026-09-26T10:21:43;G+045-035;grille;RIS;rapide;matrice;OK;68875;1380;70255;3267;;;
2026-09-26T10:21:43;G+045-030;grille;VITRY;rapide;matrice;OK;71081;0;71081;3884;;;
2026-09-26T10:21:43;G+045-030;grille;RIS;rapide;matrice;OK;59227;1380;60607;3115;;;
2026-09-26T10:21:43;G+045-025;grille;VITRY;rapide;matrice;OK;77757;0;77757;3839;;;
2026-09-26T10:21:43;G+045-025;grille;RIS;rapide;matrice;OK;55745;1380;57125;3060;;;
2026-09-26T10:21:43;G+045-020;grille;VITRY;rapide;matrice;OK;73529;0;73529;3719;;;
2026-09-26T10:21:43;G+045-020;grille;RIS;rapide;matrice;OK;60433;1380;61813;3329;;;
2026-09-26T10:21:43;G+045-015;grille;VITRY;rapide;matrice;OK;69343;0;69343;3409;;;
2026-09-26T10:21:43;G+045-015;grille;RIS;rapide;matrice;OK;61221;1380;62601;3544;;;
2026-09-26T10:21:43;G+045-010;grille;VITRY;rapide;matrice;OK;65285;0;65285;3024;;;
2026-09-26T10:21:43;G+045-010;grille;RIS;rapide;matrice;OK;63872;1380;65252;3294;;;
2026-09-26T10:21:43;G+045-005;grille;VITRY;rapide;matrice;OK;62429;0;62429;3262;;;
2026-09-26T10:21:43;G+045-005;grille;RIS;rapide;matrice;OK;67573;1380;68953;3663;;;
2026-09-26T10:21:43;G+045+000;grille;VITRY;rapide;matrice;OK;63984;0;63984;3372;;;
2026-09-26T10:21:43;G+045+000;grille;RIS;rapide;matrice;OK;69129;1380;70509;3773;;;
2026-09-26T10:21:43;G+045+005;grille;VITRY;rapide;matrice;OK;57565;0;57565;3038;;;
2026-09-26T10:21:43;G+045+005;grille;RIS;rapide;matrice;OK;76985;1380;78365;3957;;;
2026-09-26T10:21:43;G+045+010;grille;VITRY;rapide;matrice;OK;57189;0;57189;2948;;;
2026-09-26T10:21:43;G+045+010;grille;RIS;rapide;matrice;OK;76609;1380;77989;3867;;;
2026-09-26T10:21:43;G+045+015;grille;VITRY;rapide;matrice;OK;63779;0;63779;3131;;;
2026-09-26T10:21:43;G+045+015;grille;RIS;rapide;matrice;OK;83198;1380;84578;4050;;;
2026-09-26T10:21:43;G+045+020;grille;VITRY;rapide;matrice;OK;64485;0;64485;3155;;;
2026-09-26T10:21:43;G+045+020;grille;RIS;rapide;matrice;OK;83905;1380;85285;4074;;;
2026-09-26T10:21:43;G+045+025;grille;VITRY;rapide;matrice;OK;73658;0;73658;3490;;;
2026-09-26T10:21:43;G+045+025;grille;RIS;rapide;matrice;OK;93078;1380;94458;4409;;;
2026-09-26T10:21:43;G+045+030;grille;VITRY;rapide;matrice;OK;79401;0;79401;3961;;;
2026-09-26T10:21:43;G+045+030;grille;RIS;rapide;matrice;OK;98821;1380;100201;4879;;;
2026-09-26T10:21:43;G+045+035;grille;VITRY;rapide;matrice;OK;82052;0;82052;4006;;;
2026-09-26T10:21:43;G+045+035;grille;RIS;rapide;matrice;OK;101472;1380;102852;4924;;;
2026-09-26T10:21:43;G+050-030;grille;VITRY;rapide;matrice;OK;86793;0;86793;4359;;;
2026-09-26T10:21:43;G+050-030;grille;RIS;rapide;matrice;OK;74939;1380;76319;3591;;;
2026-09-26T10:21:43;G+050-025;grille;VITRY;rapide;matrice;OK;82301;0;82301;3988;;;
2026-09-26T10:21:43;G+050-025;grille;RIS;rapide;matrice;OK;60756;1380;62136;3258;;;
2026-09-26T10:21:43;G+050-020;grille;VITRY;rapide;matrice;OK;79545;0;79545;3619;;;
2026-09-26T10:21:43;G+050-020;grille;RIS;rapide;matrice;OK;63898;1380;65278;3627;;;
2026-09-26T10:21:43;G+050-015;grille;VITRY;rapide;matrice;OK;74329;0;74329;3372;;;
2026-09-26T10:21:43;G+050-015;grille;RIS;rapide;matrice;OK;64829;1380;66209;3576;;;
2026-09-26T10:21:43;G+050-010;grille;VITRY;rapide;matrice;OK;66035;0;66035;3332;;;
2026-09-26T10:21:43;G+050-010;grille;RIS;rapide;matrice;OK;71512;1380;72892;3553;;;
2026-09-26T10:21:43;G+050-005;grille;VITRY;rapide;matrice;OK;66452;0;66452;3397;;;
2026-09-26T10:21:43;G+050-005;grille;RIS;rapide;matrice;OK;75752;1380;77132;3733;;;
2026-09-26T10:21:43;G+050+000;grille;VITRY;rapide;matrice;OK;68479;0;68479;3511;;;
2026-09-26T10:21:43;G+050+000;grille;RIS;rapide;matrice;OK;73624;1380;75004;3913;;;
2026-09-26T10:21:43;G+050+005;grille;VITRY;rapide;matrice;OK;66707;0;66707;3574;;;
2026-09-26T10:21:43;G+050+005;grille;RIS;rapide;matrice;OK;76900;1380;78280;4429;;;
2026-09-26T10:21:43;G+050+010;grille;VITRY;rapide;matrice;OK;65616;0;65616;3467;;;
2026-09-26T10:21:43;G+050+010;grille;RIS;rapide;matrice;OK;85036;1380;86416;4386;;;
2026-09-26T10:21:43;G+050+015;grille;VITRY;rapide;matrice;OK;69398;0;69398;3285;;;
2026-09-26T10:21:43;G+050+015;grille;RIS;rapide;matrice;OK;88818;1380;90198;4203;;;
2026-09-26T10:21:43;G+050+020;grille;VITRY;rapide;matrice;OK;66815;0;66815;3263;;;
2026-09-26T10:21:43;G+050+020;grille;RIS;rapide;matrice;OK;86234;1380;87614;4181;;;
2026-09-26T10:21:43;G+050+025;grille;VITRY;rapide;matrice;OK;76547;0;76547;3317;;;
2026-09-26T10:21:43;G+050+025;grille;RIS;rapide;matrice;OK;95966;1380;97346;4236;;;
2026-09-26T10:21:43;G+050+030;grille;VITRY;rapide;matrice;OK;83765;0;83765;3778;;;
2026-09-26T10:21:43;G+050+030;grille;RIS;rapide;matrice;OK;103184;1380;104564;4697;;;
2026-09-26T10:21:43;G+055-020;grille;VITRY;rapide;matrice;OK;85204;0;85204;3874;;;
2026-09-26T10:21:43;G+055-020;grille;RIS;rapide;matrice;OK;68547;1380;69927;3771;;;
2026-09-26T10:21:43;G+055-015;grille;VITRY;rapide;matrice;OK;76535;0;76535;3487;;;
2026-09-26T10:21:43;G+055-015;grille;RIS;rapide;matrice;OK;75121;1380;76501;3757;;;
2026-09-26T10:21:43;G+055-010;grille;VITRY;rapide;matrice;OK;75385;0;75385;3523;;;
2026-09-26T10:21:43;G+055-010;grille;RIS;rapide;matrice;OK;73972;1380;75352;3793;;;
2026-09-26T10:21:43;G+055-005;grille;VITRY;rapide;matrice;OK;80687;0;80687;3788;;;
2026-09-26T10:21:43;G+055-005;grille;RIS;rapide;matrice;OK;79273;1380;80653;4058;;;
2026-09-26T10:21:43;G+055+000;grille;VITRY;rapide;matrice;OK;72751;0;72751;3791;;;
2026-09-26T10:21:43;G+055+000;grille;RIS;rapide;matrice;OK;83838;1380;85218;4184;;;
2026-09-26T10:21:43;G+055+005;grille;VITRY;rapide;matrice;OK;68371;0;68371;3956;;;
2026-09-26T10:21:43;G+055+005;grille;RIS;rapide;matrice;OK;87277;1380;88657;4477;;;
2026-09-26T10:21:43;G+055+010;grille;VITRY;rapide;matrice;OK;71216;0;71216;3750;;;
2026-09-26T10:21:43;G+055+010;grille;RIS;rapide;matrice;OK;90635;1380;92015;4668;;;
2026-09-26T10:21:43;G+055+015;grille;VITRY;rapide;matrice;OK;72569;0;72569;3741;;;
2026-09-26T10:21:43;G+055+015;grille;RIS;rapide;matrice;OK;91988;1380;93368;4660;;;
2026-09-26T10:21:43;G+055+020;grille;VITRY;rapide;matrice;OK;70819;0;70819;3523;;;
2026-09-26T10:21:43;G+055+020;grille;RIS;rapide;matrice;OK;90238;1380;91618;4442;;;
2026-09-26T10:21:43;G+060+000;grille;VITRY;rapide;matrice;OK;77693;0;77693;3969;;;
2026-09-26T10:21:43;G+060+000;grille;RIS;rapide;matrice;OK;88780;1380;90160;4361;;;
2026-09-26T10:21:43;G-300+000;grille;VITRY;rapide;matrice;ROUTE_NOT_FOUND;;;;;;;
2026-09-26T10:21:43;G-300+000;grille;RIS;rapide;matrice;ROUTE_NOT_FOUND;;;;;;;
2026-09-26T10:21:43;G-280-100;grille;VITRY;rapide;matrice;OK;347282;0;347282;12071;;;
2026-09-26T10:21:43;G-280-100;grille;RIS;rapide;matrice;OK;343527;1380;344907;11865;;;
2026-09-26T10:21:43;G-280-080;grille;VITRY;rapide;matrice;OK;322131;0;322131;10984;;;
2026-09-26T10:21:43;G-280-080;grille;RIS;rapide;matrice;OK;318376;1380;319756;10779;;;
2026-09-26T10:21:43;G-280-060;grille;VITRY;rapide;matrice;OK;330884;0;330884;11776;;;
2026-09-26T10:21:43;G-280-060;grille;RIS;rapide;matrice;OK;327129;1380;328509;11571;;;
2026-09-26T10:21:43;G-280-040;grille;VITRY;rapide;matrice;OK;343527;0;343527;12624;;;
2026-09-26T10:21:43;G-280-040;grille;RIS;rapide;matrice;OK;339772;1380;341152;12418;;;
2026-09-26T10:21:43;G-280-020;grille;VITRY;rapide;matrice;OK;368043;0;368043;13079;;;
2026-09-26T10:21:43;G-280-020;grille;RIS;rapide;matrice;OK;374799;1380;376179;13396;;;
2026-09-26T10:21:43;G-280+000;grille;VITRY;rapide;matrice;OK;348884;0;348884;12524;;;
2026-09-26T10:21:43;G-280+000;grille;RIS;rapide;matrice;OK;355640;1380;357020;12841;;;
2026-09-26T10:21:43;G-280+020;grille;VITRY;rapide;matrice;OK;343603;0;343603;12626;;;
2026-09-26T10:21:43;G-280+020;grille;RIS;rapide;matrice;OK;350359;1380;351739;12943;;;
2026-09-26T10:21:43;G-280+040;grille;VITRY;rapide;matrice;OK;349711;0;349711;12884;;;
2026-09-26T10:21:43;G-280+040;grille;RIS;rapide;matrice;OK;356467;1380;357847;13201;;;
2026-09-26T10:21:43;G-280+060;grille;VITRY;rapide;matrice;OK;340443;0;340443;12506;;;
2026-09-26T10:21:43;G-280+060;grille;RIS;rapide;matrice;OK;347199;1380;348579;12823;;;
2026-09-26T10:21:43;G-280+080;grille;VITRY;rapide;matrice;OK;350649;0;350649;12755;;;
2026-09-26T10:21:43;G-280+080;grille;RIS;rapide;matrice;OK;357406;1380;358786;13072;;;
2026-09-26T10:21:43;G-280+100;grille;VITRY;rapide;matrice;OK;378451;0;378451;14113;;;
2026-09-26T10:21:43;G-280+100;grille;RIS;rapide;matrice;OK;385208;1380;386588;14430;;;
2026-09-26T10:21:43;G-260-140;grille;VITRY;rapide;matrice;OK;342851;0;342851;12285;;;
2026-09-26T10:21:43;G-260-140;grille;RIS;rapide;matrice;OK;339096;1380;340476;12079;;;
2026-09-26T10:21:43;G-260-120;grille;VITRY;rapide;matrice;OK;352091;0;352091;12331;;;
2026-09-26T10:21:43;G-260-120;grille;RIS;rapide;matrice;OK;348336;1380;349716;12125;;;
2026-09-26T10:21:43;G-260-100;grille;VITRY;rapide;matrice;OK;320715;0;320715;11141;;;
2026-09-26T10:21:43;G-260-100;grille;RIS;rapide;matrice;OK;316961;1380;318341;10935;;;
2026-09-26T10:21:43;G-260-080;grille;VITRY;rapide;matrice;OK;302964;0;302964;10141;;;
2026-09-26T10:21:43;G-260-080;grille;RIS;rapide;matrice;OK;299209;1380;300589;9935;;;
2026-09-26T10:21:43;G-260-060;grille;VITRY;rapide;matrice;OK;306565;0;306565;10887;;;
2026-09-26T10:21:43;G-260-060;grille;RIS;rapide;matrice;OK;302810;1380;304190;10681;;;
2026-09-26T10:21:43;G-260-040;grille;VITRY;rapide;matrice;OK;329817;0;329817;11807;;;
2026-09-26T10:21:43;G-260-040;grille;RIS;rapide;matrice;OK;326062;1380;327442;11602;;;
2026-09-26T10:21:43;G-260-020;grille;VITRY;rapide;matrice;OK;343562;0;343562;12591;;;
2026-09-26T10:21:43;G-260-020;grille;RIS;rapide;matrice;OK;339807;1380;341187;12385;;;
2026-09-26T10:21:43;G-260+000;grille;VITRY;rapide;matrice;OK;341542;0;341542;12227;;;
2026-09-26T10:21:43;G-260+000;grille;RIS;rapide;matrice;OK;348299;1380;349679;12544;;;
2026-09-26T10:21:43;G-260+020;grille;VITRY;rapide;matrice;OK;323228;0;323228;11642;;;
2026-09-26T10:21:43;G-260+020;grille;RIS;rapide;matrice;OK;329985;1380;331365;11959;;;
2026-09-26T10:21:43;G-260+040;grille;VITRY;rapide;matrice;OK;333244;0;333244;12164;;;
2026-09-26T10:21:43;G-260+040;grille;RIS;rapide;matrice;OK;340000;1380;341380;12481;;;
2026-09-26T10:21:43;G-260+060;grille;VITRY;rapide;matrice;OK;320999;0;320999;11757;;;
2026-09-26T10:21:43;G-260+060;grille;RIS;rapide;matrice;OK;327755;1380;329135;12074;;;
2026-09-26T10:21:43;G-260+080;grille;VITRY;rapide;matrice;ROUTE_NOT_FOUND;;;;;;;
2026-09-26T10:21:43;G-260+080;grille;RIS;rapide;matrice;ROUTE_NOT_FOUND;;;;;;;
2026-09-26T10:21:43;G-260+100;grille;VITRY;rapide;matrice;ROUTE_NOT_FOUND;;;;;;;
2026-09-26T10:21:43;G-260+100;grille;RIS;rapide;matrice;ROUTE_NOT_FOUND;;;;;;;
2026-09-26T10:21:43;G-260+120;grille;VITRY;rapide;matrice;ROUTE_NOT_FOUND;;;;;;;
2026-09-26T10:21:43;G-260+120;grille;RIS;rapide;matrice;ROUTE_NOT_FOUND;;;;;;;
2026-09-26T10:21:43;G-260+140;grille;VITRY;rapide;matrice;ROUTE_NOT_FOUND;;;;;;;
2026-09-26T10:21:43;G-260+140;grille;RIS;rapide;matrice;ROUTE_NOT_FOUND;;;;;;;
2026-09-26T10:21:43;G-240-180;grille;VITRY;rapide;matrice;OK;341045;0;341045;11782;;;
2026-09-26T10:21:43;G-240-180;grille;RIS;rapide;matrice;OK;337290;1380;338670;11577;;;
2026-09-26T10:21:43;G-240-160;grille;VITRY;rapide;matrice;OK;323677;0;323677;11564;;;
2026-09-26T10:21:43;G-240-160;grille;RIS;rapide;matrice;OK;319922;1380;321302;11358;;;
2026-09-26T10:21:43;G-240-140;grille;VITRY;rapide;matrice;OK;317094;0;317094;10963;;;
2026-09-26T10:21:43;G-240-140;grille;RIS;rapide;matrice;OK;313340;1380;314720;10757;;;
2026-09-26T10:21:43;G-240-120;grille;VITRY;rapide;matrice;OK;329605;0;329605;11362;;;
2026-09-26T10:21:43;G-240-120;grille;RIS;rapide;matrice;OK;325850;1380;327230;11156;;;
2026-09-26T10:21:43;G-240-100;grille;VITRY;rapide;matrice;OK;291317;0;291317;10625;;;
2026-09-26T10:21:43;G-240-100;grille;RIS;rapide;matrice;OK;287562;1380;288942;10419;;;
2026-09-26T10:21:43;G-240-080;grille;VITRY;rapide;matrice;OK;283364;0;283364;9597;;;
2026-09-26T10:21:43;G-240-080;grille;RIS;rapide;matrice;OK;279609;1380;280989;9391;;;
2026-09-26T10:21:43;G-240-060;grille;VITRY;rapide;matrice;OK;297694;0;297694;10160;;;
2026-09-26T10:21:43;G-240-060;grille;RIS;rapide;matrice;OK;293939;1380;295319;9954;;;
2026-09-26T10:21:43;G-240-040;grille;VITRY;rapide;matrice;OK;320126;0;320126;11245;;;
2026-09-26T10:21:43;G-240-040;grille;RIS;rapide;matrice;OK;316371;1380;317751;11039;;;
2026-09-26T10:21:43;G-240-020;grille;VITRY;rapide;matrice;OK;344088;0;344088;12584;;;
2026-09-26T10:21:43;G-240-020;grille;RIS;rapide;matrice;OK;340333;1380;341713;12378;;;
2026-09-26T10:21:43;G-240+000;grille;VITRY;rapide;matrice;OK;321416;0;321416;12002;;;
2026-09-26T10:21:43;G-240+000;grille;RIS;rapide;matrice;OK;328172;1380;329552;12319;;;
2026-09-26T10:21:43;G-240+020;grille;VITRY;rapide;matrice;OK;302177;0;302177;10945;;;
2026-09-26T10:21:43;G-240+020;grille;RIS;rapide;matrice;OK;308934;1380;310314;11262;;;
2026-09-26T10:21:43;G-240+040;grille;VITRY;rapide;matrice;OK;299001;0;299001;11125;;;
2026-09-26T10:21:43;G-240+040;grille;RIS;rapide;matrice;OK;305758;1380;307138;11442;;;
2026-09-26T10:21:43;G-240+060;grille;VITRY;rapide;matrice;OK;295630;0;295630;10777;;;
2026-09-26T10:21:43;G-240+060;grille;RIS;rapide;matrice;OK;302386;1380;303766;11094;;;
2026-09-26T10:21:43;G-240+080;grille;VITRY;rapide;matrice;ROUTE_NOT_FOUND;;;;;;;
2026-09-26T10:21:43;G-240+080;grille;RIS;rapide;matrice;ROUTE_NOT_FOUND;;;;;;;
2026-09-26T10:21:43;G-240+100;grille;VITRY;rapide;matrice;ROUTE_NOT_FOUND;;;;;;;
2026-09-26T10:21:43;G-240+100;grille;RIS;rapide;matrice;ROUTE_NOT_FOUND;;;;;;;
2026-09-26T10:21:43;G-240+120;grille;VITRY;rapide;matrice;ROUTE_NOT_FOUND;;;;;;;
2026-09-26T10:21:43;G-240+120;grille;RIS;rapide;matrice;ROUTE_NOT_FOUND;;;;;;;
2026-09-26T10:21:43;G-240+140;grille;VITRY;rapide;matrice;ROUTE_NOT_FOUND;;;;;;;
2026-09-26T10:21:43;G-240+140;grille;RIS;rapide;matrice;ROUTE_NOT_FOUND;;;;;;;
2026-09-26T10:21:43;G-240+160;grille;VITRY;rapide;matrice;ROUTE_NOT_FOUND;;;;;;;
2026-09-26T10:21:43;G-240+160;grille;RIS;rapide;matrice;ROUTE_NOT_FOUND;;;;;;;
2026-09-26T10:21:43;G-240+180;grille;VITRY;rapide;matrice;OK;398437;0;398437;20529;;;
2026-09-26T10:21:43;G-240+180;grille;RIS;rapide;matrice;OK;405194;1380;406574;20846;;;
2026-09-26T10:21:43;G-220-200;grille;VITRY;rapide;matrice;OK;354772;0;354772;13007;;;
2026-09-26T10:21:43;G-220-200;grille;RIS;rapide;matrice;OK;351017;1380;352397;12801;;;
2026-09-26T10:21:43;G-220-180;grille;VITRY;rapide;matrice;OK;331978;0;331978;11788;;;
2026-09-26T10:21:43;G-220-180;grille;RIS;rapide;matrice;OK;328223;1380;329603;11583;;;
2026-09-26T10:21:43;G-220-160;grille;VITRY;rapide;matrice;OK;305488;0;305488;10332;;;
2026-09-26T10:21:43;G-220-160;grille;RIS;rapide;matrice;OK;301733;1380;303113;10127;;;
2026-09-26T10:21:43;G-220-140;grille;VITRY;rapide;matrice;OK;294283;0;294283;9955;;;
2026-09-26T10:21:43;G-220-140;grille;RIS;rapide;matrice;OK;290528;1380;291908;9749;;;
2026-09-26T10:21:43;G-220-120;grille;VITRY;rapide;matrice;OK;282644;0;282644;10042;;;
2026-09-26T10:21:43;G-220-120;grille;RIS;rapide;matrice;OK;278889;1380;280269;9837;;;
2026-09-26T10:21:43;G-220-100;grille;VITRY;rapide;matrice;OK;277659;0;277659;9883;;;
2026-09-26T10:21:43;G-220-100;grille;RIS;rapide;matrice;OK;273904;1380;275284;9677;;;
2026-09-26T10:21:43;G-220-080;grille;VITRY;rapide;matrice;OK;259341;0;259341;8898;;;
2026-09-26T10:21:43;G-220-080;grille;RIS;rapide;matrice;OK;255586;1380;256966;8693;;;
2026-09-26T10:21:43;G-220-060;grille;VITRY;rapide;matrice;OK;279175;0;279175;10009;;;
2026-09-26T10:21:43;G-220-060;grille;RIS;rapide;matrice;OK;275420;1380;276800;9803;;;
2026-09-26T10:21:43;G-220-040;grille;VITRY;rapide;matrice;OK;297884;0;297884;10920;;;
2026-09-26T10:21:43;G-220-040;grille;RIS;rapide;matrice;OK;294129;1380;295509;10714;;;
2026-09-26T10:21:43;G-220-020;grille;VITRY;rapide;matrice;OK;252641;0;252641;11706;;;
2026-09-26T10:21:43;G-220-020;grille;RIS;rapide;matrice;OK;309151;1380;310531;11618;;;
2026-09-26T10:21:43;G-220+000;grille;VITRY;rapide;matrice;OK;249785;0;249785;11349;;;
2026-09-26T10:21:43;G-220+000;grille;RIS;rapide;matrice;OK;330470;1380;331850;11388;;;
2026-09-26T10:21:43;G-220+020;grille;VITRY;rapide;matrice;OK;286292;0;286292;10528;;;
2026-09-26T10:21:43;G-220+020;grille;RIS;rapide;matrice;OK;293049;1380;294429;10845;;;
2026-09-26T10:21:43;G-220+040;grille;VITRY;rapide;matrice;OK;274494;0;274494;9856;;;
2026-09-26T10:21:43;G-220+040;grille;RIS;rapide;matrice;OK;281250;1380;282630;10173;;;
2026-09-26T10:21:43;G-220+060;grille;VITRY;rapide;matrice;OK;284033;0;284033;10666;;;
2026-09-26T10:21:43;G-220+060;grille;RIS;rapide;matrice;OK;290789;1380;292169;10983;;;
2026-09-26T10:21:43;G-220+080;grille;VITRY;rapide;matrice;ROUTE_NOT_FOUND;;;;;;;
2026-09-26T10:21:43;G-220+080;grille;RIS;rapide;matrice;ROUTE_NOT_FOUND;;;;;;;
2026-09-26T10:21:43;G-220+100;grille;VITRY;rapide;matrice;ROUTE_NOT_FOUND;;;;;;;
2026-09-26T10:21:43;G-220+100;grille;RIS;rapide;matrice;ROUTE_NOT_FOUND;;;;;;;
2026-09-26T10:21:43;G-220+120;grille;VITRY;rapide;matrice;ROUTE_NOT_FOUND;;;;;;;
2026-09-26T10:21:43;G-220+120;grille;RIS;rapide;matrice;ROUTE_NOT_FOUND;;;;;;;
2026-09-26T10:21:43;G-220+140;grille;VITRY;rapide;matrice;OK;353771;0;353771;16956;;;
2026-09-26T10:21:43;G-220+140;grille;RIS;rapide;matrice;OK;360528;1380;361908;17273;;;
2026-09-26T10:21:43;G-220+160;grille;VITRY;rapide;matrice;OK;313815;0;313815;20290;;;
2026-09-26T10:21:43;G-220+160;grille;RIS;rapide;matrice;OK;320572;1380;321952;20607;;;
2026-09-26T10:21:43;G-220+180;grille;VITRY;rapide;matrice;ROUTE_NOT_FOUND;;;;;;;
2026-09-26T10:21:43;G-220+180;grille;RIS;rapide;matrice;ROUTE_NOT_FOUND;;;;;;;
2026-09-26T10:21:43;G-220+200;grille;VITRY;rapide;matrice;ROUTE_NOT_FOUND;;;;;;;
2026-09-26T10:21:43;G-220+200;grille;RIS;rapide;matrice;ROUTE_NOT_FOUND;;;;;;;
2026-09-26T10:21:43;G-200-220;grille;VITRY;rapide;matrice;OK;377861;0;377861;13981;;;
2026-09-26T10:21:43;G-200-220;grille;RIS;rapide;matrice;OK;374106;1380;375486;13776;;;
2026-09-26T10:21:43;G-200-200;grille;VITRY;rapide;matrice;OK;354708;0;354708;12641;;;
2026-09-26T10:21:43;G-200-200;grille;RIS;rapide;matrice;OK;350953;1380;352333;12435;;;
2026-09-26T10:21:43;G-200-180;grille;VITRY;rapide;matrice;OK;332818;0;332818;11557;;;
2026-09-26T10:21:43;G-200-180;grille;RIS;rapide;matrice;OK;329063;1380;330443;11352;;;
2026-09-26T10:21:43;G-200-160;grille;VITRY;rapide;matrice;OK;308270;0;308270;10885;;;
2026-09-26T10:21:43;G-200-160;grille;RIS;rapide;matrice;OK;304515;1380;305895;10679;;;
2026-09-26T10:21:43;G-200-140;grille;VITRY;rapide;matrice;OK;301370;0;301370;10052;;;
2026-09-26T10:21:43;G-200-140;grille;RIS;rapide;matrice;OK;297615;1380;298995;9846;;;
2026-09-26T10:21:43;G-200-120;grille;VITRY;rapide;matrice;OK;262841;0;262841;9192;;;
2026-09-26T10:21:43;G-200-120;grille;RIS;rapide;matrice;OK;259086;1380;260466;8987;;;
2026-09-26T10:21:43;G-200-100;grille;VITRY;rapide;matrice;OK;244692;0;244692;8603;;;
2026-09-26T10:21:43;G-200-100;grille;RIS;rapide;matrice;OK;240938;1380;242318;8397;;;
2026-09-26T10:21:43;G-200-080;grille;VITRY;rapide;matrice;OK;239633;0;239633;8290;;;
2026-09-26T10:21:43;G-200-080;grille;RIS;rapide;matrice;OK;235878;1380;237258;8084;;;
2026-09-26T10:21:43;G-200-060;grille;VITRY;rapide;matrice;OK;252553;0;252553;9898;;;
2026-09-26T10:21:43;G-200-060;grille;RIS;rapide;matrice;OK;248798;1380;250178;9693;;;
2026-09-26T10:21:43;G-200-040;grille;VITRY;rapide;matrice;OK;227098;0;227098;10285;;;
2026-09-26T10:21:43;G-200-040;grille;RIS;rapide;matrice;OK;278514;1380;279894;10005;;;
2026-09-26T10:21:43;G-200-020;grille;VITRY;rapide;matrice;OK;230642;0;230642;10556;;;
2026-09-26T10:21:43;G-200-020;grille;RIS;rapide;matrice;OK;287871;1380;289251;10396;;;
2026-09-26T10:21:43;G-200+000;grille;VITRY;rapide;matrice;OK;234542;0;234542;10867;;;
2026-09-26T10:21:43;G-200+000;grille;RIS;rapide;matrice;OK;315228;1380;316608;10906;;;
2026-09-26T10:21:43;G-200+020;grille;VITRY;rapide;matrice;OK;277257;0;277257;10174;;;
2026-09-26T10:21:43;G-200+020;grille;RIS;rapide;matrice;OK;284013;1380;285393;10491;;;
2026-09-26T10:21:43;G-200+040;grille;VITRY;rapide;matrice;OK;251259;0;251259;9223;;;
2026-09-26T10:21:43;G-200+040;grille;RIS;rapide;matrice;OK;258016;1380;259396;9540;;;
2026-09-26T10:21:43;G-200+060;grille;VITRY;rapide;matrice;OK;267239;0;267239;10110;;;
2026-09-26T10:21:43;G-200+060;grille;RIS;rapide;matrice;OK;273996;1380;275376;10426;;;
2026-09-26T10:21:43;G-200+080;grille;VITRY;rapide;matrice;OK;289096;0;289096;11782;;;
2026-09-26T10:21:43;G-200+080;grille;RIS;rapide;matrice;OK;295853;1380;297233;12099;;;
2026-09-26T10:21:43;G-200+100;grille;VITRY;rapide;matrice;OK;308964;0;308964;13372;;;
2026-09-26T10:21:43;G-200+100;grille;RIS;rapide;matrice;OK;315720;1380;317100;13689;;;
2026-09-26T10:21:43;G-200+120;grille;VITRY;rapide;matrice;ROUTE_NOT_FOUND;;;;;;;
2026-09-26T10:21:43;G-200+120;grille;RIS;rapide;matrice;ROUTE_NOT_FOUND;;;;;;;
2026-09-26T10:21:43;G-200+140;grille;VITRY;rapide;matrice;OK;286367;0;286367;18094;;;
2026-09-26T10:21:43;G-200+140;grille;RIS;rapide;matrice;OK;293123;1380;294503;18411;;;
2026-09-26T10:21:43;G-200+160;grille;VITRY;rapide;matrice;ROUTE_NOT_FOUND;;;;;;;
2026-09-26T10:21:43;G-200+160;grille;RIS;rapide;matrice;ROUTE_NOT_FOUND;;;;;;;
2026-09-26T10:21:43;G-200+180;grille;VITRY;rapide;matrice;ROUTE_NOT_FOUND;;;;;;;
2026-09-26T10:21:43;G-200+180;grille;RIS;rapide;matrice;ROUTE_NOT_FOUND;;;;;;;
2026-09-26T10:21:43;G-200+200;grille;VITRY;rapide;matrice;ROUTE_NOT_FOUND;;;;;;;
2026-09-26T10:21:43;G-200+200;grille;RIS;rapide;matrice;ROUTE_NOT_FOUND;;;;;;;
2026-09-26T10:21:43;G-200+220;grille;VITRY;rapide;matrice;OK;520044;0;520044;21480;;;
2026-09-26T10:21:43;G-200+220;grille;RIS;rapide;matrice;OK;537106;1380;538486;22370;;;
2026-09-26T10:21:43;G-180-240;grille;VITRY;rapide;matrice;OK;361956;0;361956;13052;;;
2026-09-26T10:21:43;G-180-240;grille;RIS;rapide;matrice;OK;358201;1380;359581;12847;;;
2026-09-26T10:21:43;G-180-220;grille;VITRY;rapide;matrice;OK;346531;0;346531;12986;;;
2026-09-26T10:21:43;G-180-220;grille;RIS;rapide;matrice;OK;342776;1380;344156;12780;;;
2026-09-26T10:21:43;G-180-200;grille;VITRY;rapide;matrice;OK;323643;0;323643;12161;;;
2026-09-26T10:21:43;G-180-200;grille;RIS;rapide;matrice;OK;319888;1380;321268;11955;;;
2026-09-26T10:21:43;G-180-180;grille;VITRY;rapide;matrice;OK;328602;0;328602;11418;;;
2026-09-26T10:21:43;G-180-180;grille;RIS;rapide;matrice;OK;324847;1380;326227;11213;;;
2026-09-26T10:21:43;G-180-160;grille;VITRY;rapide;matrice;OK;305951;0;305951;10392;;;
2026-09-26T10:21:43;G-180-160;grille;RIS;rapide;matrice;OK;302196;1380;303576;10186;;;
2026-09-26T10:21:43;G-180-140;grille;VITRY;rapide;matrice;OK;267342;0;267342;10083;;;
2026-09-26T10:21:43;G-180-140;grille;RIS;rapide;matrice;OK;263587;1380;264967;9877;;;
2026-09-26T10:21:43;G-180-120;grille;VITRY;rapide;matrice;OK;242323;0;242323;9079;;;
2026-09-26T10:21:43;G-180-120;grille;RIS;rapide;matrice;OK;238568;1380;239948;8873;;;
2026-09-26T10:21:43;G-180-100;grille;VITRY;rapide;matrice;OK;227216;0;227216;8167;;;
2026-09-26T10:21:43;G-180-100;grille;RIS;rapide;matrice;OK;223462;1380;224842;7962;;;
2026-09-26T10:21:43;G-180-080;grille;VITRY;rapide;matrice;OK;219800;0;219800;8010;;;
2026-09-26T10:21:43;G-180-080;grille;RIS;rapide;matrice;OK;216045;1380;217425;7804;;;
2026-09-26T10:21:43;G-180-060;grille;VITRY;rapide;matrice;OK;236991;0;236991;8572;;;
2026-09-26T10:21:43;G-180-060;grille;RIS;rapide;matrice;OK;233236;1380;234616;8366;;;
2026-09-26T10:21:43;G-180-040;grille;VITRY;rapide;matrice;OK;206070;0;206070;9187;;;
2026-09-26T10:21:43;G-180-040;grille;RIS;rapide;matrice;OK;257486;1380;258866;8907;;;
2026-09-26T10:21:43;G-180-020;grille;VITRY;rapide;matrice;OK;217865;0;217865;9806;;;
2026-09-26T10:21:43;G-180-020;grille;RIS;rapide;matrice;OK;269281;1380;270661;9526;;;
2026-09-26T10:21:43;G-180+000;grille;VITRY;rapide;matrice;OK;206189;0;206189;10065;;;
2026-09-26T10:21:43;G-180+000;grille;RIS;rapide;matrice;OK;298535;1380;299915;10235;;;
2026-09-26T10:21:43;G-180+020;grille;VITRY;rapide;matrice;OK;251391;0;251391;9697;;;
2026-09-26T10:21:43;G-180+020;grille;RIS;rapide;matrice;OK;258147;1380;259527;10014;;;
2026-09-26T10:21:43;G-180+040;grille;VITRY;rapide;matrice;OK;232981;0;232981;8788;;;
2026-09-26T10:21:43;G-180+040;grille;RIS;rapide;matrice;OK;239738;1380;241118;9105;;;
2026-09-26T10:21:43;G-180+060;grille;VITRY;rapide;matrice;OK;227369;0;227369;8554;;;
2026-09-26T10:21:43;G-180+060;grille;RIS;rapide;matrice;OK;234126;1380;235506;8871;;;
2026-09-26T10:21:43;G-180+080;grille;VITRY;rapide;matrice;OK;223220;0;223220;9564;;;
2026-09-26T10:21:43;G-180+080;grille;RIS;rapide;matrice;OK;229976;1380;231356;9881;;;
2026-09-26T10:21:43;G-180+100;grille;VITRY;rapide;matrice;OK;241850;0;241850;12247;;;
2026-09-26T10:21:43;G-180+100;grille;RIS;rapide;matrice;OK;248607;1380;249987;12564;;;
2026-09-26T10:21:43;G-180+120;grille;VITRY;rapide;matrice;ROUTE_NOT_FOUND;;;;;;;
2026-09-26T10:21:43;G-180+120;grille;RIS;rapide;matrice;ROUTE_NOT_FOUND;;;;;;;
2026-09-26T10:21:43;G-180+140;grille;VITRY;rapide;matrice;ROUTE_NOT_FOUND;;;;;;;
2026-09-26T10:21:43;G-180+140;grille;RIS;rapide;matrice;ROUTE_NOT_FOUND;;;;;;;
2026-09-26T10:21:43;G-180+160;grille;VITRY;rapide;matrice;ROUTE_NOT_FOUND;;;;;;;
2026-09-26T10:21:43;G-180+160;grille;RIS;rapide;matrice;ROUTE_NOT_FOUND;;;;;;;
2026-09-26T10:21:43;G-180+180;grille;VITRY;rapide;matrice;ROUTE_NOT_FOUND;;;;;;;
2026-09-26T10:21:43;G-180+180;grille;RIS;rapide;matrice;ROUTE_NOT_FOUND;;;;;;;
2026-09-26T10:21:43;G-180+200;grille;VITRY;rapide;matrice;ROUTE_NOT_FOUND;;;;;;;
2026-09-26T10:21:43;G-180+200;grille;RIS;rapide;matrice;ROUTE_NOT_FOUND;;;;;;;
2026-09-26T10:21:43;G-180+220;grille;VITRY;rapide;matrice;OK;519201;0;519201;21734;;;
2026-09-26T10:21:43;G-180+220;grille;RIS;rapide;matrice;OK;536263;1380;537643;22624;;;
2026-09-26T10:21:43;G-180+240;grille;VITRY;rapide;matrice;OK;500811;0;500811;20963;;;
2026-09-26T10:21:43;G-180+240;grille;RIS;rapide;matrice;OK;517873;1380;519253;21853;;;
2026-09-26T10:21:43;G-160-240;grille;VITRY;rapide;matrice;OK;340166;0;340166;11964;;;
2026-09-26T10:21:43;G-160-240;grille;RIS;rapide;matrice;OK;336411;1380;337791;11759;;;
2026-09-26T10:21:43;G-160-220;grille;VITRY;rapide;matrice;OK;323620;0;323620;11759;;;
2026-09-26T10:21:43;G-160-220;grille;RIS;rapide;matrice;OK;319865;1380;321245;11554;;;
2026-09-26T10:21:43;G-160-200;grille;VITRY;rapide;matrice;OK;302581;0;302581;11279;;;
2026-09-26T10:21:43;G-160-200;grille;RIS;rapide;matrice;OK;298826;1380;300206;11073;;;
2026-09-26T10:21:43;G-160-180;grille;VITRY;rapide;matrice;OK;285360;0;285360;10628;;;
2026-09-26T10:21:43;G-160-180;grille;RIS;rapide;matrice;OK;281605;1380;282985;10422;;;
2026-09-26T10:21:43;G-160-160;grille;VITRY;rapide;matrice;OK;285339;0;285339;10652;;;
2026-09-26T10:21:43;G-160-160;grille;RIS;rapide;matrice;OK;281584;1380;282964;10447;;;
2026-09-26T10:21:43;G-160-140;grille;VITRY;rapide;matrice;OK;260562;0;260562;9503;;;
2026-09-26T10:21:43;G-160-140;grille;RIS;rapide;matrice;OK;256807;1380;258187;9297;;;
2026-09-26T10:21:43;G-160-120;grille;VITRY;rapide;matrice;OK;233208;0;233208;8409;;;
2026-09-26T10:21:43;G-160-120;grille;RIS;rapide;matrice;OK;229453;1380;230833;8203;;;
2026-09-26T10:21:43;G-160-100;grille;VITRY;rapide;matrice;OK;213366;0;213366;7682;;;
2026-09-26T10:21:43;G-160-100;grille;RIS;rapide;matrice;OK;209611;1380;210991;7477;;;
2026-09-26T10:21:43;G-160-080;grille;VITRY;rapide;matrice;OK;206410;0;206410;7246;;;
2026-09-26T10:21:43;G-160-080;grille;RIS;rapide;matrice;OK;202655;1380;204035;7041;;;
2026-09-26T10:21:43;G-160-060;grille;VITRY;rapide;matrice;OK;224262;0;224262;7956;;;
2026-09-26T10:21:43;G-160-060;grille;RIS;rapide;matrice;OK;220508;1380;221888;7750;;;
2026-09-26T10:21:43;G-160-040;grille;VITRY;rapide;matrice;OK;189146;0;189146;8605;;;
2026-09-26T10:21:43;G-160-040;grille;RIS;rapide;matrice;OK;207483;1380;208863;8379;;;
2026-09-26T10:21:43;G-160-020;grille;VITRY;rapide;matrice;OK;185052;0;185052;8513;;;
2026-09-26T10:21:43;G-160-020;grille;RIS;rapide;matrice;OK;191808;1380;193188;8830;;;
2026-09-26T10:21:43;G-160+000;grille;VITRY;rapide;matrice;OK;177954;0;177954;8470;;;
2026-09-26T10:21:43;G-160+000;grille;RIS;rapide;matrice;OK;184710;1380;186090;8787;;;
2026-09-26T10:21:43;G-160+020;grille;VITRY;rapide;matrice;OK;232428;0;232428;9089;;;
2026-09-26T10:21:43;G-160+020;grille;RIS;rapide;matrice;OK;239184;1380;240564;9406;;;
2026-09-26T10:21:43;G-160+040;grille;VITRY;rapide;matrice;OK;222018;0;222018;8343;;;
2026-09-26T10:21:43;G-160+040;grille;RIS;rapide;matrice;OK;228775;1380;230155;8660;;;
2026-09-26T10:21:43;G-160+060;grille;VITRY;rapide;matrice;OK;205332;0;205332;7684;;;
2026-09-26T10:21:43;G-160+060;grille;RIS;rapide;matrice;OK;212088;1380;213468;8001;;;
2026-09-26T10:21:43;G-160+080;grille;VITRY;rapide;matrice;OK;210187;0;210187;7949;;;
2026-09-26T10:21:43;G-160+080;grille;RIS;rapide;matrice;OK;216944;1380;218324;8266;;;
2026-09-26T10:21:43;G-160+100;grille;VITRY;rapide;matrice;OK;223028;0;223028;9315;;;
2026-09-26T10:21:43;G-160+100;grille;RIS;rapide;matrice;OK;229784;1380;231164;9632;;;
2026-09-26T10:21:43;G-160+120;grille;VITRY;rapide;matrice;ROUTE_NOT_FOUND;;;;;;;
2026-09-26T10:21:43;G-160+120;grille;RIS;rapide;matrice;ROUTE_NOT_FOUND;;;;;;;
2026-09-26T10:21:43;G-160+140;grille;VITRY;rapide;matrice;ROUTE_NOT_FOUND;;;;;;;
2026-09-26T10:21:43;G-160+140;grille;RIS;rapide;matrice;ROUTE_NOT_FOUND;;;;;;;
2026-09-26T10:21:43;G-160+160;grille;VITRY;rapide;matrice;ROUTE_NOT_FOUND;;;;;;;
2026-09-26T10:21:43;G-160+160;grille;RIS;rapide;matrice;ROUTE_NOT_FOUND;;;;;;;
2026-09-26T10:21:43;G-160+180;grille;VITRY;rapide;matrice;ROUTE_NOT_FOUND;;;;;;;
2026-09-26T10:21:43;G-160+180;grille;RIS;rapide;matrice;ROUTE_NOT_FOUND;;;;;;;
2026-09-26T10:21:43;G-160+200;grille;VITRY;rapide;matrice;OK;312814;0;312814;20062;;;
2026-09-26T10:21:43;G-160+200;grille;RIS;rapide;matrice;OK;319570;1380;320950;20379;;;
2026-09-26T10:21:43;G-160+220;grille;VITRY;rapide;matrice;OK;455276;0;455276;21098;;;
2026-09-26T10:21:43;G-160+220;grille;RIS;rapide;matrice;OK;472338;1380;473718;21988;;;
2026-09-26T10:21:43;G-160+240;grille;VITRY;rapide;matrice;OK;437490;0;437490;20241;;;
2026-09-26T10:21:43;G-160+240;grille;RIS;rapide;matrice;OK;454552;1380;455932;21131;;;
2026-09-26T10:21:43;G-140-260;grille;VITRY;rapide;matrice;OK;358241;0;358241;12846;;;
2026-09-26T10:21:43;G-140-260;grille;RIS;rapide;matrice;OK;354487;1380;355867;12641;;;
2026-09-26T10:21:43;G-140-240;grille;VITRY;rapide;matrice;OK;338070;0;338070;12165;;;
2026-09-26T10:21:43;G-140-240;grille;RIS;rapide;matrice;OK;334315;1380;335695;11960;;;
2026-09-26T10:21:43;G-140-220;grille;VITRY;rapide;matrice;OK;303891;0;303891;10711;;;
2026-09-26T10:21:43;G-140-220;grille;RIS;rapide;matrice;OK;300136;1380;301516;10505;;;
2026-09-26T10:21:43;G-140-200;grille;VITRY;rapide;matrice;OK;291277;0;291277;10719;;;
2026-09-26T10:21:43;G-140-200;grille;RIS;rapide;matrice;OK;287522;1380;288902;10513;;;
2026-09-26T10:21:43;G-140-180;grille;VITRY;rapide;matrice;OK;278692;0;278692;10012;;;
2026-09-26T10:21:43;G-140-180;grille;RIS;rapide;matrice;OK;274937;1380;276317;9806;;;
2026-09-26T10:21:43;G-140-160;grille;VITRY;rapide;matrice;OK;264214;0;264214;9257;;;
2026-09-26T10:21:43;G-140-160;grille;RIS;rapide;matrice;OK;260459;1380;261839;9051;;;
2026-09-26T10:21:43;G-140-140;grille;VITRY;rapide;matrice;OK;251235;0;251235;9147;;;
2026-09-26T10:21:43;G-140-140;grille;RIS;rapide;matrice;OK;247480;1380;248860;8941;;;
2026-09-26T10:21:43;G-140-120;grille;VITRY;rapide;matrice;OK;245540;0;245540;8600;;;
2026-09-26T10:21:43;G-140-120;grille;RIS;rapide;matrice;OK;241786;1380;243166;8395;;;
2026-09-26T10:21:43;G-140-100;grille;VITRY;rapide;matrice;OK;201832;0;201832;7844;;;
2026-09-26T10:21:43;G-140-100;grille;RIS;rapide;matrice;OK;198078;1380;199458;7639;;;
2026-09-26T10:21:43;G-140-080;grille;VITRY;rapide;matrice;OK;177664;0;177664;6282;;;
2026-09-26T10:21:43;G-140-080;grille;RIS;rapide;matrice;OK;173909;1380;175289;6076;;;
2026-09-26T10:21:43;G-140-060;grille;VITRY;rapide;matrice;OK;180330;0;180330;6812;;;
2026-09-26T10:21:43;G-140-060;grille;RIS;rapide;matrice;OK;176575;1380;177955;6606;;;
2026-09-26T10:21:43;G-140-040;grille;VITRY;rapide;matrice;OK;183384;0;183384;7428;;;
2026-09-26T10:21:43;G-140-040;grille;RIS;rapide;matrice;OK;179629;1380;181009;7223;;;
2026-09-26T10:21:43;G-140-020;grille;VITRY;rapide;matrice;OK;160778;0;160778;7703;;;
2026-09-26T10:21:43;G-140-020;grille;RIS;rapide;matrice;OK;167534;1380;168914;8020;;;
2026-09-26T10:21:43;G-140+000;grille;VITRY;rapide;matrice;OK;155847;0;155847;7310;;;
2026-09-26T10:21:43;G-140+000;grille;RIS;rapide;matrice;OK;162604;1380;163984;7627;;;
2026-09-26T10:21:43;G-140+020;grille;VITRY;rapide;matrice;OK;161019;0;161019;8004;;;
2026-09-26T10:21:43;G-140+020;grille;RIS;rapide;matrice;OK;167775;1380;169155;8321;;;
2026-09-26T10:21:43;G-140+040;grille;VITRY;rapide;matrice;OK;198179;0;198179;7445;;;
2026-09-26T10:21:43;G-140+040;grille;RIS;rapide;matrice;OK;204935;1380;206315;7762;;;
2026-09-26T10:21:43;G-140+060;grille;VITRY;rapide;matrice;OK;188873;0;188873;7161;;;
2026-09-26T10:21:43;G-140+060;grille;RIS;rapide;matrice;OK;195630;1380;197010;7478;;;
2026-09-26T10:21:43;G-140+080;grille;VITRY;rapide;matrice;OK;201832;0;201832;7949;;;
2026-09-26T10:21:43;G-140+080;grille;RIS;rapide;matrice;OK;208588;1380;209968;8266;;;
2026-09-26T10:21:43;G-140+100;grille;VITRY;rapide;matrice;OK;207828;0;207828;8006;;;
2026-09-26T10:21:43;G-140+100;grille;RIS;rapide;matrice;OK;214584;1380;215964;8323;;;
2026-09-26T10:21:43;G-140+120;grille;VITRY;rapide;matrice;OK;223342;0;223342;9203;;;
2026-09-26T10:21:43;G-140+120;grille;RIS;rapide;matrice;OK;230099;1380;231479;9520;;;
2026-09-26T10:21:43;G-140+140;grille;VITRY;rapide;matrice;ROUTE_NOT_FOUND;;;;;;;
2026-09-26T10:21:43;G-140+140;grille;RIS;rapide;matrice;ROUTE_NOT_FOUND;;;;;;;
2026-09-26T10:21:43;G-140+160;grille;VITRY;rapide;matrice;ROUTE_NOT_FOUND;;;;;;;
2026-09-26T10:21:43;G-140+160;grille;RIS;rapide;matrice;ROUTE_NOT_FOUND;;;;;;;
2026-09-26T10:21:43;G-140+180;grille;VITRY;rapide;matrice;OK;285033;0;285033;16728;;;
2026-09-26T10:21:43;G-140+180;grille;RIS;rapide;matrice;OK;291790;1380;293170;17045;;;
2026-09-26T10:21:43;G-140+200;grille;VITRY;rapide;matrice;ROUTE_NOT_FOUND;;;;;;;
2026-09-26T10:21:43;G-140+200;grille;RIS;rapide;matrice;ROUTE_NOT_FOUND;;;;;;;
2026-09-26T10:21:43;G-140+220;grille;VITRY;rapide;matrice;ROUTE_NOT_FOUND;;;;;;;
2026-09-26T10:21:43;G-140+220;grille;RIS;rapide;matrice;ROUTE_NOT_FOUND;;;;;;;
2026-09-26T10:21:43;G-140+240;grille;VITRY;rapide;matrice;OK;421403;0;421403;18698;;;
2026-09-26T10:21:43;G-140+240;grille;RIS;rapide;matrice;OK;438465;1380;439845;19588;;;
2026-09-26T10:21:43;G-140+260;grille;VITRY;rapide;matrice;OK;409897;0;409897;18288;;;
2026-09-26T10:21:43;G-140+260;grille;RIS;rapide;matrice;OK;426959;1380;428339;19178;;;
2026-09-26T10:21:43;G-120-260;grille;VITRY;rapide;matrice;OK;356915;0;356915;13369;;;
2026-09-26T10:21:43;G-120-260;grille;RIS;rapide;matrice;OK;353160;1380;354540;13164;;;
2026-09-26T10:21:43;G-120-240;grille;VITRY;rapide;matrice;OK;335532;0;335532;12269;;;
2026-09-26T10:21:43;G-120-240;grille;RIS;rapide;matrice;OK;331777;1380;333157;12064;;;
2026-09-26T10:21:43;G-120-220;grille;VITRY;rapide;matrice;OK;319977;0;319977;11446;;;
2026-09-26T10:21:43;G-120-220;grille;RIS;rapide;matrice;OK;316222;1380;317602;11240;;;
2026-09-26T10:21:43;G-120-200;grille;VITRY;rapide;matrice;OK;295789;0;295789;10682;;;
2026-09-26T10:21:43;G-120-200;grille;RIS;rapide;matrice;OK;292034;1380;293414;10477;;;
2026-09-26T10:21:43;G-120-180;grille;VITRY;rapide;matrice;OK;268818;0;268818;9789;;;
2026-09-26T10:21:43;G-120-180;grille;RIS;rapide;matrice;OK;265063;1380;266443;9583;;;
2026-09-26T10:21:43;G-120-160;grille;VITRY;rapide;matrice;OK;252037;0;252037;9557;;;
2026-09-26T10:21:43;G-120-160;grille;RIS;rapide;matrice;OK;248282;1380;249662;9351;;;
2026-09-26T10:21:43;G-120-140;grille;VITRY;rapide;matrice;OK;236969;0;236969;8729;;;
2026-09-26T10:21:43;G-120-140;grille;RIS;rapide;matrice;OK;233214;1380;234594;8523;;;
2026-09-26T10:21:43;G-120-120;grille;VITRY;rapide;matrice;OK;212063;0;212063;8816;;;
2026-09-26T10:21:43;G-120-120;grille;RIS;rapide;matrice;OK;208308;1380;209688;8610;;;
2026-09-26T10:21:43;G-120-100;grille;VITRY;rapide;matrice;OK;190752;0;190752;7464;;;
2026-09-26T10:21:43;G-120-100;grille;RIS;rapide;matrice;OK;186997;1380;188377;7258;;;
2026-09-26T10:21:43;G-120-080;grille;VITRY;rapide;matrice;OK;171105;0;171105;6404;;;
2026-09-26T10:21:43;G-120-080;grille;RIS;rapide;matrice;OK;167351;1380;168731;6199;;;
2026-09-26T10:21:43;G-120-060;grille;VITRY;rapide;matrice;OK;150634;0;150634;5902;;;
2026-09-26T10:21:43;G-120-060;grille;RIS;rapide;matrice;OK;146879;1380;148259;5696;;;
2026-09-26T10:21:43;G-120-040;grille;VITRY;rapide;matrice;OK;146764;0;146764;6659;;;
2026-09-26T10:21:43;G-120-040;grille;RIS;rapide;matrice;OK;143009;1380;144389;6454;;;
2026-09-26T10:21:43;G-120-020;grille;VITRY;rapide;matrice;OK;137504;0;137504;6458;;;
2026-09-26T10:21:43;G-120-020;grille;RIS;rapide;matrice;OK;144261;1380;145641;6775;;;
2026-09-26T10:21:43;G-120+000;grille;VITRY;rapide;matrice;OK;134877;0;134877;6393;;;
2026-09-26T10:21:43;G-120+000;grille;RIS;rapide;matrice;OK;141634;1380;143014;6710;;;
2026-09-26T10:21:43;G-120+020;grille;VITRY;rapide;matrice;OK;146419;0;146419;6857;;;
2026-09-26T10:21:43;G-120+020;grille;RIS;rapide;matrice;OK;153175;1380;154555;7174;;;
2026-09-26T10:21:43;G-120+040;grille;VITRY;rapide;matrice;OK;146705;0;146705;6980;;;
2026-09-26T10:21:43;G-120+040;grille;RIS;rapide;matrice;OK;153462;1380;154842;7297;;;
2026-09-26T10:21:43;G-120+060;grille;VITRY;rapide;matrice;OK;163155;0;163155;6371;;;
2026-09-26T10:21:43;G-120+060;grille;RIS;rapide;matrice;OK;169912;1380;171292;6688;;;
2026-09-26T10:21:43;G-120+080;grille;VITRY;rapide;matrice;OK;178988;0;178988;7143;;;
2026-09-26T10:21:43;G-120+080;grille;RIS;rapide;matrice;OK;185745;1380;187125;7460;;;
2026-09-26T10:21:43;G-120+100;grille;VITRY;rapide;matrice;OK;191357;0;191357;7563;;;
2026-09-26T10:21:43;G-120+100;grille;RIS;rapide;matrice;OK;198113;1380;199493;7880;;;
2026-09-26T10:21:43;G-120+120;grille;VITRY;rapide;matrice;OK;214562;0;214562;8782;;;
2026-09-26T10:21:43;G-120+120;grille;RIS;rapide;matrice;OK;221319;1380;222699;9099;;;
2026-09-26T10:21:43;G-120+140;grille;VITRY;rapide;matrice;ROUTE_NOT_FOUND;;;;;;;
2026-09-26T10:21:43;G-120+140;grille;RIS;rapide;matrice;ROUTE_NOT_FOUND;;;;;;;
2026-09-26T10:21:43;G-120+160;grille;VITRY;rapide;matrice;OK;257215;0;257215;13390;;;
2026-09-26T10:21:43;G-120+160;grille;RIS;rapide;matrice;OK;263971;1380;265351;13707;;;
2026-09-26T10:21:43;G-120+180;grille;VITRY;rapide;matrice;ROUTE_NOT_FOUND;;;;;;;
2026-09-26T10:21:43;G-120+180;grille;RIS;rapide;matrice;ROUTE_NOT_FOUND;;;;;;;
2026-09-26T10:21:43;G-120+200;grille;VITRY;rapide;matrice;ROUTE_NOT_FOUND;;;;;;;
2026-09-26T10:21:43;G-120+200;grille;RIS;rapide;matrice;ROUTE_NOT_FOUND;;;;;;;
2026-09-26T10:21:43;G-120+220;grille;VITRY;rapide;matrice;ROUTE_NOT_FOUND;;;;;;;
2026-09-26T10:21:43;G-120+220;grille;RIS;rapide;matrice;ROUTE_NOT_FOUND;;;;;;;
2026-09-26T10:21:43;G-120+240;grille;VITRY;rapide;matrice;OK;403590;0;403590;17563;;;
2026-09-26T10:21:43;G-120+240;grille;RIS;rapide;matrice;OK;420652;1380;422032;18453;;;
2026-09-26T10:21:43;G-120+260;grille;VITRY;rapide;matrice;OK;385534;0;385534;16611;;;
2026-09-26T10:21:43;G-120+260;grille;RIS;rapide;matrice;OK;402596;1380;403976;17502;;;
2026-09-26T10:21:43;G-100-280;grille;VITRY;rapide;matrice;OK;361812;0;361812;13202;;;
2026-09-26T10:21:43;G-100-280;grille;RIS;rapide;matrice;OK;358057;1380;359437;12996;;;
2026-09-26T10:21:43;G-100-260;grille;VITRY;rapide;matrice;OK;339281;0;339281;12501;;;
2026-09-26T10:21:43;G-100-260;grille;RIS;rapide;matrice;OK;335526;1380;336906;12296;;;
2026-09-26T10:21:43;G-100-240;grille;VITRY;rapide;matrice;OK;327831;0;327831;11998;;;
2026-09-26T10:21:43;G-100-240;grille;RIS;rapide;matrice;OK;324076;1380;325456;11792;;;
2026-09-26T10:21:43;G-100-220;grille;VITRY;rapide;matrice;OK;316646;0;316646;11788;;;
2026-09-26T10:21:43;G-100-220;grille;RIS;rapide;matrice;OK;312892;1380;314272;11582;;;
2026-09-26T10:21:43;G-100-200;grille;VITRY;rapide;matrice;OK;282503;0;282503;11117;;;
2026-09-26T10:21:43;G-100-200;grille;RIS;rapide;matrice;OK;278748;1380;280128;10911;;;
2026-09-26T10:21:43;G-100-180;grille;VITRY;rapide;matrice;OK;254401;0;254401;9479;;;
2026-09-26T10:21:43;G-100-180;grille;RIS;rapide;matrice;OK;250647;1380;252027;9274;;;
2026-09-26T10:21:43;G-100-160;grille;VITRY;rapide;matrice;OK;230200;0;230200;8570;;;
2026-09-26T10:21:43;G-100-160;grille;RIS;rapide;matrice;OK;226445;1380;227825;8364;;;
2026-09-26T10:21:43;G-100-140;grille;VITRY;rapide;matrice;OK;213105;0;213105;7612;;;
2026-09-26T10:21:43;G-100-140;grille;RIS;rapide;matrice;OK;209350;1380;210730;7407;;;
2026-09-26T10:21:43;G-100-120;grille;VITRY;rapide;matrice;OK;207744;0;207744;7964;;;
2026-09-26T10:21:43;G-100-120;grille;RIS;rapide;matrice;OK;203990;1380;205370;7759;;;
2026-09-26T10:21:43;G-100-100;grille;VITRY;rapide;matrice;OK;164266;0;164266;7419;;;
2026-09-26T10:21:43;G-100-100;grille;RIS;rapide;matrice;OK;160511;1380;161891;7214;;;
2026-09-26T10:21:43;G-100-080;grille;VITRY;rapide;matrice;OK;144761;0;144761;6067;;;
2026-09-26T10:21:43;G-100-080;grille;RIS;rapide;matrice;OK;141006;1380;142386;5862;;;
2026-09-26T10:21:43;G-100-060;grille;VITRY;rapide;matrice;OK;132498;0;132498;4950;;;
2026-09-26T10:21:43;G-100-060;grille;RIS;rapide;matrice;OK;128743;1380;130123;4744;;;
2026-09-26T10:21:43;G-100-040;grille;VITRY;rapide;matrice;OK;128575;0;128575;6110;;;
2026-09-26T10:21:43;G-100-040;grille;RIS;rapide;matrice;OK;124820;1380;126200;5904;;;
2026-09-26T10:21:43;G-100-020;grille;VITRY;rapide;matrice;ROUTE_NOT_FOUND;;;;;;;
2026-09-26T10:21:43;G-100-020;grille;RIS;rapide;matrice;ROUTE_NOT_FOUND;;;;;;;
2026-09-26T10:21:43;G-100+000;grille;VITRY;rapide;matrice;OK;111301;0;111301;5222;;;
2026-09-26T10:21:43;G-100+000;grille;RIS;rapide;matrice;OK;118057;1380;119437;5539;;;
2026-09-26T10:21:43;G-100+020;grille;VITRY;rapide;matrice;OK;126507;0;126507;5774;;;
2026-09-26T10:21:43;G-100+020;grille;RIS;rapide;matrice;OK;133263;1380;134643;6091;;;
2026-09-26T10:21:43;G-100+040;grille;VITRY;rapide;matrice;OK;135006;0;135006;5980;;;
2026-09-26T10:21:43;G-100+040;grille;RIS;rapide;matrice;OK;141762;1380;143142;6297;;;
2026-09-26T10:21:43;G-100+060;grille;VITRY;rapide;matrice;OK;144065;0;144065;6108;;;
2026-09-26T10:21:43;G-100+060;grille;RIS;rapide;matrice;OK;150821;1380;152201;6425;;;
2026-09-26T10:21:43;G-100+080;grille;VITRY;rapide;matrice;OK;161686;0;161686;6681;;;
2026-09-26T10:21:43;G-100+080;grille;RIS;rapide;matrice;OK;168442;1380;169822;6998;;;
2026-09-26T10:21:43;G-100+100;grille;VITRY;rapide;matrice;OK;184749;0;184749;7131;;;
2026-09-26T10:21:43;G-100+100;grille;RIS;rapide;matrice;OK;191505;1380;192885;7448;;;
2026-09-26T10:21:43;G-100+120;grille;VITRY;rapide;matrice;OK;206361;0;206361;8006;;;
2026-09-26T10:21:43;G-100+120;grille;RIS;rapide;matrice;OK;213118;1380;214498;8323;;;
2026-09-26T10:21:43;G-100+140;grille;VITRY;rapide;matrice;ROUTE_NOT_FOUND;;;;;;;
2026-09-26T10:21:43;G-100+140;grille;RIS;rapide;matrice;ROUTE_NOT_FOUND;;;;;;;
2026-09-26T10:21:43;G-100+160;grille;VITRY;rapide;matrice;ROUTE_NOT_FOUND;;;;;;;
2026-09-26T10:21:43;G-100+160;grille;RIS;rapide;matrice;ROUTE_NOT_FOUND;;;;;;;
2026-09-26T10:21:43;G-100+180;grille;VITRY;rapide;matrice;ROUTE_NOT_FOUND;;;;;;;
2026-09-26T10:21:43;G-100+180;grille;RIS;rapide;matrice;ROUTE_NOT_FOUND;;;;;;;
2026-09-26T10:21:43;G-100+200;grille;VITRY;rapide;matrice;ROUTE_NOT_FOUND;;;;;;;
2026-09-26T10:21:43;G-100+200;grille;RIS;rapide;matrice;ROUTE_NOT_FOUND;;;;;;;
2026-09-26T10:21:43;G-100+220;grille;VITRY;rapide;matrice;ROUTE_NOT_FOUND;;;;;;;
2026-09-26T10:21:43;G-100+220;grille;RIS;rapide;matrice;ROUTE_NOT_FOUND;;;;;;;
2026-09-26T10:21:43;G-100+240;grille;VITRY;rapide;matrice;ROUTE_NOT_FOUND;;;;;;;
2026-09-26T10:21:43;G-100+240;grille;RIS;rapide;matrice;ROUTE_NOT_FOUND;;;;;;;
2026-09-26T10:21:43;G-100+260;grille;VITRY;rapide;matrice;OK;368038;0;368038;15675;;;
2026-09-26T10:21:43;G-100+260;grille;RIS;rapide;matrice;OK;385100;1380;386480;16565;;;
2026-09-26T10:21:43;G-100+280;grille;VITRY;rapide;matrice;OK;391650;0;391650;17421;;;
2026-09-26T10:21:43;G-100+280;grille;RIS;rapide;matrice;OK;408712;1380;410092;18311;;;
2026-09-26T10:21:43;G-080-280;grille;VITRY;rapide;matrice;OK;341844;0;341844;11813;;;
2026-09-26T10:21:43;G-080-280;grille;RIS;rapide;matrice;OK;338089;1380;339469;11607;;;
2026-09-26T10:21:43;G-080-260;grille;VITRY;rapide;matrice;OK;323978;0;323978;11523;;;
2026-09-26T10:21:43;G-080-260;grille;RIS;rapide;matrice;OK;320223;1380;321603;11318;;;
2026-09-26T10:21:43;G-080-240;grille;VITRY;rapide;matrice;OK;306632;0;306632;10986;;;
2026-09-26T10:21:43;G-080-240;grille;RIS;rapide;matrice;OK;302877;1380;304257;10780;;;
2026-09-26T10:21:43;G-080-220;grille;VITRY;rapide;matrice;OK;295202;0;295202;10627;;;
2026-09-26T10:21:43;G-080-220;grille;RIS;rapide;matrice;OK;291448;1380;292828;10421;;;
2026-09-26T10:21:43;G-080-200;grille;VITRY;rapide;matrice;OK;280861;0;280861;10730;;;
2026-09-26T10:21:43;G-080-200;grille;RIS;rapide;matrice;OK;277106;1380;278486;10524;;;
2026-09-26T10:21:43;G-080-180;grille;VITRY;rapide;matrice;OK;236377;0;236377;9731;;;
2026-09-26T10:21:43;G-080-180;grille;RIS;rapide;matrice;OK;232623;1380;234003;9526;;;
2026-09-26T10:21:43;G-080-160;grille;VITRY;rapide;matrice;OK;215201;0;215201;8463;;;
2026-09-26T10:21:43;G-080-160;grille;RIS;rapide;matrice;OK;211446;1380;212826;8258;;;
2026-09-26T10:21:43;G-080-140;grille;VITRY;rapide;matrice;OK;192061;0;192061;7358;;;
2026-09-26T10:21:43;G-080-140;grille;RIS;rapide;matrice;OK;188306;1380;189686;7152;;;
2026-09-26T10:21:43;G-080-120;grille;VITRY;rapide;matrice;OK;187490;0;187490;6854;;;
2026-09-26T10:21:43;G-080-120;grille;RIS;rapide;matrice;OK;183736;1380;185116;6648;;;
2026-09-26T10:21:43;G-080-100;grille;VITRY;rapide;matrice;OK;152559;0;152559;6898;;;
2026-09-26T10:21:43;G-080-100;grille;RIS;rapide;matrice;OK;148804;1380;150184;6692;;;
2026-09-26T10:21:43;G-080-080;grille;VITRY;rapide;matrice;OK;130788;0;130788;5726;;;
2026-09-26T10:21:43;G-080-080;grille;RIS;rapide;matrice;OK;127034;1380;128414;5521;;;
2026-09-26T10:21:43;G-080-060;grille;VITRY;rapide;matrice;OK;111645;0;111645;4577;;;
2026-09-26T10:21:43;G-080-060;grille;RIS;rapide;matrice;OK;107890;1380;109270;4371;;;
2026-09-26T10:21:43;G-080-040;grille;VITRY;rapide;matrice;OK;103369;0;103369;4524;;;
2026-09-26T10:21:43;G-080-040;grille;RIS;rapide;matrice;OK;99614;1380;100994;4319;;;
2026-09-26T10:21:43;G-080-020;grille;VITRY;rapide;matrice;OK;104215;0;104215;4629;;;
2026-09-26T10:21:43;G-080-020;grille;RIS;rapide;matrice;OK;110972;1380;112352;4946;;;
2026-09-26T10:21:43;G-080+000;grille;VITRY;rapide;matrice;OK;91958;0;91958;4326;;;
2026-09-26T10:21:43;G-080+000;grille;RIS;rapide;matrice;OK;98715;1380;100095;4643;;;
2026-09-26T10:21:43;G-080+020;grille;VITRY;rapide;matrice;OK;104026;0;104026;4539;;;
2026-09-26T10:21:43;G-080+020;grille;RIS;rapide;matrice;OK;110782;1380;112162;4856;;;
2026-09-26T10:21:43;G-080+040;grille;VITRY;rapide;matrice;OK;109336;0;109336;4415;;;
2026-09-26T10:21:43;G-080+040;grille;RIS;rapide;matrice;OK;116093;1380;117473;4732;;;
2026-09-26T10:21:43;G-080+060;grille;VITRY;rapide;matrice;OK;145232;0;145232;6329;;;
2026-09-26T10:21:43;G-080+060;grille;RIS;rapide;matrice;OK;151988;1380;153368;6646;;;
2026-09-26T10:21:43;G-080+080;grille;VITRY;rapide;matrice;OK;165486;0;165486;7559;;;
2026-09-26T10:21:43;G-080+080;grille;RIS;rapide;matrice;OK;172243;1380;173623;7876;;;
2026-09-26T10:21:43;G-080+100;grille;VITRY;rapide;matrice;OK;194683;0;194683;7813;;;
2026-09-26T10:21:43;G-080+100;grille;RIS;rapide;matrice;OK;201439;1380;202819;8130;;;
2026-09-26T10:21:43;G-080+120;grille;VITRY;rapide;matrice;OK;225846;0;225846;9118;;;
2026-09-26T10:21:43;G-080+120;grille;RIS;rapide;matrice;OK;232603;1380;233983;9435;;;
2026-09-26T10:21:43;G-080+140;grille;VITRY;rapide;matrice;OK;239008;0;239008;9836;;;
2026-09-26T10:21:43;G-080+140;grille;RIS;rapide;matrice;OK;245764;1380;247144;10153;;;
2026-09-26T10:21:43;G-080+160;grille;VITRY;rapide;matrice;ROUTE_NOT_FOUND;;;;;;;
2026-09-26T10:21:43;G-080+160;grille;RIS;rapide;matrice;ROUTE_NOT_FOUND;;;;;;;
2026-09-26T10:21:43;G-080+180;grille;VITRY;rapide;matrice;ROUTE_NOT_FOUND;;;;;;;
2026-09-26T10:21:43;G-080+180;grille;RIS;rapide;matrice;ROUTE_NOT_FOUND;;;;;;;
2026-09-26T10:21:43;G-080+200;grille;VITRY;rapide;matrice;ROUTE_NOT_FOUND;;;;;;;
2026-09-26T10:21:43;G-080+200;grille;RIS;rapide;matrice;ROUTE_NOT_FOUND;;;;;;;
2026-09-26T10:21:43;G-080+220;grille;VITRY;rapide;matrice;ROUTE_NOT_FOUND;;;;;;;
2026-09-26T10:21:43;G-080+220;grille;RIS;rapide;matrice;ROUTE_NOT_FOUND;;;;;;;
2026-09-26T10:21:43;G-080+240;grille;VITRY;rapide;matrice;ROUTE_NOT_FOUND;;;;;;;
2026-09-26T10:21:43;G-080+240;grille;RIS;rapide;matrice;ROUTE_NOT_FOUND;;;;;;;
2026-09-26T10:21:43;G-080+260;grille;VITRY;rapide;matrice;OK;378972;0;378972;16388;;;
2026-09-26T10:21:43;G-080+260;grille;RIS;rapide;matrice;OK;396034;1380;397414;17278;;;
2026-09-26T10:21:43;G-080+280;grille;VITRY;rapide;matrice;OK;403303;0;403303;18016;;;
2026-09-26T10:21:43;G-080+280;grille;RIS;rapide;matrice;OK;420365;1380;421745;18906;;;
2026-09-26T10:21:43;G-060-280;grille;VITRY;rapide;matrice;OK;342516;0;342516;12278;;;
2026-09-26T10:21:43;G-060-280;grille;RIS;rapide;matrice;OK;338761;1380;340141;12073;;;
2026-09-26T10:21:43;G-060-260;grille;VITRY;rapide;matrice;OK;320443;0;320443;11389;;;
2026-09-26T10:21:43;G-060-260;grille;RIS;rapide;matrice;OK;316688;1380;318068;11183;;;
2026-09-26T10:21:43;G-060-240;grille;VITRY;rapide;matrice;OK;293055;0;293055;10196;;;
2026-09-26T10:21:43;G-060-240;grille;RIS;rapide;matrice;OK;289300;1380;290680;9991;;;
2026-09-26T10:21:43;G-060-220;grille;VITRY;rapide;matrice;OK;271094;0;271094;9423;;;
2026-09-26T10:21:43;G-060-220;grille;RIS;rapide;matrice;OK;267340;1380;268720;9218;;;
2026-09-26T10:21:43;G-060-200;grille;VITRY;rapide;matrice;OK;261227;0;261227;9350;;;
2026-09-26T10:21:43;G-060-200;grille;RIS;rapide;matrice;OK;257472;1380;258852;9145;;;
2026-09-26T10:21:43;G-060-180;grille;VITRY;rapide;matrice;OK;253938;0;253938;9286;;;
2026-09-26T10:21:43;G-060-180;grille;RIS;rapide;matrice;OK;250183;1380;251563;9080;;;
2026-09-26T10:21:43;G-060-160;grille;VITRY;rapide;matrice;OK;210406;0;210406;8236;;;
2026-09-26T10:21:43;G-060-160;grille;RIS;rapide;matrice;OK;206651;1380;208031;8030;;;
2026-09-26T10:21:43;G-060-140;grille;VITRY;rapide;matrice;OK;178813;0;178813;7527;;;
2026-09-26T10:21:43;G-060-140;grille;RIS;rapide;matrice;OK;175058;1380;176438;7322;;;
2026-09-26T10:21:43;G-060-120;grille;VITRY;rapide;matrice;OK;160956;0;160956;6561;;;
2026-09-26T10:21:43;G-060-120;grille;RIS;rapide;matrice;OK;157201;1380;158581;6355;;;
2026-09-26T10:21:43;G-060-100;grille;VITRY;rapide;matrice;OK;151667;0;151667;5846;;;
2026-09-26T10:21:43;G-060-100;grille;RIS;rapide;matrice;OK;147913;1380;149293;5641;;;
2026-09-26T10:21:43;G-060-080;grille;VITRY;rapide;matrice;OK;119156;0;119156;5021;;;
2026-09-26T10:21:43;G-060-080;grille;RIS;rapide;matrice;OK;115401;1380;116781;4815;;;
2026-09-26T10:21:43;G-060-060;grille;VITRY;rapide;matrice;OK;111663;0;111663;4599;;;
2026-09-26T10:21:43;G-060-060;grille;RIS;rapide;matrice;OK;107908;1380;109288;4393;;;
2026-09-26T10:21:43;G-060-040;grille;VITRY;rapide;matrice;OK;89243;0;89243;3763;;;
2026-09-26T10:21:43;G-060-040;grille;RIS;rapide;matrice;OK;85488;1380;86868;3557;;;
2026-09-26T10:21:43;G-060-020;grille;VITRY;rapide;matrice;OK;85720;0;85720;4123;;;
2026-09-26T10:21:43;G-060-020;grille;RIS;rapide;matrice;OK;81966;1380;83346;3918;;;
2026-09-26T10:21:43;G-060+020;grille;VITRY;rapide;matrice;OK;81182;0;81182;3922;;;
2026-09-26T10:21:43;G-060+020;grille;RIS;rapide;matrice;OK;87939;1380;89319;4239;;;
2026-09-26T10:21:43;G-060+040;grille;VITRY;rapide;matrice;OK;101164;0;101164;4910;;;
2026-09-26T10:21:43;G-060+040;grille;RIS;rapide;matrice;OK;107920;1380;109300;5227;;;
2026-09-26T10:21:43;G-060+060;grille;VITRY;rapide;matrice;OK;110970;0;110970;5590;;;
2026-09-26T10:21:43;G-060+060;grille;RIS;rapide;matrice;OK;129021;1380;130401;6136;;;
2026-09-26T10:21:43;G-060+080;grille;VITRY;rapide;matrice;OK;131124;0;131124;7133;;;
2026-09-26T10:21:43;G-060+080;grille;RIS;rapide;matrice;OK;149175;1380;150555;7679;;;
2026-09-26T10:21:43;G-060+100;grille;VITRY;rapide;matrice;OK;157882;0;157882;7598;;;
2026-09-26T10:21:43;G-060+100;grille;RIS;rapide;matrice;OK;178376;1380;179756;8367;;;
2026-09-26T10:21:43;G-060+120;grille;VITRY;rapide;matrice;OK;177008;0;177008;8658;;;
2026-09-26T10:21:43;G-060+120;grille;RIS;rapide;matrice;OK;226955;1380;228335;9135;;;
2026-09-26T10:21:43;G-060+140;grille;VITRY;rapide;matrice;OK;228627;0;228627;9002;;;
2026-09-26T10:21:43;G-060+140;grille;RIS;rapide;matrice;OK;249121;1380;250501;9771;;;
2026-09-26T10:21:43;G-060+160;grille;VITRY;rapide;matrice;OK;236350;0;236350;9454;;;
2026-09-26T10:21:43;G-060+160;grille;RIS;rapide;matrice;OK;256844;1380;258224;10223;;;
2026-09-26T10:21:43;G-060+180;grille;VITRY;rapide;matrice;OK;251517;0;251517;9811;;;
2026-09-26T10:21:43;G-060+180;grille;RIS;rapide;matrice;OK;272011;1380;273391;10580;;;
2026-09-26T10:21:43;G-060+200;grille;VITRY;rapide;matrice;OK;269975;0;269975;9848;;;
2026-09-26T10:21:43;G-060+200;grille;RIS;rapide;matrice;OK;290470;1380;291850;10617;;;
2026-09-26T10:21:43;G-060+220;grille;VITRY;rapide;matrice;OK;288140;0;288140;10547;;;
2026-09-26T10:21:43;G-060+220;grille;RIS;rapide;matrice;OK;308634;1380;310014;11316;;;
2026-09-26T10:21:43;G-060+240;grille;VITRY;rapide;matrice;OK;317453;0;317453;11897;;;
2026-09-26T10:21:43;G-060+240;grille;RIS;rapide;matrice;OK;334515;1380;335895;12787;;;
2026-09-26T10:21:43;G-060+260;grille;VITRY;rapide;matrice;ROUTE_NOT_FOUND;;;;;;;
2026-09-26T10:21:43;G-060+260;grille;RIS;rapide;matrice;ROUTE_NOT_FOUND;;;;;;;
2026-09-26T10:21:43;G-060+280;grille;VITRY;rapide;matrice;ROUTE_NOT_FOUND;;;;;;;
2026-09-26T10:21:43;G-060+280;grille;RIS;rapide;matrice;ROUTE_NOT_FOUND;;;;;;;
2026-09-26T10:21:43;G-040-280;grille;VITRY;rapide;matrice;OK;345176;0;345176;13544;;;
2026-09-26T10:21:43;G-040-280;grille;RIS;rapide;matrice;OK;341422;1380;342802;13338;;;
2026-09-26T10:21:43;G-040-260;grille;VITRY;rapide;matrice;OK;318017;0;318017;11882;;;
2026-09-26T10:21:43;G-040-260;grille;RIS;rapide;matrice;OK;314262;1380;315642;11677;;;
2026-09-26T10:21:43;G-040-240;grille;VITRY;rapide;matrice;OK;292000;0;292000;10812;;;
2026-09-26T10:21:43;G-040-240;grille;RIS;rapide;matrice;OK;288245;1380;289625;10606;;;
2026-09-26T10:21:43;G-040-220;grille;VITRY;rapide;matrice;OK;271382;0;271382;9860;;;
2026-09-26T10:21:43;G-040-220;grille;RIS;rapide;matrice;OK;267627;1380;269007;9655;;;
2026-09-26T10:21:43;G-040-200;grille;VITRY;rapide;matrice;OK;246904;0;246904;9094;;;
2026-09-26T10:21:43;G-040-200;grille;RIS;rapide;matrice;OK;243149;1380;244529;8889;;;
2026-09-26T10:21:43;G-040-180;grille;VITRY;rapide;matrice;OK;226482;0;226482;8350;;;
2026-09-26T10:21:43;G-040-180;grille;RIS;rapide;matrice;OK;222727;1380;224107;8144;;;
2026-09-26T10:21:43;G-040-160;grille;VITRY;rapide;matrice;OK;205777;0;205777;7825;;;
2026-09-26T10:21:43;G-040-160;grille;RIS;rapide;matrice;OK;202022;1380;203402;7620;;;
2026-09-26T10:21:43;G-040-140;grille;VITRY;rapide;matrice;OK;178687;0;178687;6719;;;
2026-09-26T10:21:43;G-040-140;grille;RIS;rapide;matrice;OK;174932;1380;176312;6513;;;
2026-09-26T10:21:43;G-040-120;grille;VITRY;rapide;matrice;OK;156709;0;156709;6281;;;
2026-09-26T10:21:43;G-040-120;grille;RIS;rapide;matrice;OK;152955;1380;154335;6075;;;
2026-09-26T10:21:43;G-040-100;grille;VITRY;rapide;matrice;OK;130942;0;130942;5278;;;
2026-09-26T10:21:43;G-040-100;grille;RIS;rapide;matrice;OK;127188;1380;128568;5072;;;
2026-09-26T10:21:43;G-040-080;grille;VITRY;rapide;matrice;OK;108236;0;108236;4257;;;
2026-09-26T10:21:43;G-040-080;grille;RIS;rapide;matrice;OK;104481;1380;105861;4052;;;
2026-09-26T10:21:43;G-040-060;grille;VITRY;rapide;matrice;OK;97156;0;97156;3996;;;
2026-09-26T10:21:43;G-040-060;grille;RIS;rapide;matrice;OK;75103;1380;76483;3721;;;
2026-09-26T10:21:43;G-040+060;grille;VITRY;rapide;matrice;OK;103279;0;103279;5391;;;
2026-09-26T10:21:43;G-040+060;grille;RIS;rapide;matrice;OK;121330;1380;122710;5937;;;
2026-09-26T10:21:43;G-040+080;grille;VITRY;rapide;matrice;OK;129947;0;129947;6021;;;
2026-09-26T10:21:43;G-040+080;grille;RIS;rapide;matrice;OK;150441;1380;151821;6790;;;
2026-09-26T10:21:43;G-040+100;grille;VITRY;rapide;matrice;OK;144097;0;144097;6653;;;
2026-09-26T10:21:43;G-040+100;grille;RIS;rapide;matrice;OK;164591;1380;165971;7422;;;
2026-09-26T10:21:43;G-040+120;grille;VITRY;rapide;matrice;OK;188973;0;188973;7591;;;
2026-09-26T10:21:43;G-040+120;grille;RIS;rapide;matrice;OK;209467;1380;210847;8360;;;
2026-09-26T10:21:43;G-040+140;grille;VITRY;rapide;matrice;OK;208939;0;208939;8182;;;
2026-09-26T10:21:43;G-040+140;grille;RIS;rapide;matrice;OK;229433;1380;230813;8950;;;
2026-09-26T10:21:43;G-040+160;grille;VITRY;rapide;matrice;OK;226288;0;226288;8886;;;
2026-09-26T10:21:43;G-040+160;grille;RIS;rapide;matrice;OK;246782;1380;248162;9655;;;
2026-09-26T10:21:43;G-040+180;grille;VITRY;rapide;matrice;OK;261750;0;261750;9936;;;
2026-09-26T10:21:43;G-040+180;grille;RIS;rapide;matrice;OK;282244;1380;283624;10705;;;
2026-09-26T10:21:43;G-040+200;grille;VITRY;rapide;matrice;OK;271155;0;271155;10484;;;
2026-09-26T10:21:43;G-040+200;grille;RIS;rapide;matrice;OK;291649;1380;293029;11253;;;
2026-09-26T10:21:43;G-040+220;grille;VITRY;rapide;matrice;OK;292832;0;292832;11278;;;
2026-09-26T10:21:43;G-040+220;grille;RIS;rapide;matrice;OK;309894;1380;311274;12168;;;
2026-09-26T10:21:43;G-040+240;grille;VITRY;rapide;matrice;OK;299876;0;299876;11262;;;
2026-09-26T10:21:43;G-040+240;grille;RIS;rapide;matrice;OK;316938;1380;318318;12152;;;
2026-09-26T10:21:43;G-040+260;grille;VITRY;rapide;matrice;ROUTE_NOT_FOUND;;;;;;;
2026-09-26T10:21:43;G-040+260;grille;RIS;rapide;matrice;ROUTE_NOT_FOUND;;;;;;;
2026-09-26T10:21:43;G-040+280;grille;VITRY;rapide;matrice;ROUTE_NOT_FOUND;;;;;;;
2026-09-26T10:21:43;G-040+280;grille;RIS;rapide;matrice;ROUTE_NOT_FOUND;;;;;;;
2026-09-26T10:21:43;G-020-280;grille;VITRY;rapide;matrice;OK;383064;0;383064;13123;;;
2026-09-26T10:21:43;G-020-280;grille;RIS;rapide;matrice;OK;379309;1380;380689;12917;;;
2026-09-26T10:21:43;G-020-260;grille;VITRY;rapide;matrice;OK;326105;0;326105;12215;;;
2026-09-26T10:21:43;G-020-260;grille;RIS;rapide;matrice;OK;322350;1380;323730;12009;;;
2026-09-26T10:21:43;G-020-240;grille;VITRY;rapide;matrice;OK;312342;0;312342;11005;;;
2026-09-26T10:21:43;G-020-240;grille;RIS;rapide;matrice;OK;308587;1380;309967;10799;;;
2026-09-26T10:21:43;G-020-220;grille;VITRY;rapide;matrice;OK;269344;0;269344;10197;;;
2026-09-26T10:21:43;G-020-220;grille;RIS;rapide;matrice;OK;265589;1380;266969;9991;;;
2026-09-26T10:21:43;G-020-200;grille;VITRY;rapide;matrice;OK;242416;0;242416;9197;;;
2026-09-26T10:21:43;G-020-200;grille;RIS;rapide;matrice;OK;238661;1380;240041;8992;;;
2026-09-26T10:21:43;G-020-180;grille;VITRY;rapide;matrice;OK;219853;0;219853;8033;;;
2026-09-26T10:21:43;G-020-180;grille;RIS;rapide;matrice;OK;216098;1380;217478;7827;;;
2026-09-26T10:21:43;G-020-160;grille;VITRY;rapide;matrice;OK;207400;0;207400;7882;;;
2026-09-26T10:21:43;G-020-160;grille;RIS;rapide;matrice;OK;203646;1380;205026;7676;;;
2026-09-26T10:21:43;G-020-140;grille;VITRY;rapide;matrice;OK;181654;0;181654;6804;;;
2026-09-26T10:21:43;G-020-140;grille;RIS;rapide;matrice;OK;177899;1380;179279;6598;;;
2026-09-26T10:21:43;G-020-120;grille;VITRY;rapide;matrice;OK;165033;0;165033;6691;;;
2026-09-26T10:21:43;G-020-120;grille;RIS;rapide;matrice;OK;161278;1380;162658;6486;;;
2026-09-26T10:21:43;G-020-100;grille;VITRY;rapide;matrice;OK;146198;0;146198;5611;;;
2026-09-26T10:21:43;G-020-100;grille;RIS;rapide;matrice;OK;142443;1380;143823;5405;;;
2026-09-26T10:21:43;G-020-080;grille;VITRY;rapide;matrice;OK;96081;0;96081;5274;;;
2026-09-26T10:21:43;G-020-080;grille;RIS;rapide;matrice;OK;94283;1380;95663;4717;;;
2026-09-26T10:21:43;G-020-060;grille;VITRY;rapide;matrice;OK;78086;0;78086;4231;;;
2026-09-26T10:21:43;G-020-060;grille;RIS;rapide;matrice;OK;69288;1380;70668;3615;;;
2026-09-26T10:21:43;G-020+060;grille;VITRY;rapide;matrice;OK;92347;0;92347;4886;;;
2026-09-26T10:21:43;G-020+060;grille;RIS;rapide;matrice;OK;112841;1380;114221;5655;;;
2026-09-26T10:21:43;G-020+080;grille;VITRY;rapide;matrice;OK;118178;0;118178;5582;;;
2026-09-26T10:21:43;G-020+080;grille;RIS;rapide;matrice;OK;138672;1380;140052;6351;;;
2026-09-26T10:21:43;G-020+100;grille;VITRY;rapide;matrice;OK;139570;0;139570;6085;;;
2026-09-26T10:21:43;G-020+100;grille;RIS;rapide;matrice;OK;160064;1380;161444;6854;;;
2026-09-26T10:21:43;G-020+120;grille;VITRY;rapide;matrice;OK;164324;0;164324;6736;;;
2026-09-26T10:21:43;G-020+120;grille;RIS;rapide;matrice;OK;184818;1380;186198;7505;;;
2026-09-26T10:21:43;G-020+140;grille;VITRY;rapide;matrice;OK;191147;0;191147;7637;;;
2026-09-26T10:21:43;G-020+140;grille;RIS;rapide;matrice;OK;211641;1380;213021;8406;;;
2026-09-26T10:21:43;G-020+160;grille;VITRY;rapide;matrice;OK;214335;0;214335;8661;;;
2026-09-26T10:21:43;G-020+160;grille;RIS;rapide;matrice;OK;234829;1380;236209;9430;;;
2026-09-26T10:21:43;G-020+180;grille;VITRY;rapide;matrice;OK;253727;0;253727;10302;;;
2026-09-26T10:21:43;G-020+180;grille;RIS;rapide;matrice;OK;274221;1380;275601;11071;;;
2026-09-26T10:21:43;G-020+200;grille;VITRY;rapide;matrice;OK;267709;0;267709;10349;;;
2026-09-26T10:21:43;G-020+200;grille;RIS;rapide;matrice;OK;284771;1380;286151;11239;;;
2026-09-26T10:21:43;G-020+220;grille;VITRY;rapide;matrice;OK;275642;0;275642;10575;;;
2026-09-26T10:21:43;G-020+220;grille;RIS;rapide;matrice;OK;292704;1380;294084;11465;;;
2026-09-26T10:21:43;G-020+240;grille;VITRY;rapide;matrice;OK;293837;0;293837;11338;;;
2026-09-26T10:21:43;G-020+240;grille;RIS;rapide;matrice;OK;310900;1380;312280;12228;;;
2026-09-26T10:21:43;G-020+260;grille;VITRY;rapide;matrice;ROUTE_NOT_FOUND;;;;;;;
2026-09-26T10:21:43;G-020+260;grille;RIS;rapide;matrice;ROUTE_NOT_FOUND;;;;;;;
2026-09-26T10:21:43;G-020+280;grille;VITRY;rapide;matrice;ROUTE_NOT_FOUND;;;;;;;
2026-09-26T10:21:43;G-020+280;grille;RIS;rapide;matrice;ROUTE_NOT_FOUND;;;;;;;
2026-09-26T10:21:43;G+000-300;grille;VITRY;rapide;matrice;OK;382664;0;382664;13688;;;
2026-09-26T10:21:43;G+000-300;grille;RIS;rapide;matrice;OK;378910;1380;380290;13483;;;
2026-09-26T10:21:43;G+000-280;grille;VITRY;rapide;matrice;OK;356050;0;356050;12237;;;
2026-09-26T10:21:43;G+000-280;grille;RIS;rapide;matrice;OK;352295;1380;353675;12031;;;
2026-09-26T10:21:43;G+000-260;grille;VITRY;rapide;matrice;OK;330825;0;330825;11704;;;
2026-09-26T10:21:43;G+000-260;grille;RIS;rapide;matrice;OK;327070;1380;328450;11498;;;
2026-09-26T10:21:43;G+000-240;grille;VITRY;rapide;matrice;OK;293690;0;293690;10345;;;
2026-09-26T10:21:43;G+000-240;grille;RIS;rapide;matrice;OK;289935;1380;291315;10140;;;
2026-09-26T10:21:43;G+000-220;grille;VITRY;rapide;matrice;OK;266405;0;266405;8907;;;
2026-09-26T10:21:43;G+000-220;grille;RIS;rapide;matrice;OK;262650;1380;264030;8701;;;
2026-09-26T10:21:43;G+000-200;grille;VITRY;rapide;matrice;OK;310885;0;310885;10608;;;
2026-09-26T10:21:43;G+000-200;grille;RIS;rapide;matrice;OK;307131;1380;308511;10403;;;
2026-09-26T10:21:43;G+000-180;grille;VITRY;rapide;matrice;OK;240422;0;240422;9003;;;
2026-09-26T10:21:43;G+000-180;grille;RIS;rapide;matrice;OK;194198;1380;195578;8222;;;
2026-09-26T10:21:43;G+000-160;grille;VITRY;rapide;matrice;OK;195328;0;195328;8182;;;
2026-09-26T10:21:43;G+000-160;grille;RIS;rapide;matrice;OK;173910;1380;175290;7287;;;
2026-09-26T10:21:43;G+000-140;grille;VITRY;rapide;matrice;OK;176334;0;176334;7232;;;
2026-09-26T10:21:43;G+000-140;grille;RIS;rapide;matrice;OK;154916;1380;156296;6336;;;
2026-09-26T10:21:43;G+000-120;grille;VITRY;rapide;matrice;OK;167098;0;167098;7022;;;
2026-09-26T10:21:43;G+000-120;grille;RIS;rapide;matrice;OK;145680;1380;147060;6127;;;
2026-09-26T10:21:43;G+000-100;grille;VITRY;rapide;matrice;OK;138801;0;138801;5940;;;
2026-09-26T10:21:43;G+000-100;grille;RIS;rapide;matrice;OK;117383;1380;118763;5044;;;
2026-09-26T10:21:43;G+000-080;grille;VITRY;rapide;matrice;OK;100107;0;100107;5021;;;
2026-09-26T10:21:43;G+000-080;grille;RIS;rapide;matrice;OK;78689;1380;80069;4126;;;
2026-09-26T10:21:43;G+000+080;grille;VITRY;rapide;matrice;OK;107937;0;107937;5372;;;
2026-09-26T10:21:43;G+000+080;grille;RIS;rapide;matrice;OK;124999;1380;126379;6263;;;
2026-09-26T10:21:43;G+000+100;grille;VITRY;rapide;matrice;OK;132167;0;132167;6485;;;
2026-09-26T10:21:43;G+000+100;grille;RIS;rapide;matrice;OK;149229;1380;150609;7375;;;
2026-09-26T10:21:43;G+000+120;grille;VITRY;rapide;matrice;OK;152997;0;152997;6447;;;
2026-09-26T10:21:43;G+000+120;grille;RIS;rapide;matrice;OK;170059;1380;171439;7337;;;
2026-09-26T10:21:43;G+000+140;grille;VITRY;rapide;matrice;OK;189331;0;189331;7800;;;
2026-09-26T10:21:43;G+000+140;grille;RIS;rapide;matrice;OK;209825;1380;211205;8569;;;
2026-09-26T10:21:43;G+000+160;grille;VITRY;rapide;matrice;OK;210207;0;210207;9187;;;
2026-09-26T10:21:43;G+000+160;grille;RIS;rapide;matrice;OK;230701;1380;232081;9956;;;
2026-09-26T10:21:43;G+000+180;grille;VITRY;rapide;matrice;OK;237025;0;237025;9682;;;
2026-09-26T10:21:43;G+000+180;grille;RIS;rapide;matrice;OK;254087;1380;255467;10572;;;
2026-09-26T10:21:43;G+000+200;grille;VITRY;rapide;matrice;OK;240690;0;240690;9346;;;
2026-09-26T10:21:43;G+000+200;grille;RIS;rapide;matrice;OK;257752;1380;259132;10236;;;
2026-09-26T10:21:43;G+000+220;grille;VITRY;rapide;matrice;OK;263565;0;263565;10765;;;
2026-09-26T10:21:43;G+000+220;grille;RIS;rapide;matrice;OK;280628;1380;282008;11655;;;
2026-09-26T10:21:43;G+000+240;grille;VITRY;rapide;matrice;OK;293094;0;293094;11212;;;
2026-09-26T10:21:43;G+000+240;grille;RIS;rapide;matrice;OK;310156;1380;311536;12102;;;
2026-09-26T10:21:43;G+000+260;grille;VITRY;rapide;matrice;ROUTE_NOT_FOUND;;;;;;;
2026-09-26T10:21:43;G+000+260;grille;RIS;rapide;matrice;ROUTE_NOT_FOUND;;;;;;;
2026-09-26T10:21:43;G+000+280;grille;VITRY;rapide;matrice;ROUTE_NOT_FOUND;;;;;;;
2026-09-26T10:21:43;G+000+280;grille;RIS;rapide;matrice;ROUTE_NOT_FOUND;;;;;;;
2026-09-26T10:21:43;G+000+300;grille;VITRY;rapide;matrice;ROUTE_NOT_FOUND;;;;;;;
2026-09-26T10:21:43;G+000+300;grille;RIS;rapide;matrice;ROUTE_NOT_FOUND;;;;;;;
2026-09-26T10:21:43;G+020-280;grille;VITRY;rapide;matrice;OK;340529;0;340529;11892;;;
2026-09-26T10:21:43;G+020-280;grille;RIS;rapide;matrice;OK;336774;1380;338154;11687;;;
2026-09-26T10:21:43;G+020-260;grille;VITRY;rapide;matrice;OK;330398;0;330398;11118;;;
2026-09-26T10:21:43;G+020-260;grille;RIS;rapide;matrice;OK;326643;1380;328023;10912;;;
2026-09-26T10:21:43;G+020-240;grille;VITRY;rapide;matrice;OK;304386;0;304386;10897;;;
2026-09-26T10:21:43;G+020-240;grille;RIS;rapide;matrice;OK;300631;1380;302011;10692;;;
2026-09-26T10:21:43;G+020-220;grille;VITRY;rapide;matrice;OK;282778;0;282778;10606;;;
2026-09-26T10:21:43;G+020-220;grille;RIS;rapide;matrice;OK;249361;1380;250741;10190;;;
2026-09-26T10:21:43;G+020-200;grille;VITRY;rapide;matrice;OK;252425;0;252425;9972;;;
2026-09-26T10:21:43;G+020-200;grille;RIS;rapide;matrice;OK;231007;1380;232387;9076;;;
2026-09-26T10:21:43;G+020-180;grille;VITRY;rapide;matrice;OK;224841;0;224841;8877;;;
2026-09-26T10:21:43;G+020-180;grille;RIS;rapide;matrice;OK;203423;1380;204803;7981;;;
2026-09-26T10:21:43;G+020-160;grille;VITRY;rapide;matrice;OK;191260;0;191260;7957;;;
2026-09-26T10:21:43;G+020-160;grille;RIS;rapide;matrice;OK;169842;1380;171222;7062;;;
2026-09-26T10:21:43;G+020-140;grille;VITRY;rapide;matrice;OK;171821;0;171821;6673;;;
2026-09-26T10:21:43;G+020-140;grille;RIS;rapide;matrice;OK;150403;1380;151783;5778;;;
2026-09-26T10:21:43;G+020-120;grille;VITRY;rapide;matrice;OK;149730;0;149730;5698;;;
2026-09-26T10:21:43;G+020-120;grille;RIS;rapide;matrice;OK;128312;1380;129692;4803;;;
2026-09-26T10:21:43;G+020-100;grille;VITRY;rapide;matrice;OK;123121;0;123121;4529;;;
2026-09-26T10:21:43;G+020-100;grille;RIS;rapide;matrice;OK;101703;1380;103083;3633;;;
2026-09-26T10:21:43;G+020-080;grille;VITRY;rapide;matrice;OK;107317;0;107317;4617;;;
2026-09-26T10:21:43;G+020-080;grille;RIS;rapide;matrice;OK;85898;1380;87278;3721;;;
2026-09-26T10:21:43;G+020-060;grille;VITRY;rapide;matrice;OK;80449;0;80449;3716;;;
2026-09-26T10:21:43;G+020-060;grille;RIS;rapide;matrice;OK;59031;1380;60411;2821;;;
2026-09-26T10:21:43;G+020+060;grille;VITRY;rapide;matrice;OK;80209;0;80209;4070;;;
2026-09-26T10:21:43;G+020+060;grille;RIS;rapide;matrice;OK;97271;1380;98651;4960;;;
2026-09-26T10:21:43;G+020+080;grille;VITRY;rapide;matrice;OK;101796;0;101796;4591;;;
2026-09-26T10:21:43;G+020+080;grille;RIS;rapide;matrice;OK;118858;1380;120238;5481;;;
2026-09-26T10:21:43;G+020+100;grille;VITRY;rapide;matrice;OK;125886;0;125886;5631;;;
2026-09-26T10:21:43;G+020+100;grille;RIS;rapide;matrice;OK;142948;1380;144328;6521;;;
2026-09-26T10:21:43;G+020+120;grille;VITRY;rapide;matrice;OK;150076;0;150076;6302;;;
2026-09-26T10:21:43;G+020+120;grille;RIS;rapide;matrice;OK;167138;1380;168518;7192;;;
2026-09-26T10:21:43;G+020+140;grille;VITRY;rapide;matrice;OK;169800;0;169800;7262;;;
2026-09-26T10:21:43;G+020+140;grille;RIS;rapide;matrice;OK;186862;1380;188242;8152;;;
2026-09-26T10:21:43;G+020+160;grille;VITRY;rapide;matrice;OK;186540;0;186540;8070;;;
2026-09-26T10:21:43;G+020+160;grille;RIS;rapide;matrice;OK;203602;1380;204982;8960;;;
2026-09-26T10:21:43;G+020+180;grille;VITRY;rapide;matrice;OK;215964;0;215964;8537;;;
2026-09-26T10:21:43;G+020+180;grille;RIS;rapide;matrice;OK;233026;1380;234406;9427;;;
2026-09-26T10:21:43;G+020+200;grille;VITRY;rapide;matrice;OK;232759;0;232759;9508;;;
2026-09-26T10:21:43;G+020+200;grille;RIS;rapide;matrice;OK;249821;1380;251201;10398;;;
2026-09-26T10:21:43;G+020+220;grille;VITRY;rapide;matrice;OK;267052;0;267052;10605;;;
2026-09-26T10:21:43;G+020+220;grille;RIS;rapide;matrice;OK;284114;1380;285494;11496;;;
2026-09-26T10:21:43;G+020+240;grille;VITRY;rapide;matrice;OK;293823;0;293823;11737;;;
2026-09-26T10:21:43;G+020+240;grille;RIS;rapide;matrice;OK;310885;1380;312265;12627;;;
2026-09-26T10:21:43;G+020+260;grille;VITRY;rapide;matrice;OK;338434;0;338434;13172;;;
2026-09-26T10:21:43;G+020+260;grille;RIS;rapide;matrice;OK;355497;1380;356877;14063;;;
2026-09-26T10:21:43;G+020+280;grille;VITRY;rapide;matrice;ROUTE_NOT_FOUND;;;;;;;
2026-09-26T10:21:43;G+020+280;grille;RIS;rapide;matrice;ROUTE_NOT_FOUND;;;;;;;
2026-09-26T10:21:43;G+040-280;grille;VITRY;rapide;matrice;OK;355616;0;355616;12167;;;
2026-09-26T10:21:43;G+040-280;grille;RIS;rapide;matrice;OK;351861;1380;353241;11961;;;
2026-09-26T10:21:43;G+040-260;grille;VITRY;rapide;matrice;OK;337857;0;337857;11831;;;
2026-09-26T10:21:43;G+040-260;grille;RIS;rapide;matrice;OK;293006;1380;294386;11256;;;
2026-09-26T10:21:43;G+040-240;grille;VITRY;rapide;matrice;OK;295022;0;295022;11111;;;
2026-09-26T10:21:43;G+040-240;grille;RIS;rapide;matrice;OK;273604;1380;274984;10216;;;
2026-09-26T10:21:43;G+040-220;grille;VITRY;rapide;matrice;OK;288087;0;288087;10934;;;
2026-09-26T10:21:43;G+040-220;grille;RIS;rapide;matrice;OK;266669;1380;268049;10039;;;
2026-09-26T10:21:43;G+040-200;grille;VITRY;rapide;matrice;OK;248533;0;248533;9282;;;
2026-09-26T10:21:43;G+040-200;grille;RIS;rapide;matrice;OK;227115;1380;228495;8387;;;
2026-09-26T10:21:43;G+040-180;grille;VITRY;rapide;matrice;OK;216298;0;216298;7952;;;
2026-09-26T10:21:43;G+040-180;grille;RIS;rapide;matrice;OK;194880;1380;196260;7056;;;
2026-09-26T10:21:43;G+040-160;grille;VITRY;rapide;matrice;OK;194100;0;194100;7018;;;
2026-09-26T10:21:43;G+040-160;grille;RIS;rapide;matrice;OK;172682;1380;174062;6122;;;
2026-09-26T10:21:43;G+040-140;grille;VITRY;rapide;matrice;OK;176090;0;176090;6745;;;
2026-09-26T10:21:43;G+040-140;grille;RIS;rapide;matrice;OK;154672;1380;156052;5849;;;
2026-09-26T10:21:43;G+040-120;grille;VITRY;rapide;matrice;OK;156138;0;156138;6389;;;
2026-09-26T10:21:43;G+040-120;grille;RIS;rapide;matrice;OK;134720;1380;136100;5493;;;
2026-09-26T10:21:43;G+040-100;grille;VITRY;rapide;matrice;OK;139331;0;139331;5856;;;
2026-09-26T10:21:43;G+040-100;grille;RIS;rapide;matrice;OK;117913;1380;119293;4960;;;
2026-09-26T10:21:43;G+040-080;grille;VITRY;rapide;matrice;OK;129647;0;129647;5023;;;
2026-09-26T10:21:43;G+040-080;grille;RIS;rapide;matrice;OK;108229;1380;109609;4127;;;
2026-09-26T10:21:43;G+040-060;grille;VITRY;rapide;matrice;OK;98797;0;98797;4274;;;
2026-09-26T10:21:43;G+040-060;grille;RIS;rapide;matrice;OK;77379;1380;78759;3378;;;
2026-09-26T10:21:43;G+040+060;grille;VITRY;rapide;matrice;OK;91170;0;91170;5040;;;
2026-09-26T10:21:43;G+040+060;grille;RIS;rapide;matrice;OK;108232;1380;109612;5930;;;
2026-09-26T10:21:43;G+040+080;grille;VITRY;rapide;matrice;OK;115452;0;115452;5654;;;
2026-09-26T10:21:43;G+040+080;grille;RIS;rapide;matrice;OK;132514;1380;133894;6544;;;
2026-09-26T10:21:43;G+040+100;grille;VITRY;rapide;matrice;OK;135051;0;135051;6100;;;
2026-09-26T10:21:43;G+040+100;grille;RIS;rapide;matrice;OK;152113;1380;153493;6990;;;
2026-09-26T10:21:43;G+040+120;grille;VITRY;rapide;matrice;OK;148121;0;148121;6376;;;
2026-09-26T10:21:43;G+040+120;grille;RIS;rapide;matrice;OK;165183;1380;166563;7266;;;
2026-09-26T10:21:43;G+040+140;grille;VITRY;rapide;matrice;OK;165598;0;165598;7009;;;
2026-09-26T10:21:43;G+040+140;grille;RIS;rapide;matrice;OK;182660;1380;184040;7900;;;
2026-09-26T10:21:43;G+040+160;grille;VITRY;rapide;matrice;OK;182445;0;182445;7693;;;
2026-09-26T10:21:43;G+040+160;grille;RIS;rapide;matrice;OK;199507;1380;200887;8583;;;
2026-09-26T10:21:43;G+040+180;grille;VITRY;rapide;matrice;OK;202458;0;202458;8058;;;
2026-09-26T10:21:43;G+040+180;grille;RIS;rapide;matrice;OK;219520;1380;220900;8948;;;
2026-09-26T10:21:43;G+040+200;grille;VITRY;rapide;matrice;OK;228617;0;228617;9468;;;
2026-09-26T10:21:43;G+040+200;grille;RIS;rapide;matrice;OK;245679;1380;247059;10358;;;
2026-09-26T10:21:43;G+040+220;grille;VITRY;rapide;matrice;OK;261026;0;261026;10637;;;
2026-09-26T10:21:43;G+040+220;grille;RIS;rapide;matrice;OK;278088;1380;279468;11527;;;
2026-09-26T10:21:43;G+040+240;grille;VITRY;rapide;matrice;OK;281259;0;281259;11739;;;
2026-09-26T10:21:43;G+040+240;grille;RIS;rapide;matrice;OK;298321;1380;299701;12629;;;
2026-09-26T10:21:43;G+040+260;grille;VITRY;rapide;matrice;OK;306737;0;306737;12443;;;
2026-09-26T10:21:43;G+040+260;grille;RIS;rapide;matrice;OK;323799;1380;325179;13333;;;
2026-09-26T10:21:43;G+040+280;grille;VITRY;rapide;matrice;ROUTE_NOT_FOUND;;;;;;;
2026-09-26T10:21:43;G+040+280;grille;RIS;rapide;matrice;ROUTE_NOT_FOUND;;;;;;;
2026-09-26T10:21:43;G+060-280;grille;VITRY;rapide;matrice;OK;369689;0;369689;12638;;;
2026-09-26T10:21:43;G+060-280;grille;RIS;rapide;matrice;OK;318232;1380;319612;11851;;;
2026-09-26T10:21:43;G+060-260;grille;VITRY;rapide;matrice;OK;320489;0;320489;11816;;;
2026-09-26T10:21:43;G+060-260;grille;RIS;rapide;matrice;OK;299071;1380;300451;10921;;;
2026-09-26T10:21:43;G+060-240;grille;VITRY;rapide;matrice;OK;291318;0;291318;10801;;;
2026-09-26T10:21:43;G+060-240;grille;RIS;rapide;matrice;OK;269900;1380;271280;9905;;;
2026-09-26T10:21:43;G+060-220;grille;VITRY;rapide;matrice;OK;272733;0;272733;9817;;;
2026-09-26T10:21:43;G+060-220;grille;RIS;rapide;matrice;OK;251315;1380;252695;8921;;;
2026-09-26T10:21:43;G+060-200;grille;VITRY;rapide;matrice;OK;243047;0;243047;8681;;;
2026-09-26T10:21:43;G+060-200;grille;RIS;rapide;matrice;OK;221629;1380;223009;7786;;;
2026-09-26T10:21:43;G+060-180;grille;VITRY;rapide;matrice;OK;226341;0;226341;8410;;;
2026-09-26T10:21:43;G+060-180;grille;RIS;rapide;matrice;OK;204923;1380;206303;7515;;;
2026-09-26T10:21:43;G+060-160;grille;VITRY;rapide;matrice;OK;212748;0;212748;8142;;;
2026-09-26T10:21:43;G+060-160;grille;RIS;rapide;matrice;OK;191330;1380;192710;7247;;;
2026-09-26T10:21:43;G+060-140;grille;VITRY;rapide;matrice;OK;208652;0;208652;7957;;;
2026-09-26T10:21:43;G+060-140;grille;RIS;rapide;matrice;OK;187234;1380;188614;7061;;;
2026-09-26T10:21:43;G+060-120;grille;VITRY;rapide;matrice;OK;163305;0;163305;6510;;;
2026-09-26T10:21:43;G+060-120;grille;RIS;rapide;matrice;OK;141887;1380;143267;5615;;;
2026-09-26T10:21:43;G+060-100;grille;VITRY;rapide;matrice;OK;137781;0;137781;5128;;;
2026-09-26T10:21:43;G+060-100;grille;RIS;rapide;matrice;OK;116363;1380;117743;4232;;;
2026-09-26T10:21:43;G+060-080;grille;VITRY;rapide;matrice;OK;126246;0;126246;4852;;;
2026-09-26T10:21:43;G+060-080;grille;RIS;rapide;matrice;OK;104828;1380;106208;3956;;;
2026-09-26T10:21:43;G+060-060;grille;VITRY;rapide;matrice;OK;114515;0;114515;5226;;;
2026-09-26T10:21:43;G+060-060;grille;RIS;rapide;matrice;OK;102662;1380;104042;4458;;;
2026-09-26T10:21:43;G+060-040;grille;VITRY;rapide;matrice;OK;94102;0;94102;4521;;;
2026-09-26T10:21:43;G+060-040;grille;RIS;rapide;matrice;OK;82248;1380;83628;3753;;;
2026-09-26T10:21:43;G+060-020;grille;VITRY;rapide;matrice;OK;85463;0;85463;4025;;;
2026-09-26T10:21:43;G+060-020;grille;RIS;rapide;matrice;OK;74629;1380;76009;4142;;;
2026-09-26T10:21:43;G+060+020;grille;VITRY;rapide;matrice;OK;76682;0;76682;3943;;;
2026-09-26T10:21:43;G+060+020;grille;RIS;rapide;matrice;OK;96102;1380;97482;4862;;;
2026-09-26T10:21:43;G+060+040;grille;VITRY;rapide;matrice;OK;91065;0;91065;4472;;;
2026-09-26T10:21:43;G+060+040;grille;RIS;rapide;matrice;OK;110484;1380;111864;5391;;;
2026-09-26T10:21:43;G+060+060;grille;VITRY;rapide;matrice;OK;106561;0;106561;5005;;;
2026-09-26T10:21:43;G+060+060;grille;RIS;rapide;matrice;OK;123623;1380;125003;5895;;;
2026-09-26T10:21:43;G+060+080;grille;VITRY;rapide;matrice;OK;130949;0;130949;6312;;;
2026-09-26T10:21:43;G+060+080;grille;RIS;rapide;matrice;OK;148011;1380;149391;7203;;;
2026-09-26T10:21:43;G+060+100;grille;VITRY;rapide;matrice;OK;142632;0;142632;6631;;;
2026-09-26T10:21:43;G+060+100;grille;RIS;rapide;matrice;OK;159694;1380;161074;7521;;;
2026-09-26T10:21:43;G+060+120;grille;VITRY;rapide;matrice;OK;174703;0;174703;7117;;;
2026-09-26T10:21:43;G+060+120;grille;RIS;rapide;matrice;OK;191765;1380;193145;8007;;;
2026-09-26T10:21:43;G+060+140;grille;VITRY;rapide;matrice;OK;194521;0;194521;7793;;;
2026-09-26T10:21:43;G+060+140;grille;RIS;rapide;matrice;OK;211583;1380;212963;8684;;;
2026-09-26T10:21:43;G+060+160;grille;VITRY;rapide;matrice;OK;194194;0;194194;8032;;;
2026-09-26T10:21:43;G+060+160;grille;RIS;rapide;matrice;OK;211256;1380;212636;8922;;;
2026-09-26T10:21:43;G+060+180;grille;VITRY;rapide;matrice;OK;225492;0;225492;9185;;;
2026-09-26T10:21:43;G+060+180;grille;RIS;rapide;matrice;OK;242554;1380;243934;10075;;;
2026-09-26T10:21:43;G+060+200;grille;VITRY;rapide;matrice;OK;240186;0;240186;9602;;;
2026-09-26T10:21:43;G+060+200;grille;RIS;rapide;matrice;OK;257249;1380;258629;10492;;;
2026-09-26T10:21:43;G+060+220;grille;VITRY;rapide;matrice;OK;252921;0;252921;10117;;;
2026-09-26T10:21:43;G+060+220;grille;RIS;rapide;matrice;OK;269983;1380;271363;11007;;;
2026-09-26T10:21:43;G+060+240;grille;VITRY;rapide;matrice;OK;283799;0;283799;11322;;;
2026-09-26T10:21:43;G+060+240;grille;RIS;rapide;matrice;OK;300861;1380;302241;12212;;;
2026-09-26T10:21:43;G+060+260;grille;VITRY;rapide;matrice;OK;304887;0;304887;11927;;;
2026-09-26T10:21:43;G+060+260;grille;RIS;rapide;matrice;OK;321949;1380;323329;12817;;;
2026-09-26T10:21:43;G+060+280;grille;VITRY;rapide;matrice;OK;320253;0;320253;12479;;;
2026-09-26T10:21:43;G+060+280;grille;RIS;rapide;matrice;OK;337315;1380;338695;13369;;;
2026-09-26T10:21:43;G+080-280;grille;VITRY;rapide;matrice;OK;342119;0;342119;12962;;;
2026-09-26T10:21:43;G+080-280;grille;RIS;rapide;matrice;OK;320701;1380;322081;12066;;;
2026-09-26T10:21:43;G+080-260;grille;VITRY;rapide;matrice;OK;319507;0;319507;11786;;;
2026-09-26T10:21:43;G+080-260;grille;RIS;rapide;matrice;OK;298089;1380;299469;10890;;;
2026-09-26T10:21:43;G+080-240;grille;VITRY;rapide;matrice;OK;309079;0;309079;11491;;;
2026-09-26T10:21:43;G+080-240;grille;RIS;rapide;matrice;OK;287661;1380;289041;10596;;;
2026-09-26T10:21:43;G+080-220;grille;VITRY;rapide;matrice;OK;281362;0;281362;10617;;;
2026-09-26T10:21:43;G+080-220;grille;RIS;rapide;matrice;OK;259944;1380;261324;9721;;;
2026-09-26T10:21:43;G+080-200;grille;VITRY;rapide;matrice;OK;268319;0;268319;10020;;;
2026-09-26T10:21:43;G+080-200;grille;RIS;rapide;matrice;OK;246900;1380;248280;9124;;;
2026-09-26T10:21:43;G+080-180;grille;VITRY;rapide;matrice;OK;248657;0;248657;9765;;;
2026-09-26T10:21:43;G+080-180;grille;RIS;rapide;matrice;OK;227239;1380;228619;8870;;;
2026-09-26T10:21:43;G+080-160;grille;VITRY;rapide;matrice;OK;223376;0;223376;9463;;;
2026-09-26T10:21:43;G+080-160;grille;RIS;rapide;matrice;OK;201958;1380;203338;8568;;;
2026-09-26T10:21:43;G+080-140;grille;VITRY;rapide;matrice;OK;200064;0;200064;8164;;;
2026-09-26T10:21:43;G+080-140;grille;RIS;rapide;matrice;OK;178646;1380;180026;7268;;;
2026-09-26T10:21:43;G+080-120;grille;VITRY;rapide;matrice;OK;177195;0;177195;7035;;;
2026-09-26T10:21:43;G+080-120;grille;RIS;rapide;matrice;OK;155777;1380;157157;6139;;;
2026-09-26T10:21:43;G+080-100;grille;VITRY;rapide;matrice;OK;163413;0;163413;6104;;;
2026-09-26T10:21:43;G+080-100;grille;RIS;rapide;matrice;OK;141995;1380;143375;5208;;;
2026-09-26T10:21:43;G+080-080;grille;VITRY;rapide;matrice;OK;136245;0;136245;6207;;;
2026-09-26T10:21:43;G+080-080;grille;RIS;rapide;matrice;OK;124391;1380;125771;5439;;;
2026-09-26T10:21:43;G+080-060;grille;VITRY;rapide;matrice;OK;116099;0;116099;4665;;;
2026-09-26T10:21:43;G+080-060;grille;RIS;rapide;matrice;OK;104245;1380;105625;3897;;;
2026-09-26T10:21:43;G+080-040;grille;VITRY;rapide;matrice;OK;117601;0;117601;5661;;;
2026-09-26T10:21:43;G+080-040;grille;RIS;rapide;matrice;OK;105312;1380;106692;4878;;;
2026-09-26T10:21:43;G+080-020;grille;VITRY;rapide;matrice;OK;110941;0;110941;5382;;;
2026-09-26T10:21:43;G+080-020;grille;RIS;rapide;matrice;OK;94985;1380;96365;5182;;;
2026-09-26T10:21:43;G+080+000;grille;VITRY;rapide;matrice;OK;99715;0;99715;5337;;;
2026-09-26T10:21:43;G+080+000;grille;RIS;rapide;matrice;OK;105348;1380;106728;5653;;;
2026-09-26T10:21:43;G+080+020;grille;VITRY;rapide;matrice;OK;109224;0;109224;5076;;;
2026-09-26T10:21:43;G+080+020;grille;RIS;rapide;matrice;OK;128643;1380;130023;5994;;;
2026-09-26T10:21:43;G+080+040;grille;VITRY;rapide;matrice;OK;106067;0;106067;4680;;;
2026-09-26T10:21:43;G+080+040;grille;RIS;rapide;matrice;OK;125486;1380;126866;5599;;;
2026-09-26T10:21:43;G+080+060;grille;VITRY;rapide;matrice;OK;126002;0;126002;5679;;;
2026-09-26T10:21:43;G+080+060;grille;RIS;rapide;matrice;OK;145422;1380;146802;6598;;;
2026-09-26T10:21:43;G+080+080;grille;VITRY;rapide;matrice;OK;145155;0;145155;6579;;;
2026-09-26T10:21:43;G+080+080;grille;RIS;rapide;matrice;OK;162217;1380;163597;7469;;;
2026-09-26T10:21:43;G+080+100;grille;VITRY;rapide;matrice;OK;159985;0;159985;7438;;;
2026-09-26T10:21:43;G+080+100;grille;RIS;rapide;matrice;OK;177047;1380;178427;8328;;;
2026-09-26T10:21:43;G+080+120;grille;VITRY;rapide;matrice;OK;195931;0;195931;8178;;;
2026-09-26T10:21:43;G+080+120;grille;RIS;rapide;matrice;OK;212994;1380;214374;9068;;;
2026-09-26T10:21:43;G+080+140;grille;VITRY;rapide;matrice;OK;198000;0;198000;9074;;;
2026-09-26T10:21:43;G+080+140;grille;RIS;rapide;matrice;OK;215062;1380;216442;9964;;;
2026-09-26T10:21:43;G+080+160;grille;VITRY;rapide;matrice;OK;218510;0;218510;8821;;;
2026-09-26T10:21:43;G+080+160;grille;RIS;rapide;matrice;OK;235572;1380;236952;9712;;;
2026-09-26T10:21:43;G+080+180;grille;VITRY;rapide;matrice;OK;234838;0;234838;9930;;;
2026-09-26T10:21:43;G+080+180;grille;RIS;rapide;matrice;OK;251900;1380;253280;10821;;;
2026-09-26T10:21:43;G+080+200;grille;VITRY;rapide;matrice;OK;256695;0;256695;9983;;;
2026-09-26T10:21:43;G+080+200;grille;RIS;rapide;matrice;OK;273757;1380;275137;10874;;;
2026-09-26T10:21:43;G+080+220;grille;VITRY;rapide;matrice;OK;269682;0;269682;11053;;;
2026-09-26T10:21:43;G+080+220;grille;RIS;rapide;matrice;OK;286744;1380;288124;11943;;;
2026-09-26T10:21:43;G+080+240;grille;VITRY;rapide;matrice;OK;281513;0;281513;11287;;;
2026-09-26T10:21:43;G+080+240;grille;RIS;rapide;matrice;OK;298575;1380;299955;12177;;;
2026-09-26T10:21:43;G+080+260;grille;VITRY;rapide;matrice;OK;322307;0;322307;12733;;;
2026-09-26T10:21:43;G+080+260;grille;RIS;rapide;matrice;OK;339369;1380;340749;13623;;;
2026-09-26T10:21:43;G+080+280;grille;VITRY;rapide;matrice;OK;338984;0;338984;13533;;;
2026-09-26T10:21:43;G+080+280;grille;RIS;rapide;matrice;OK;356046;1380;357426;14423;;;
2026-09-26T10:21:43;G+100-280;grille;VITRY;rapide;matrice;OK;357777;0;357777;14001;;;
2026-09-26T10:21:43;G+100-280;grille;RIS;rapide;matrice;OK;336359;1380;337739;13106;;;
2026-09-26T10:21:43;G+100-260;grille;VITRY;rapide;matrice;OK;338894;0;338894;12842;;;
2026-09-26T10:21:43;G+100-260;grille;RIS;rapide;matrice;OK;317476;1380;318856;11946;;;
2026-09-26T10:21:43;G+100-240;grille;VITRY;rapide;matrice;OK;308745;0;308745;12238;;;
2026-09-26T10:21:43;G+100-240;grille;RIS;rapide;matrice;OK;287327;1380;288707;11342;;;
2026-09-26T10:21:43;G+100-220;grille;VITRY;rapide;matrice;OK;296025;0;296025;11580;;;
2026-09-26T10:21:43;G+100-220;grille;RIS;rapide;matrice;OK;274607;1380;275987;10684;;;
2026-09-26T10:21:43;G+100-200;grille;VITRY;rapide;matrice;OK;292540;0;292540;11116;;;
2026-09-26T10:21:43;G+100-200;grille;RIS;rapide;matrice;OK;271122;1380;272502;10221;;;
2026-09-26T10:21:43;G+100-180;grille;VITRY;rapide;matrice;OK;266664;0;266664;10822;;;
2026-09-26T10:21:43;G+100-180;grille;RIS;rapide;matrice;OK;245246;1380;246626;9926;;;
2026-09-26T10:21:43;G+100-160;grille;VITRY;rapide;matrice;OK;237560;0;237560;9122;;;
2026-09-26T10:21:43;G+100-160;grille;RIS;rapide;matrice;OK;216142;1380;217522;8226;;;
2026-09-26T10:21:43;G+100-140;grille;VITRY;rapide;matrice;OK;214658;0;214658;7919;;;
2026-09-26T10:21:43;G+100-140;grille;RIS;rapide;matrice;OK;193240;1380;194620;7023;;;
2026-09-26T10:21:43;G+100-120;grille;VITRY;rapide;matrice;OK;187316;0;187316;7073;;;
2026-09-26T10:21:43;G+100-120;grille;RIS;rapide;matrice;OK;165898;1380;167278;6177;;;
2026-09-26T10:21:43;G+100-100;grille;VITRY;rapide;matrice;OK;187800;0;187800;6973;;;
2026-09-26T10:21:43;G+100-100;grille;RIS;rapide;matrice;OK;166382;1380;167762;6077;;;
2026-09-26T10:21:43;G+100-080;grille;VITRY;rapide;matrice;OK;151452;0;151452;6672;;;
2026-09-26T10:21:43;G+100-080;grille;RIS;rapide;matrice;OK;139598;1380;140978;5903;;;
2026-09-26T10:21:43;G+100-060;grille;VITRY;rapide;matrice;OK;140589;0;140589;5916;;;
2026-09-26T10:21:43;G+100-060;grille;RIS;rapide;matrice;OK;128735;1380;130115;5148;;;
2026-09-26T10:21:43;G+100-040;grille;VITRY;rapide;matrice;OK;136830;0;136830;6637;;;
2026-09-26T10:21:43;G+100-040;grille;RIS;rapide;matrice;OK;145277;1380;146657;6010;;;
2026-09-26T10:21:43;G+100-020;grille;VITRY;rapide;matrice;OK;131497;0;131497;6768;;;
2026-09-26T10:21:43;G+100-020;grille;RIS;rapide;matrice;OK;133447;1380;134827;6381;;;
2026-09-26T10:21:43;G+100+000;grille;VITRY;rapide;matrice;OK;125204;0;125204;6353;;;
2026-09-26T10:21:43;G+100+000;grille;RIS;rapide;matrice;OK;130838;1380;132218;6669;;;
2026-09-26T10:21:43;G+100+020;grille;VITRY;rapide;matrice;OK;122161;0;122161;6187;;;
2026-09-26T10:21:43;G+100+020;grille;RIS;rapide;matrice;OK;141581;1380;142961;7106;;;
2026-09-26T10:21:43;G+100+040;grille;VITRY;rapide;matrice;OK;123331;0;123331;5013;;;
2026-09-26T10:21:43;G+100+040;grille;RIS;rapide;matrice;OK;142751;1380;144131;5931;;;
2026-09-26T10:21:43;G+100+060;grille;VITRY;rapide;matrice;OK;159787;0;159787;6306;;;
2026-09-26T10:21:43;G+100+060;grille;RIS;rapide;matrice;OK;179206;1380;180586;7225;;;
2026-09-26T10:21:43;G+100+080;grille;VITRY;rapide;matrice;OK;178494;0;178494;6968;;;
2026-09-26T10:21:43;G+100+080;grille;RIS;rapide;matrice;OK;197913;1380;199293;7887;;;
2026-09-26T10:21:43;G+100+100;grille;VITRY;rapide;matrice;OK;170941;0;170941;7991;;;
2026-09-26T10:21:43;G+100+100;grille;RIS;rapide;matrice;OK;188003;1380;189383;8882;;;
2026-09-26T10:21:43;G+100+120;grille;VITRY;rapide;matrice;OK;189564;0;189564;9031;;;
2026-09-26T10:21:43;G+100+120;grille;RIS;rapide;matrice;OK;206626;1380;208006;9921;;;
2026-09-26T10:21:43;G+100+140;grille;VITRY;rapide;matrice;OK;223371;0;223371;10026;;;
2026-09-26T10:21:43;G+100+140;grille;RIS;rapide;matrice;OK;240433;1380;241813;10916;;;
2026-09-26T10:21:43;G+100+160;grille;VITRY;rapide;matrice;OK;241810;0;241810;10260;;;
2026-09-26T10:21:43;G+100+160;grille;RIS;rapide;matrice;OK;258872;1380;260252;11150;;;
2026-09-26T10:21:43;G+100+180;grille;VITRY;rapide;matrice;OK;245965;0;245965;9876;;;
2026-09-26T10:21:43;G+100+180;grille;RIS;rapide;matrice;OK;263027;1380;264407;10766;;;
2026-09-26T10:21:43;G+100+200;grille;VITRY;rapide;matrice;OK;256378;0;256378;10394;;;
2026-09-26T10:21:43;G+100+200;grille;RIS;rapide;matrice;OK;273440;1380;274820;11284;;;
2026-09-26T10:21:43;G+100+220;grille;VITRY;rapide;matrice;OK;290345;0;290345;11600;;;
2026-09-26T10:21:43;G+100+220;grille;RIS;rapide;matrice;OK;307407;1380;308787;12490;;;
2026-09-26T10:21:43;G+100+240;grille;VITRY;rapide;matrice;OK;305972;0;305972;12107;;;
2026-09-26T10:21:43;G+100+240;grille;RIS;rapide;matrice;OK;323034;1380;324414;12997;;;
2026-09-26T10:21:43;G+100+260;grille;VITRY;rapide;matrice;OK;318362;0;318362;12561;;;
2026-09-26T10:21:43;G+100+260;grille;RIS;rapide;matrice;OK;335424;1380;336804;13451;;;
2026-09-26T10:21:43;G+100+280;grille;VITRY;rapide;matrice;OK;342634;0;342634;14133;;;
2026-09-26T10:21:43;G+100+280;grille;RIS;rapide;matrice;OK;359696;1380;361076;15023;;;
2026-09-26T10:21:43;G+120-260;grille;VITRY;rapide;matrice;OK;360893;0;360893;13196;;;
2026-09-26T10:21:43;G+120-260;grille;RIS;rapide;matrice;OK;339475;1380;340855;12300;;;
2026-09-26T10:21:43;G+120-240;grille;VITRY;rapide;matrice;OK;335039;0;335039;13504;;;
2026-09-26T10:21:43;G+120-240;grille;RIS;rapide;matrice;OK;313621;1380;315001;12608;;;
2026-09-26T10:21:43;G+120-220;grille;VITRY;rapide;matrice;OK;318528;0;318528;12767;;;
2026-09-26T10:21:43;G+120-220;grille;RIS;rapide;matrice;OK;297110;1380;298490;11871;;;
2026-09-26T10:21:43;G+120-200;grille;VITRY;rapide;matrice;OK;300608;0;300608;12323;;;
2026-09-26T10:21:43;G+120-200;grille;RIS;rapide;matrice;OK;279190;1380;280570;11428;;;
2026-09-26T10:21:43;G+120-180;grille;VITRY;rapide;matrice;OK;262676;0;262676;10110;;;
2026-09-26T10:21:43;G+120-180;grille;RIS;rapide;matrice;OK;241258;1380;242638;9215;;;
2026-09-26T10:21:43;G+120-160;grille;VITRY;rapide;matrice;OK;239857;0;239857;9023;;;
2026-09-26T10:21:43;G+120-160;grille;RIS;rapide;matrice;OK;218439;1380;219819;8127;;;
2026-09-26T10:21:43;G+120-140;grille;VITRY;rapide;matrice;OK;219327;0;219327;7745;;;
2026-09-26T10:21:43;G+120-140;grille;RIS;rapide;matrice;OK;197909;1380;199289;6850;;;
2026-09-26T10:21:43;G+120-120;grille;VITRY;rapide;matrice;OK;209573;0;209573;7605;;;
2026-09-26T10:21:43;G+120-120;grille;RIS;rapide;matrice;OK;188155;1380;189535;6709;;;
2026-09-26T10:21:43;G+120-100;grille;VITRY;rapide;matrice;OK;205924;0;205924;7899;;;
2026-09-26T10:21:43;G+120-100;grille;RIS;rapide;matrice;OK;184506;1380;185886;7003;;;
2026-09-26T10:21:44;G+120-080;grille;VITRY;rapide;matrice;OK;185371;0;185371;7754;;;
2026-09-26T10:21:44;G+120-080;grille;RIS;rapide;matrice;OK;173517;1380;174897;6986;;;
2026-09-26T10:21:44;G+120-060;grille;VITRY;rapide;matrice;OK;165463;0;165463;6724;;;
2026-09-26T10:21:44;G+120-060;grille;RIS;rapide;matrice;OK;153609;1380;154989;5955;;;
2026-09-26T10:21:44;G+120-040;grille;VITRY;rapide;matrice;OK;178771;0;178771;7386;;;
2026-09-26T10:21:44;G+120-040;grille;RIS;rapide;matrice;OK;166917;1380;168297;6617;;;
2026-09-26T10:21:44;G+120-020;grille;VITRY;rapide;matrice;OK;147121;0;147121;7646;;;
2026-09-26T10:21:44;G+120-020;grille;RIS;rapide;matrice;OK;152503;1380;153883;7527;;;
2026-09-26T10:21:44;G+120+000;grille;VITRY;rapide;matrice;OK;143935;0;143935;7086;;;
2026-09-26T10:21:44;G+120+000;grille;RIS;rapide;matrice;OK;149569;1380;150949;7402;;;
2026-09-26T10:21:44;G+120+020;grille;VITRY;rapide;matrice;OK;159058;0;159058;7141;;;
2026-09-26T10:21:44;G+120+020;grille;RIS;rapide;matrice;OK;178477;1380;179857;8059;;;
2026-09-26T10:21:44;G+120+040;grille;VITRY;rapide;matrice;OK;156190;0;156190;6496;;;
2026-09-26T10:21:44;G+120+040;grille;RIS;rapide;matrice;OK;175610;1380;176990;7415;;;
2026-09-26T10:21:44;G+120+060;grille;VITRY;rapide;matrice;OK;153084;0;153084;5965;;;
2026-09-26T10:21:44;G+120+060;grille;RIS;rapide;matrice;OK;172503;1380;173883;6884;;;
2026-09-26T10:21:44;G+120+080;grille;VITRY;rapide;matrice;OK;176911;0;176911;7125;;;
2026-09-26T10:21:44;G+120+080;grille;RIS;rapide;matrice;OK;196330;1380;197710;8043;;;
2026-09-26T10:21:44;G+120+100;grille;VITRY;rapide;matrice;OK;199660;0;199660;8457;;;
2026-09-26T10:21:44;G+120+100;grille;RIS;rapide;matrice;OK;219080;1380;220460;9375;;;
2026-09-26T10:21:44;G+120+120;grille;VITRY;rapide;matrice;OK;199172;0;199172;9568;;;
2026-09-26T10:21:44;G+120+120;grille;RIS;rapide;matrice;OK;216234;1380;217614;10458;;;
2026-09-26T10:21:44;G+120+140;grille;VITRY;rapide;matrice;OK;221668;0;221668;11080;;;
2026-09-26T10:21:44;G+120+140;grille;RIS;rapide;matrice;OK;238730;1380;240110;11970;;;
2026-09-26T10:21:44;G+120+160;grille;VITRY;rapide;matrice;OK;259282;0;259282;10586;;;
2026-09-26T10:21:44;G+120+160;grille;RIS;rapide;matrice;OK;276344;1380;277724;11476;;;
2026-09-26T10:21:44;G+120+180;grille;VITRY;rapide;matrice;OK;262087;0;262087;10461;;;
2026-09-26T10:21:44;G+120+180;grille;RIS;rapide;matrice;OK;279150;1380;280530;11351;;;
2026-09-26T10:21:44;G+120+200;grille;VITRY;rapide;matrice;OK;270642;0;270642;10923;;;
2026-09-26T10:21:44;G+120+200;grille;RIS;rapide;matrice;OK;287704;1380;289084;11813;;;
2026-09-26T10:21:44;G+120+220;grille;VITRY;rapide;matrice;OK;306418;0;306418;12150;;;
2026-09-26T10:21:44;G+120+220;grille;RIS;rapide;matrice;OK;323480;1380;324860;13040;;;
2026-09-26T10:21:44;G+120+240;grille;VITRY;rapide;matrice;OK;324756;0;324756;12721;;;
2026-09-26T10:21:44;G+120+240;grille;RIS;rapide;matrice;OK;341818;1380;343198;13611;;;
2026-09-26T10:21:44;G+120+260;grille;VITRY;rapide;matrice;OK;327763;0;327763;12974;;;
2026-09-26T10:21:44;G+120+260;grille;RIS;rapide;matrice;OK;344825;1380;346205;13864;;;
2026-09-26T10:21:44;G+140-260;grille;VITRY;rapide;matrice;OK;381536;0;381536;13930;;;
2026-09-26T10:21:44;G+140-260;grille;RIS;rapide;matrice;OK;360118;1380;361498;13034;;;
2026-09-26T10:21:44;G+140-240;grille;VITRY;rapide;matrice;OK;388326;0;388326;13458;;;
2026-09-26T10:21:44;G+140-240;grille;RIS;rapide;matrice;OK;366908;1380;368288;12562;;;
2026-09-26T10:21:44;G+140-220;grille;VITRY;rapide;matrice;OK;312252;0;312252;12787;;;
2026-09-26T10:21:44;G+140-220;grille;RIS;rapide;matrice;OK;290834;1380;292214;11892;;;
2026-09-26T10:21:44;G+140-200;grille;VITRY;rapide;matrice;OK;285256;0;285256;10964;;;
2026-09-26T10:21:44;G+140-200;grille;RIS;rapide;matrice;OK;263838;1380;265218;10068;;;
2026-09-26T10:21:44;G+140-180;grille;VITRY;rapide;matrice;OK;264126;0;264126;9986;;;
2026-09-26T10:21:44;G+140-180;grille;RIS;rapide;matrice;OK;242708;1380;244088;9091;;;
2026-09-26T10:21:44;G+140-160;grille;VITRY;rapide;matrice;OK;250597;0;250597;8922;;;
2026-09-26T10:21:44;G+140-160;grille;RIS;rapide;matrice;OK;229179;1380;230559;8027;;;
2026-09-26T10:21:44;G+140-140;grille;VITRY;rapide;matrice;OK;248472;0;248472;8571;;;
2026-09-26T10:21:44;G+140-140;grille;RIS;rapide;matrice;OK;227054;1380;228434;7676;;;
2026-09-26T10:21:44;G+140-120;grille;VITRY;rapide;matrice;OK;236153;0;236153;9448;;;
2026-09-26T10:21:44;G+140-120;grille;RIS;rapide;matrice;OK;214735;1380;216115;8552;;;
2026-09-26T10:21:44;G+140-100;grille;VITRY;rapide;matrice;OK;231248;0;231248;9128;;;
2026-09-26T10:21:44;G+140-100;grille;RIS;rapide;matrice;OK;209830;1380;211210;8232;;;
2026-09-26T10:21:44;G+140-080;grille;VITRY;rapide;matrice;OK;192670;0;192670;7816;;;
2026-09-26T10:21:44;G+140-080;grille;RIS;rapide;matrice;OK;180816;1380;182196;7048;;;
2026-09-26T10:21:44;G+140-060;grille;VITRY;rapide;matrice;OK;191697;0;191697;7409;;;
2026-09-26T10:21:44;G+140-060;grille;RIS;rapide;matrice;OK;179843;1380;181223;6641;;;
2026-09-26T10:21:44;G+140-040;grille;VITRY;rapide;matrice;OK;189025;0;189025;7815;;;
2026-09-26T10:21:44;G+140-040;grille;RIS;rapide;matrice;OK;177171;1380;178551;7047;;;
2026-09-26T10:21:44;G+140-020;grille;VITRY;rapide;matrice;OK;219838;0;219838;8325;;;
2026-09-26T10:21:44;G+140-020;grille;RIS;rapide;matrice;OK;207984;1380;209364;7557;;;
2026-09-26T10:21:44;G+140+000;grille;VITRY;rapide;matrice;OK;164690;0;164690;8042;;;
2026-09-26T10:21:44;G+140+000;grille;RIS;rapide;matrice;OK;229406;1380;230786;8302;;;
2026-09-26T10:21:44;G+140+020;grille;VITRY;rapide;matrice;OK;188207;0;188207;7061;;;
2026-09-26T10:21:44;G+140+020;grille;RIS;rapide;matrice;OK;207627;1380;209007;7979;;;
2026-09-26T10:21:44;G+140+040;grille;VITRY;rapide;matrice;OK;171459;0;171459;6665;;;
2026-09-26T10:21:44;G+140+040;grille;RIS;rapide;matrice;OK;190879;1380;192259;7583;;;
2026-09-26T10:21:44;G+140+060;grille;VITRY;rapide;matrice;OK;176878;0;176878;7136;;;
2026-09-26T10:21:44;G+140+060;grille;RIS;rapide;matrice;OK;196298;1380;197678;8054;;;
2026-09-26T10:21:44;G+140+080;grille;VITRY;rapide;matrice;OK;192158;0;192158;7367;;;
2026-09-26T10:21:44;G+140+080;grille;RIS;rapide;matrice;OK;211578;1380;212958;8286;;;
2026-09-26T10:21:44;G+140+100;grille;VITRY;rapide;matrice;OK;214111;0;214111;8575;;;
2026-09-26T10:21:44;G+140+100;grille;RIS;rapide;matrice;OK;233531;1380;234911;9493;;;
2026-09-26T10:21:44;G+140+120;grille;VITRY;rapide;matrice;OK;260570;0;260570;9770;;;
2026-09-26T10:21:44;G+140+120;grille;RIS;rapide;matrice;OK;279990;1380;281370;10689;;;
2026-09-26T10:21:44;G+140+140;grille;VITRY;rapide;matrice;OK;290792;0;290792;11080;;;
2026-09-26T10:21:44;G+140+140;grille;RIS;rapide;matrice;OK;310212;1380;311592;11999;;;
2026-09-26T10:21:44;G+140+160;grille;VITRY;rapide;matrice;OK;305243;0;305243;11517;;;
2026-09-26T10:21:44;G+140+160;grille;RIS;rapide;matrice;OK;324663;1380;326043;12436;;;
2026-09-26T10:21:44;G+140+180;grille;VITRY;rapide;matrice;OK;289201;0;289201;11177;;;
2026-09-26T10:21:44;G+140+180;grille;RIS;rapide;matrice;OK;306263;1380;307643;12067;;;
2026-09-26T10:21:44;G+140+200;grille;VITRY;rapide;matrice;OK;285623;0;285623;11080;;;
2026-09-26T10:21:44;G+140+200;grille;RIS;rapide;matrice;OK;302685;1380;304065;11970;;;
2026-09-26T10:21:44;G+140+220;grille;VITRY;rapide;matrice;OK;308072;0;308072;11946;;;
2026-09-26T10:21:44;G+140+220;grille;RIS;rapide;matrice;OK;325134;1380;326514;12836;;;
2026-09-26T10:21:44;G+140+240;grille;VITRY;rapide;matrice;OK;332014;0;332014;12860;;;
2026-09-26T10:21:44;G+140+240;grille;RIS;rapide;matrice;OK;349076;1380;350456;13750;;;
2026-09-26T10:21:44;G+140+260;grille;VITRY;rapide;matrice;OK;359966;0;359966;14288;;;
2026-09-26T10:21:44;G+140+260;grille;RIS;rapide;matrice;OK;377028;1380;378408;15178;;;
2026-09-26T10:21:44;G+160-240;grille;VITRY;rapide;matrice;OK;370775;0;370775;13084;;;
2026-09-26T10:21:44;G+160-240;grille;RIS;rapide;matrice;OK;349357;1380;350737;12188;;;
2026-09-26T10:21:44;G+160-220;grille;VITRY;rapide;matrice;OK;345790;0;345790;12653;;;
2026-09-26T10:21:44;G+160-220;grille;RIS;rapide;matrice;OK;324371;1380;325751;11757;;;
2026-09-26T10:21:44;G+160-200;grille;VITRY;rapide;matrice;OK;310509;0;310509;11265;;;
2026-09-26T10:21:44;G+160-200;grille;RIS;rapide;matrice;OK;289091;1380;290471;10369;;;
2026-09-26T10:21:44;G+160-180;grille;VITRY;rapide;matrice;OK;281109;0;281109;9763;;;
2026-09-26T10:21:44;G+160-180;grille;RIS;rapide;matrice;OK;259691;1380;261071;8868;;;
2026-09-26T10:21:44;G+160-160;grille;VITRY;rapide;matrice;OK;267359;0;267359;9569;;;
2026-09-26T10:21:44;G+160-160;grille;RIS;rapide;matrice;OK;245941;1380;247321;8674;;;
2026-09-26T10:21:44;G+160-140;grille;VITRY;rapide;matrice;OK;272810;0;272810;10071;;;
2026-09-26T10:21:44;G+160-140;grille;RIS;rapide;matrice;OK;251392;1380;252772;9175;;;
2026-09-26T10:21:44;G+160-120;grille;VITRY;rapide;matrice;OK;257081;0;257081;10364;;;
2026-09-26T10:21:44;G+160-120;grille;RIS;rapide;matrice;OK;235663;1380;237043;9468;;;
2026-09-26T10:21:44;G+160-100;grille;VITRY;rapide;matrice;OK;225278;0;225278;9433;;;
2026-09-26T10:21:44;G+160-100;grille;RIS;rapide;matrice;OK;213424;1380;214804;8664;;;
2026-09-26T10:21:44;G+160-080;grille;VITRY;rapide;matrice;OK;216436;0;216436;8566;;;
2026-09-26T10:21:44;G+160-080;grille;RIS;rapide;matrice;OK;204582;1380;205962;7798;;;
2026-09-26T10:21:44;G+160-060;grille;VITRY;rapide;matrice;OK;211485;0;211485;8294;;;
2026-09-26T10:21:44;G+160-060;grille;RIS;rapide;matrice;OK;199631;1380;201011;7526;;;
2026-09-26T10:21:44;G+160-040;grille;VITRY;rapide;matrice;OK;211228;0;211228;8909;;;
2026-09-26T10:21:44;G+160-040;grille;RIS;rapide;matrice;OK;199374;1380;200754;8140;;;
2026-09-26T10:21:44;G+160-020;grille;VITRY;rapide;matrice;OK;193796;0;193796;9606;;;
2026-09-26T10:21:44;G+160-020;grille;RIS;rapide;matrice;OK;209656;1380;211036;8790;;;
2026-09-26T10:21:44;G+160+000;grille;VITRY;rapide;matrice;OK;219962;0;219962;8688;;;
2026-09-26T10:21:44;G+160+000;grille;RIS;rapide;matrice;OK;239381;1380;240761;9606;;;
2026-09-26T10:21:44;G+160+020;grille;VITRY;rapide;matrice;OK;206813;0;206813;8067;;;
2026-09-26T10:21:44;G+160+020;grille;RIS;rapide;matrice;OK;226232;1380;227612;8986;;;
2026-09-26T10:21:44;G+160+040;grille;VITRY;rapide;matrice;OK;192917;0;192917;7869;;;
2026-09-26T10:21:44;G+160+040;grille;RIS;rapide;matrice;OK;212337;1380;213717;8788;;;
2026-09-26T10:21:44;G+160+060;grille;VITRY;rapide;matrice;OK;198314;0;198314;8208;;;
2026-09-26T10:21:44;G+160+060;grille;RIS;rapide;matrice;OK;217734;1380;219114;9126;;;
2026-09-26T10:21:44;G+160+080;grille;VITRY;rapide;matrice;OK;207663;0;207663;8387;;;
2026-09-26T10:21:44;G+160+080;grille;RIS;rapide;matrice;OK;227083;1380;228463;9305;;;
2026-09-26T10:21:44;G+160+100;grille;VITRY;rapide;matrice;OK;218362;0;218362;8538;;;
2026-09-26T10:21:44;G+160+100;grille;RIS;rapide;matrice;OK;237782;1380;239162;9457;;;
2026-09-26T10:21:44;G+160+120;grille;VITRY;rapide;matrice;OK;250022;0;250022;9732;;;
2026-09-26T10:21:44;G+160+120;grille;RIS;rapide;matrice;OK;269441;1380;270821;10650;;;
2026-09-26T10:21:44;G+160+140;grille;VITRY;rapide;matrice;OK;281754;0;281754;10798;;;
2026-09-26T10:21:44;G+160+140;grille;RIS;rapide;matrice;OK;301173;1380;302553;11717;;;
2026-09-26T10:21:44;G+160+160;grille;VITRY;rapide;matrice;OK;296081;0;296081;10946;;;
2026-09-26T10:21:44;G+160+160;grille;RIS;rapide;matrice;OK;315500;1380;316880;11864;;;
2026-09-26T10:21:44;G+160+180;grille;VITRY;rapide;matrice;OK;315525;0;315525;12396;;;
2026-09-26T10:21:44;G+160+180;grille;RIS;rapide;matrice;OK;332587;1380;333967;13286;;;
2026-09-26T10:21:44;G+160+200;grille;VITRY;rapide;matrice;OK;312454;0;312454;12461;;;
2026-09-26T10:21:44;G+160+200;grille;RIS;rapide;matrice;OK;329516;1380;330896;13351;;;
2026-09-26T10:21:44;G+160+220;grille;VITRY;rapide;matrice;OK;323431;0;323431;13138;;;
2026-09-26T10:21:44;G+160+220;grille;RIS;rapide;matrice;OK;340493;1380;341873;14028;;;
2026-09-26T10:21:44;G+160+240;grille;VITRY;rapide;matrice;OK;341936;0;341936;13692;;;
2026-09-26T10:21:44;G+160+240;grille;RIS;rapide;matrice;OK;358998;1380;360378;14582;;;
2026-09-26T10:21:44;G+180-240;grille;VITRY;rapide;matrice;OK;364848;0;364848;12290;;;
2026-09-26T10:21:44;G+180-240;grille;RIS;rapide;matrice;OK;343430;1380;344810;11394;;;
2026-09-26T10:21:44;G+180-220;grille;VITRY;rapide;matrice;OK;334345;0;334345;11448;;;
2026-09-26T10:21:44;G+180-220;grille;RIS;rapide;matrice;OK;312927;1380;314307;10552;;;
2026-09-26T10:21:44;G+180-200;grille;VITRY;rapide;matrice;OK;314503;0;314503;10748;;;
2026-09-26T10:21:44;G+180-200;grille;RIS;rapide;matrice;OK;293085;1380;294465;9852;;;
2026-09-26T10:21:44;G+180-180;grille;VITRY;rapide;matrice;OK;301337;0;301337;11180;;;
2026-09-26T10:21:44;G+180-180;grille;RIS;rapide;matrice;OK;279919;1380;281299;10284;;;
2026-09-26T10:21:44;G+180-160;grille;VITRY;rapide;matrice;OK;296868;0;296868;10135;;;
2026-09-26T10:21:44;G+180-160;grille;RIS;rapide;matrice;OK;275450;1380;276830;9239;;;
2026-09-26T10:21:44;G+180-140;grille;VITRY;rapide;matrice;OK;300629;0;300629;11612;;;
2026-09-26T10:21:44;G+180-140;grille;RIS;rapide;matrice;OK;279211;1380;280591;10717;;;
2026-09-26T10:21:44;G+180-120;grille;VITRY;rapide;matrice;OK;274420;0;274420;10834;;;
2026-09-26T10:21:44;G+180-120;grille;RIS;rapide;matrice;OK;262566;1380;263946;10066;;;
2026-09-26T10:21:44;G+180-100;grille;VITRY;rapide;matrice;OK;255423;0;255423;9916;;;
2026-09-26T10:21:44;G+180-100;grille;RIS;rapide;matrice;OK;243569;1380;244949;9148;;;
2026-09-26T10:21:44;G+180-080;grille;VITRY;rapide;matrice;OK;230581;0;230581;8771;;;
2026-09-26T10:21:44;G+180-080;grille;RIS;rapide;matrice;OK;218727;1380;220107;8003;;;
2026-09-26T10:21:44;G+180-060;grille;VITRY;rapide;matrice;OK;242290;0;242290;9328;;;
2026-09-26T10:21:44;G+180-060;grille;RIS;rapide;matrice;OK;230436;1380;231816;8560;;;
2026-09-26T10:21:44;G+180-040;grille;VITRY;rapide;matrice;OK;245627;0;245627;10304;;;
2026-09-26T10:21:44;G+180-040;grille;RIS;rapide;matrice;OK;233773;1380;235153;9536;;;
2026-09-26T10:21:44;G+180-020;grille;VITRY;rapide;matrice;OK;250124;0;250124;9972;;;
2026-09-26T10:21:44;G+180-020;grille;RIS;rapide;matrice;OK;229910;1380;231290;9871;;;
2026-09-26T10:21:44;G+180+000;grille;VITRY;rapide;matrice;OK;234408;0;234408;9596;;;
2026-09-26T10:21:44;G+180+000;grille;RIS;rapide;matrice;OK;267294;1380;268674;10530;;;
2026-09-26T10:21:44;G+180+020;grille;VITRY;rapide;matrice;OK;233242;0;233242;8610;;;
2026-09-26T10:21:44;G+180+020;grille;RIS;rapide;matrice;OK;252661;1380;254041;9528;;;
2026-09-26T10:21:44;G+180+040;grille;VITRY;rapide;matrice;OK;229530;0;229530;8594;;;
2026-09-26T10:21:44;G+180+040;grille;RIS;rapide;matrice;OK;248950;1380;250330;9513;;;
2026-09-26T10:21:44;G+180+060;grille;VITRY;rapide;matrice;OK;223561;0;223561;9329;;;
2026-09-26T10:21:44;G+180+060;grille;RIS;rapide;matrice;OK;242981;1380;244361;10247;;;
2026-09-26T10:21:44;G+180+080;grille;VITRY;rapide;matrice;OK;243689;0;243689;9424;;;
2026-09-26T10:21:44;G+180+080;grille;RIS;rapide;matrice;OK;263109;1380;264489;10342;;;
2026-09-26T10:21:44;G+180+100;grille;VITRY;rapide;matrice;OK;243654;0;243654;9058;;;
2026-09-26T10:21:44;G+180+100;grille;RIS;rapide;matrice;OK;263073;1380;264453;9977;;;
2026-09-26T10:21:44;G+180+120;grille;VITRY;rapide;matrice;OK;258219;0;258219;10292;;;
2026-09-26T10:21:44;G+180+120;grille;RIS;rapide;matrice;OK;277639;1380;279019;11211;;;
2026-09-26T10:21:44;G+180+140;grille;VITRY;rapide;matrice;OK;287341;0;287341;12329;;;
2026-09-26T10:21:44;G+180+140;grille;RIS;rapide;matrice;OK;306760;1380;308140;13248;;;
2026-09-26T10:21:44;G+180+160;grille;VITRY;rapide;matrice;OK;311245;0;311245;12488;;;
2026-09-26T10:21:44;G+180+160;grille;RIS;rapide;matrice;OK;330665;1380;332045;13407;;;
2026-09-26T10:21:44;G+180+180;grille;VITRY;rapide;matrice;OK;331196;0;331196;12775;;;
2026-09-26T10:21:44;G+180+180;grille;RIS;rapide;matrice;OK;350615;1380;351995;13694;;;
2026-09-26T10:21:44;G+180+200;grille;VITRY;rapide;matrice;OK;333833;0;333833;12856;;;
2026-09-26T10:21:44;G+180+200;grille;RIS;rapide;matrice;OK;350895;1380;352275;13746;;;
2026-09-26T10:21:44;G+180+220;grille;VITRY;rapide;matrice;OK;342761;0;342761;13835;;;
2026-09-26T10:21:44;G+180+220;grille;RIS;rapide;matrice;OK;359823;1380;361203;14725;;;
2026-09-26T10:21:44;G+180+240;grille;VITRY;rapide;matrice;OK;357010;0;357010;13793;;;
2026-09-26T10:21:44;G+180+240;grille;RIS;rapide;matrice;OK;374072;1380;375452;14683;;;
2026-09-26T10:21:44;G+200-220;grille;VITRY;rapide;matrice;OK;347475;0;347475;12684;;;
2026-09-26T10:21:44;G+200-220;grille;RIS;rapide;matrice;OK;326057;1380;327437;11789;;;
2026-09-26T10:21:44;G+200-200;grille;VITRY;rapide;matrice;OK;337285;0;337285;11498;;;
2026-09-26T10:21:44;G+200-200;grille;RIS;rapide;matrice;OK;315867;1380;317247;10603;;;
2026-09-26T10:21:44;G+200-180;grille;VITRY;rapide;matrice;OK;337069;0;337069;11673;;;
2026-09-26T10:21:44;G+200-180;grille;RIS;rapide;matrice;OK;315651;1380;317031;10778;;;
2026-09-26T10:21:44;G+200-160;grille;VITRY;rapide;matrice;OK;322659;0;322659;11590;;;
2026-09-26T10:21:44;G+200-160;grille;RIS;rapide;matrice;OK;301240;1380;302620;10695;;;
2026-09-26T10:21:44;G+200-140;grille;VITRY;rapide;matrice;OK;312373;0;312373;11211;;;
2026-09-26T10:21:44;G+200-140;grille;RIS;rapide;matrice;OK;300519;1380;301899;10442;;;
2026-09-26T10:21:44;G+200-120;grille;VITRY;rapide;matrice;OK;290429;0;290429;10573;;;
2026-09-26T10:21:44;G+200-120;grille;RIS;rapide;matrice;OK;278575;1380;279955;9805;;;
2026-09-26T10:21:44;G+200-100;grille;VITRY;rapide;matrice;OK;268711;0;268711;10141;;;
2026-09-26T10:21:44;G+200-100;grille;RIS;rapide;matrice;OK;256857;1380;258237;9372;;;
2026-09-26T10:21:44;G+200-080;grille;VITRY;rapide;matrice;OK;253887;0;253887;9777;;;
2026-09-26T10:21:44;G+200-080;grille;RIS;rapide;matrice;OK;242033;1380;243413;9009;;;
2026-09-26T10:21:44;G+200-060;grille;VITRY;rapide;matrice;OK;268484;0;268484;10001;;;
2026-09-26T10:21:44;G+200-060;grille;RIS;rapide;matrice;OK;256630;1380;258010;9233;;;
2026-09-26T10:21:44;G+200-040;grille;VITRY;rapide;matrice;OK;277328;0;277328;10961;;;
2026-09-26T10:21:44;G+200-040;grille;RIS;rapide;matrice;OK;265474;1380;266854;10192;;;
2026-09-26T10:21:44;G+200-020;grille;VITRY;rapide;matrice;OK;268063;0;268063;10625;;;
2026-09-26T10:21:44;G+200-020;grille;RIS;rapide;matrice;OK;256772;1380;258152;11103;;;
2026-09-26T10:21:44;G+200+000;grille;VITRY;rapide;matrice;OK;251832;0;251832;10026;;;
2026-09-26T10:21:44;G+200+000;grille;RIS;rapide;matrice;OK;271252;1380;272632;10944;;;
2026-09-26T10:21:44;G+200+020;grille;VITRY;rapide;matrice;OK;252374;0;252374;9308;;;
2026-09-26T10:21:44;G+200+020;grille;RIS;rapide;matrice;OK;271794;1380;273174;10226;;;
2026-09-26T10:21:44;G+200+040;grille;VITRY;rapide;matrice;OK;244556;0;244556;8895;;;
2026-09-26T10:21:44;G+200+040;grille;RIS;rapide;matrice;OK;263976;1380;265356;9813;;;
2026-09-26T10:21:44;G+200+060;grille;VITRY;rapide;matrice;OK;272613;0;272613;10503;;;
2026-09-26T10:21:44;G+200+060;grille;RIS;rapide;matrice;OK;292033;1380;293413;11422;;;
2026-09-26T10:21:44;G+200+080;grille;VITRY;rapide;matrice;OK;266131;0;266131;10680;;;
2026-09-26T10:21:44;G+200+080;grille;RIS;rapide;matrice;OK;285550;1380;286930;11599;;;
2026-09-26T10:21:44;G+200+100;grille;VITRY;rapide;matrice;OK;262175;0;262175;9973;;;
2026-09-26T10:21:44;G+200+100;grille;RIS;rapide;matrice;OK;281595;1380;282975;10891;;;
2026-09-26T10:21:44;G+200+120;grille;VITRY;rapide;matrice;OK;278282;0;278282;10549;;;
2026-09-26T10:21:44;G+200+120;grille;RIS;rapide;matrice;OK;297702;1380;299082;11467;;;
2026-09-26T10:21:44;G+200+140;grille;VITRY;rapide;matrice;OK;303190;0;303190;11965;;;
2026-09-26T10:21:44;G+200+140;grille;RIS;rapide;matrice;OK;322610;1380;323990;12884;;;
2026-09-26T10:21:44;G+200+160;grille;VITRY;rapide;matrice;OK;341926;0;341926;13137;;;
2026-09-26T10:21:44;G+200+160;grille;RIS;rapide;matrice;OK;361346;1380;362726;14056;;;
2026-09-26T10:21:44;G+200+180;grille;VITRY;rapide;matrice;OK;356934;0;356934;13584;;;
2026-09-26T10:21:44;G+200+180;grille;RIS;rapide;matrice;OK;373996;1380;375376;14474;;;
2026-09-26T10:21:44;G+200+200;grille;VITRY;rapide;matrice;OK;348989;0;348989;13420;;;
2026-09-26T10:21:44;G+200+200;grille;RIS;rapide;matrice;OK;366051;1380;367431;14310;;;
2026-09-26T10:21:44;G+200+220;grille;VITRY;rapide;matrice;OK;364001;0;364001;14477;;;
2026-09-26T10:21:44;G+200+220;grille;RIS;rapide;matrice;OK;381063;1380;382443;15367;;;
2026-09-26T10:21:44;G+220-200;grille;VITRY;rapide;matrice;OK;355428;0;355428;12665;;;
2026-09-26T10:21:44;G+220-200;grille;RIS;rapide;matrice;OK;334010;1380;335390;11770;;;
2026-09-26T10:21:44;G+220-180;grille;VITRY;rapide;matrice;OK;357083;0;357083;12617;;;
2026-09-26T10:21:44;G+220-180;grille;RIS;rapide;matrice;OK;335665;1380;337045;11722;;;
2026-09-26T10:21:44;G+220-160;grille;VITRY;rapide;matrice;OK;340758;0;340758;12674;;;
2026-09-26T10:21:44;G+220-160;grille;RIS;rapide;matrice;OK;328904;1380;330284;11906;;;
2026-09-26T10:21:44;G+220-140;grille;VITRY;rapide;matrice;OK;330167;0;330167;12219;;;
2026-09-26T10:21:44;G+220-140;grille;RIS;rapide;matrice;OK;318313;1380;319693;11451;;;
2026-09-26T10:21:44;G+220-120;grille;VITRY;rapide;matrice;OK;298510;0;298510;11210;;;
2026-09-26T10:21:44;G+220-120;grille;RIS;rapide;matrice;OK;286656;1380;288036;10442;;;
2026-09-26T10:21:44;G+220-100;grille;VITRY;rapide;matrice;OK;283568;0;283568;10806;;;
2026-09-26T10:21:44;G+220-100;grille;RIS;rapide;matrice;OK;271714;1380;273094;10038;;;
2026-09-26T10:21:44;G+220-080;grille;VITRY;rapide;matrice;OK;289688;0;289688;11011;;;
2026-09-26T10:21:44;G+220-080;grille;RIS;rapide;matrice;OK;277834;1380;279214;10243;;;
2026-09-26T10:21:44;G+220-060;grille;VITRY;rapide;matrice;OK;289337;0;289337;11384;;;
2026-09-26T10:21:44;G+220-060;grille;RIS;rapide;matrice;OK;277483;1380;278863;10616;;;
2026-09-26T10:21:44;G+220-040;grille;VITRY;rapide;matrice;OK;303666;0;303666;12012;;;
2026-09-26T10:21:44;G+220-040;grille;RIS;rapide;matrice;OK;291812;1380;293192;11243;;;
2026-09-26T10:21:44;G+220-020;grille;VITRY;rapide;matrice;OK;292521;0;292521;11809;;;
2026-09-26T10:21:44;G+220-020;grille;RIS;rapide;matrice;OK;281230;1380;282610;12287;;;
2026-09-26T10:21:44;G+220+000;grille;VITRY;rapide;matrice;OK;285887;0;285887;11144;;;
2026-09-26T10:21:44;G+220+000;grille;RIS;rapide;matrice;OK;305307;1380;306687;12062;;;
2026-09-26T10:21:44;G+220+020;grille;VITRY;rapide;matrice;OK;277739;0;277739;10412;;;
2026-09-26T10:21:44;G+220+020;grille;RIS;rapide;matrice;OK;297158;1380;298538;11331;;;
2026-09-26T10:21:44;G+220+040;grille;VITRY;rapide;matrice;OK;264205;0;264205;9735;;;
2026-09-26T10:21:44;G+220+040;grille;RIS;rapide;matrice;OK;283624;1380;285004;10654;;;
2026-09-26T10:21:44;G+220+060;grille;VITRY;rapide;matrice;OK;280064;0;280064;10895;;;
2026-09-26T10:21:44;G+220+060;grille;RIS;rapide;matrice;OK;299484;1380;300864;11813;;;
2026-09-26T10:21:44;G+220+080;grille;VITRY;rapide;matrice;OK;292544;0;292544;11873;;;
2026-09-26T10:21:44;G+220+080;grille;RIS;rapide;matrice;OK;311964;1380;313344;12791;;;
2026-09-26T10:21:44;G+220+100;grille;VITRY;rapide;matrice;OK;284088;0;284088;11224;;;
2026-09-26T10:21:44;G+220+100;grille;RIS;rapide;matrice;OK;303508;1380;304888;12143;;;
2026-09-26T10:21:44;G+220+120;grille;VITRY;rapide;matrice;OK;298574;0;298574;11264;;;
2026-09-26T10:21:44;G+220+120;grille;RIS;rapide;matrice;OK;317994;1380;319374;12182;;;
2026-09-26T10:21:44;G+220+140;grille;VITRY;rapide;matrice;OK;311605;0;311605;11824;;;
2026-09-26T10:21:44;G+220+140;grille;RIS;rapide;matrice;OK;331024;1380;332404;12743;;;
2026-09-26T10:21:44;G+220+160;grille;VITRY;rapide;matrice;OK;339879;0;339879;13108;;;
2026-09-26T10:21:44;G+220+160;grille;RIS;rapide;matrice;OK;359299;1380;360679;14027;;;
2026-09-26T10:21:44;G+220+180;grille;VITRY;rapide;matrice;OK;366496;0;366496;14103;;;
2026-09-26T10:21:44;G+220+180;grille;RIS;rapide;matrice;OK;385916;1380;387296;15022;;;
2026-09-26T10:21:44;G+220+200;grille;VITRY;rapide;matrice;OK;368055;0;368055;13966;;;
2026-09-26T10:21:44;G+220+200;grille;RIS;rapide;matrice;OK;385117;1380;386497;14856;;;
2026-09-26T10:21:44;G+240-180;grille;VITRY;rapide;matrice;OK;384837;0;384837;13182;;;
2026-09-26T10:21:44;G+240-180;grille;RIS;rapide;matrice;OK;363419;1380;364799;12286;;;
2026-09-26T10:21:44;G+240-160;grille;VITRY;rapide;matrice;OK;345205;0;345205;13539;;;
2026-09-26T10:21:44;G+240-160;grille;RIS;rapide;matrice;OK;333351;1380;334731;12771;;;
2026-09-26T10:21:44;G+240-140;grille;VITRY;rapide;matrice;OK;333780;0;333780;12941;;;
2026-09-26T10:21:44;G+240-140;grille;RIS;rapide;matrice;OK;321926;1380;323306;12173;;;
2026-09-26T10:21:44;G+240-120;grille;VITRY;rapide;matrice;OK;315239;0;315239;12413;;;
2026-09-26T10:21:44;G+240-120;grille;RIS;rapide;matrice;OK;303385;1380;304765;11645;;;
2026-09-26T10:21:44;G+240-100;grille;VITRY;rapide;matrice;OK;312890;0;312890;11832;;;
2026-09-26T10:21:44;G+240-100;grille;RIS;rapide;matrice;OK;301036;1380;302416;11064;;;
2026-09-26T10:21:44;G+240-080;grille;VITRY;rapide;matrice;OK;304323;0;304323;11108;;;
2026-09-26T10:21:44;G+240-080;grille;RIS;rapide;matrice;OK;292469;1380;293849;10340;;;
2026-09-26T10:21:44;G+240-060;grille;VITRY;rapide;matrice;OK;322592;0;322592;11807;;;
2026-09-26T10:21:44;G+240-060;grille;RIS;rapide;matrice;OK;310739;1380;312119;11039;;;
2026-09-26T10:21:44;G+240-040;grille;VITRY;rapide;matrice;OK;316449;0;316449;12636;;;
2026-09-26T10:21:44;G+240-040;grille;RIS;rapide;matrice;OK;304595;1380;305975;11868;;;
2026-09-26T10:21:44;G+240-020;grille;VITRY;rapide;matrice;OK;314641;0;314641;12490;;;
2026-09-26T10:21:44;G+240-020;grille;RIS;rapide;matrice;OK;303350;1380;304730;12967;;;
2026-09-26T10:21:44;G+240+000;grille;VITRY;rapide;matrice;OK;302985;0;302985;12003;;;
2026-09-26T10:21:44;G+240+000;grille;RIS;rapide;matrice;OK;322404;1380;323784;12922;;;
2026-09-26T10:21:44;G+240+020;grille;VITRY;rapide;matrice;OK;299624;0;299624;11140;;;
2026-09-26T10:21:44;G+240+020;grille;RIS;rapide;matrice;OK;319043;1380;320423;12058;;;
2026-09-26T10:21:44;G+240+040;grille;VITRY;rapide;matrice;OK;284100;0;284100;10304;;;
2026-09-26T10:21:44;G+240+040;grille;RIS;rapide;matrice;OK;303519;1380;304899;11222;;;
2026-09-26T10:21:44;G+240+060;grille;VITRY;rapide;matrice;OK;301629;0;301629;10971;;;
2026-09-26T10:21:44;G+240+060;grille;RIS;rapide;matrice;OK;321049;1380;322429;11889;;;
2026-09-26T10:21:44;G+240+080;grille;VITRY;rapide;matrice;OK;327585;0;327585;12597;;;
2026-09-26T10:21:44;G+240+080;grille;RIS;rapide;matrice;OK;347005;1380;348385;13515;;;
2026-09-26T10:21:44;G+240+100;grille;VITRY;rapide;matrice;OK;307693;0;307693;12542;;;
2026-09-26T10:21:44;G+240+100;grille;RIS;rapide;matrice;OK;327113;1380;328493;13460;;;
2026-09-26T10:21:44;G+240+120;grille;VITRY;rapide;matrice;OK;329476;0;329476;12701;;;
2026-09-26T10:21:44;G+240+120;grille;RIS;rapide;matrice;OK;348895;1380;350275;13620;;;
2026-09-26T10:21:44;G+240+140;grille;VITRY;rapide;matrice;OK;333262;0;333262;12584;;;
2026-09-26T10:21:44;G+240+140;grille;RIS;rapide;matrice;OK;352682;1380;354062;13503;;;
2026-09-26T10:21:44;G+240+160;grille;VITRY;rapide;matrice;OK;361292;0;361292;13401;;;
2026-09-26T10:21:44;G+240+160;grille;RIS;rapide;matrice;OK;380711;1380;382091;14320;;;
2026-09-26T10:21:44;G+240+180;grille;VITRY;rapide;matrice;OK;380842;0;380842;14156;;;
2026-09-26T10:21:44;G+240+180;grille;RIS;rapide;matrice;OK;400261;1380;401641;15074;;;
2026-09-26T10:21:44;G+260-140;grille;VITRY;rapide;matrice;OK;350683;0;350683;14181;;;
2026-09-26T10:21:44;G+260-140;grille;RIS;rapide;matrice;OK;338829;1380;340209;13413;;;
2026-09-26T10:21:44;G+260-120;grille;VITRY;rapide;matrice;OK;331208;0;331208;12826;;;
2026-09-26T10:21:44;G+260-120;grille;RIS;rapide;matrice;OK;319354;1380;320734;12058;;;
2026-09-26T10:21:44;G+260-100;grille;VITRY;rapide;matrice;OK;331132;0;331132;12731;;;
2026-09-26T10:21:44;G+260-100;grille;RIS;rapide;matrice;OK;319278;1380;320658;11963;;;
2026-09-26T10:21:44;G+260-080;grille;VITRY;rapide;matrice;OK;326791;0;326791;12208;;;
2026-09-26T10:21:44;G+260-080;grille;RIS;rapide;matrice;OK;314937;1380;316317;11440;;;
2026-09-26T10:21:44;G+260-060;grille;VITRY;rapide;matrice;OK;341750;0;341750;12415;;;
2026-09-26T10:21:44;G+260-060;grille;RIS;rapide;matrice;OK;329896;1380;331276;11647;;;
2026-09-26T10:21:44;G+260-040;grille;VITRY;rapide;matrice;OK;356109;0;356109;13238;;;
2026-09-26T10:21:44;G+260-040;grille;RIS;rapide;matrice;OK;344255;1380;345635;12470;;;
2026-09-26T10:21:44;G+260-020;grille;VITRY;rapide;matrice;OK;334060;0;334060;13602;;;
2026-09-26T10:21:44;G+260-020;grille;RIS;rapide;matrice;OK;365282;1380;366662;13193;;;
2026-09-26T10:21:44;G+260+000;grille;VITRY;rapide;matrice;OK;329645;0;329645;12656;;;
2026-09-26T10:21:44;G+260+000;grille;RIS;rapide;matrice;OK;382899;1380;384279;13558;;;
2026-09-26T10:21:44;G+260+020;grille;VITRY;rapide;matrice;OK;314868;0;314868;11794;;;
2026-09-26T10:21:44;G+260+020;grille;RIS;rapide;matrice;OK;334287;1380;335667;12712;;;
2026-09-26T10:21:44;G+260+040;grille;VITRY;rapide;matrice;OK;311875;0;311875;11195;;;
2026-09-26T10:21:44;G+260+040;grille;RIS;rapide;matrice;OK;331295;1380;332675;12114;;;
2026-09-26T10:21:44;G+260+060;grille;VITRY;rapide;matrice;OK;316685;0;316685;11513;;;
2026-09-26T10:21:44;G+260+060;grille;RIS;rapide;matrice;OK;336105;1380;337485;12431;;;
2026-09-26T10:21:44;G+260+080;grille;VITRY;rapide;matrice;OK;341296;0;341296;12933;;;
2026-09-26T10:21:44;G+260+080;grille;RIS;rapide;matrice;OK;360715;1380;362095;13851;;;
2026-09-26T10:21:44;G+260+100;grille;VITRY;rapide;matrice;OK;360367;0;360367;13754;;;
2026-09-26T10:21:44;G+260+100;grille;RIS;rapide;matrice;OK;379787;1380;381167;14673;;;
2026-09-26T10:21:44;G+260+120;grille;VITRY;rapide;matrice;OK;356903;0;356903;14087;;;
2026-09-26T10:21:44;G+260+120;grille;RIS;rapide;matrice;OK;376322;1380;377702;15005;;;
2026-09-26T10:21:44;G+260+140;grille;VITRY;rapide;matrice;OK;350825;0;350825;13821;;;
2026-09-26T10:21:44;G+260+140;grille;RIS;rapide;matrice;OK;370245;1380;371625;14739;;;
2026-09-26T10:21:44;G+280-100;grille;VITRY;rapide;matrice;OK;351235;0;351235;13709;;;
2026-09-26T10:21:44;G+280-100;grille;RIS;rapide;matrice;OK;339381;1380;340761;12941;;;
2026-09-26T10:21:44;G+280-080;grille;VITRY;rapide;matrice;OK;368793;0;368793;13808;;;
2026-09-26T10:21:44;G+280-080;grille;RIS;rapide;matrice;OK;356939;1380;358319;13040;;;
2026-09-26T10:21:44;G+280-060;grille;VITRY;rapide;matrice;OK;361755;0;361755;13246;;;
2026-09-26T10:21:44;G+280-060;grille;RIS;rapide;matrice;OK;349901;1380;351281;12477;;;
2026-09-26T10:21:44;G+280-040;grille;VITRY;rapide;matrice;OK;373270;0;373270;13810;;;
2026-09-26T10:21:44;G+280-040;grille;RIS;rapide;matrice;OK;361416;1380;362796;13042;;;
2026-09-26T10:21:44;G+280-020;grille;VITRY;rapide;matrice;OK;359700;0;359700;14120;;;
2026-09-26T10:21:44;G+280-020;grille;RIS;rapide;matrice;OK;381329;1380;382709;13670;;;
2026-09-26T10:21:44;G+280+000;grille;VITRY;rapide;matrice;OK;348697;0;348697;14140;;;
2026-09-26T10:21:44;G+280+000;grille;RIS;rapide;matrice;OK;403301;1380;404681;14571;;;
2026-09-26T10:21:44;G+280+020;grille;VITRY;rapide;matrice;OK;355919;0;355919;12779;;;
2026-09-26T10:21:44;G+280+020;grille;RIS;rapide;matrice;OK;375339;1380;376719;13697;;;
2026-09-26T10:21:44;G+280+040;grille;VITRY;rapide;matrice;OK;329702;0;329702;11768;;;
2026-09-26T10:21:44;G+280+040;grille;RIS;rapide;matrice;OK;349121;1380;350501;12686;;;
2026-09-26T10:21:44;G+280+060;grille;VITRY;rapide;matrice;OK;339986;0;339986;12348;;;
2026-09-26T10:21:44;G+280+060;grille;RIS;rapide;matrice;OK;359406;1380;360786;13266;;;
2026-09-26T10:21:44;G+280+080;grille;VITRY;rapide;matrice;OK;360923;0;360923;13368;;;
2026-09-26T10:21:44;G+280+080;grille;RIS;rapide;matrice;OK;380342;1380;381722;14286;;;
2026-09-26T10:21:44;G+280+100;grille;VITRY;rapide;matrice;OK;376235;0;376235;14120;;;
2026-09-26T10:21:44;G+280+100;grille;RIS;rapide;matrice;OK;395654;1380;397034;15038;;;
2026-09-26T10:21:44;G+300+000;grille;VITRY;rapide;matrice;OK;390590;0;390590;14526;;;
2026-09-26T10:21:44;G+300+000;grille;RIS;rapide;matrice;OK;410165;1380;411545;15281;;;
2026-09-26T10:21:44;G-060+000;grille;RIS;acces_impose;itineraire;OK;76527;1380;77907;3468;N12;oui;
2026-09-26T10:21:44;G-060+000;grille;RIS;impose_est;itineraire;OK;101882;1380;103262;4548;N12;oui;
2026-09-26T10:21:44;G-060+000;grille;RIS;impose_ouest;itineraire;OK;91303;1380;92683;4103;N12;oui;
2026-09-26T10:21:45;G-055-020;grille;RIS;acces_impose;itineraire;OK;74905;1380;76285;3510;A10;oui;
2026-09-26T10:21:45;G-055-020;grille;RIS;impose_est;itineraire;OK;95926;1380;97306;4424;N104;oui;
2026-09-26T10:21:45;G-055-020;grille;RIS;impose_ouest;itineraire;OK;74905;1380;76285;3510;A10;oui;
2026-09-26T10:21:45;G-055-015;grille;RIS;acces_impose;itineraire;OK;79054;1380;80434;3769;A10;oui;
2026-09-26T10:21:45;G-055-015;grille;RIS;impose_est;itineraire;OK;100075;1380;101455;4683;N104;oui;
2026-09-26T10:21:46;G-055-015;grille;RIS;impose_ouest;itineraire;OK;79054;1380;80434;3769;A10;oui;
2026-09-26T10:21:46;G-055-010;grille;RIS;acces_impose;itineraire;OK;82186;1380;83566;4044;N12;oui;
2026-09-26T10:21:46;G-055-010;grille;RIS;impose_est;itineraire;OK;107542;1380;108922;5124;N12;oui;
2026-09-26T10:21:46;G-055-010;grille;RIS;impose_ouest;itineraire;OK;85218;1380;86598;4207;A10;oui;
2026-09-26T10:21:46;G-055-005;grille;RIS;acces_impose;itineraire;OK;76187;1380;77567;3528;N12;oui;
2026-09-26T10:21:47;G-055-005;grille;RIS;impose_est;itineraire;OK;101542;1380;102922;4608;N12;oui;
2026-09-26T10:21:47;G-055-005;grille;RIS;impose_ouest;itineraire;OK;88606;1380;89986;4032;A10;oui;
2026-09-26T10:21:47;G-055+000;grille;RIS;acces_impose;itineraire;OK;70716;1380;72096;3086;N12;oui;
2026-09-26T10:21:47;G-055+000;grille;RIS;impose_est;itineraire;OK;96071;1380;97451;4166;N12;oui;
2026-09-26T10:21:47;G-055+000;grille;RIS;impose_ouest;itineraire;OK;85492;1380;86872;3721;N12;oui;
2026-09-26T10:21:48;G-055+005;grille;RIS;acces_impose;itineraire;OK;74519;1380;75899;3432;N12;oui;
2026-09-26T10:21:48;G-055+005;grille;RIS;impose_est;itineraire;OK;99875;1380;101255;4512;N12;oui;
2026-09-26T10:21:48;G-055+005;grille;RIS;impose_ouest;itineraire;OK;89296;1380;90676;4067;N12;oui;
2026-09-26T10:21:48;G-055+010;grille;RIS;acces_impose;itineraire;OK;85720;1380;87100;3923;N12;oui;
2026-09-26T10:21:49;G-055+010;grille;RIS;impose_est;itineraire;OK;111075;1380;112455;5003;N12;oui;
2026-09-26T10:21:49;G-055+010;grille;RIS;impose_ouest;itineraire;OK;100496;1380;101876;4558;N12;oui;
2026-09-26T10:21:50;G-055+015;grille;RIS;acces_impose;itineraire;OK;86619;1380;87999;4034;A13;oui;
2026-09-26T10:21:50;G-055+015;grille;RIS;impose_est;itineraire;OK;111975;1380;113355;5114;A13;oui;
2026-09-26T10:21:50;G-055+015;grille;RIS;impose_ouest;itineraire;OK;101396;1380;102776;4669;A13;oui;
2026-09-26T10:21:50;G-055+020;grille;RIS;acces_impose;itineraire;OK;86756;1380;88136;4096;A13;oui;
2026-09-26T10:21:50;G-055+020;grille;RIS;impose_est;itineraire;OK;112111;1380;113491;5176;A13;oui;
2026-09-26T10:21:51;G-055+020;grille;RIS;impose_ouest;itineraire;OK;101532;1380;102912;4731;A13;oui;
2026-09-26T10:21:51;G-050-030;grille;RIS;acces_impose;itineraire;OK;65423;1380;66803;3047;A10 et N104;oui;
2026-09-26T10:21:51;G-050-030;grille;RIS;impose_est;itineraire;OK;86444;1380;87824;3961;A10 et N104;oui;
2026-09-26T10:21:51;G-050-030;grille;RIS;impose_ouest;itineraire;OK;65423;1380;66803;3047;A10 et N104;oui;
2026-09-26T10:21:51;G-050-025;grille;RIS;acces_impose;itineraire;OK;70348;1380;71728;3169;A10 et N104;oui;
2026-09-26T10:21:51;G-050-025;grille;RIS;impose_est;itineraire;OK;91369;1380;92749;4083;N104;oui;
2026-09-26T10:21:52;G-050-025;grille;RIS;impose_ouest;itineraire;OK;70348;1380;71728;3169;A10 et N104;oui;
2026-09-26T10:21:52;G-050-020;grille;RIS;acces_impose;itineraire;OK;71026;1380;72406;3322;A10 et N104;oui;
2026-09-26T10:21:52;G-050-020;grille;RIS;impose_est;itineraire;OK;92047;1380;93427;4236;N104;oui;
2026-09-26T10:21:52;G-050-020;grille;RIS;impose_ouest;itineraire;OK;71026;1380;72406;3322;A10 et N104;oui;
2026-09-26T10:21:52;G-050-015;grille;RIS;acces_impose;itineraire;OK;78576;1380;79956;3996;A10;oui;
2026-09-26T10:21:52;G-050-015;grille;RIS;impose_est;itineraire;OK;99597;1380;100977;4910;N104;oui;
2026-09-26T10:21:53;G-050-015;grille;RIS;impose_ouest;itineraire;OK;78576;1380;79956;3996;A10;oui;
2026-09-26T10:21:53;G-050-010;grille;RIS;acces_impose;itineraire;OK;81163;1380;82543;3665;A10;oui;
2026-09-26T10:21:53;G-050-010;grille;RIS;impose_est;itineraire;OK;102184;1380;103564;4579;N104;oui;
2026-09-26T10:21:53;G-050-010;grille;RIS;impose_ouest;itineraire;OK;81163;1380;82543;3665;A10;oui;
2026-09-26T10:21:53;G-050-005;grille;RIS;acces_impose;itineraire;OK;71808;1380;73188;3922;N12;oui;
2026-09-26T10:21:54;G-050-005;grille;RIS;impose_est;itineraire;OK;97163;1380;98543;5002;N12;oui;
2026-09-26T10:21:54;G-050-005;grille;RIS;impose_ouest;itineraire;OK;84861;1380;86241;4365;A10;oui;
2026-09-26T10:21:54;G-050+000;grille;RIS;acces_impose;itineraire;OK;69193;1380;70573;3093;N12;oui;
2026-09-26T10:21:54;G-050+000;grille;RIS;impose_est;itineraire;OK;94548;1380;95928;4173;N12;oui;
2026-09-26T10:21:54;G-050+000;grille;RIS;impose_ouest;itineraire;OK;83969;1380;85349;3728;N12;oui;
2026-09-26T10:21:55;G-050+005;grille;RIS;acces_impose;itineraire;OK;67621;1380;69001;3456;N12;oui;
2026-09-26T10:21:55;G-050+005;grille;RIS;impose_est;itineraire;OK;92977;1380;94357;4536;N12;oui;
2026-09-26T10:21:55;G-050+005;grille;RIS;impose_ouest;itineraire;OK;82398;1380;83778;4091;N12;oui;
2026-09-26T10:21:55;G-050+010;grille;RIS;acces_impose;itineraire;OK;74862;1380;76242;3832;N12;oui;
2026-09-26T10:21:55;G-050+010;grille;RIS;impose_est;itineraire;OK;100217;1380;101597;4912;N12;oui;
2026-09-26T10:21:55;G-050+010;grille;RIS;impose_ouest;itineraire;OK;89638;1380;91018;4467;N12;oui;
2026-09-26T10:21:56;G-050+015;grille;RIS;acces_impose;itineraire;OK;76954;1380;78334;3853;N12;oui;
2026-09-26T10:21:56;G-050+015;grille;RIS;impose_est;itineraire;OK;102309;1380;103689;4933;N12;oui;
2026-09-26T10:21:56;G-050+015;grille;RIS;impose_ouest;itineraire;OK;91730;1380;93110;4488;N12;oui;
2026-09-26T10:21:57;G-050+020;grille;RIS;acces_impose;itineraire;OK;81312;1380;82692;3804;A13;oui;
2026-09-26T10:21:57;G-050+020;grille;RIS;impose_est;itineraire;OK;106668;1380;108048;4884;A13;oui;
2026-09-26T10:21:57;G-050+020;grille;RIS;impose_ouest;itineraire;OK;96089;1380;97469;4440;A13;oui;
2026-09-26T10:21:57;G-050+025;grille;RIS;acces_impose;itineraire;OK;85011;1380;86391;3821;A13;oui;
2026-09-26T10:21:57;G-050+025;grille;RIS;impose_est;itineraire;OK;110367;1380;111747;4901;A13;oui;
2026-09-26T10:21:58;G-050+025;grille;RIS;impose_ouest;itineraire;OK;99788;1380;101168;4456;A13;oui;
2026-09-26T10:21:58;G-050+030;grille;RIS;acces_impose;itineraire;OK;90816;1380;92196;4225;A13;oui;
2026-09-26T10:21:58;G-050+030;grille;RIS;impose_est;itineraire;OK;116172;1380;117552;5305;A13;oui;
2026-09-26T10:21:58;G-050+030;grille;RIS;impose_ouest;itineraire;OK;105593;1380;106973;4860;A13;oui;
2026-09-26T10:21:58;G-045-035;grille;RIS;acces_impose;itineraire;OK;64355;1380;65735;2854;A10 et N104;oui;
2026-09-26T10:21:59;G-045-035;grille;RIS;impose_est;itineraire;OK;85376;1380;86756;3768;A10 et N104;oui;
2026-09-26T10:21:59;G-045-035;grille;RIS;impose_ouest;itineraire;OK;64355;1380;65735;2854;A10 et N104;oui;
2026-09-26T10:21:59;G-045-030;grille;RIS;acces_impose;itineraire;OK;60299;1380;61679;2796;A10 et N104;oui;
2026-09-26T10:21:59;G-045-030;grille;RIS;impose_est;itineraire;OK;81320;1380;82700;3710;A10 et N104;oui;
2026-09-26T10:21:59;G-045-030;grille;RIS;impose_ouest;itineraire;OK;60299;1380;61679;2796;A10 et N104;oui;
2026-09-26T10:21:59;G-045-025;grille;RIS;acces_impose;itineraire;OK;65663;1380;67043;2887;A10 et N104;oui;
2026-09-26T10:22:00;G-045-025;grille;RIS;impose_est;itineraire;OK;86684;1380;88064;3801;A10 et N104;oui;
2026-09-26T10:22:00;G-045-025;grille;RIS;impose_ouest;itineraire;OK;65663;1380;67043;2887;A10 et N104;oui;
2026-09-26T10:22:00;G-045-020;grille;RIS;acces_impose;itineraire;OK;68073;1380;69453;2953;A10 et N104;oui;
2026-09-26T10:22:00;G-045-020;grille;RIS;impose_est;itineraire;OK;89094;1380;90474;3867;N104;oui;
2026-09-26T10:22:00;G-045-020;grille;RIS;impose_ouest;itineraire;OK;68073;1380;69453;2953;A10 et N104;oui;
2026-09-26T10:22:01;G-045-015;grille;RIS;acces_impose;itineraire;OK;73814;1380;75194;3454;A10;oui;
2026-09-26T10:22:01;G-045-015;grille;RIS;impose_est;itineraire;OK;94835;1380;96215;4368;N104;oui;
2026-09-26T10:22:01;G-045-015;grille;RIS;impose_ouest;itineraire;OK;73814;1380;75194;3454;A10;oui;
2026-09-26T10:22:01;G-045-010;grille;RIS;acces_impose;itineraire;OK;79095;1380;80475;3446;A10;oui;
2026-09-26T10:22:01;G-045-010;grille;RIS;impose_est;itineraire;OK;100116;1380;101496;4360;N104;oui;
2026-09-26T10:22:01;G-045-010;grille;RIS;impose_ouest;itineraire;OK;79095;1380;80475;3446;A10;oui;
2026-09-26T10:22:02;G-045-005;grille;RIS;acces_impose;itineraire;OK;70215;1380;71595;3610;N12;oui;
2026-09-26T10:22:02;G-045-005;grille;RIS;impose_est;itineraire;OK;95570;1380;96950;4690;N12;oui;
2026-09-26T10:22:02;G-045-005;grille;RIS;impose_ouest;itineraire;OK;83971;1380;85351;3870;A10;oui;
2026-09-26T10:22:02;G-045+000;grille;RIS;acces_impose;itineraire;OK;61664;1380;63044;2897;N12;oui;
2026-09-26T10:22:02;G-045+000;grille;RIS;impose_est;itineraire;OK;87019;1380;88399;3977;N12;oui;
2026-09-26T10:22:03;G-045+000;grille;RIS;impose_ouest;itineraire;OK;76440;1380;77820;3532;N12;oui;
2026-09-26T10:22:03;G-045+005;grille;RIS;acces_impose;itineraire;OK;63705;1380;65085;2970;N12;oui;
2026-09-26T10:22:03;G-045+005;grille;RIS;impose_est;itineraire;OK;89060;1380;90440;4050;N12;oui;
2026-09-26T10:22:03;G-045+005;grille;RIS;impose_ouest;itineraire;OK;78481;1380;79861;3605;N12;oui;
2026-09-26T10:22:03;G-045+010;grille;RIS;acces_impose;itineraire;OK;69208;1380;70588;3486;N12;oui;
2026-09-26T10:22:04;G-045+010;grille;RIS;impose_est;itineraire;OK;94564;1380;95944;4566;N12;oui;
2026-09-26T10:22:04;G-045+010;grille;RIS;impose_ouest;itineraire;OK;83985;1380;85365;4121;N12;oui;
2026-09-26T10:22:04;G-045+015;grille;RIS;acces_impose;itineraire;OK;76311;1380;77691;4052;N12;oui;
2026-09-26T10:22:04;G-045+015;grille;RIS;impose_est;itineraire;OK;101667;1380;103047;5132;N12;oui;
2026-09-26T10:22:04;G-045+015;grille;RIS;impose_ouest;itineraire;OK;91088;1380;92468;4687;N12;oui;
2026-09-26T10:22:04;G-045+020;grille;RIS;acces_impose;itineraire;OK;73622;1380;75002;3515;A13 et A86;oui;
2026-09-26T10:22:05;G-045+020;grille;RIS;impose_est;itineraire;OK;98978;1380;100358;4595;A13;oui;
2026-09-26T10:22:05;G-045+020;grille;RIS;impose_ouest;itineraire;OK;88399;1380;89779;4150;A13;oui;
2026-09-26T10:22:05;G-045+025;grille;RIS;acces_impose;itineraire;OK;79656;1380;81036;3963;A13;oui;
2026-09-26T10:22:05;G-045+025;grille;RIS;impose_est;itineraire;OK;105011;1380;106391;5043;A13;oui;
2026-09-26T10:22:05;G-045+025;grille;RIS;impose_ouest;itineraire;OK;94432;1380;95812;4598;A13;oui;
2026-09-26T10:22:06;G-045+030;grille;RIS;acces_impose;itineraire;OK;93376;1380;94756;4422;A13;oui;
2026-09-26T10:22:06;G-045+030;grille;RIS;impose_est;itineraire;OK;118731;1380;120111;5502;A13;oui;
2026-09-26T10:22:06;G-045+030;grille;RIS;impose_ouest;itineraire;OK;108152;1380;109532;5058;A13;oui;
2026-09-26T10:22:06;G-045+035;grille;RIS;acces_impose;itineraire;OK;98047;1380;99427;4635;A13;oui;
2026-09-26T10:22:06;G-045+035;grille;RIS;impose_est;itineraire;OK;123403;1380;124783;5715;A13;oui;
2026-09-26T10:22:06;G-045+035;grille;RIS;impose_ouest;itineraire;OK;112824;1380;114204;5270;A13;oui;
2026-09-26T10:22:07;G-040-040;grille;RIS;acces_impose;itineraire;OK;65617;1380;66997;2867;A10 et N104;oui;
2026-09-26T10:22:07;G-040-040;grille;RIS;impose_est;itineraire;OK;86638;1380;88018;3781;A10 et N104;oui;
2026-09-26T10:22:07;G-040-040;grille;RIS;impose_ouest;itineraire;OK;65617;1380;66997;2867;A10 et N104;oui;
2026-09-26T10:22:07;G-040-035;grille;RIS;acces_impose;itineraire;OK;61980;1380;63360;2619;A10 et N104;oui;
2026-09-26T10:22:07;G-040-035;grille;RIS;impose_est;itineraire;OK;83002;1380;84382;3533;A10 et N104;oui;
2026-09-26T10:22:07;G-040-035;grille;RIS;impose_ouest;itineraire;OK;61980;1380;63360;2619;A10 et N104;oui;
2026-09-26T10:22:08;G-040-030;grille;RIS;acces_impose;itineraire;OK;60546;1380;61926;2650;A10 et N104;oui;
2026-09-26T10:22:08;G-040-030;grille;RIS;impose_est;itineraire;OK;81567;1380;82947;3564;A10 et N104;oui;
2026-09-26T10:22:08;G-040-030;grille;RIS;impose_ouest;itineraire;OK;60546;1380;61926;2650;A10 et N104;oui;
2026-09-26T10:22:08;G-040-025;grille;RIS;acces_impose;itineraire;OK;55821;1380;57201;2852;A10 et N104;oui;
2026-09-26T10:22:08;G-040-025;grille;RIS;impose_est;itineraire;OK;76842;1380;78222;3766;N104;oui;
2026-09-26T10:22:08;G-040-025;grille;RIS;impose_ouest;itineraire;OK;55821;1380;57201;2852;A10 et N104;oui;
2026-09-26T10:22:09;G-040-020;grille;RIS;acces_impose;itineraire;OK;54677;1380;56057;2785;A10 et N104;oui;
2026-09-26T10:22:09;G-040-020;grille;RIS;impose_est;itineraire;OK;75698;1380;77078;3699;N104;oui;
2026-09-26T10:22:09;G-040-020;grille;RIS;impose_ouest;itineraire;OK;54677;1380;56057;2785;A10 et N104;oui;
2026-09-26T10:22:09;G-040-015;grille;RIS;acces_impose;itineraire;OK;57135;1380;58515;2950;A10 et N104;oui;
2026-09-26T10:22:09;G-040-015;grille;RIS;impose_est;itineraire;OK;78156;1380;79536;3864;N104;oui;
2026-09-26T10:22:10;G-040-015;grille;RIS;impose_ouest;itineraire;OK;57135;1380;58515;2950;A10 et N104;oui;
2026-09-26T10:22:10;G-040-010;grille;RIS;acces_impose;itineraire;OK;60618;1380;61998;3241;N10;oui;
2026-09-26T10:22:10;G-040-010;grille;RIS;impose_est;itineraire;OK;78613;1380;79993;4367;N104;oui;
2026-09-26T10:22:10;G-040-010;grille;RIS;impose_ouest;itineraire;OK;57592;1380;58972;3453;N104;oui;
2026-09-26T10:22:10;G-040-005;grille;RIS;acces_impose;itineraire;OK;60941;1380;62321;3237;N12;oui;
2026-09-26T10:22:10;G-040-005;grille;RIS;impose_est;itineraire;OK;86297;1380;87677;4317;A6;oui;
2026-09-26T10:22:11;G-040-005;grille;RIS;impose_ouest;itineraire;OK;83527;1380;84907;3686;N10 et A10;oui;
2026-09-26T10:22:11;G-040+000;grille;RIS;acces_impose;itineraire;OK;55502;1380;56882;2678;N12;oui;
2026-09-26T10:22:11;G-040+000;grille;RIS;impose_est;itineraire;OK;80857;1380;82237;3758;A6;oui;
2026-09-26T10:22:11;G-040+000;grille;RIS;impose_ouest;itineraire;OK;70278;1380;71658;3313;N12 et N104;oui;
2026-09-26T10:22:11;G-040+005;grille;RIS;acces_impose;itineraire;OK;57315;1380;58695;2986;N12;oui;
2026-09-26T10:22:11;G-040+005;grille;RIS;impose_est;itineraire;OK;82670;1380;84050;4066;A6;oui;
2026-09-26T10:22:12;G-040+005;grille;RIS;impose_ouest;itineraire;OK;72091;1380;73471;3621;N104;oui;
2026-09-26T10:22:12;G-040+010;grille;RIS;acces_impose;itineraire;OK;62317;1380;63697;3234;N12;oui;
2026-09-26T10:22:12;G-040+010;grille;RIS;impose_est;itineraire;OK;87672;1380;89052;4314;A6;oui;
2026-09-26T10:22:12;G-040+010;grille;RIS;impose_ouest;itineraire;OK;77093;1380;78473;3869;N104;oui;
2026-09-26T10:22:12;G-040+015;grille;RIS;acces_impose;itineraire;OK;67428;1380;68808;3488;N12;oui;
2026-09-26T10:22:13;G-040+015;grille;RIS;impose_est;itineraire;OK;92784;1380;94164;4568;A6;oui;
2026-09-26T10:22:13;G-040+015;grille;RIS;impose_ouest;itineraire;OK;82205;1380;83585;4123;N104;oui;
2026-09-26T10:22:13;G-040+020;grille;RIS;acces_impose;itineraire;OK;68100;1380;69480;3124;A13 et A86;oui;
2026-09-26T10:22:13;G-040+020;grille;RIS;impose_est;itineraire;OK;93456;1380;94836;4204;A13;oui;
2026-09-26T10:22:13;G-040+020;grille;RIS;impose_ouest;itineraire;OK;82877;1380;84257;3759;A13;oui;
2026-09-26T10:22:13;G-040+025;grille;RIS;acces_impose;itineraire;OK;72607;1380;73987;4239;A13 et A86;oui;
2026-09-26T10:22:14;G-040+025;grille;RIS;impose_est;itineraire;OK;97963;1380;99343;5319;A13;oui;
2026-09-26T10:22:14;G-040+025;grille;RIS;impose_ouest;itineraire;OK;87384;1380;88764;4874;A13;oui;
2026-09-26T10:22:14;G-040+030;grille;RIS;acces_impose;itineraire;OK;75804;1380;77184;4219;A13;oui;
2026-09-26T10:22:14;G-040+030;grille;RIS;impose_est;itineraire;OK;101160;1380;102540;5299;A13;oui;
2026-09-26T10:22:14;G-040+030;grille;RIS;impose_ouest;itineraire;OK;90581;1380;91961;4854;A13;oui;
2026-09-26T10:22:15;G-040+035;grille;RIS;acces_impose;itineraire;OK;95829;1380;97209;4380;A15 et A86;oui;
2026-09-26T10:22:15;G-040+035;grille;RIS;impose_est;itineraire;OK;121185;1380;122565;5460;A86;oui;
2026-09-26T10:22:15;G-040+035;grille;RIS;impose_ouest;itineraire;OK;110606;1380;111986;5015;A86;oui;
2026-09-26T10:22:15;G-040+040;grille;RIS;acces_impose;itineraire;OK;102681;1380;104061;4715;A15 et A86;oui;
2026-09-26T10:22:15;G-040+040;grille;RIS;impose_est;itineraire;OK;128037;1380;129417;5795;A86;oui;
2026-09-26T10:22:15;G-040+040;grille;RIS;impose_ouest;itineraire;OK;117458;1380;118838;5350;A86;oui;
2026-09-26T10:22:16;G-035-045;grille;RIS;acces_impose;itineraire;OK;71559;1380;72939;3229;A10 et N104;oui;
2026-09-26T10:22:16;G-035-045;grille;RIS;impose_est;itineraire;OK;92580;1380;93960;4143;A10 et N104;oui;
2026-09-26T10:22:16;G-035-045;grille;RIS;impose_ouest;itineraire;OK;71559;1380;72939;3229;A10 et N104;oui;
2026-09-26T10:22:16;G-035-040;grille;RIS;acces_impose;itineraire;OK;64671;1380;66051;2896;A10 et N104;oui;
2026-09-26T10:22:16;G-035-040;grille;RIS;impose_est;itineraire;OK;85692;1380;87072;3810;A10 et N104;oui;
2026-09-26T10:22:16;G-035-040;grille;RIS;impose_ouest;itineraire;OK;64671;1380;66051;2896;A10 et N104;oui;
2026-09-26T10:22:17;G-035-035;grille;RIS;acces_impose;itineraire;OK;62958;1380;64338;2859;A10 et N104;oui;
2026-09-26T10:22:17;G-035-035;grille;RIS;impose_est;itineraire;OK;83979;1380;85359;3773;A10 et N104;oui;
2026-09-26T10:22:17;G-035-035;grille;RIS;impose_ouest;itineraire;OK;62958;1380;64338;2859;A10 et N104;oui;
2026-09-26T10:22:17;G-035-030;grille;RIS;acces_impose;itineraire;OK;52907;1380;54287;2609;A10 et N104;oui;
2026-09-26T10:22:17;G-035-030;grille;RIS;impose_est;itineraire;OK;73928;1380;75308;3523;N104;oui;
2026-09-26T10:22:18;G-035-030;grille;RIS;impose_ouest;itineraire;OK;52907;1380;54287;2609;A10 et N104;oui;
2026-09-26T10:22:18;G-035-025;grille;RIS;acces_impose;itineraire;OK;47344;1380;48724;2173;A10 et N104;oui;
2026-09-26T10:22:18;G-035-025;grille;RIS;impose_est;itineraire;OK;68365;1380;69745;3087;N104;oui;
2026-09-26T10:22:19;G-035-025;grille;RIS;impose_ouest;itineraire;OK;47344;1380;48724;2173;A10 et N104;oui;
2026-09-26T10:22:19;G-035-020;grille;RIS;acces_impose;itineraire;OK;47951;1380;49331;2257;A10 et N104;oui;
2026-09-26T10:22:19;G-035-020;grille;RIS;impose_est;itineraire;OK;68972;1380;70352;3171;N104;oui;
2026-09-26T10:22:20;G-035-020;grille;RIS;impose_ouest;itineraire;OK;47951;1380;49331;2257;A10 et N104;oui;
2026-09-26T10:22:20;G-035-015;grille;RIS;acces_impose;itineraire;OK;54486;1380;55866;2904;A10 et N104;oui;
2026-09-26T10:22:20;G-035-015;grille;RIS;impose_est;itineraire;OK;75507;1380;76887;3818;N104;oui;
2026-09-26T10:22:20;G-035-015;grille;RIS;impose_ouest;itineraire;OK;54486;1380;55866;2904;A10 et N104;oui;
2026-09-26T10:22:20;G-035-010;grille;RIS;acces_impose;itineraire;OK;50719;1380;52099;3001;N104;oui;
2026-09-26T10:22:20;G-035-010;grille;RIS;impose_est;itineraire;OK;71740;1380;73120;3915;N104;oui;
2026-09-26T10:22:21;G-035-010;grille;RIS;impose_ouest;itineraire;OK;50719;1380;52099;3001;N104;oui;
2026-09-26T10:22:21;G-035-005;grille;RIS;acces_impose;itineraire;OK;54249;1380;55629;2846;A86;oui;
2026-09-26T10:22:21;G-035-005;grille;RIS;impose_est;itineraire;OK;79604;1380;80984;3926;A6;oui;
2026-09-26T10:22:21;G-035-005;grille;RIS;impose_ouest;itineraire;OK;54781;1380;56161;3437;N104;oui;
2026-09-26T10:22:21;G-035+000;grille;RIS;acces_impose;itineraire;OK;51649;1380;53029;2657;N12 et A86;oui;
2026-09-26T10:22:22;G-035+000;grille;RIS;impose_est;itineraire;OK;77005;1380;78385;3737;A6;oui;
2026-09-26T10:22:22;G-035+000;grille;RIS;impose_ouest;itineraire;OK;66426;1380;67806;3292;N104;oui;
2026-09-26T10:22:22;G-035+005;grille;RIS;acces_impose;itineraire;OK;54061;1380;55441;2734;N12;oui;
2026-09-26T10:22:22;G-035+005;grille;RIS;impose_est;itineraire;OK;79417;1380;80797;3814;A6;oui;
2026-09-26T10:22:22;G-035+005;grille;RIS;impose_ouest;itineraire;OK;68838;1380;70218;3369;N104;oui;
2026-09-26T10:22:22;G-035+010;grille;RIS;acces_impose;itineraire;OK;58637;1380;60017;2846;N12;oui;
2026-09-26T10:22:23;G-035+010;grille;RIS;impose_est;itineraire;OK;83992;1380;85372;3926;A6;oui;
2026-09-26T10:22:23;G-035+010;grille;RIS;impose_ouest;itineraire;OK;73413;1380;74793;3481;N104;oui;
2026-09-26T10:22:23;G-035+015;grille;RIS;acces_impose;itineraire;OK;61990;1380;63370;3300;A13 et A86;oui;
2026-09-26T10:22:23;G-035+015;grille;RIS;impose_est;itineraire;OK;87346;1380;88726;4380;A6;oui;
2026-09-26T10:22:23;G-035+015;grille;RIS;impose_ouest;itineraire;OK;76767;1380;78147;3935;N104;oui;
2026-09-26T10:22:24;G-035+020;grille;RIS;acces_impose;itineraire;OK;64571;1380;65951;3119;A13 et A86;oui;
2026-09-26T10:22:24;G-035+020;grille;RIS;impose_est;itineraire;OK;89926;1380;91306;4199;A13;oui;
2026-09-26T10:22:24;G-035+020;grille;RIS;impose_ouest;itineraire;OK;79347;1380;80727;3754;A13;oui;
2026-09-26T10:22:24;G-035+025;grille;RIS;acces_impose;itineraire;OK;71454;1380;72834;3918;A13 et A86;oui;
2026-09-26T10:22:24;G-035+025;grille;RIS;impose_est;itineraire;OK;96809;1380;98189;4998;A13;oui;
2026-09-26T10:22:25;G-035+025;grille;RIS;impose_ouest;itineraire;OK;86230;1380;87610;4553;A13;oui;
2026-09-26T10:22:25;G-035+030;grille;RIS;acces_impose;itineraire;OK;76945;1380;78325;4253;A13;oui;
2026-09-26T10:22:25;G-035+030;grille;RIS;impose_est;itineraire;OK;102301;1380;103681;5333;A13;oui;
2026-09-26T10:22:25;G-035+030;grille;RIS;impose_ouest;itineraire;OK;91722;1380;93102;4888;A13;oui;
2026-09-26T10:22:25;G-035+035;grille;RIS;acces_impose;itineraire;OK;94564;1380;95944;4361;A15 et A86;oui;
2026-09-26T10:22:26;G-035+035;grille;RIS;impose_est;itineraire;OK;119920;1380;121300;5441;A86;oui;
2026-09-26T10:22:26;G-035+035;grille;RIS;impose_ouest;itineraire;OK;109341;1380;110721;4996;A86;oui;
2026-09-26T10:22:26;G-035+040;grille;RIS;acces_impose;itineraire;OK;97112;1380;98492;4815;A86;oui;
2026-09-26T10:22:26;G-035+040;grille;RIS;impose_est;itineraire;OK;122467;1380;123847;5895;A86;oui;
2026-09-26T10:22:26;G-035+040;grille;RIS;impose_ouest;itineraire;OK;111888;1380;113268;5450;A86;oui;
2026-09-26T10:22:27;G-035+045;grille;RIS;acces_impose;itineraire;OK;101768;1380;103148;5102;A86;oui;
2026-09-26T10:22:27;G-035+045;grille;RIS;impose_est;itineraire;OK;127123;1380;128503;6182;A86;oui;
2026-09-26T10:22:27;G-035+045;grille;RIS;impose_ouest;itineraire;OK;116544;1380;117924;5738;A86;oui;
2026-09-26T10:22:27;G-030-050;grille;RIS;acces_impose;itineraire;OK;57807;1380;59187;3036;N20;oui;
2026-09-26T10:22:27;G-030-050;grille;RIS;impose_est;itineraire;OK;78828;1380;80208;3950;N20 et N104;oui;
2026-09-26T10:22:28;G-030-050;grille;RIS;impose_ouest;itineraire;OK;57807;1380;59187;3036;N20;oui;
2026-09-26T10:22:28;G-030-045;grille;RIS;acces_impose;itineraire;OK;56445;1380;57825;2879;N20;oui;
2026-09-26T10:22:28;G-030-045;grille;RIS;impose_est;itineraire;OK;77466;1380;78846;3793;N20 et N104;oui;
2026-09-26T10:22:28;G-030-045;grille;RIS;impose_ouest;itineraire;OK;56445;1380;57825;2879;N20;oui;
2026-09-26T10:22:28;G-030-040;grille;RIS;acces_impose;itineraire;OK;70295;1380;71675;3068;A10 et N104;oui;
2026-09-26T10:22:28;G-030-040;grille;RIS;impose_est;itineraire;OK;91316;1380;92696;3982;A10 et N104;oui;
2026-09-26T10:22:29;G-030-040;grille;RIS;impose_ouest;itineraire;OK;70295;1380;71675;3068;A10 et N104;oui;
2026-09-26T10:22:29;G-030-035;grille;RIS;acces_impose;itineraire;OK;55606;1380;56986;2872;A10 et N104;oui;
2026-09-26T10:22:29;G-030-035;grille;RIS;impose_est;itineraire;OK;76627;1380;78007;3786;N104;oui;
2026-09-26T10:22:29;G-030-035;grille;RIS;impose_ouest;itineraire;OK;55606;1380;56986;2872;A10 et N104;oui;
2026-09-26T10:22:29;G-030-030;grille;RIS;acces_impose;itineraire;OK;48986;1380;50366;2415;A10 et N104;oui;
2026-09-26T10:22:29;G-030-030;grille;RIS;impose_est;itineraire;OK;70007;1380;71387;3329;N104;oui;
2026-09-26T10:22:30;G-030-030;grille;RIS;impose_ouest;itineraire;OK;48986;1380;50366;2415;A10 et N104;oui;
2026-09-26T10:22:30;G-030-025;grille;RIS;acces_impose;itineraire;OK;44795;1380;46175;2189;A10 et N104;oui;
2026-09-26T10:22:30;G-030-025;grille;RIS;impose_est;itineraire;OK;65816;1380;67196;3103;N104;oui;
2026-09-26T10:22:30;G-030-025;grille;RIS;impose_ouest;itineraire;OK;44795;1380;46175;2189;A10 et N104;oui;
2026-09-26T10:22:30;G-030-020;grille;RIS;acces_impose;itineraire;OK;47141;1380;48521;2264;A10 et N104;oui;
2026-09-26T10:22:30;G-030-020;grille;RIS;impose_est;itineraire;OK;68162;1380;69542;3178;N104;oui;
2026-09-26T10:22:31;G-030-020;grille;RIS;impose_ouest;itineraire;OK;47141;1380;48521;2264;A10 et N104;oui;
2026-09-26T10:22:31;G-030-015;grille;RIS;acces_impose;itineraire;OK;42588;1380;43968;2577;N104;oui;
2026-09-26T10:22:31;G-030-015;grille;RIS;impose_est;itineraire;OK;63609;1380;64989;3491;N104;oui;
2026-09-26T10:22:31;G-030-015;grille;RIS;impose_ouest;itineraire;OK;42588;1380;43968;2577;N104;oui;
2026-09-26T10:22:31;G-030-010;grille;RIS;acces_impose;itineraire;OK;46722;1380;48102;2775;N104;oui;
2026-09-26T10:22:32;G-030-010;grille;RIS;impose_est;itineraire;OK;67743;1380;69123;3689;N104;oui;
2026-09-26T10:22:32;G-030-010;grille;RIS;impose_ouest;itineraire;OK;46722;1380;48102;2775;N104;oui;
2026-09-26T10:22:32;G-030-005;grille;RIS;acces_impose;itineraire;OK;49443;1380;50823;3030;A86;oui;
2026-09-26T10:22:32;G-030-005;grille;RIS;impose_est;itineraire;OK;74799;1380;76179;4110;A6;oui;
2026-09-26T10:22:33;G-030-005;grille;RIS;impose_ouest;itineraire;OK;49708;1380;51088;3323;N104;oui;
2026-09-26T10:22:33;G-030+000;grille;RIS;acces_impose;itineraire;OK;48221;1380;49601;2645;A86;oui;
2026-09-26T10:22:33;G-030+000;grille;RIS;impose_est;itineraire;OK;73576;1380;74956;3725;A6;oui;
2026-09-26T10:22:33;G-030+000;grille;RIS;impose_ouest;itineraire;OK;62998;1380;64378;3280;N104;oui;
2026-09-26T10:22:33;G-030+005;grille;RIS;acces_impose;itineraire;OK;56037;1380;57417;2782;N12;oui;
2026-09-26T10:22:33;G-030+005;grille;RIS;impose_est;itineraire;OK;81393;1380;82773;3862;A6;oui;
2026-09-26T10:22:34;G-030+005;grille;RIS;impose_ouest;itineraire;OK;70814;1380;72194;3417;N104;oui;
2026-09-26T10:22:34;G-030+010;grille;RIS;acces_impose;itineraire;OK;60981;1380;62361;3090;N12;oui;
2026-09-26T10:22:34;G-030+010;grille;RIS;impose_est;itineraire;OK;86337;1380;87717;4170;A6;oui;
2026-09-26T10:22:34;G-030+010;grille;RIS;impose_ouest;itineraire;OK;75758;1380;77138;3726;N104;oui;
2026-09-26T10:22:34;G-030+015;grille;RIS;acces_impose;itineraire;OK;57341;1380;58721;2938;A13 et A86;oui;
2026-09-26T10:22:35;G-030+015;grille;RIS;impose_est;itineraire;OK;82697;1380;84077;4018;A6;oui;
2026-09-26T10:22:35;G-030+015;grille;RIS;impose_ouest;itineraire;OK;72118;1380;73498;3573;N104;oui;
2026-09-26T10:22:35;G-030+020;grille;RIS;acces_impose;itineraire;OK;65598;1380;66978;3446;A86;oui;
2026-09-26T10:22:35;G-030+020;grille;RIS;impose_est;itineraire;OK;90954;1380;92334;4526;A6;oui;
2026-09-26T10:22:35;G-030+020;grille;RIS;impose_ouest;itineraire;OK;80375;1380;81755;4081;N104;oui;
2026-09-26T10:22:35;G-030+025;grille;RIS;acces_impose;itineraire;OK;72052;1380;73432;4442;A86;oui;
2026-09-26T10:22:36;G-030+025;grille;RIS;impose_est;itineraire;OK;97407;1380;98787;5522;A6;oui;
2026-09-26T10:22:36;G-030+025;grille;RIS;impose_ouest;itineraire;OK;86828;1380;88208;5077;N104;oui;
2026-09-26T10:22:36;G-030+030;grille;RIS;acces_impose;itineraire;OK;84226;1380;85606;4024;A15 et A86;oui;
2026-09-26T10:22:36;G-030+030;grille;RIS;impose_est;itineraire;OK;109582;1380;110962;5104;A86;oui;
2026-09-26T10:22:36;G-030+030;grille;RIS;impose_ouest;itineraire;OK;99003;1380;100383;4659;A15 et A86;oui;
2026-09-26T10:22:37;G-030+035;grille;RIS;acces_impose;itineraire;OK;89491;1380;90871;4458;A86;oui;
2026-09-26T10:22:37;G-030+035;grille;RIS;impose_est;itineraire;OK;114846;1380;116226;5538;A86;oui;
2026-09-26T10:22:37;G-030+035;grille;RIS;impose_ouest;itineraire;OK;104267;1380;105647;5093;A86;oui;
2026-09-26T10:22:37;G-030+040;grille;RIS;acces_impose;itineraire;OK;92760;1380;94140;4645;A86;oui;
2026-09-26T10:22:37;G-030+040;grille;RIS;impose_est;itineraire;OK;118115;1380;119495;5725;A86;oui;
2026-09-26T10:22:37;G-030+040;grille;RIS;impose_ouest;itineraire;OK;107536;1380;108916;5280;A86;oui;
2026-09-26T10:22:38;G-030+045;grille;RIS;acces_impose;itineraire;OK;100971;1380;102351;5335;A86;oui;
2026-09-26T10:22:38;G-030+045;grille;RIS;impose_est;itineraire;OK;135550;1380;136930;6236;N104;oui;
2026-09-26T10:22:38;G-030+045;grille;RIS;impose_ouest;itineraire;OK;115748;1380;117128;5970;A86;oui;
2026-09-26T10:22:38;G-030+050;grille;RIS;acces_impose;itineraire;OK;102838;1380;104218;5362;A86;oui;
2026-09-26T10:22:38;G-030+050;grille;RIS;impose_est;itineraire;OK;135881;1380;137261;6097;N104;oui;
2026-09-26T10:22:39;G-030+050;grille;RIS;impose_ouest;itineraire;OK;117615;1380;118995;5997;A86;oui;
2026-09-26T10:22:39;G-025-050;grille;RIS;acces_impose;itineraire;OK;55768;1380;57148;2785;N20;oui;
2026-09-26T10:22:39;G-025-050;grille;RIS;impose_est;itineraire;OK;76790;1380;78170;3699;N20 et N104;oui;
2026-09-26T10:22:39;G-025-050;grille;RIS;impose_ouest;itineraire;OK;55768;1380;57148;2785;N20;oui;
2026-09-26T10:22:39;G-025-045;grille;RIS;acces_impose;itineraire;OK;51507;1380;52887;2627;N20;oui;
2026-09-26T10:22:39;G-025-045;grille;RIS;impose_est;itineraire;OK;72528;1380;73908;3541;N20 et N104;oui;
2026-09-26T10:22:40;G-025-045;grille;RIS;impose_ouest;itineraire;OK;51507;1380;52887;2627;N20;oui;
2026-09-26T10:22:40;G-025-040;grille;RIS;acces_impose;itineraire;OK;48504;1380;49884;2778;N20;oui;
2026-09-26T10:22:40;G-025-040;grille;RIS;impose_est;itineraire;OK;69526;1380;70906;3692;N20 et N104;oui;
2026-09-26T10:22:40;G-025-040;grille;RIS;impose_ouest;itineraire;OK;48504;1380;49884;2778;N20;oui;
2026-09-26T10:22:40;G-025-035;grille;RIS;acces_impose;itineraire;OK;47711;1380;49091;2649;N20;oui;
2026-09-26T10:22:40;G-025-035;grille;RIS;impose_est;itineraire;OK;68732;1380;70112;3563;N20 et N104;oui;
2026-09-26T10:22:41;G-025-035;grille;RIS;impose_ouest;itineraire;OK;47711;1380;49091;2649;N20;oui;
2026-09-26T10:22:41;G-025-030;grille;RIS;acces_impose;itineraire;OK;40197;1380;41577;2475;N104;oui;
2026-09-26T10:22:41;G-025-030;grille;RIS;impose_est;itineraire;OK;61218;1380;62598;3389;N104;oui;
2026-09-26T10:22:41;G-025-030;grille;RIS;impose_ouest;itineraire;OK;40197;1380;41577;2475;N104;oui;
2026-09-26T10:22:41;G-025-025;grille;RIS;acces_impose;itineraire;OK;34918;1380;36298;2197;N104;oui;
2026-09-26T10:22:41;G-025-025;grille;RIS;impose_est;itineraire;OK;55939;1380;57319;3111;N104;oui;
2026-09-26T10:22:42;G-025-025;grille;RIS;impose_ouest;itineraire;OK;34918;1380;36298;2197;N104;oui;
2026-09-26T10:22:42;G-025-020;grille;RIS;acces_impose;itineraire;OK;37422;1380;38802;2394;N104;oui;
2026-09-26T10:22:42;G-025-020;grille;RIS;impose_est;itineraire;OK;58443;1380;59823;3308;N104;oui;
2026-09-26T10:22:42;G-025-020;grille;RIS;impose_ouest;itineraire;OK;37422;1380;38802;2394;N104;oui;
2026-09-26T10:22:42;G-025-015;grille;RIS;acces_impose;itineraire;OK;36748;1380;38128;1955;N104;oui;
2026-09-26T10:22:42;G-025-015;grille;RIS;impose_est;itineraire;OK;57769;1380;59149;2869;N104;oui;
2026-09-26T10:22:43;G-025-015;grille;RIS;impose_ouest;itineraire;OK;36748;1380;38128;1955;N104;oui;
2026-09-26T10:22:43;G-025-010;grille;RIS;acces_impose;itineraire;OK;40978;1380;42358;2456;N104;oui;
2026-09-26T10:22:43;G-025-010;grille;RIS;impose_est;itineraire;OK;62000;1380;63380;3370;N104;oui;
2026-09-26T10:22:43;G-025-010;grille;RIS;impose_ouest;itineraire;OK;40978;1380;42358;2456;N104;oui;
2026-09-26T10:22:43;G-025-005;grille;RIS;acces_impose;itineraire;OK;33240;1380;34620;2342;D36;oui;
2026-09-26T10:22:43;G-025-005;grille;RIS;impose_est;itineraire;OK;58596;1380;59976;3422;N104 et A6;oui;
2026-09-26T10:22:44;G-025-005;grille;RIS;impose_ouest;itineraire;OK;43198;1380;44578;2607;N104;oui;
2026-09-26T10:22:44;G-025+000;grille;RIS;acces_impose;itineraire;OK;41497;1380;42877;2106;A86 et A6;oui;
2026-09-26T10:22:44;G-025+000;grille;RIS;impose_est;itineraire;OK;66853;1380;68233;3186;A6;oui;
2026-09-26T10:22:44;G-025+000;grille;RIS;impose_ouest;itineraire;OK;56274;1380;57654;2741;N118 et N104;oui;
2026-09-26T10:22:44;G-025+005;grille;RIS;acces_impose;itineraire;OK;48658;1380;50038;2790;A86;oui;
2026-09-26T10:22:44;G-025+005;grille;RIS;impose_est;itineraire;OK;74013;1380;75393;3870;A86 et A6;oui;
2026-09-26T10:22:45;G-025+005;grille;RIS;impose_ouest;itineraire;OK;63434;1380;64814;3425;N104;oui;
2026-09-26T10:22:45;G-025+010;grille;RIS;acces_impose;itineraire;OK;52744;1380;54124;3124;A86;oui;
2026-09-26T10:22:45;G-025+010;grille;RIS;impose_est;itineraire;OK;78100;1380;79480;4204;A6;oui;
2026-09-26T10:22:45;G-025+010;grille;RIS;impose_ouest;itineraire;OK;67521;1380;68901;3759;N104;oui;
2026-09-26T10:22:45;G-025+015;grille;RIS;acces_impose;itineraire;OK;55177;1380;56557;3426;A86;oui;
2026-09-26T10:22:45;G-025+015;grille;RIS;impose_est;itineraire;OK;80533;1380;81913;4506;A86;oui;
2026-09-26T10:22:46;G-025+015;grille;RIS;impose_ouest;itineraire;OK;69954;1380;71334;4061;N104;oui;
2026-09-26T10:22:46;G-025+020;grille;RIS;acces_impose;itineraire;OK;61131;1380;62511;3818;A86;oui;
2026-09-26T10:22:46;G-025+020;grille;RIS;impose_est;itineraire;OK;86487;1380;87867;4898;A86;oui;
2026-09-26T10:22:46;G-025+020;grille;RIS;impose_ouest;itineraire;OK;75908;1380;77288;4453;N104;oui;
2026-09-26T10:22:46;G-025+025;grille;RIS;acces_impose;itineraire;OK;65481;1380;66861;3898;A86;oui;
2026-09-26T10:22:46;G-025+025;grille;RIS;impose_est;itineraire;OK;90836;1380;92216;4978;A86;oui;
2026-09-26T10:22:47;G-025+025;grille;RIS;impose_ouest;itineraire;OK;80257;1380;81637;4533;N104;oui;
2026-09-26T10:22:47;G-025+030;grille;RIS;acces_impose;itineraire;OK;80665;1380;82045;4120;A86;oui;
2026-09-26T10:22:47;G-025+030;grille;RIS;impose_est;itineraire;OK;106021;1380;107401;5200;A86;oui;
2026-09-26T10:22:47;G-025+030;grille;RIS;impose_ouest;itineraire;OK;95442;1380;96822;4755;A86;oui;
2026-09-26T10:22:47;G-025+035;grille;RIS;acces_impose;itineraire;OK;85144;1380;86524;4462;A86;oui;
2026-09-26T10:22:47;G-025+035;grille;RIS;impose_est;itineraire;OK;110500;1380;111880;5542;A86;oui;
2026-09-26T10:22:48;G-025+035;grille;RIS;impose_ouest;itineraire;OK;99921;1380;101301;5097;A86;oui;
2026-09-26T10:22:48;G-025+040;grille;RIS;acces_impose;itineraire;OK;93948;1380;95328;4750;A86;oui;
2026-09-26T10:22:48;G-025+040;grille;RIS;impose_est;itineraire;OK;119303;1380;120683;5830;A86;oui;
2026-09-26T10:22:48;G-025+040;grille;RIS;impose_ouest;itineraire;OK;108724;1380;110104;5386;A86;oui;
2026-09-26T10:22:48;G-025+045;grille;RIS;acces_impose;itineraire;OK;106080;1380;107460;5055;A86;oui;
2026-09-26T10:22:49;G-025+045;grille;RIS;impose_est;itineraire;OK;129986;1380;131366;5768;N104;oui;
2026-09-26T10:22:49;G-025+045;grille;RIS;impose_ouest;itineraire;OK;120857;1380;122237;5690;A86;oui;
2026-09-26T10:22:49;G-025+050;grille;RIS;acces_impose;itineraire;OK;105670;1380;107050;4944;A86;oui;
2026-09-26T10:22:49;G-025+050;grille;RIS;impose_est;itineraire;OK;129576;1380;130956;5657;N104;oui;
2026-09-26T10:22:49;G-025+050;grille;RIS;impose_ouest;itineraire;OK;120446;1380;121826;5579;A86;oui;
2026-09-26T10:22:50;G-020-055;grille;RIS;acces_impose;itineraire;OK;64021;1380;65401;3345;N20;oui;
2026-09-26T10:22:50;G-020-055;grille;RIS;impose_est;itineraire;OK;85042;1380;86422;4259;N20 et N104;oui;
2026-09-26T10:22:50;G-020-055;grille;RIS;impose_ouest;itineraire;OK;64021;1380;65401;3345;N20;oui;
2026-09-26T10:22:50;G-020-050;grille;RIS;acces_impose;itineraire;OK;52212;1380;53592;2954;N20;oui;
2026-09-26T10:22:50;G-020-050;grille;RIS;impose_est;itineraire;OK;73233;1380;74613;3868;N20 et N104;oui;
2026-09-26T10:22:51;G-020-050;grille;RIS;impose_ouest;itineraire;OK;52212;1380;53592;2954;N20;oui;
2026-09-26T10:22:51;G-020-045;grille;RIS;acces_impose;itineraire;OK;46778;1380;48158;2458;N20;oui;
2026-09-26T10:22:51;G-020-045;grille;RIS;impose_est;itineraire;OK;67799;1380;69179;3372;N20 et N104;oui;
2026-09-26T10:22:51;G-020-045;grille;RIS;impose_ouest;itineraire;OK;46778;1380;48158;2458;N20;oui;
2026-09-26T10:22:51;G-020-040;grille;RIS;acces_impose;itineraire;OK;43420;1380;44800;2399;N20;oui;
2026-09-26T10:22:51;G-020-040;grille;RIS;impose_est;itineraire;OK;64441;1380;65821;3313;N20 et N104;oui;
2026-09-26T10:22:52;G-020-040;grille;RIS;impose_ouest;itineraire;OK;43420;1380;44800;2399;N20;oui;
2026-09-26T10:22:52;G-020-035;grille;RIS;acces_impose;itineraire;OK;42100;1380;43480;2443;N20 et N104;oui;
2026-09-26T10:22:52;G-020-035;grille;RIS;impose_est;itineraire;OK;63121;1380;64501;3357;N20 et N104;oui;
2026-09-26T10:22:52;G-020-035;grille;RIS;impose_ouest;itineraire;OK;42100;1380;43480;2443;N20 et N104;oui;
2026-09-26T10:22:52;G-020-030;grille;RIS;acces_impose;itineraire;OK;35071;1380;36451;2243;N20 et N104;oui;
2026-09-26T10:22:52;G-020-030;grille;RIS;impose_est;itineraire;OK;56092;1380;57472;3157;N104;oui;
2026-09-26T10:22:53;G-020-030;grille;RIS;impose_ouest;itineraire;OK;35071;1380;36451;2243;N20 et N104;oui;
2026-09-26T10:22:53;G-020-025;grille;RIS;acces_impose;itineraire;OK;32214;1380;33594;2064;N104;oui;
2026-09-26T10:22:53;G-020-025;grille;RIS;impose_est;itineraire;OK;53235;1380;54615;2978;N104;oui;
2026-09-26T10:22:53;G-020-025;grille;RIS;impose_ouest;itineraire;OK;32214;1380;33594;2064;N104;oui;
2026-09-26T10:22:53;G-020-020;grille;RIS;acces_impose;itineraire;OK;30447;1380;31827;1963;N104;oui;
2026-09-26T10:22:53;G-020-020;grille;RIS;impose_est;itineraire;OK;51468;1380;52848;2877;N104;oui;
2026-09-26T10:22:53;G-020-020;grille;RIS;impose_ouest;itineraire;OK;30447;1380;31827;1963;N104;oui;
2026-09-26T10:22:54;G-020-015;grille;RIS;acces_impose;itineraire;OK;35320;1380;36700;1961;N104;oui;
2026-09-26T10:22:54;G-020-015;grille;RIS;impose_est;itineraire;OK;56341;1380;57721;2875;N104;oui;
2026-09-26T10:22:54;G-020-015;grille;RIS;impose_ouest;itineraire;OK;35320;1380;36700;1961;N104;oui;
2026-09-26T10:22:54;G-020-010;grille;RIS;acces_impose;itineraire;OK;27612;1380;28992;1743;A6;oui;
2026-09-26T10:22:54;G-020-010;grille;RIS;impose_est;itineraire;OK;52968;1380;54348;2823;N104 et A6;oui;
2026-09-26T10:22:55;G-020-010;grille;RIS;impose_ouest;itineraire;OK;33356;1380;34736;2092;N104;oui;
2026-09-26T10:22:55;G-020-005;grille;RIS;acces_impose;itineraire;OK;26800;1380;28180;1903;A6;oui;
2026-09-26T10:22:55;G-020-005;grille;RIS;impose_est;itineraire;OK;57777;1380;59157;3034;N104;oui;
2026-09-26T10:22:55;G-020-005;grille;RIS;impose_ouest;itineraire;OK;36756;1380;38136;2120;N104;oui;
2026-09-26T10:22:55;G-020+000;grille;RIS;acces_impose;itineraire;OK;33861;1380;35241;1696;A86 et A6;oui;
2026-09-26T10:22:55;G-020+000;grille;RIS;impose_est;itineraire;OK;59217;1380;60597;2776;A6;oui;
2026-09-26T10:22:56;G-020+000;grille;RIS;impose_ouest;itineraire;OK;48638;1380;50018;2331;N118 et N104;oui;
2026-09-26T10:22:56;G-020+005;grille;RIS;acces_impose;itineraire;OK;39731;1380;41111;2096;A86 et A6;oui;
2026-09-26T10:22:56;G-020+005;grille;RIS;impose_est;itineraire;OK;65087;1380;66467;3176;A86 et A6;oui;
2026-09-26T10:22:56;G-020+005;grille;RIS;impose_ouest;itineraire;OK;54508;1380;55888;2731;N118 et N104;oui;
2026-09-26T10:22:56;G-020+010;grille;RIS;acces_impose;itineraire;OK;46495;1380;47875;2582;A86 et A6;oui;
2026-09-26T10:22:56;G-020+010;grille;RIS;impose_est;itineraire;OK;71850;1380;73230;3662;A86 et A6;oui;
2026-09-26T10:22:57;G-020+010;grille;RIS;impose_ouest;itineraire;OK;61271;1380;62651;3217;N104;oui;
2026-09-26T10:22:57;G-020+015;grille;RIS;acces_impose;itineraire;OK;52108;1380;53488;3183;A86;oui;
2026-09-26T10:22:57;G-020+015;grille;RIS;impose_est;itineraire;OK;77464;1380;78844;4263;A86;oui;
2026-09-26T10:22:57;G-020+015;grille;RIS;impose_ouest;itineraire;OK;66885;1380;68265;3819;N104;oui;
2026-09-26T10:22:57;G-020+020;grille;RIS;acces_impose;itineraire;OK;59391;1380;60771;4045;A86;oui;
2026-09-26T10:22:57;G-020+020;grille;RIS;impose_est;itineraire;OK;84747;1380;86127;5125;A86;oui;
2026-09-26T10:22:58;G-020+020;grille;RIS;impose_ouest;itineraire;OK;74168;1380;75548;4680;N104;oui;
2026-09-26T10:22:58;G-020+025;grille;RIS;acces_impose;itineraire;OK;71839;1380;73219;3548;A86;oui;
2026-09-26T10:22:58;G-020+025;grille;RIS;impose_est;itineraire;OK;97195;1380;98575;4628;A86;oui;
2026-09-26T10:22:59;G-020+025;grille;RIS;impose_ouest;itineraire;OK;86616;1380;87996;4183;A86;oui;
2026-09-26T10:22:59;G-020+030;grille;RIS;acces_impose;itineraire;OK;79609;1380;80989;3884;A86;oui;
2026-09-26T10:22:59;G-020+030;grille;RIS;impose_est;itineraire;OK;104965;1380;106345;4964;A86;oui;
2026-09-26T10:23:00;G-020+030;grille;RIS;impose_ouest;itineraire;OK;94386;1380;95766;4519;A86;oui;
2026-09-26T10:23:00;G-020+035;grille;RIS;acces_impose;itineraire;OK;87948;1380;89328;4492;A86;oui;
2026-09-26T10:23:00;G-020+035;grille;RIS;impose_est;itineraire;OK;113303;1380;114683;5572;A86;oui;
2026-09-26T10:23:00;G-020+035;grille;RIS;impose_ouest;itineraire;OK;102724;1380;104104;5127;A86;oui;
2026-09-26T10:23:00;G-020+040;grille;RIS;acces_impose;itineraire;OK;93049;1380;94429;4811;A86;oui;
2026-09-26T10:23:01;G-020+040;grille;RIS;impose_est;itineraire;OK;118404;1380;119784;5891;A86;oui;
2026-09-26T10:23:01;G-020+040;grille;RIS;impose_ouest;itineraire;OK;107825;1380;109205;5446;A86;oui;
2026-09-26T10:23:01;G-020+045;grille;RIS;acces_impose;itineraire;OK;101595;1380;102975;4729;A86;oui;
2026-09-26T10:23:01;G-020+045;grille;RIS;impose_est;itineraire;OK;125501;1380;126881;5442;N104;oui;
2026-09-26T10:23:01;G-020+045;grille;RIS;impose_ouest;itineraire;OK;116372;1380;117752;5364;A86;oui;
2026-09-26T10:23:02;G-020+050;grille;RIS;acces_impose;itineraire;OK;104076;1380;105456;4846;A86;oui;
2026-09-26T10:23:02;G-020+050;grille;RIS;impose_est;itineraire;OK;127982;1380;129362;5559;N104;oui;
2026-09-26T10:23:02;G-020+050;grille;RIS;impose_ouest;itineraire;OK;118853;1380;120233;5481;A86;oui;
2026-09-26T10:23:02;G-020+055;grille;RIS;acces_impose;itineraire;OK;109494;1380;110874;5213;A86;oui;
2026-09-26T10:23:02;G-020+055;grille;RIS;impose_est;itineraire;OK;133401;1380;134781;5926;N104;oui;
2026-09-26T10:23:02;G-020+055;grille;RIS;impose_ouest;itineraire;OK;124271;1380;125651;5848;A86;oui;
2026-09-26T10:23:03;G-015-055;grille;RIS;acces_impose;itineraire;OK;57876;1380;59256;3097;N20;oui;
2026-09-26T10:23:03;G-015-055;grille;RIS;impose_est;itineraire;OK;77137;1380;78517;3815;A6;oui;
2026-09-26T10:23:03;G-015-055;grille;RIS;impose_ouest;itineraire;OK;57876;1380;59256;3097;N20;oui;
2026-09-26T10:23:03;G-015-050;grille;RIS;acces_impose;itineraire;OK;53931;1380;55311;2974;N20;oui;
2026-09-26T10:23:03;G-015-050;grille;RIS;impose_est;itineraire;OK;74952;1380;76332;3888;N20 et N104;oui;
2026-09-26T10:23:04;G-015-050;grille;RIS;impose_ouest;itineraire;OK;53931;1380;55311;2974;N20;oui;
2026-09-26T10:23:04;G-015-045;grille;RIS;acces_impose;itineraire;OK;48611;1380;49991;2606;N20;oui;
2026-09-26T10:23:04;G-015-045;grille;RIS;impose_est;itineraire;OK;69632;1380;71012;3520;N20 et N104;oui;
2026-09-26T10:23:04;G-015-045;grille;RIS;impose_ouest;itineraire;OK;48611;1380;49991;2606;N20;oui;
2026-09-26T10:23:04;G-015-040;grille;RIS;acces_impose;itineraire;OK;47805;1380;49185;2741;N20;oui;
2026-09-26T10:23:04;G-015-040;grille;RIS;impose_est;itineraire;OK;68826;1380;70206;3655;N20 et N104;oui;
2026-09-26T10:23:05;G-015-040;grille;RIS;impose_ouest;itineraire;OK;47805;1380;49185;2741;N20;oui;
2026-09-26T10:23:05;G-015-035;grille;RIS;acces_impose;itineraire;OK;39262;1380;40642;2320;N20 et N104;oui;
2026-09-26T10:23:05;G-015-035;grille;RIS;impose_est;itineraire;OK;60283;1380;61663;3234;N20 et N104;oui;
2026-09-26T10:23:05;G-015-035;grille;RIS;impose_ouest;itineraire;OK;39262;1380;40642;2320;N20 et N104;oui;
2026-09-26T10:23:05;G-015-030;grille;RIS;acces_impose;itineraire;OK;30220;1380;31600;1708;N20 et N104;oui;
2026-09-26T10:23:05;G-015-030;grille;RIS;impose_est;itineraire;OK;51241;1380;52621;2622;N104;oui;
2026-09-26T10:23:06;G-015-030;grille;RIS;impose_ouest;itineraire;OK;30220;1380;31600;1708;N20 et N104;oui;
2026-09-26T10:23:06;G-015-025;grille;RIS;acces_impose;itineraire;OK;26965;1380;28345;1580;N20 et N104;oui;
2026-09-26T10:23:06;G-015-025;grille;RIS;impose_est;itineraire;OK;47986;1380;49366;2494;N104;oui;
2026-09-26T10:23:06;G-015-025;grille;RIS;impose_ouest;itineraire;OK;26965;1380;28345;1580;N20 et N104;oui;
2026-09-26T10:23:06;G-015-020;grille;RIS;acces_impose;itineraire;OK;22927;1380;24307;1402;N104;oui;
2026-09-26T10:23:06;G-015-020;grille;RIS;impose_est;itineraire;OK;43948;1380;45328;2316;N104;oui;
2026-09-26T10:23:07;G-015-020;grille;RIS;impose_ouest;itineraire;OK;22927;1380;24307;1402;N104;oui;
2026-09-26T10:23:07;G-015-015;grille;RIS;acces_impose;itineraire;OK;24193;1380;25573;1836;N104;oui;
2026-09-26T10:23:07;G-015-015;grille;RIS;impose_est;itineraire;OK;45214;1380;46594;2750;N104;oui;
2026-09-26T10:23:07;G-015-015;grille;RIS;impose_ouest;itineraire;OK;24193;1380;25573;1836;N104;oui;
2026-09-26T10:23:07;G-015-010;grille;RIS;acces_impose;itineraire;OK;21662;1380;23042;1193;A6;oui;
2026-09-26T10:23:07;G-015-010;grille;RIS;impose_est;itineraire;OK;47017;1380;48397;2273;N104 et A6;oui;
2026-09-26T10:23:09;G-015-010;grille;RIS;impose_ouest;itineraire;OK;32714;1380;34094;1665;N104;oui;
2026-09-26T10:23:09;G-015-005;grille;RIS;acces_impose;itineraire;OK;21851;1380;23231;1451;A6;oui;
2026-09-26T10:23:10;G-015-005;grille;RIS;impose_est;itineraire;OK;47206;1380;48586;2531;N104 et A6;oui;
2026-09-26T10:23:10;G-015-005;grille;RIS;impose_ouest;itineraire;OK;34729;1380;36109;2218;N20 et N104;oui;
2026-09-26T10:23:10;G-015+000;grille;RIS;acces_impose;itineraire;OK;30053;1380;31433;1766;A86 et A6;oui;
2026-09-26T10:23:10;G-015+000;grille;RIS;impose_est;itineraire;OK;55409;1380;56789;2846;N104 et A6;oui;
2026-09-26T10:23:10;G-015+000;grille;RIS;impose_ouest;itineraire;OK;44676;1380;46056;2346;N118 et N104;oui;
2026-09-26T10:23:10;G-015+005;grille;RIS;acces_impose;itineraire;OK;35752;1380;37132;2237;A6;oui;
2026-09-26T10:23:10;G-015+005;grille;RIS;impose_est;itineraire;OK;61108;1380;62488;3317;A6;oui;
2026-09-26T10:23:11;G-015+005;grille;RIS;impose_ouest;itineraire;OK;50375;1380;51755;2817;N118 et N104;oui;
2026-09-26T10:23:11;G-015+010;grille;RIS;acces_impose;itineraire;OK;40778;1380;42158;2765;A6;oui;
2026-09-26T10:23:11;G-015+010;grille;RIS;impose_est;itineraire;OK;66134;1380;67514;3845;A6;oui;
2026-09-26T10:23:11;G-015+010;grille;RIS;impose_ouest;itineraire;OK;55401;1380;56781;3345;N118 et N104;oui;
2026-09-26T10:23:11;G-015+015;grille;RIS;acces_impose;itineraire;OK;52051;1380;53431;2709;A86;oui;
2026-09-26T10:23:12;G-015+015;grille;RIS;impose_est;itineraire;OK;77407;1380;78787;3789;A86;oui;
2026-09-26T10:23:12;G-015+015;grille;RIS;impose_ouest;itineraire;OK;66828;1380;68208;3344;A86 et N104;oui;
2026-09-26T10:23:12;G-015+020;grille;RIS;acces_impose;itineraire;OK;57344;1380;58724;3513;A86;oui;
2026-09-26T10:23:12;G-015+020;grille;RIS;impose_est;itineraire;OK;82700;1380;84080;4593;A86;oui;
2026-09-26T10:23:12;G-015+020;grille;RIS;impose_ouest;itineraire;OK;72121;1380;73501;4148;A86 et N104;oui;
2026-09-26T10:23:12;G-015+025;grille;RIS;acces_impose;itineraire;OK;70426;1380;71806;3673;A86;oui;
2026-09-26T10:23:13;G-015+025;grille;RIS;impose_est;itineraire;OK;95781;1380;97161;4753;A86;oui;
2026-09-26T10:23:13;G-015+025;grille;RIS;impose_ouest;itineraire;OK;85202;1380;86582;4308;A86;oui;
2026-09-26T10:23:13;G-015+030;grille;RIS;acces_impose;itineraire;OK;78984;1380;80364;3793;A86;oui;
2026-09-26T10:23:13;G-015+030;grille;RIS;impose_est;itineraire;OK;109884;1380;111264;4737;N104;oui;
2026-09-26T10:23:13;G-015+030;grille;RIS;impose_ouest;itineraire;OK;93761;1380;95141;4428;A86;oui;
2026-09-26T10:23:13;G-015+035;grille;RIS;acces_impose;itineraire;OK;82853;1380;84233;4243;A86;oui;
2026-09-26T10:23:14;G-015+035;grille;RIS;impose_est;itineraire;OK;111546;1380;112926;5106;N104;oui;
2026-09-26T10:23:14;G-015+035;grille;RIS;impose_ouest;itineraire;OK;97630;1380;99010;4878;A86;oui;
2026-09-26T10:23:14;G-015+040;grille;RIS;acces_impose;itineraire;OK;93374;1380;94754;4939;A86;oui;
2026-09-26T10:23:14;G-015+040;grille;RIS;impose_est;itineraire;OK;117280;1380;118660;5652;N104;oui;
2026-09-26T10:23:14;G-015+040;grille;RIS;impose_ouest;itineraire;OK;108150;1380;109530;5574;A86;oui;
2026-09-26T10:23:15;G-015+045;grille;RIS;acces_impose;itineraire;OK;96542;1380;97922;4698;A86;oui;
2026-09-26T10:23:15;G-015+045;grille;RIS;impose_est;itineraire;OK;120449;1380;121829;5412;N104;oui;
2026-09-26T10:23:15;G-015+045;grille;RIS;impose_ouest;itineraire;OK;111319;1380;112699;5334;A86;oui;
2026-09-26T10:23:15;G-015+050;grille;RIS;acces_impose;itineraire;OK;100884;1380;102264;4775;A86;oui;
2026-09-26T10:23:15;G-015+050;grille;RIS;impose_est;itineraire;OK;124790;1380;126170;5488;N104;oui;
2026-09-26T10:23:16;G-015+050;grille;RIS;impose_ouest;itineraire;OK;115660;1380;117040;5410;A86;oui;
2026-09-26T10:23:16;G-015+055;grille;RIS;acces_impose;itineraire;OK;106094;1380;107474;5049;A86;oui;
2026-09-26T10:23:16;G-015+055;grille;RIS;impose_est;itineraire;OK;130000;1380;131380;5762;N104;oui;
2026-09-26T10:23:16;G-015+055;grille;RIS;impose_ouest;itineraire;OK;120871;1380;122251;5684;A86;oui;
2026-09-26T10:23:16;G-010-055;grille;RIS;acces_impose;itineraire;OK;57979;1380;59359;2952;A6;oui;
2026-09-26T10:23:17;G-010-055;grille;RIS;impose_est;itineraire;OK;71896;1380;73276;3603;A6;oui;
2026-09-26T10:23:17;G-010-055;grille;RIS;impose_ouest;itineraire;OK;60166;1380;61546;3339;N20;oui;
2026-09-26T10:23:17;G-010-050;grille;RIS;acces_impose;itineraire;OK;53786;1380;55166;2902;A6;oui;
2026-09-26T10:23:17;G-010-050;grille;RIS;impose_est;itineraire;OK;67702;1380;69082;3553;A6;oui;
2026-09-26T10:23:17;G-010-050;grille;RIS;impose_ouest;itineraire;OK;56090;1380;57470;3134;N20;oui;
2026-09-26T10:23:17;G-010-045;grille;RIS;acces_impose;itineraire;OK;50402;1380;51782;2775;A6;oui;
2026-09-26T10:23:18;G-010-045;grille;RIS;impose_est;itineraire;OK;64319;1380;65699;3426;A6;oui;
2026-09-26T10:23:18;G-010-045;grille;RIS;impose_ouest;itineraire;OK;55786;1380;57166;3101;N20;oui;
2026-09-26T10:23:18;G-010-040;grille;RIS;acces_impose;itineraire;OK;51161;1380;52541;2574;A6;oui;
2026-09-26T10:23:18;G-010-040;grille;RIS;impose_est;itineraire;OK;65078;1380;66458;3225;A6;oui;
2026-09-26T10:23:18;G-010-040;grille;RIS;impose_ouest;itineraire;OK;45338;1380;46718;2577;N20;oui;
2026-09-26T10:23:18;G-010-035;grille;RIS;acces_impose;itineraire;OK;31847;1380;33227;2282;D31;oui;
2026-09-26T10:23:19;G-010-035;grille;RIS;impose_est;itineraire;OK;52335;1380;53715;3008;N104;oui;
2026-09-26T10:23:19;G-010-035;grille;RIS;impose_ouest;itineraire;OK;41244;1380;42624;2412;N20 et N104;oui;
2026-09-26T10:23:19;G-010-030;grille;RIS;acces_impose;itineraire;OK;28191;1380;29571;1825;D19;oui;
2026-09-26T10:23:19;G-010-030;grille;RIS;impose_est;itineraire;OK;43072;1380;44452;2737;N104;oui;
2026-09-26T10:23:19;G-010-030;grille;RIS;impose_ouest;itineraire;OK;32871;1380;34251;1977;N104;oui;
2026-09-26T10:23:20;G-010-025;grille;RIS;acces_impose;itineraire;OK;23076;1380;24456;1592;D19;oui;
2026-09-26T10:23:20;G-010-025;grille;RIS;impose_est;itineraire;OK;44097;1380;45477;2506;N104;oui;
2026-09-26T10:23:20;G-010-025;grille;RIS;impose_ouest;itineraire;OK;27757;1380;29137;1744;N104;oui;
2026-09-26T10:23:20;G-010-020;grille;RIS;acces_impose;itineraire;OK;17522;1380;18902;1250;N104;oui;
2026-09-26T10:23:20;G-010-020;grille;RIS;impose_est;itineraire;OK;38543;1380;39923;2164;N104;oui;
2026-09-26T10:23:20;G-010-020;grille;RIS;impose_ouest;itineraire;OK;17522;1380;18902;1250;N104;oui;
2026-09-26T10:23:21;G-010-015;grille;RIS;acces_impose;itineraire;OK;19201;1380;20581;1397;N104;oui;
2026-09-26T10:23:21;G-010-015;grille;RIS;impose_est;itineraire;OK;40222;1380;41602;2311;N104;oui;
2026-09-26T10:23:21;G-010-015;grille;RIS;impose_ouest;itineraire;OK;19201;1380;20581;1397;N104;oui;
2026-09-26T10:23:21;G-010-010;grille;RIS;acces_impose;itineraire;OK;15103;1380;16483;1322;A6;oui;
2026-09-26T10:23:21;G-010-010;grille;RIS;impose_est;itineraire;OK;40459;1380;41839;2402;N104 et A6;oui;
2026-09-26T10:23:21;G-010-010;grille;RIS;impose_ouest;itineraire;OK;26604;1380;27984;1702;N20 et N104;oui;
2026-09-26T10:23:21;G-010-005;grille;RIS;acces_impose;itineraire;OK;20792;1380;22172;1492;A6;oui;
2026-09-26T10:23:22;G-010-005;grille;RIS;impose_est;itineraire;OK;46148;1380;47528;2572;N104 et A6;oui;
2026-09-26T10:23:22;G-010-005;grille;RIS;impose_ouest;itineraire;OK;40218;1380;41598;2259;N104;oui;
2026-09-26T10:23:22;G-010+000;grille;RIS;acces_impose;itineraire;OK;26700;1380;28080;1889;A6;oui;
2026-09-26T10:23:22;G-010+000;grille;RIS;impose_est;itineraire;OK;52056;1380;53436;2969;N104 et A6;oui;
2026-09-26T10:23:22;G-010+000;grille;RIS;impose_ouest;itineraire;OK;46535;1380;47915;2823;N118 et N104;oui;
2026-09-26T10:23:23;G-010+005;grille;RIS;acces_impose;itineraire;OK;30567;1380;31947;1758;A6a et A6;oui;
2026-09-26T10:23:23;G-010+005;grille;RIS;impose_est;itineraire;OK;55923;1380;57303;2838;N104 et A6;oui;
2026-09-26T10:23:23;G-010+005;grille;RIS;impose_ouest;itineraire;OK;49329;1380;50709;2605;A6 et N104;oui;
2026-09-26T10:23:23;G-010+010;grille;RIS;acces_impose;itineraire;OK;37875;1380;39255;2354;Blvd Périphérique, A6a et A6;oui;
2026-09-26T10:23:23;G-010+010;grille;RIS;impose_est;itineraire;OK;63231;1380;64611;3434;A6;oui;
2026-09-26T10:23:23;G-010+010;grille;RIS;impose_ouest;itineraire;OK;56637;1380;58017;3201;N104;oui;
2026-09-26T10:23:24;G-010+015;grille;RIS;acces_impose;itineraire;OK;57535;1380;58915;3147;A86;oui;
2026-09-26T10:23:24;G-010+015;grille;RIS;impose_est;itineraire;OK;82890;1380;84270;4227;A86;oui;
2026-09-26T10:23:24;G-010+015;grille;RIS;impose_ouest;itineraire;OK;72311;1380;73691;3783;A86 et N104;oui;
2026-09-26T10:23:24;G-010+020;grille;RIS;acces_impose;itineraire;OK;62692;1380;64072;3187;A86;oui;
2026-09-26T10:23:24;G-010+020;grille;RIS;impose_est;itineraire;OK;88047;1380;89427;4267;A86;oui;
2026-09-26T10:23:24;G-010+020;grille;RIS;impose_ouest;itineraire;OK;77468;1380;78848;3822;A86;oui;
2026-09-26T10:23:25;G-010+025;grille;RIS;acces_impose;itineraire;OK;67577;1380;68957;3896;A86;oui;
2026-09-26T10:23:25;G-010+025;grille;RIS;impose_est;itineraire;OK;92932;1380;94312;4976;A86;oui;
2026-09-26T10:23:25;G-010+025;grille;RIS;impose_ouest;itineraire;OK;82353;1380;83733;4531;A86;oui;
2026-09-26T10:23:25;G-010+030;grille;RIS;acces_impose;itineraire;OK;76393;1380;77773;3936;N104;oui;
2026-09-26T10:23:25;G-010+030;grille;RIS;impose_est;itineraire;OK;103731;1380;105111;4528;N104;oui;
2026-09-26T10:23:26;G-010+030;grille;RIS;impose_ouest;itineraire;OK;98814;1380;100194;4614;A86;oui;
2026-09-26T10:23:26;G-010+035;grille;RIS;acces_impose;itineraire;OK;84039;1380;85419;3994;A86;oui;
2026-09-26T10:23:26;G-010+035;grille;RIS;impose_est;itineraire;OK;106664;1380;108044;4639;N104;oui;
2026-09-26T10:23:26;G-010+035;grille;RIS;impose_ouest;itineraire;OK;98816;1380;100196;4629;A86;oui;
2026-09-26T10:23:26;G-010+040;grille;RIS;acces_impose;itineraire;OK;90326;1380;91706;4440;A86;oui;
2026-09-26T10:23:26;G-010+040;grille;RIS;impose_est;itineraire;OK;114232;1380;115612;5153;N104;oui;
2026-09-26T10:23:27;G-010+040;grille;RIS;impose_ouest;itineraire;OK;105102;1380;106482;5075;A86;oui;
2026-09-26T10:23:27;G-010+045;grille;RIS;acces_impose;itineraire;OK;98387;1380;99767;4818;A86;oui;
2026-09-26T10:23:27;G-010+045;grille;RIS;impose_est;itineraire;OK;122293;1380;123673;5531;N104;oui;
2026-09-26T10:23:27;G-010+045;grille;RIS;impose_ouest;itineraire;OK;113164;1380;114544;5453;A86;oui;
2026-09-26T10:23:27;G-010+050;grille;RIS;acces_impose;itineraire;OK;103713;1380;105093;5130;A86;oui;
2026-09-26T10:23:28;G-010+050;grille;RIS;impose_est;itineraire;OK;127619;1380;128999;5843;N104;oui;
2026-09-26T10:23:28;G-010+050;grille;RIS;impose_ouest;itineraire;OK;118489;1380;119869;5765;A86;oui;
2026-09-26T10:23:28;G-010+055;grille;RIS;acces_impose;itineraire;OK;110155;1380;111535;5532;A86;oui;
2026-09-26T10:23:29;G-010+055;grille;RIS;impose_est;itineraire;OK;134061;1380;135441;6245;N104;oui;
2026-09-26T10:23:29;G-010+055;grille;RIS;impose_ouest;itineraire;OK;124932;1380;126312;6167;A86;oui;
2026-09-26T10:23:29;G-005-055;grille;RIS;acces_impose;itineraire;OK;57284;1380;58664;3096;A6;oui;
2026-09-26T10:23:29;G-005-055;grille;RIS;impose_est;itineraire;OK;71201;1380;72581;3747;A6;oui;
2026-09-26T10:23:29;G-005-055;grille;RIS;impose_ouest;itineraire;OK;64369;1380;65749;3691;N20;oui;
2026-09-26T10:23:30;G-005-050;grille;RIS;acces_impose;itineraire;OK;50159;1380;51539;2517;A6;oui;
2026-09-26T10:23:30;G-005-050;grille;RIS;impose_est;itineraire;OK;64075;1380;65455;3168;A6;oui;
2026-09-26T10:23:30;G-005-050;grille;RIS;impose_ouest;itineraire;OK;58596;1380;59976;3141;D63 et N20;oui;
2026-09-26T10:23:30;G-005-045;grille;RIS;acces_impose;itineraire;OK;45627;1380;47007;2431;A6;oui;
2026-09-26T10:23:30;G-005-045;grille;RIS;impose_est;itineraire;OK;59544;1380;60924;3082;A6;oui;
2026-09-26T10:23:30;G-005-045;grille;RIS;impose_ouest;itineraire;OK;61251;1380;62631;3174;A6 et N104;oui;
2026-09-26T10:23:31;G-005-040;grille;RIS;acces_impose;itineraire;OK;38471;1380;39851;2461;D948 et A6;oui;
2026-09-26T10:23:31;G-005-040;grille;RIS;impose_est;itineraire;OK;52388;1380;53768;3112;N104;oui;
2026-09-26T10:23:31;G-005-040;grille;RIS;impose_ouest;itineraire;OK;44819;1380;46199;3147;N104;oui;
2026-09-26T10:23:31;G-005-035;grille;RIS;acces_impose;itineraire;OK;38236;1380;39616;2291;D83, D948 et A6;oui;
2026-09-26T10:23:31;G-005-035;grille;RIS;impose_est;itineraire;OK;52153;1380;53533;2942;N104;oui;
2026-09-26T10:23:31;G-005-035;grille;RIS;impose_ouest;itineraire;OK;40451;1380;41831;2760;N104;oui;
2026-09-26T10:23:32;G-005-030;grille;RIS;acces_impose;itineraire;OK;22930;1380;24310;1686;D31;oui;
2026-09-26T10:23:32;G-005-030;grille;RIS;impose_est;itineraire;OK;40829;1380;42209;2499;N104;oui;
2026-09-26T10:23:32;G-005-030;grille;RIS;impose_ouest;itineraire;OK;32080;1380;33460;2100;N104;oui;
2026-09-26T10:23:32;G-005-025;grille;RIS;acces_impose;itineraire;OK;16395;1380;17775;1138;D31;oui;
2026-09-26T10:23:32;G-005-025;grille;RIS;impose_est;itineraire;OK;34294;1380;35674;1951;N104;oui;
2026-09-26T10:23:32;G-005-025;grille;RIS;impose_ouest;itineraire;OK;25545;1380;26925;1552;N104;oui;
2026-09-26T10:23:33;G-005-020;grille;RIS;acces_impose;itineraire;OK;12669;1380;14049;979;D31;oui;
2026-09-26T10:23:33;G-005-020;grille;RIS;impose_est;itineraire;OK;33690;1380;35070;1893;N104;oui;
2026-09-26T10:23:33;G-005-020;grille;RIS;impose_ouest;itineraire;OK;20561;1380;21941;1323;N104;oui;
2026-09-26T10:23:33;G-005-015;grille;RIS;acces_impose;itineraire;OK;6822;1380;8202;833;Av. de la Première Armée Rhin et Danube/D310;oui;
2026-09-26T10:23:33;G-005-015;grille;RIS;impose_est;itineraire;OK;32409;1380;33789;1967;N104;oui;
2026-09-26T10:23:33;G-005-015;grille;RIS;impose_ouest;itineraire;OK;18235;1380;19615;1548;N104;oui;
2026-09-26T10:23:34;G-005-010;grille;RIS;acces_impose;itineraire;OK;11613;1380;12993;1108;A6;oui;
2026-09-26T10:23:34;G-005-010;grille;RIS;impose_est;itineraire;OK;36968;1380;38348;2188;N104 et A6;oui;
2026-09-26T10:23:34;G-005-010;grille;RIS;impose_ouest;itineraire;OK;30374;1380;31754;1956;N104;oui;
2026-09-26T10:23:34;G-005-005;grille;RIS;acces_impose;itineraire;OK;22020;1380;23400;1430;A6;oui;
2026-09-26T10:23:34;G-005-005;grille;RIS;impose_est;itineraire;OK;47376;1380;48756;2510;N104 et A6;oui;
2026-09-26T10:23:34;G-005-005;grille;RIS;impose_ouest;itineraire;OK;40782;1380;42162;2277;A6 et N104;oui;
2026-09-26T10:23:35;G-005+000;grille;RIS;acces_impose;itineraire;OK;26019;1380;27399;1749;A6B et A6;oui;
2026-09-26T10:23:35;G-005+000;grille;RIS;impose_est;itineraire;OK;51374;1380;52754;2829;N104 et A6;oui;
2026-09-26T10:23:35;G-005+000;grille;RIS;impose_ouest;itineraire;OK;44781;1380;46161;2596;A6 et N104;oui;
2026-09-26T10:23:35;G-005+005;grille;RIS;acces_impose;itineraire;OK;29048;1380;30428;2105;A6B et A6;oui;
2026-09-26T10:23:35;G-005+005;grille;RIS;impose_est;itineraire;OK;54403;1380;55783;3185;N104 et A6;oui;
2026-09-26T10:23:35;G-005+005;grille;RIS;impose_ouest;itineraire;OK;47810;1380;49190;2952;A6 et N104;oui;
2026-09-26T10:23:36;G-005+010;grille;RIS;acces_impose;itineraire;OK;36070;1380;37450;3072;A6B et A6;oui;
2026-09-26T10:23:36;G-005+010;grille;RIS;impose_est;itineraire;OK;61425;1380;62805;4152;A6;oui;
2026-09-26T10:23:36;G-005+010;grille;RIS;impose_ouest;itineraire;OK;54831;1380;56211;3919;N104;oui;
2026-09-26T10:23:36;G-005+015;grille;RIS;acces_impose;itineraire;OK;44229;1380;45609;2857;Blvd Périphérique et A6;oui;
2026-09-26T10:23:36;G-005+015;grille;RIS;impose_est;itineraire;OK;75373;1380;76753;3856;N104;oui;
2026-09-26T10:23:37;G-005+015;grille;RIS;impose_ouest;itineraire;OK;62991;1380;64371;3704;N104;oui;
2026-09-26T10:23:37;G-005+020;grille;RIS;acces_impose;itineraire;OK;49821;1380;51201;3783;Blvd Périphérique;oui;
2026-09-26T10:23:37;G-005+020;grille;RIS;impose_est;itineraire;OK;75177;1380;76557;4863;A6;oui;
2026-09-26T10:23:37;G-005+020;grille;RIS;impose_ouest;itineraire;OK;78292;1380;79672;4580;A86;oui;
2026-09-26T10:23:37;G-005+025;grille;RIS;acces_impose;itineraire;OK;55256;1380;56636;4283;Blvd Périphérique;oui;
2026-09-26T10:23:38;G-005+025;grille;RIS;impose_est;itineraire;OK;105928;1380;107308;4804;N104;oui;
2026-09-26T10:23:38;G-005+025;grille;RIS;impose_ouest;itineraire;OK;87914;1380;89294;4951;A86;oui;
2026-09-26T10:23:38;G-005+030;grille;RIS;acces_impose;itineraire;OK;71168;1380;72548;3783;A3;oui;
2026-09-26T10:23:38;G-005+030;grille;RIS;impose_est;itineraire;OK;98506;1380;99886;4375;N104;oui;
2026-09-26T10:23:38;G-005+030;grille;RIS;impose_ouest;itineraire;OK;89929;1380;91309;4630;N104;oui;
2026-09-26T10:23:39;G-005+035;grille;RIS;acces_impose;itineraire;OK;74438;1380;75818;4141;A3;oui;
2026-09-26T10:23:39;G-005+035;grille;RIS;impose_est;itineraire;OK;101776;1380;103156;4733;N104;oui;
2026-09-26T10:23:39;G-005+035;grille;RIS;impose_ouest;itineraire;OK;93200;1380;94580;4988;N104;oui;
2026-09-26T10:23:39;G-005+040;grille;RIS;acces_impose;itineraire;OK;84275;1380;85655;4661;A3;oui;
2026-09-26T10:23:39;G-005+040;grille;RIS;impose_est;itineraire;OK;111613;1380;112993;5252;N104;oui;
2026-09-26T10:23:40;G-005+040;grille;RIS;impose_ouest;itineraire;OK;109755;1380;111135;5489;A86;oui;
2026-09-26T10:23:40;G-005+045;grille;RIS;acces_impose;itineraire;OK;89853;1380;91233;5142;A3;oui;
2026-09-26T10:23:40;G-005+045;grille;RIS;impose_est;itineraire;OK;117191;1380;118571;5734;N104;oui;
2026-09-26T10:23:40;G-005+045;grille;RIS;impose_ouest;itineraire;OK;118849;1380;120229;5947;A86;oui;
2026-09-26T10:23:40;G-005+050;grille;RIS;acces_impose;itineraire;OK;108086;1380;109466;5563;A86;oui;
2026-09-26T10:23:40;G-005+050;grille;RIS;impose_est;itineraire;OK;131992;1380;133372;6276;N104;oui;
2026-09-26T10:23:41;G-005+050;grille;RIS;impose_ouest;itineraire;OK;122862;1380;124242;6198;A86;oui;
2026-09-26T10:23:41;G-005+055;grille;RIS;acces_impose;itineraire;OK;111451;1380;112831;5571;A86;oui;
2026-09-26T10:23:41;G-005+055;grille;RIS;impose_est;itineraire;OK;135357;1380;136737;6284;N104;oui;
2026-09-26T10:23:41;G-005+055;grille;RIS;impose_ouest;itineraire;OK;126228;1380;127608;6206;A86;oui;
2026-09-26T10:23:41;G+000-060;grille;RIS;acces_impose;itineraire;OK;63523;1380;64903;3233;A6;oui;
2026-09-26T10:23:42;G+000-060;grille;RIS;impose_est;itineraire;OK;77440;1380;78820;3884;A6;oui;
2026-09-26T10:23:42;G+000-060;grille;RIS;impose_ouest;itineraire;OK;79147;1380;80527;3977;A6;oui;
2026-09-26T10:23:42;G+000-055;grille;RIS;acces_impose;itineraire;OK;58454;1380;59834;2744;A6;oui;
2026-09-26T10:23:42;G+000-055;grille;RIS;impose_est;itineraire;OK;72371;1380;73751;3395;A6;oui;
2026-09-26T10:23:42;G+000-055;grille;RIS;impose_ouest;itineraire;OK;74078;1380;75458;3488;A6;oui;
2026-09-26T10:23:43;G+000-050;grille;RIS;acces_impose;itineraire;OK;49283;1380;50663;2605;A6;oui;
2026-09-26T10:23:43;G+000-050;grille;RIS;impose_est;itineraire;OK;63200;1380;64580;3256;A6;oui;
2026-09-26T10:23:43;G+000-050;grille;RIS;impose_ouest;itineraire;OK;64906;1380;66286;3348;A6;oui;
2026-09-26T10:23:43;G+000-045;grille;RIS;acces_impose;itineraire;OK;42555;1380;43935;2185;A6;oui;
2026-09-26T10:23:43;G+000-045;grille;RIS;impose_est;itineraire;OK;56472;1380;57852;2836;A6;oui;
2026-09-26T10:23:43;G+000-045;grille;RIS;impose_ouest;itineraire;OK;58179;1380;59559;2928;A6 et N104;oui;
2026-09-26T10:23:43;G+000-040;grille;RIS;acces_impose;itineraire;OK;39876;1380;41256;1916;A6;oui;
2026-09-26T10:23:44;G+000-040;grille;RIS;impose_est;itineraire;OK;53793;1380;55173;2567;A6;oui;
2026-09-26T10:23:44;G+000-040;grille;RIS;impose_ouest;itineraire;OK;55500;1380;56880;2660;A6 et N104;oui;
2026-09-26T10:23:44;G+000-035;grille;RIS;acces_impose;itineraire;OK;29847;1380;31227;1681;D948 et A6;oui;
2026-09-26T10:23:44;G+000-035;grille;RIS;impose_est;itineraire;OK;43764;1380;45144;2332;N104;oui;
2026-09-26T10:23:44;G+000-035;grille;RIS;impose_ouest;itineraire;OK;45471;1380;46851;2424;N104;oui;
2026-09-26T10:23:45;G+000-030;grille;RIS;acces_impose;itineraire;OK;27701;1380;29081;1907;A6;oui;
2026-09-26T10:23:45;G+000-030;grille;RIS;impose_est;itineraire;OK;41618;1380;42998;2558;N104;oui;
2026-09-26T10:23:45;G+000-030;grille;RIS;impose_ouest;itineraire;OK;43325;1380;44705;2651;N104;oui;
2026-09-26T10:23:45;G+000-025;grille;RIS;acces_impose;itineraire;OK;16931;1380;18311;1485;A6;oui;
2026-09-26T10:23:45;G+000-025;grille;RIS;impose_est;itineraire;OK;30848;1380;32228;2136;N104;oui;
2026-09-26T10:23:45;G+000-025;grille;RIS;impose_ouest;itineraire;OK;32555;1380;33935;2229;N104;oui;
2026-09-26T10:23:46;G+000-020;grille;RIS;acces_impose;itineraire;OK;10784;1380;12164;931;Av. de la Première Armée Rhin et Danube/D310;oui;
2026-09-26T10:23:46;G+000-020;grille;RIS;impose_est;itineraire;OK;26811;1380;28191;1647;N104;oui;
2026-09-26T10:23:46;G+000-020;grille;RIS;impose_ouest;itineraire;OK;22784;1380;24164;1488;N104;oui;
2026-09-26T10:23:46;G+000-015;grille;RIS;acces_impose;itineraire;OK;5513;1380;6893;792;Av. de la Première Armée Rhin et Danube/D310;oui;
2026-09-26T10:23:46;G+000-015;grille;RIS;impose_est;itineraire;OK;27392;1380;28772;1725;N104;oui;
2026-09-26T10:23:46;G+000-015;grille;RIS;impose_ouest;itineraire;OK;24439;1380;25819;1594;N104;oui;
2026-09-26T10:23:46;G+000-010;grille;RIS;acces_impose;itineraire;OK;10342;1380;11722;1385;Av. Henri Barbusse/D448;oui;
2026-09-26T10:23:47;G+000-010;grille;RIS;impose_est;itineraire;OK;30304;1380;31684;1961;N6 et N104;oui;
2026-09-26T10:23:47;G+000-010;grille;RIS;impose_ouest;itineraire;OK;29552;1380;30932;2333;N104;oui;
2026-09-26T10:23:47;G+000-005;grille;RIS;acces_impose;itineraire;OK;27320;1380;28700;2061;A6;oui;
2026-09-26T10:23:47;G+000-005;grille;RIS;impose_est;itineraire;OK;36897;1380;38277;2696;N6;oui;
2026-09-26T10:23:47;G+000-005;grille;RIS;impose_ouest;itineraire;OK;46081;1380;47461;2908;A6 et N104;oui;
2026-09-26T10:23:48;G+000+000;grille;RIS;acces_impose;itineraire;OK;28605;1380;29985;1771;A6;oui;
2026-09-26T10:23:48;G+000+000;grille;RIS;impose_est;itineraire;OK;41912;1380;43292;2825;N6;oui;
2026-09-26T10:23:48;G+000+000;grille;RIS;impose_ouest;itineraire;OK;47366;1380;48746;2619;A6 et N104;oui;
2026-09-26T10:23:48;G+000+005;grille;RIS;acces_impose;itineraire;OK;31088;1380;32468;2056;A6B et A6;oui;
2026-09-26T10:23:48;G+000+005;grille;RIS;impose_est;itineraire;OK;46777;1380;48157;3151;N6;oui;
2026-09-26T10:23:48;G+000+005;grille;RIS;impose_ouest;itineraire;OK;49850;1380;51230;2904;A6 et N104;oui;
2026-09-26T10:23:49;G+000+010;grille;RIS;acces_impose;itineraire;OK;35966;1380;37346;2399;A6B et A6;oui;
2026-09-26T10:23:49;G+000+010;grille;RIS;impose_est;itineraire;OK;61322;1380;62702;3479;A6;oui;
2026-09-26T10:23:49;G+000+010;grille;RIS;impose_ouest;itineraire;OK;54728;1380;56108;3246;N104;oui;
2026-09-26T10:23:49;G+000+015;grille;RIS;acces_impose;itineraire;OK;47207;1380;48587;2922;A6;oui;
2026-09-26T10:23:49;G+000+015;grille;RIS;impose_est;itineraire;OK;70790;1380;72170;3733;N104;oui;
2026-09-26T10:23:49;G+000+015;grille;RIS;impose_ouest;itineraire;OK;65969;1380;67349;3769;N104;oui;
2026-09-26T10:23:50;G+000+020;grille;RIS;acces_impose;itineraire;OK;55798;1380;57178;3261;A3;oui;
2026-09-26T10:23:50;G+000+020;grille;RIS;impose_est;itineraire;OK;82948;1380;84328;3893;A104 et N104;oui;
2026-09-26T10:23:50;G+000+020;grille;RIS;impose_ouest;itineraire;OK;74560;1380;75940;4108;A3;oui;
2026-09-26T10:23:50;G+000+025;grille;RIS;acces_impose;itineraire;OK;58205;1380;59585;3520;A3;oui;
2026-09-26T10:23:50;G+000+025;grille;RIS;impose_est;itineraire;OK;85354;1380;86734;4152;A104 et N104;oui;
2026-09-26T10:23:51;G+000+025;grille;RIS;impose_ouest;itineraire;OK;76967;1380;78347;4368;A3;oui;
2026-09-26T10:23:51;G+000+030;grille;RIS;acces_impose;itineraire;OK;68132;1380;69512;3975;A3;oui;
2026-09-26T10:23:51;G+000+030;grille;RIS;impose_est;itineraire;OK;95470;1380;96850;4567;N104;oui;
2026-09-26T10:23:51;G+000+030;grille;RIS;impose_ouest;itineraire;OK;86894;1380;88274;4822;N104;oui;
2026-09-26T10:23:51;G+000+035;grille;RIS;acces_impose;itineraire;OK;72928;1380;74308;4004;A3;oui;
2026-09-26T10:23:52;G+000+035;grille;RIS;impose_est;itineraire;OK;100266;1380;101646;4596;N104;oui;
2026-09-26T10:23:52;G+000+035;grille;RIS;impose_ouest;itineraire;OK;91689;1380;93069;4852;N104;oui;
2026-09-26T10:23:52;G+000+040;grille;RIS;acces_impose;itineraire;OK;78826;1380;80206;4591;A3;oui;
2026-09-26T10:23:53;G+000+040;grille;RIS;impose_est;itineraire;OK;106165;1380;107545;5183;N104;oui;
2026-09-26T10:23:53;G+000+040;grille;RIS;impose_ouest;itineraire;OK;97588;1380;98968;5439;N104;oui;
2026-09-26T10:23:53;G+000+045;grille;RIS;acces_impose;itineraire;OK;83685;1380;85065;4854;A3;oui;
2026-09-26T10:23:53;G+000+045;grille;RIS;impose_est;itineraire;OK;111023;1380;112403;5446;N104;oui;
2026-09-26T10:23:53;G+000+045;grille;RIS;impose_ouest;itineraire;OK;102446;1380;103826;5701;N104;oui;
2026-09-26T10:23:54;G+000+050;grille;RIS;acces_impose;itineraire;OK;86896;1380;88276;5408;A3;oui;
2026-09-26T10:23:54;G+000+050;grille;RIS;impose_est;itineraire;OK;112937;1380;114317;6054;N104;oui;
2026-09-26T10:23:54;G+000+050;grille;RIS;impose_ouest;itineraire;OK;105658;1380;107038;6255;A3;oui;
2026-09-26T10:23:54;G+000+055;grille;RIS;acces_impose;itineraire;OK;101744;1380;103124;5244;A1;oui;
2026-09-26T10:23:54;G+000+055;grille;RIS;impose_est;itineraire;OK;127785;1380;129165;5890;N104;oui;
2026-09-26T10:23:55;G+000+055;grille;RIS;impose_ouest;itineraire;OK;120506;1380;121886;6091;A1;oui;
2026-09-26T10:23:55;G+000+060;grille;RIS;acces_impose;itineraire;OK;104680;1380;106060;5139;A1;oui;
2026-09-26T10:23:55;G+000+060;grille;RIS;impose_est;itineraire;OK;130721;1380;132101;5785;N104;oui;
2026-09-26T10:23:55;G+000+060;grille;RIS;impose_ouest;itineraire;OK;123442;1380;124822;5986;A1;oui;
2026-09-26T10:23:55;G+005-055;grille;RIS;acces_impose;itineraire;OK;55241;1380;56621;2571;A6;oui;
2026-09-26T10:23:56;G+005-055;grille;RIS;impose_est;itineraire;OK;69158;1380;70538;3222;A6;oui;
2026-09-26T10:23:56;G+005-055;grille;RIS;impose_ouest;itineraire;OK;70864;1380;72244;3315;A6;oui;
2026-09-26T10:23:56;G+005-050;grille;RIS;acces_impose;itineraire;OK;45676;1380;47056;2678;A6;oui;
2026-09-26T10:23:56;G+005-050;grille;RIS;impose_est;itineraire;OK;59592;1380;60972;3329;A6;oui;
2026-09-26T10:23:56;G+005-050;grille;RIS;impose_ouest;itineraire;OK;61299;1380;62679;3421;A6 et N104;oui;
2026-09-26T10:23:56;G+005-045;grille;RIS;acces_impose;itineraire;OK;41113;1380;42493;2179;A6;oui;
2026-09-26T10:23:57;G+005-045;grille;RIS;impose_est;itineraire;OK;55030;1380;56410;2830;A6;oui;
2026-09-26T10:23:57;G+005-045;grille;RIS;impose_ouest;itineraire;OK;56737;1380;58117;2923;A6 et N104;oui;
2026-09-26T10:23:57;G+005-040;grille;RIS;acces_impose;itineraire;OK;34807;1380;36187;1767;A6;oui;
2026-09-26T10:23:57;G+005-040;grille;RIS;impose_est;itineraire;OK;48724;1380;50104;2418;N104 et A6;oui;
2026-09-26T10:23:57;G+005-040;grille;RIS;impose_ouest;itineraire;OK;50430;1380;51810;2511;A6 et N104;oui;
2026-09-26T10:23:57;G+005-035;grille;RIS;acces_impose;itineraire;OK;28011;1380;29391;1592;D948 et A6;oui;
2026-09-26T10:23:57;G+005-035;grille;RIS;impose_est;itineraire;OK;41928;1380;43308;2243;D948 et N104;oui;
2026-09-26T10:23:58;G+005-035;grille;RIS;impose_ouest;itineraire;OK;43634;1380;45014;2335;D948 et N104;oui;
2026-09-26T10:23:58;G+005-030;grille;RIS;acces_impose;itineraire;OK;21642;1380;23022;1352;A6;oui;
2026-09-26T10:23:58;G+005-030;grille;RIS;impose_est;itineraire;OK;35559;1380;36939;2003;N104;oui;
2026-09-26T10:23:58;G+005-030;grille;RIS;impose_ouest;itineraire;OK;37266;1380;38646;2095;N104;oui;
2026-09-26T10:23:58;G+005-025;grille;RIS;acces_impose;itineraire;OK;15491;1380;16871;835;A6;oui;
2026-09-26T10:23:59;G+005-025;grille;RIS;impose_est;itineraire;OK;29407;1380;30787;1486;N104 et A6;oui;
2026-09-26T10:23:59;G+005-025;grille;RIS;impose_ouest;itineraire;OK;31114;1380;32494;1578;A6 et N104;oui;
2026-09-26T10:23:59;G+005-020;grille;RIS;acces_impose;itineraire;OK;15126;1380;16506;1097;N104;oui;
2026-09-26T10:23:59;G+005-020;grille;RIS;impose_est;itineraire;OK;22923;1380;24303;1465;N104;oui;
2026-09-26T10:23:59;G+005-020;grille;RIS;impose_ouest;itineraire;OK;30748;1380;32128;1841;N104;oui;
2026-09-26T10:23:59;G+005-015;grille;RIS;acces_impose;itineraire;OK;19585;1380;20965;1668;N104;oui;
2026-09-26T10:24:00;G+005-015;grille;RIS;impose_est;itineraire;OK;21796;1380;23176;1872;N104;oui;
2026-09-26T10:24:00;G+005-015;grille;RIS;impose_ouest;itineraire;OK;35207;1380;36587;2412;N104;oui;
2026-09-26T10:24:00;G+005-010;grille;RIS;acces_impose;itineraire;OK;25997;1380;27377;1505;N104;oui;
2026-09-26T10:24:00;G+005-010;grille;RIS;impose_est;itineraire;OK;25997;1380;27377;1505;N104;oui;
2026-09-26T10:24:00;G+005-010;grille;RIS;impose_ouest;itineraire;OK;41619;1380;42999;2249;N104;oui;
2026-09-26T10:24:00;G+005-005;grille;RIS;acces_impose;itineraire;OK;35765;1380;37145;2271;A6;oui;
2026-09-26T10:24:01;G+005-005;grille;RIS;impose_est;itineraire;OK;35073;1380;36453;2379;N6;oui;
2026-09-26T10:24:01;G+005-005;grille;RIS;impose_ouest;itineraire;OK;50694;1380;52074;3124;N6 et N104;oui;
2026-09-26T10:24:01;G+005+000;grille;RIS;acces_impose;itineraire;OK;36569;1380;37949;2396;A6;oui;
2026-09-26T10:24:01;G+005+000;grille;RIS;impose_est;itineraire;OK;45465;1380;46845;3042;N104;oui;
2026-09-26T10:24:01;G+005+000;grille;RIS;impose_ouest;itineraire;OK;55331;1380;56711;3243;N104;oui;
2026-09-26T10:24:02;G+005+005;grille;RIS;acces_impose;itineraire;OK;38344;1380;39724;2194;A86 et A6;oui;
2026-09-26T10:24:02;G+005+005;grille;RIS;impose_est;itineraire;OK;57000;1380;58380;2777;N104;oui;
2026-09-26T10:24:02;G+005+005;grille;RIS;impose_ouest;itineraire;OK;57106;1380;58486;3041;N104;oui;
2026-09-26T10:24:02;G+005+010;grille;RIS;acces_impose;itineraire;OK;40432;1380;41812;2648;A6;oui;
2026-09-26T10:24:02;G+005+010;grille;RIS;impose_est;itineraire;OK;62484;1380;63864;3344;N104;oui;
2026-09-26T10:24:02;G+005+010;grille;RIS;impose_ouest;itineraire;OK;59194;1380;60574;3496;N104;oui;
2026-09-26T10:24:03;G+005+015;grille;RIS;acces_impose;itineraire;OK;44115;1380;45495;2770;A6;oui;
2026-09-26T10:24:03;G+005+015;grille;RIS;impose_est;itineraire;OK;67698;1380;69078;3581;N104;oui;
2026-09-26T10:24:03;G+005+015;grille;RIS;impose_ouest;itineraire;OK;62877;1380;64257;3617;N104;oui;
2026-09-26T10:24:03;G+005+020;grille;RIS;acces_impose;itineraire;OK;52950;1380;54330;3340;A6;oui;
2026-09-26T10:24:03;G+005+020;grille;RIS;impose_est;itineraire;OK;79200;1380;80580;3973;A104 et N104;oui;
2026-09-26T10:24:04;G+005+020;grille;RIS;impose_ouest;itineraire;OK;71712;1380;73092;4187;N104;oui;
2026-09-26T10:24:04;G+005+025;grille;RIS;acces_impose;itineraire;OK;56366;1380;57746;3280;A3;oui;
2026-09-26T10:24:04;G+005+025;grille;RIS;impose_est;itineraire;OK;83516;1380;84896;3912;A104 et N104;oui;
2026-09-26T10:24:04;G+005+025;grille;RIS;impose_ouest;itineraire;OK;75128;1380;76508;4127;A3;oui;
2026-09-26T10:24:04;G+005+030;grille;RIS;acces_impose;itineraire;OK;62437;1380;63817;3499;A3;oui;
2026-09-26T10:24:04;G+005+030;grille;RIS;impose_est;itineraire;OK;89775;1380;91155;4091;N104;oui;
2026-09-26T10:24:05;G+005+030;grille;RIS;impose_ouest;itineraire;OK;81199;1380;82579;4347;N104;oui;
2026-09-26T10:24:05;G+005+035;grille;RIS;acces_impose;itineraire;OK;70186;1380;71566;4200;A3;oui;
2026-09-26T10:24:05;G+005+035;grille;RIS;impose_est;itineraire;OK;96227;1380;97607;4846;N104;oui;
2026-09-26T10:24:05;G+005+035;grille;RIS;impose_ouest;itineraire;OK;88948;1380;90328;5047;A3;oui;
2026-09-26T10:24:05;G+005+040;grille;RIS;acces_impose;itineraire;OK;74801;1380;76181;4562;A3;oui;
2026-09-26T10:24:06;G+005+040;grille;RIS;impose_est;itineraire;OK;100842;1380;102222;5208;N104;oui;
2026-09-26T10:24:06;G+005+040;grille;RIS;impose_ouest;itineraire;OK;93562;1380;94942;5409;A3;oui;
2026-09-26T10:24:06;G+005+045;grille;RIS;acces_impose;itineraire;OK;77848;1380;79228;4434;A3;oui;
2026-09-26T10:24:06;G+005+045;grille;RIS;impose_est;itineraire;OK;103889;1380;105269;5080;N104;oui;
2026-09-26T10:24:06;G+005+045;grille;RIS;impose_ouest;itineraire;OK;96610;1380;97990;5281;A3;oui;
2026-09-26T10:24:06;G+005+050;grille;RIS;acces_impose;itineraire;OK;93126;1380;94506;4903;A1;oui;
2026-09-26T10:24:07;G+005+050;grille;RIS;impose_est;itineraire;OK;119167;1380;120547;5549;N104;oui;
2026-09-26T10:24:07;G+005+050;grille;RIS;impose_ouest;itineraire;OK;111888;1380;113268;5750;A1;oui;
2026-09-26T10:24:07;G+005+055;grille;RIS;acces_impose;itineraire;OK;97343;1380;98723;4822;A1;oui;
2026-09-26T10:24:07;G+005+055;grille;RIS;impose_est;itineraire;OK;123384;1380;124764;5468;N104;oui;
2026-09-26T10:24:07;G+005+055;grille;RIS;impose_ouest;itineraire;OK;116105;1380;117485;5670;A1;oui;
2026-09-26T10:24:08;G+010-055;grille;RIS;acces_impose;itineraire;OK;50278;1380;51658;2247;A6;oui;
2026-09-26T10:24:08;G+010-055;grille;RIS;impose_est;itineraire;OK;64194;1380;65574;2898;A6;oui;
2026-09-26T10:24:08;G+010-055;grille;RIS;impose_ouest;itineraire;OK;65901;1380;67281;2990;A6;oui;
2026-09-26T10:24:08;G+010-050;grille;RIS;acces_impose;itineraire;OK;47716;1380;49096;2268;A6;oui;
2026-09-26T10:24:08;G+010-050;grille;RIS;impose_est;itineraire;OK;61632;1380;63012;2919;A6;oui;
2026-09-26T10:24:08;G+010-050;grille;RIS;impose_ouest;itineraire;OK;63339;1380;64719;3011;A6 et N104;oui;
2026-09-26T10:24:08;G+010-045;grille;RIS;acces_impose;itineraire;OK;49789;1380;51169;2163;A6;oui;
2026-09-26T10:24:09;G+010-045;grille;RIS;impose_est;itineraire;OK;63706;1380;65086;2814;A6;oui;
2026-09-26T10:24:09;G+010-045;grille;RIS;impose_ouest;itineraire;OK;65413;1380;66793;2907;A6;oui;
2026-09-26T10:24:09;G+010-040;grille;RIS;acces_impose;itineraire;OK;34635;1380;36015;1882;A6;oui;
2026-09-26T10:24:09;G+010-040;grille;RIS;impose_est;itineraire;OK;48552;1380;49932;2533;N104 et A6;oui;
2026-09-26T10:24:09;G+010-040;grille;RIS;impose_ouest;itineraire;OK;50259;1380;51639;2625;A6 et N104;oui;
2026-09-26T10:24:09;G+010-035;grille;RIS;acces_impose;itineraire;OK;28913;1380;30293;1406;A6;oui;
2026-09-26T10:24:10;G+010-035;grille;RIS;impose_est;itineraire;OK;42829;1380;44209;2057;N104 et A6;oui;
2026-09-26T10:24:10;G+010-035;grille;RIS;impose_ouest;itineraire;OK;44536;1380;45916;2150;A6 et N104;oui;
2026-09-26T10:24:10;G+010-030;grille;RIS;acces_impose;itineraire;OK;23397;1380;24777;1579;A6;oui;
2026-09-26T10:24:10;G+010-030;grille;RIS;impose_est;itineraire;OK;37313;1380;38693;2231;N104;oui;
2026-09-26T10:24:10;G+010-030;grille;RIS;impose_ouest;itineraire;OK;39020;1380;40400;2323;N104;oui;
2026-09-26T10:24:10;G+010-025;grille;RIS;acces_impose;itineraire;OK;25449;1380;26829;1675;A6;oui;
2026-09-26T10:24:10;G+010-025;grille;RIS;impose_est;itineraire;OK;28319;1380;29699;1768;N104;oui;
2026-09-26T10:24:11;G+010-025;grille;RIS;impose_ouest;itineraire;OK;41073;1380;42453;2418;N104;oui;
2026-09-26T10:24:11;G+010-020;grille;RIS;acces_impose;itineraire;OK;23104;1380;24484;1409;N104;oui;
2026-09-26T10:24:11;G+010-020;grille;RIS;impose_est;itineraire;OK;23104;1380;24484;1409;N104;oui;
2026-09-26T10:24:11;G+010-020;grille;RIS;impose_ouest;itineraire;OK;38726;1380;40106;2153;N104;oui;
2026-09-26T10:24:11;G+010-015;grille;RIS;acces_impose;itineraire;OK;20582;1380;21962;1228;N104;oui;
2026-09-26T10:24:11;G+010-015;grille;RIS;impose_est;itineraire;OK;20582;1380;21962;1228;N104;oui;
2026-09-26T10:24:12;G+010-015;grille;RIS;impose_ouest;itineraire;OK;36203;1380;37583;1972;N104;oui;
2026-09-26T10:24:12;G+010-010;grille;RIS;acces_impose;itineraire;OK;26407;1380;27787;1851;N104;oui;
2026-09-26T10:24:12;G+010-010;grille;RIS;impose_est;itineraire;OK;26407;1380;27787;1851;N104;oui;
2026-09-26T10:24:12;G+010-010;grille;RIS;impose_ouest;itineraire;OK;42029;1380;43409;2595;N104;oui;
2026-09-26T10:24:12;G+010-005;grille;RIS;acces_impose;itineraire;OK;37782;1380;39162;2253;N104;oui;
2026-09-26T10:24:13;G+010-005;grille;RIS;impose_est;itineraire;OK;37782;1380;39162;2253;N104;oui;
2026-09-26T10:24:13;G+010-005;grille;RIS;impose_ouest;itineraire;OK;53403;1380;54783;2997;N104;oui;
2026-09-26T10:24:13;G+010+000;grille;RIS;acces_impose;itineraire;OK;44362;1380;45742;2401;N104;oui;
2026-09-26T10:24:13;G+010+000;grille;RIS;impose_est;itineraire;OK;44362;1380;45742;2401;N104;oui;
2026-09-26T10:24:14;G+010+000;grille;RIS;impose_ouest;itineraire;OK;59984;1380;61364;3145;N104;oui;
2026-09-26T10:24:14;G+010+005;grille;RIS;acces_impose;itineraire;OK;42431;1380;43811;2339;A86 et A6;oui;
2026-09-26T10:24:14;G+010+005;grille;RIS;impose_est;itineraire;OK;51875;1380;53255;2484;N104;oui;
2026-09-26T10:24:14;G+010+005;grille;RIS;impose_ouest;itineraire;OK;61193;1380;62573;3187;N104;oui;
2026-09-26T10:24:14;G+010+010;grille;RIS;acces_impose;itineraire;OK;47880;1380;49260;3270;A86;oui;
2026-09-26T10:24:15;G+010+010;grille;RIS;impose_est;itineraire;OK;56798;1380;58178;3281;N104;oui;
2026-09-26T10:24:15;G+010+010;grille;RIS;impose_ouest;itineraire;OK;72419;1380;73799;4026;N104;oui;
2026-09-26T10:24:15;G+010+015;grille;RIS;acces_impose;itineraire;OK;69492;1380;70872;3257;N104;oui;
2026-09-26T10:24:15;G+010+015;grille;RIS;impose_est;itineraire;OK;69492;1380;70872;3257;N104;oui;
2026-09-26T10:24:15;G+010+015;grille;RIS;impose_ouest;itineraire;OK;85114;1380;86494;4002;N104;oui;
2026-09-26T10:24:16;G+010+020;grille;RIS;acces_impose;itineraire;OK;55583;1380;56963;3180;A3;oui;
2026-09-26T10:24:16;G+010+020;grille;RIS;impose_est;itineraire;OK;71577;1380;72957;3358;A104 et N104;oui;
2026-09-26T10:24:16;G+010+020;grille;RIS;impose_ouest;itineraire;OK;74345;1380;75725;4027;A3;oui;
2026-09-26T10:24:16;G+010+025;grille;RIS;acces_impose;itineraire;OK;56107;1380;57487;3107;A3;oui;
2026-09-26T10:24:16;G+010+025;grille;RIS;impose_est;itineraire;OK;83483;1380;84863;3772;A104 et N104;oui;
2026-09-26T10:24:17;G+010+025;grille;RIS;impose_ouest;itineraire;OK;74868;1380;76248;3955;A3;oui;
2026-09-26T10:24:17;G+010+030;grille;RIS;acces_impose;itineraire;OK;66707;1380;68087;3534;A3;oui;
2026-09-26T10:24:17;G+010+030;grille;RIS;impose_est;itineraire;OK;92748;1380;94128;4181;N104;oui;
2026-09-26T10:24:17;G+010+030;grille;RIS;impose_ouest;itineraire;OK;85469;1380;86849;4382;A3;oui;
2026-09-26T10:24:17;G+010+035;grille;RIS;acces_impose;itineraire;OK;73151;1380;74531;3805;A1;oui;
2026-09-26T10:24:17;G+010+035;grille;RIS;impose_est;itineraire;OK;99192;1380;100572;4451;N104;oui;
2026-09-26T10:24:18;G+010+035;grille;RIS;impose_ouest;itineraire;OK;91913;1380;93293;4653;A1;oui;
2026-09-26T10:24:18;G+010+040;grille;RIS;acces_impose;itineraire;OK;72481;1380;73861;4060;A3;oui;
2026-09-26T10:24:18;G+010+040;grille;RIS;impose_est;itineraire;OK;98522;1380;99902;4707;N104;oui;
2026-09-26T10:24:18;G+010+040;grille;RIS;impose_ouest;itineraire;OK;91243;1380;92623;4908;A3;oui;
2026-09-26T10:24:18;G+010+045;grille;RIS;acces_impose;itineraire;OK;86433;1380;87813;4409;A1;oui;
2026-09-26T10:24:18;G+010+045;grille;RIS;impose_est;itineraire;OK;112473;1380;113853;5055;N104;oui;
2026-09-26T10:24:19;G+010+045;grille;RIS;impose_ouest;itineraire;OK;105194;1380;106574;5256;A1;oui;
2026-09-26T10:24:19;G+010+050;grille;RIS;acces_impose;itineraire;OK;87785;1380;89165;4635;A1;oui;
2026-09-26T10:24:19;G+010+050;grille;RIS;impose_est;itineraire;OK;113826;1380;115206;5281;N104;oui;
2026-09-26T10:24:19;G+010+050;grille;RIS;impose_ouest;itineraire;OK;106547;1380;107927;5482;A1;oui;
2026-09-26T10:24:19;G+010+055;grille;RIS;acces_impose;itineraire;OK;95293;1380;96673;5194;A1;oui;
2026-09-26T10:24:20;G+010+055;grille;RIS;impose_est;itineraire;OK;121334;1380;122714;5840;N104;oui;
2026-09-26T10:24:20;G+010+055;grille;RIS;impose_ouest;itineraire;OK;114055;1380;115435;6041;A1;oui;
2026-09-26T10:24:20;G+015-055;grille;RIS;acces_impose;itineraire;OK;51864;1380;53244;2462;A6;oui;
2026-09-26T10:24:20;G+015-055;grille;RIS;impose_est;itineraire;OK;65780;1380;67160;3113;A6;oui;
2026-09-26T10:24:20;G+015-055;grille;RIS;impose_ouest;itineraire;OK;67487;1380;68867;3205;A6;oui;
2026-09-26T10:24:20;G+015-050;grille;RIS;acces_impose;itineraire;OK;44751;1380;46131;1937;A6;oui;
2026-09-26T10:24:21;G+015-050;grille;RIS;impose_est;itineraire;OK;58668;1380;60048;2588;A6;oui;
2026-09-26T10:24:21;G+015-050;grille;RIS;impose_ouest;itineraire;OK;60375;1380;61755;2681;A6 et N104;oui;
2026-09-26T10:24:21;G+015-045;grille;RIS;acces_impose;itineraire;OK;44988;1380;46368;2852;A6;oui;
2026-09-26T10:24:21;G+015-045;grille;RIS;impose_est;itineraire;OK;58904;1380;60284;3503;A6;oui;
2026-09-26T10:24:21;G+015-045;grille;RIS;impose_ouest;itineraire;OK;60611;1380;61991;3596;A6 et N104;oui;
2026-09-26T10:24:21;G+015-040;grille;RIS;acces_impose;itineraire;AUCUN_ITINERAIRE;;;;;;;
2026-09-26T10:24:21;G+015-040;grille;RIS;impose_est;itineraire;AUCUN_ITINERAIRE;;;;;;;
2026-09-26T10:24:22;G+015-040;grille;RIS;impose_ouest;itineraire;AUCUN_ITINERAIRE;;;;;;;
2026-09-26T10:24:22;G+015-035;grille;RIS;acces_impose;itineraire;OK;34682;1380;36062;1757;A6;oui;
2026-09-26T10:24:22;G+015-035;grille;RIS;impose_est;itineraire;OK;48599;1380;49979;2408;N104 et A6;oui;
2026-09-26T10:24:22;G+015-035;grille;RIS;impose_ouest;itineraire;OK;50306;1380;51686;2500;A6 et N104;oui;
2026-09-26T10:24:22;G+015-030;grille;RIS;acces_impose;itineraire;OK;27879;1380;29259;1811;A6;oui;
2026-09-26T10:24:23;G+015-030;grille;RIS;impose_est;itineraire;OK;38404;1380;39784;2266;N104;oui;
2026-09-26T10:24:23;G+015-030;grille;RIS;impose_ouest;itineraire;OK;43502;1380;44882;2554;N104;oui;
2026-09-26T10:24:23;G+015-025;grille;RIS;acces_impose;itineraire;OK;31739;1380;33119;1696;N104;oui;
2026-09-26T10:24:23;G+015-025;grille;RIS;impose_est;itineraire;OK;31739;1380;33119;1696;N104;oui;
2026-09-26T10:24:23;G+015-025;grille;RIS;impose_ouest;itineraire;OK;47361;1380;48741;2440;N104;oui;
2026-09-26T10:24:23;G+015-020;grille;RIS;acces_impose;itineraire;OK;28001;1380;29381;1667;N104;oui;
2026-09-26T10:24:24;G+015-020;grille;RIS;impose_est;itineraire;OK;28001;1380;29381;1667;N104;oui;
2026-09-26T10:24:24;G+015-020;grille;RIS;impose_ouest;itineraire;OK;43623;1380;45003;2412;N104;oui;
2026-09-26T10:24:24;G+015-015;grille;RIS;acces_impose;itineraire;OK;27563;1380;28943;1465;N104;oui;
2026-09-26T10:24:24;G+015-015;grille;RIS;impose_est;itineraire;OK;27563;1380;28943;1465;N104;oui;
2026-09-26T10:24:24;G+015-015;grille;RIS;impose_ouest;itineraire;OK;43185;1380;44565;2209;N104;oui;
2026-09-26T10:24:24;G+015-010;grille;RIS;acces_impose;itineraire;OK;34413;1380;35793;1897;N104;oui;
2026-09-26T10:24:24;G+015-010;grille;RIS;impose_est;itineraire;OK;34413;1380;35793;1897;N104;oui;
2026-09-26T10:24:25;G+015-010;grille;RIS;impose_ouest;itineraire;OK;50034;1380;51414;2642;N104;oui;
2026-09-26T10:24:25;G+015-005;grille;RIS;acces_impose;itineraire;OK;37865;1380;39245;1927;N104;oui;
2026-09-26T10:24:25;G+015-005;grille;RIS;impose_est;itineraire;OK;37865;1380;39245;1927;N104;oui;
2026-09-26T10:24:25;G+015-005;grille;RIS;impose_ouest;itineraire;OK;53487;1380;54867;2671;N104;oui;
2026-09-26T10:24:25;G+015+000;grille;RIS;acces_impose;itineraire;OK;41104;1380;42484;2077;N104;oui;
2026-09-26T10:24:25;G+015+000;grille;RIS;impose_est;itineraire;OK;41104;1380;42484;2077;N104;oui;
2026-09-26T10:24:26;G+015+000;grille;RIS;impose_ouest;itineraire;OK;56726;1380;58106;2821;N104;oui;
2026-09-26T10:24:26;G+015+005;grille;RIS;acces_impose;itineraire;OK;47024;1380;48404;2373;A4 et A86;oui;
2026-09-26T10:24:26;G+015+005;grille;RIS;impose_est;itineraire;OK;50846;1380;52226;2413;N104;oui;
2026-09-26T10:24:26;G+015+005;grille;RIS;impose_ouest;itineraire;OK;65786;1380;67166;3220;N104;oui;
2026-09-26T10:24:26;G+015+010;grille;RIS;acces_impose;itineraire;OK;59112;1380;60492;3073;N104;oui;
2026-09-26T10:24:26;G+015+010;grille;RIS;impose_est;itineraire;OK;59112;1380;60492;3073;N104;oui;
2026-09-26T10:24:27;G+015+010;grille;RIS;impose_ouest;itineraire;OK;74733;1380;76113;3817;N104;oui;
2026-09-26T10:24:27;G+015+015;grille;RIS;acces_impose;itineraire;OK;62994;1380;64374;3247;N104;oui;
2026-09-26T10:24:27;G+015+015;grille;RIS;impose_est;itineraire;OK;62994;1380;64374;3247;N104;oui;
2026-09-26T10:24:27;G+015+015;grille;RIS;impose_ouest;itineraire;OK;78615;1380;79995;3992;N104;oui;
2026-09-26T10:24:27;G+015+020;grille;RIS;acces_impose;itineraire;OK;68976;1380;70356;3293;N104;oui;
2026-09-26T10:24:27;G+015+020;grille;RIS;impose_est;itineraire;OK;68976;1380;70356;3293;N104;oui;
2026-09-26T10:24:28;G+015+020;grille;RIS;impose_ouest;itineraire;OK;84597;1380;85977;4037;N104;oui;
2026-09-26T10:24:28;G+015+025;grille;RIS;acces_impose;itineraire;OK;63931;1380;65311;3856;A3;oui;
2026-09-26T10:24:28;G+015+025;grille;RIS;impose_est;itineraire;OK;80577;1380;81957;3860;N104;oui;
2026-09-26T10:24:28;G+015+025;grille;RIS;impose_ouest;itineraire;OK;96198;1380;97578;4604;N104;oui;
2026-09-26T10:24:28;G+015+030;grille;RIS;acces_impose;itineraire;OK;66426;1380;67806;3957;A3;oui;
2026-09-26T10:24:29;G+015+030;grille;RIS;impose_est;itineraire;OK;84286;1380;85666;4150;N104;oui;
2026-09-26T10:24:29;G+015+030;grille;RIS;impose_ouest;itineraire;OK;85188;1380;86568;4805;A3;oui;
2026-09-26T10:24:29;G+015+035;grille;RIS;acces_impose;itineraire;OK;70321;1380;71701;4062;A3;oui;
2026-09-26T10:24:29;G+015+035;grille;RIS;impose_est;itineraire;OK;91076;1380;92456;4542;N104;oui;
2026-09-26T10:24:29;G+015+035;grille;RIS;impose_ouest;itineraire;OK;89082;1380;90462;4909;A3;oui;
2026-09-26T10:24:30;G+015+040;grille;RIS;acces_impose;itineraire;OK;77313;1380;78693;4725;A3;oui;
2026-09-26T10:24:30;G+015+040;grille;RIS;impose_est;itineraire;OK;102977;1380;104357;5123;N104;oui;
2026-09-26T10:24:30;G+015+040;grille;RIS;impose_ouest;itineraire;OK;96074;1380;97454;5573;A3;oui;
2026-09-26T10:24:30;G+015+045;grille;RIS;acces_impose;itineraire;OK;81653;1380;83033;4188;A1;oui;
2026-09-26T10:24:30;G+015+045;grille;RIS;impose_est;itineraire;OK;104347;1380;105727;4874;N104;oui;
2026-09-26T10:24:30;G+015+045;grille;RIS;impose_ouest;itineraire;OK;100415;1380;101795;5036;A1;oui;
2026-09-26T10:24:31;G+015+050;grille;RIS;acces_impose;itineraire;OK;84724;1380;86104;4494;A1;oui;
2026-09-26T10:24:31;G+015+050;grille;RIS;impose_est;itineraire;OK;110765;1380;112145;5140;N104;oui;
2026-09-26T10:24:31;G+015+050;grille;RIS;impose_ouest;itineraire;OK;103486;1380;104866;5341;A1;oui;
2026-09-26T10:24:31;G+015+055;grille;RIS;acces_impose;itineraire;OK;89437;1380;90817;4698;A1;oui;
2026-09-26T10:24:32;G+015+055;grille;RIS;impose_est;itineraire;OK;115478;1380;116858;5344;N104;oui;
2026-09-26T10:24:32;G+015+055;grille;RIS;impose_ouest;itineraire;OK;108199;1380;109579;5546;A1;oui;
2026-09-26T10:24:32;G+020-055;grille;RIS;acces_impose;itineraire;OK;53969;1380;55349;2527;A6;oui;
2026-09-26T10:24:32;G+020-055;grille;RIS;impose_est;itineraire;OK;67886;1380;69266;3178;A6;oui;
2026-09-26T10:24:32;G+020-055;grille;RIS;impose_ouest;itineraire;OK;69593;1380;70973;3270;A6;oui;
2026-09-26T10:24:33;G+020-050;grille;RIS;acces_impose;itineraire;OK;51081;1380;52461;2353;A6;oui;
2026-09-26T10:24:33;G+020-050;grille;RIS;impose_est;itineraire;OK;64998;1380;66378;3004;A6;oui;
2026-09-26T10:24:33;G+020-050;grille;RIS;impose_ouest;itineraire;OK;66705;1380;68085;3097;A6;oui;
2026-09-26T10:24:33;G+020-045;grille;RIS;acces_impose;itineraire;OK;44257;1380;45637;2095;A6;oui;
2026-09-26T10:24:33;G+020-045;grille;RIS;impose_est;itineraire;OK;58174;1380;59554;2746;A6;oui;
2026-09-26T10:24:33;G+020-045;grille;RIS;impose_ouest;itineraire;OK;59880;1380;61260;2839;A6 et N104;oui;
2026-09-26T10:24:34;G+020-040;grille;RIS;acces_impose;itineraire;OK;44579;1380;45959;2497;A6;oui;
2026-09-26T10:24:34;G+020-040;grille;RIS;impose_est;itineraire;OK;48997;1380;50377;3076;D606;oui;
2026-09-26T10:24:34;G+020-040;grille;RIS;impose_ouest;itineraire;OK;60203;1380;61583;3240;A6 et N104;oui;
2026-09-26T10:24:34;G+020-035;grille;RIS;acces_impose;itineraire;OK;35178;1380;36558;2261;A6;oui;
2026-09-26T10:24:34;G+020-035;grille;RIS;impose_est;itineraire;OK;43149;1380;44529;2579;D606;oui;
2026-09-26T10:24:34;G+020-035;grille;RIS;impose_ouest;itineraire;OK;50802;1380;52182;3004;N104;oui;
2026-09-26T10:24:35;G+020-030;grille;RIS;acces_impose;itineraire;OK;38445;1380;39825;2143;N104;oui;
2026-09-26T10:24:35;G+020-030;grille;RIS;impose_est;itineraire;OK;38445;1380;39825;2143;N104;oui;
2026-09-26T10:24:35;G+020-030;grille;RIS;impose_ouest;itineraire;OK;54067;1380;55447;2887;N104;oui;
2026-09-26T10:24:35;G+020-025;grille;RIS;acces_impose;itineraire;OK;33234;1380;34614;1762;N104;oui;
2026-09-26T10:24:35;G+020-025;grille;RIS;impose_est;itineraire;OK;33234;1380;34614;1762;N104;oui;
2026-09-26T10:24:35;G+020-025;grille;RIS;impose_ouest;itineraire;OK;48855;1380;50235;2507;N104;oui;
2026-09-26T10:24:36;G+020-020;grille;RIS;acces_impose;itineraire;OK;36592;1380;37972;1986;N104;oui;
2026-09-26T10:24:36;G+020-020;grille;RIS;impose_est;itineraire;OK;36592;1380;37972;1986;N104;oui;
2026-09-26T10:24:36;G+020-020;grille;RIS;impose_ouest;itineraire;OK;52213;1380;53593;2730;N104;oui;
2026-09-26T10:24:36;G+020-015;grille;RIS;acces_impose;itineraire;OK;34842;1380;36222;1882;N104;oui;
2026-09-26T10:24:36;G+020-015;grille;RIS;impose_est;itineraire;OK;34842;1380;36222;1882;N104;oui;
2026-09-26T10:24:36;G+020-015;grille;RIS;impose_ouest;itineraire;OK;50464;1380;51844;2626;N104;oui;
2026-09-26T10:24:37;G+020-010;grille;RIS;acces_impose;itineraire;OK;42032;1380;43412;2198;N104;oui;
2026-09-26T10:24:37;G+020-010;grille;RIS;impose_est;itineraire;OK;42032;1380;43412;2198;N104;oui;
2026-09-26T10:24:37;G+020-010;grille;RIS;impose_ouest;itineraire;OK;57654;1380;59034;2942;N104;oui;
2026-09-26T10:24:37;G+020-005;grille;RIS;acces_impose;itineraire;OK;46476;1380;47856;2387;D471 et N104;oui;
2026-09-26T10:24:37;G+020-005;grille;RIS;impose_est;itineraire;OK;46476;1380;47856;2387;D471 et N104;oui;
2026-09-26T10:24:37;G+020-005;grille;RIS;impose_ouest;itineraire;OK;62097;1380;63477;3132;N104;oui;
2026-09-26T10:24:38;G+020+000;grille;RIS;acces_impose;itineraire;OK;44731;1380;46111;2462;N104;oui;
2026-09-26T10:24:38;G+020+000;grille;RIS;impose_est;itineraire;OK;44731;1380;46111;2462;N104;oui;
2026-09-26T10:24:38;G+020+000;grille;RIS;impose_ouest;itineraire;OK;60352;1380;61732;3206;N104;oui;
2026-09-26T10:24:38;G+020+005;grille;RIS;acces_impose;itineraire;OK;54098;1380;55478;2521;N104;oui;
2026-09-26T10:24:38;G+020+005;grille;RIS;impose_est;itineraire;OK;54098;1380;55478;2521;N104;oui;
2026-09-26T10:24:38;G+020+005;grille;RIS;impose_ouest;itineraire;OK;69719;1380;71099;3265;N104;oui;
2026-09-26T10:24:39;G+020+010;grille;RIS;acces_impose;itineraire;OK;56532;1380;57912;2757;N104;oui;
2026-09-26T10:24:39;G+020+010;grille;RIS;impose_est;itineraire;OK;56532;1380;57912;2757;N104;oui;
2026-09-26T10:24:39;G+020+010;grille;RIS;impose_ouest;itineraire;OK;72153;1380;73533;3502;N104;oui;
2026-09-26T10:24:39;G+020+015;grille;RIS;acces_impose;itineraire;OK;62647;1380;64027;3185;N104;oui;
2026-09-26T10:24:39;G+020+015;grille;RIS;impose_est;itineraire;OK;62647;1380;64027;3185;N104;oui;
2026-09-26T10:24:40;G+020+015;grille;RIS;impose_ouest;itineraire;OK;78268;1380;79648;3929;N104;oui;
2026-09-26T10:24:40;G+020+020;grille;RIS;acces_impose;itineraire;OK;69732;1380;71112;3530;N104;oui;
2026-09-26T10:24:40;G+020+020;grille;RIS;impose_est;itineraire;OK;69732;1380;71112;3530;N104;oui;
2026-09-26T10:24:40;G+020+020;grille;RIS;impose_ouest;itineraire;OK;85354;1380;86734;4275;N104;oui;
2026-09-26T10:24:40;G+020+025;grille;RIS;acces_impose;itineraire;OK;69556;1380;70936;3897;A3;oui;
2026-09-26T10:24:40;G+020+025;grille;RIS;impose_est;itineraire;OK;80965;1380;82345;3904;N104;oui;
2026-09-26T10:24:41;G+020+025;grille;RIS;impose_ouest;itineraire;OK;96586;1380;97966;4648;N104;oui;
2026-09-26T10:24:41;G+020+030;grille;RIS;acces_impose;itineraire;OK;72349;1380;73729;3811;A3;oui;
2026-09-26T10:24:41;G+020+030;grille;RIS;impose_est;itineraire;OK;83757;1380;85137;3818;N104;oui;
2026-09-26T10:24:41;G+020+030;grille;RIS;impose_ouest;itineraire;OK;99379;1380;100759;4563;N104;oui;
2026-09-26T10:24:41;G+020+035;grille;RIS;acces_impose;itineraire;OK;78330;1380;79710;4072;N2;oui;
2026-09-26T10:24:42;G+020+035;grille;RIS;impose_est;itineraire;OK;89738;1380;91118;4080;N104;oui;
2026-09-26T10:24:42;G+020+035;grille;RIS;impose_ouest;itineraire;OK;105360;1380;106740;4824;N104;oui;
2026-09-26T10:24:42;G+020+040;grille;RIS;acces_impose;itineraire;OK;85354;1380;86734;4514;N2;oui;
2026-09-26T10:24:42;G+020+040;grille;RIS;impose_est;itineraire;OK;96763;1380;98143;4521;N104;oui;
2026-09-26T10:24:42;G+020+040;grille;RIS;impose_ouest;itineraire;OK;112384;1380;113764;5265;N104;oui;
2026-09-26T10:24:43;G+020+045;grille;RIS;acces_impose;itineraire;OK;86463;1380;87843;4422;A1;oui;
2026-09-26T10:24:43;G+020+045;grille;RIS;impose_est;itineraire;OK;106733;1380;108113;4850;N104;oui;
2026-09-26T10:24:43;G+020+045;grille;RIS;impose_ouest;itineraire;OK;105225;1380;106605;5269;A1;oui;
2026-09-26T10:24:43;G+020+050;grille;RIS;acces_impose;itineraire;OK;86763;1380;88143;4462;A1;oui;
2026-09-26T10:24:43;G+020+050;grille;RIS;impose_est;itineraire;OK;112804;1380;114184;5108;N104;oui;
2026-09-26T10:24:43;G+020+050;grille;RIS;impose_ouest;itineraire;OK;105525;1380;106905;5309;A1;oui;
2026-09-26T10:24:44;G+020+055;grille;RIS;acces_impose;itineraire;OK;90550;1380;91930;4665;A1;oui;
2026-09-26T10:24:44;G+020+055;grille;RIS;impose_est;itineraire;OK;116591;1380;117971;5311;N104;oui;
2026-09-26T10:24:44;G+020+055;grille;RIS;impose_ouest;itineraire;OK;109312;1380;110692;5512;A1;oui;
2026-09-26T10:24:44;G+025-050;grille;RIS;acces_impose;itineraire;OK;53305;1380;54685;2674;A6;oui;
2026-09-26T10:24:44;G+025-050;grille;RIS;impose_est;itineraire;OK;67222;1380;68602;3325;A6;oui;
2026-09-26T10:24:45;G+025-050;grille;RIS;impose_ouest;itineraire;OK;68929;1380;70309;3417;A6;oui;
2026-09-26T10:24:45;G+025-045;grille;RIS;acces_impose;itineraire;OK;49174;1380;50554;2546;A6;oui;
2026-09-26T10:24:45;G+025-045;grille;RIS;impose_est;itineraire;OK;63090;1380;64470;3198;A6;oui;
2026-09-26T10:24:45;G+025-045;grille;RIS;impose_ouest;itineraire;OK;64797;1380;66177;3290;A6;oui;
2026-09-26T10:24:45;G+025-040;grille;RIS;acces_impose;itineraire;OK;41586;1380;42966;2666;A6;oui;
2026-09-26T10:24:46;G+025-040;grille;RIS;impose_est;itineraire;OK;49557;1380;50937;2984;D606;oui;
2026-09-26T10:24:46;G+025-040;grille;RIS;impose_ouest;itineraire;OK;57210;1380;58590;3409;N104;oui;
2026-09-26T10:24:46;G+025-035;grille;RIS;acces_impose;itineraire;OK;47594;1380;48974;3021;N104;oui;
2026-09-26T10:24:46;G+025-035;grille;RIS;impose_est;itineraire;OK;47594;1380;48974;3021;N104;oui;
2026-09-26T10:24:46;G+025-035;grille;RIS;impose_ouest;itineraire;OK;63216;1380;64596;3765;N104;oui;
2026-09-26T10:24:46;G+025-030;grille;RIS;acces_impose;itineraire;OK;41037;1380;42417;2152;N104;oui;
2026-09-26T10:24:47;G+025-030;grille;RIS;impose_est;itineraire;OK;41037;1380;42417;2152;N104;oui;
2026-09-26T10:24:47;G+025-030;grille;RIS;impose_ouest;itineraire;OK;56658;1380;58038;2896;N104;oui;
2026-09-26T10:24:47;G+025-025;grille;RIS;acces_impose;itineraire;OK;39850;1380;41230;2195;A5;oui;
2026-09-26T10:24:47;G+025-025;grille;RIS;impose_est;itineraire;OK;39850;1380;41230;2195;A5;oui;
2026-09-26T10:24:47;G+025-025;grille;RIS;impose_ouest;itineraire;OK;55472;1380;56852;2939;A5 et N104;oui;
2026-09-26T10:24:47;G+025-020;grille;RIS;acces_impose;itineraire;OK;37891;1380;39271;2044;A5;oui;
2026-09-26T10:24:47;G+025-020;grille;RIS;impose_est;itineraire;OK;37891;1380;39271;2044;A5;oui;
2026-09-26T10:24:48;G+025-020;grille;RIS;impose_ouest;itineraire;OK;53512;1380;54892;2789;A5 et N104;oui;
2026-09-26T10:24:48;G+025-015;grille;RIS;acces_impose;itineraire;OK;41875;1380;43255;2345;N104;oui;
2026-09-26T10:24:48;G+025-015;grille;RIS;impose_est;itineraire;OK;41875;1380;43255;2345;N104;oui;
2026-09-26T10:24:48;G+025-015;grille;RIS;impose_ouest;itineraire;OK;57497;1380;58877;3089;N104;oui;
2026-09-26T10:24:48;G+025-010;grille;RIS;acces_impose;itineraire;OK;45077;1380;46457;2575;N104;oui;
2026-09-26T10:24:48;G+025-010;grille;RIS;impose_est;itineraire;OK;45077;1380;46457;2575;N104;oui;
2026-09-26T10:24:48;G+025-010;grille;RIS;impose_ouest;itineraire;OK;60699;1380;62079;3319;N104;oui;
2026-09-26T10:24:49;G+025-005;grille;RIS;acces_impose;itineraire;OK;53642;1380;55022;2719;N104;oui;
2026-09-26T10:24:49;G+025-005;grille;RIS;impose_est;itineraire;OK;53642;1380;55022;2719;N104;oui;
2026-09-26T10:24:49;G+025-005;grille;RIS;impose_ouest;itineraire;OK;69263;1380;70643;3463;N104;oui;
2026-09-26T10:24:49;G+025+000;grille;RIS;acces_impose;itineraire;OK;59914;1380;61294;3411;N104;oui;
2026-09-26T10:24:49;G+025+000;grille;RIS;impose_est;itineraire;OK;59914;1380;61294;3411;N104;oui;
2026-09-26T10:24:50;G+025+000;grille;RIS;impose_ouest;itineraire;OK;75536;1380;76916;4155;N104;oui;
2026-09-26T10:24:50;G+025+005;grille;RIS;acces_impose;itineraire;OK;57317;1380;58697;2961;N104;oui;
2026-09-26T10:24:50;G+025+005;grille;RIS;impose_est;itineraire;OK;57317;1380;58697;2961;N104;oui;
2026-09-26T10:24:50;G+025+005;grille;RIS;impose_ouest;itineraire;OK;72938;1380;74318;3705;N104;oui;
2026-09-26T10:24:50;G+025+010;grille;RIS;acces_impose;itineraire;OK;60486;1380;61866;2945;N104;oui;
2026-09-26T10:24:50;G+025+010;grille;RIS;impose_est;itineraire;OK;60486;1380;61866;2945;N104;oui;
2026-09-26T10:24:51;G+025+010;grille;RIS;impose_ouest;itineraire;OK;76107;1380;77487;3689;N104;oui;
2026-09-26T10:24:51;G+025+015;grille;RIS;acces_impose;itineraire;OK;70124;1380;71504;3532;N104;oui;
2026-09-26T10:24:51;G+025+015;grille;RIS;impose_est;itineraire;OK;70124;1380;71504;3532;N104;oui;
2026-09-26T10:24:51;G+025+015;grille;RIS;impose_ouest;itineraire;OK;85746;1380;87126;4277;N104;oui;
2026-09-26T10:24:51;G+025+020;grille;RIS;acces_impose;itineraire;OK;70587;1380;71967;3441;N104;oui;
2026-09-26T10:24:51;G+025+020;grille;RIS;impose_est;itineraire;OK;70587;1380;71967;3441;N104;oui;
2026-09-26T10:24:52;G+025+020;grille;RIS;impose_ouest;itineraire;OK;86208;1380;87588;4185;N104;oui;
2026-09-26T10:24:52;G+025+025;grille;RIS;acces_impose;itineraire;OK;76531;1380;77911;3862;N104;oui;
2026-09-26T10:24:52;G+025+025;grille;RIS;impose_est;itineraire;OK;76531;1380;77911;3862;N104;oui;
2026-09-26T10:24:52;G+025+025;grille;RIS;impose_ouest;itineraire;OK;92153;1380;93533;4606;N104;oui;
2026-09-26T10:24:53;G+025+030;grille;RIS;acces_impose;itineraire;OK;77744;1380;79124;4210;A3;oui;
2026-09-26T10:24:53;G+025+030;grille;RIS;impose_est;itineraire;OK;89153;1380;90533;4217;N104;oui;
2026-09-26T10:24:53;G+025+030;grille;RIS;impose_ouest;itineraire;OK;104774;1380;106154;4961;N104;oui;
2026-09-26T10:24:53;G+025+035;grille;RIS;acces_impose;itineraire;OK;78194;1380;79574;4142;N2;oui;
2026-09-26T10:24:53;G+025+035;grille;RIS;impose_est;itineraire;OK;89602;1380;90982;4149;N104;oui;
2026-09-26T10:24:54;G+025+035;grille;RIS;impose_ouest;itineraire;OK;105224;1380;106604;4894;N104;oui;
2026-09-26T10:24:54;G+025+040;grille;RIS;acces_impose;itineraire;OK;86596;1380;87976;4354;N2;oui;
2026-09-26T10:24:54;G+025+040;grille;RIS;impose_est;itineraire;OK;98004;1380;99384;4361;N104;oui;
2026-09-26T10:24:54;G+025+040;grille;RIS;impose_ouest;itineraire;OK;113626;1380;115006;5106;N104;oui;
2026-09-26T10:24:54;G+025+045;grille;RIS;acces_impose;itineraire;OK;92668;1380;94048;4750;A1;oui;
2026-09-26T10:24:54;G+025+045;grille;RIS;impose_est;itineraire;OK;104274;1380;105654;4720;N104;oui;
2026-09-26T10:24:55;G+025+045;grille;RIS;impose_ouest;itineraire;OK;119896;1380;121276;5465;N104;oui;
2026-09-26T10:24:55;G+025+050;grille;RIS;acces_impose;itineraire;OK;92746;1380;94126;4739;A1;oui;
2026-09-26T10:24:55;G+025+050;grille;RIS;impose_est;itineraire;OK;110388;1380;111768;5119;N104;oui;
2026-09-26T10:24:55;G+025+050;grille;RIS;impose_ouest;itineraire;OK;111508;1380;112888;5586;A1;oui;
2026-09-26T10:24:55;G+030-050;grille;RIS;acces_impose;itineraire;OK;56565;1380;57945;2975;A6;oui;
2026-09-26T10:24:56;G+030-050;grille;RIS;impose_est;itineraire;OK;70482;1380;71862;3626;A6;oui;
2026-09-26T10:24:56;G+030-050;grille;RIS;impose_ouest;itineraire;OK;72189;1380;73569;3719;A6;oui;
2026-09-26T10:24:56;G+030-045;grille;RIS;acces_impose;itineraire;OK;57229;1380;58609;2830;A6;oui;
2026-09-26T10:24:56;G+030-045;grille;RIS;impose_est;itineraire;OK;72879;1380;74259;3381;A5;oui;
2026-09-26T10:24:56;G+030-045;grille;RIS;impose_ouest;itineraire;OK;72852;1380;74232;3574;A6;oui;
2026-09-26T10:24:56;G+030-040;grille;RIS;acces_impose;itineraire;OK;48320;1380;49700;3328;A6;oui;
2026-09-26T10:24:56;G+030-040;grille;RIS;impose_est;itineraire;OK;56235;1380;57615;3430;D605;oui;
2026-09-26T10:24:57;G+030-040;grille;RIS;impose_ouest;itineraire;OK;63944;1380;65324;4071;N104;oui;
2026-09-26T10:24:57;G+030-035;grille;RIS;acces_impose;itineraire;OK;48950;1380;50330;2726;D605;oui;
2026-09-26T10:24:57;G+030-035;grille;RIS;impose_est;itineraire;OK;48950;1380;50330;2726;D605;oui;
2026-09-26T10:24:57;G+030-035;grille;RIS;impose_ouest;itineraire;OK;64571;1380;65951;3471;N104;oui;
2026-09-26T10:24:57;G+030-030;grille;RIS;acces_impose;itineraire;OK;44122;1380;45502;1890;A5;oui;
2026-09-26T10:24:57;G+030-030;grille;RIS;impose_est;itineraire;OK;44122;1380;45502;1890;A5;oui;
2026-09-26T10:24:58;G+030-030;grille;RIS;impose_ouest;itineraire;OK;59743;1380;61123;2634;A5 et N104;oui;
2026-09-26T10:24:58;G+030-025;grille;RIS;acces_impose;itineraire;OK;50039;1380;51419;2428;A5;oui;
2026-09-26T10:24:58;G+030-025;grille;RIS;impose_est;itineraire;OK;50039;1380;51419;2428;A5;oui;
2026-09-26T10:24:58;G+030-025;grille;RIS;impose_ouest;itineraire;OK;65661;1380;67041;3172;A5 et N104;oui;
2026-09-26T10:24:58;G+030-020;grille;RIS;acces_impose;itineraire;OK;45521;1380;46901;2361;A5;oui;
2026-09-26T10:24:58;G+030-020;grille;RIS;impose_est;itineraire;OK;45521;1380;46901;2361;A5;oui;
2026-09-26T10:24:59;G+030-020;grille;RIS;impose_ouest;itineraire;OK;61142;1380;62522;3105;N104;oui;
2026-09-26T10:24:59;G+030-015;grille;RIS;acces_impose;itineraire;OK;44732;1380;46112;2354;A5;oui;
2026-09-26T10:24:59;G+030-015;grille;RIS;impose_est;itineraire;OK;44732;1380;46112;2354;A5;oui;
2026-09-26T10:24:59;G+030-015;grille;RIS;impose_ouest;itineraire;OK;60353;1380;61733;3098;A5 et N104;oui;
2026-09-26T10:24:59;G+030-010;grille;RIS;acces_impose;itineraire;OK;48669;1380;50049;2383;D1036 et A5;oui;
2026-09-26T10:24:59;G+030-010;grille;RIS;impose_est;itineraire;OK;48669;1380;50049;2383;D1036 et A5;oui;
2026-09-26T10:25:00;G+030-010;grille;RIS;impose_ouest;itineraire;OK;64291;1380;65671;3127;N104;oui;
2026-09-26T10:25:00;G+030-005;grille;RIS;acces_impose;itineraire;OK;59249;1380;60629;2728;N4 et N104;oui;
2026-09-26T10:25:00;G+030-005;grille;RIS;impose_est;itineraire;OK;59249;1380;60629;2728;N4 et N104;oui;
2026-09-26T10:25:00;G+030-005;grille;RIS;impose_ouest;itineraire;OK;74870;1380;76250;3473;N104;oui;
2026-09-26T10:25:01;G+030+000;grille;RIS;acces_impose;itineraire;OK;64065;1380;65445;3024;N4 et N104;oui;
2026-09-26T10:25:01;G+030+000;grille;RIS;impose_est;itineraire;OK;64065;1380;65445;3024;N4 et N104;oui;
2026-09-26T10:25:01;G+030+000;grille;RIS;impose_ouest;itineraire;OK;79687;1380;81067;3768;N104;oui;
2026-09-26T10:25:01;G+030+005;grille;RIS;acces_impose;itineraire;OK;65266;1380;66646;3146;N104;oui;
2026-09-26T10:25:01;G+030+005;grille;RIS;impose_est;itineraire;OK;65266;1380;66646;3146;N104;oui;
2026-09-26T10:25:01;G+030+005;grille;RIS;impose_ouest;itineraire;OK;80887;1380;82267;3890;N104;oui;
2026-09-26T10:25:02;G+030+010;grille;RIS;acces_impose;itineraire;OK;66891;1380;68271;3234;N104;oui;
2026-09-26T10:25:02;G+030+010;grille;RIS;impose_est;itineraire;OK;66891;1380;68271;3234;N104;oui;
2026-09-26T10:25:02;G+030+010;grille;RIS;impose_ouest;itineraire;OK;82513;1380;83893;3979;N104;oui;
2026-09-26T10:25:02;G+030+015;grille;RIS;acces_impose;itineraire;OK;80820;1380;82200;3597;A4 et N104;oui;
2026-09-26T10:25:02;G+030+015;grille;RIS;impose_est;itineraire;OK;80820;1380;82200;3597;A4 et N104;oui;
2026-09-26T10:25:02;G+030+015;grille;RIS;impose_ouest;itineraire;OK;96442;1380;97822;4341;N104;oui;
2026-09-26T10:25:03;G+030+020;grille;RIS;acces_impose;itineraire;OK;74888;1380;76268;3523;N104;oui;
2026-09-26T10:25:03;G+030+020;grille;RIS;impose_est;itineraire;OK;74888;1380;76268;3523;N104;oui;
2026-09-26T10:25:03;G+030+020;grille;RIS;impose_ouest;itineraire;OK;90509;1380;91889;4267;N104;oui;
2026-09-26T10:25:03;G+030+025;grille;RIS;acces_impose;itineraire;OK;87918;1380;89298;3980;N104;oui;
2026-09-26T10:25:03;G+030+025;grille;RIS;impose_est;itineraire;OK;87918;1380;89298;3980;N104;oui;
2026-09-26T10:25:04;G+030+025;grille;RIS;impose_ouest;itineraire;OK;103540;1380;104920;4725;N104;oui;
2026-09-26T10:25:04;G+030+030;grille;RIS;acces_impose;itineraire;OK;93680;1380;95060;4445;N104;oui;
2026-09-26T10:25:04;G+030+030;grille;RIS;impose_est;itineraire;OK;93680;1380;95060;4445;N104;oui;
2026-09-26T10:25:04;G+030+030;grille;RIS;impose_ouest;itineraire;OK;109301;1380;110681;5189;N104;oui;
2026-09-26T10:25:04;G+030+035;grille;RIS;acces_impose;itineraire;OK;84597;1380;85977;4363;N2;oui;
2026-09-26T10:25:05;G+030+035;grille;RIS;impose_est;itineraire;OK;96006;1380;97386;4370;N104;oui;
2026-09-26T10:25:05;G+030+035;grille;RIS;impose_ouest;itineraire;OK;111627;1380;113007;5115;N104;oui;
2026-09-26T10:25:05;G+030+040;grille;RIS;acces_impose;itineraire;OK;84824;1380;86204;4168;N2;oui;
2026-09-26T10:25:05;G+030+040;grille;RIS;impose_est;itineraire;OK;96232;1380;97612;4175;N2 et N104;oui;
2026-09-26T10:25:06;G+030+040;grille;RIS;impose_ouest;itineraire;OK;111854;1380;113234;4920;N104;oui;
2026-09-26T10:25:06;G+030+045;grille;RIS;acces_impose;itineraire;OK;92005;1380;93385;4696;N2;oui;
2026-09-26T10:25:06;G+030+045;grille;RIS;impose_est;itineraire;OK;103414;1380;104794;4703;N104;oui;
2026-09-26T10:25:06;G+030+045;grille;RIS;impose_ouest;itineraire;OK;119035;1380;120415;5447;N104;oui;
2026-09-26T10:25:06;G+030+050;grille;RIS;acces_impose;itineraire;OK;95433;1380;96813;4927;A1;oui;
2026-09-26T10:25:07;G+030+050;grille;RIS;impose_est;itineraire;OK;107960;1380;109340;5103;N104;oui;
2026-09-26T10:25:08;G+030+050;grille;RIS;impose_ouest;itineraire;OK;114195;1380;115575;5774;A1;oui;
2026-09-26T10:25:08;G+035-045;grille;RIS;acces_impose;itineraire;OK;66680;1380;68060;2943;A5;oui;
2026-09-26T10:25:08;G+035-045;grille;RIS;impose_est;itineraire;OK;66680;1380;68060;2943;A5;oui;
2026-09-26T10:25:08;G+035-045;grille;RIS;impose_ouest;itineraire;OK;82301;1380;83681;3687;A5 et N104;oui;
2026-09-26T10:25:08;G+035-040;grille;RIS;acces_impose;itineraire;OK;63748;1380;65128;2738;A5;oui;
2026-09-26T10:25:09;G+035-040;grille;RIS;impose_est;itineraire;OK;63748;1380;65128;2738;A5;oui;
2026-09-26T10:25:09;G+035-040;grille;RIS;impose_ouest;itineraire;OK;79370;1380;80750;3482;A5 et N104;oui;
2026-09-26T10:25:09;G+035-035;grille;RIS;acces_impose;itineraire;OK;53679;1380;55059;3146;D605;oui;
2026-09-26T10:25:09;G+035-035;grille;RIS;impose_est;itineraire;OK;53679;1380;55059;3146;D605;oui;
2026-09-26T10:25:09;G+035-035;grille;RIS;impose_ouest;itineraire;OK;69300;1380;70680;3890;D605 et N104;oui;
2026-09-26T10:25:09;G+035-030;grille;RIS;acces_impose;itineraire;OK;56202;1380;57582;2719;A5;oui;
2026-09-26T10:25:10;G+035-030;grille;RIS;impose_est;itineraire;OK;56202;1380;57582;2719;A5;oui;
2026-09-26T10:25:10;G+035-030;grille;RIS;impose_ouest;itineraire;OK;71823;1380;73203;3463;A5 et N104;oui;
2026-09-26T10:25:10;G+035-025;grille;RIS;acces_impose;itineraire;OK;49930;1380;51310;2404;A5;oui;
2026-09-26T10:25:10;G+035-025;grille;RIS;impose_est;itineraire;OK;49930;1380;51310;2404;A5;oui;
2026-09-26T10:25:10;G+035-025;grille;RIS;impose_ouest;itineraire;OK;65552;1380;66932;3148;A5 et N104;oui;
2026-09-26T10:25:11;G+035-020;grille;RIS;acces_impose;itineraire;OK;49625;1380;51005;2599;A5;oui;
2026-09-26T10:25:11;G+035-020;grille;RIS;impose_est;itineraire;OK;49625;1380;51005;2599;A5;oui;
2026-09-26T10:25:11;G+035-020;grille;RIS;impose_ouest;itineraire;OK;65246;1380;66626;3344;N104;oui;
2026-09-26T10:25:11;G+035-015;grille;RIS;acces_impose;itineraire;OK;51909;1380;53289;2764;A5;oui;
2026-09-26T10:25:11;G+035-015;grille;RIS;impose_est;itineraire;OK;51909;1380;53289;2764;A5;oui;
2026-09-26T10:25:11;G+035-015;grille;RIS;impose_ouest;itineraire;OK;67530;1380;68910;3508;N104;oui;
2026-09-26T10:25:12;G+035-010;grille;RIS;acces_impose;itineraire;OK;57836;1380;59216;2920;D1036 et A5;oui;
2026-09-26T10:25:12;G+035-010;grille;RIS;impose_est;itineraire;OK;57836;1380;59216;2920;D1036 et A5;oui;
2026-09-26T10:25:12;G+035-010;grille;RIS;impose_ouest;itineraire;OK;73458;1380;74838;3664;N104;oui;
2026-09-26T10:25:12;G+035-005;grille;RIS;acces_impose;itineraire;OK;57919;1380;59299;3084;D1036 et A5;oui;
2026-09-26T10:25:12;G+035-005;grille;RIS;impose_est;itineraire;OK;57919;1380;59299;3084;D1036 et A5;oui;
2026-09-26T10:25:12;G+035-005;grille;RIS;impose_ouest;itineraire;OK;73541;1380;74921;3829;N104;oui;
2026-09-26T10:25:13;G+035+000;grille;RIS;acces_impose;itineraire;OK;65130;1380;66510;3354;D1036;oui;
2026-09-26T10:25:13;G+035+000;grille;RIS;impose_est;itineraire;OK;65130;1380;66510;3354;D1036;oui;
2026-09-26T10:25:13;G+035+000;grille;RIS;impose_ouest;itineraire;OK;80751;1380;82131;4099;D1036 et N104;oui;
2026-09-26T10:25:13;G+035+005;grille;RIS;acces_impose;itineraire;OK;67029;1380;68409;3521;D1036;oui;
2026-09-26T10:25:13;G+035+005;grille;RIS;impose_est;itineraire;OK;67029;1380;68409;3521;D1036;oui;
2026-09-26T10:25:14;G+035+005;grille;RIS;impose_ouest;itineraire;OK;82650;1380;84030;4266;D1036 et N104;oui;
2026-09-26T10:25:14;G+035+010;grille;RIS;acces_impose;itineraire;OK;68484;1380;69864;3135;A4 et N104;oui;
2026-09-26T10:25:14;G+035+010;grille;RIS;impose_est;itineraire;OK;68484;1380;69864;3135;A4 et N104;oui;
2026-09-26T10:25:14;G+035+010;grille;RIS;impose_ouest;itineraire;OK;84106;1380;85486;3880;N104;oui;
2026-09-26T10:25:14;G+035+015;grille;RIS;acces_impose;itineraire;OK;75257;1380;76637;3626;A4 et N104;oui;
2026-09-26T10:25:14;G+035+015;grille;RIS;impose_est;itineraire;OK;75257;1380;76637;3626;A4 et N104;oui;
2026-09-26T10:25:15;G+035+015;grille;RIS;impose_ouest;itineraire;OK;90879;1380;92259;4370;N104;oui;
2026-09-26T10:25:15;G+035+020;grille;RIS;acces_impose;itineraire;OK;83126;1380;84506;3918;A4 et N104;oui;
2026-09-26T10:25:15;G+035+020;grille;RIS;impose_est;itineraire;OK;83126;1380;84506;3918;A4 et N104;oui;
2026-09-26T10:25:15;G+035+020;grille;RIS;impose_ouest;itineraire;OK;98748;1380;100128;4663;N104;oui;
2026-09-26T10:25:15;G+035+025;grille;RIS;acces_impose;itineraire;OK;87717;1380;89097;3908;N104;oui;
2026-09-26T10:25:16;G+035+025;grille;RIS;impose_est;itineraire;OK;87717;1380;89097;3908;N104;oui;
2026-09-26T10:25:16;G+035+025;grille;RIS;impose_ouest;itineraire;OK;103338;1380;104718;4652;N104;oui;
2026-09-26T10:25:16;G+035+030;grille;RIS;acces_impose;itineraire;OK;92518;1380;93898;4191;N104;oui;
2026-09-26T10:25:16;G+035+030;grille;RIS;impose_est;itineraire;OK;92518;1380;93898;4191;N104;oui;
2026-09-26T10:25:16;G+035+030;grille;RIS;impose_ouest;itineraire;OK;108140;1380;109520;4935;N104;oui;
2026-09-26T10:25:17;G+035+035;grille;RIS;acces_impose;itineraire;OK;100753;1380;102133;4604;N104;oui;
2026-09-26T10:25:17;G+035+035;grille;RIS;impose_est;itineraire;OK;100753;1380;102133;4604;N104;oui;
2026-09-26T10:25:17;G+035+035;grille;RIS;impose_ouest;itineraire;OK;116375;1380;117755;5349;N104;oui;
2026-09-26T10:25:17;G+035+040;grille;RIS;acces_impose;itineraire;OK;90650;1380;92030;4444;N2;oui;
2026-09-26T10:25:17;G+035+040;grille;RIS;impose_est;itineraire;OK;102059;1380;103439;4451;N104;oui;
2026-09-26T10:25:17;G+035+040;grille;RIS;impose_ouest;itineraire;OK;117680;1380;119060;5196;N104;oui;
2026-09-26T10:25:18;G+035+045;grille;RIS;acces_impose;itineraire;OK;95687;1380;97067;5016;N2;oui;
2026-09-26T10:25:18;G+035+045;grille;RIS;impose_est;itineraire;OK;107096;1380;108476;5023;N2 et N104;oui;
2026-09-26T10:25:18;G+035+045;grille;RIS;impose_ouest;itineraire;OK;122717;1380;124097;5767;N2 et N104;oui;
2026-09-26T10:25:18;G+040-040;grille;RIS;acces_impose;itineraire;OK;60516;1380;61896;2536;A5;oui;
2026-09-26T10:25:18;G+040-040;grille;RIS;impose_est;itineraire;OK;60516;1380;61896;2536;A5;oui;
2026-09-26T10:25:19;G+040-040;grille;RIS;impose_ouest;itineraire;OK;76137;1380;77517;3281;A5 et N104;oui;
2026-09-26T10:25:19;G+040-035;grille;RIS;acces_impose;itineraire;OK;65731;1380;67111;2862;A5;oui;
2026-09-26T10:25:19;G+040-035;grille;RIS;impose_est;itineraire;OK;65731;1380;67111;2862;A5;oui;
2026-09-26T10:25:19;G+040-035;grille;RIS;impose_ouest;itineraire;OK;81353;1380;82733;3607;A5 et N104;oui;
2026-09-26T10:25:19;G+040-030;grille;RIS;acces_impose;itineraire;OK;56828;1380;58208;2711;A5;oui;
2026-09-26T10:25:19;G+040-030;grille;RIS;impose_est;itineraire;OK;56828;1380;58208;2711;A5;oui;
2026-09-26T10:25:20;G+040-030;grille;RIS;impose_ouest;itineraire;OK;72449;1380;73829;3455;A5 et N104;oui;
2026-09-26T10:25:20;G+040-025;grille;RIS;acces_impose;itineraire;OK;54810;1380;56190;2621;A5;oui;
2026-09-26T10:25:20;G+040-025;grille;RIS;impose_est;itineraire;OK;54810;1380;56190;2621;A5;oui;
2026-09-26T10:25:20;G+040-025;grille;RIS;impose_ouest;itineraire;OK;70431;1380;71811;3365;A5 et N104;oui;
2026-09-26T10:25:20;G+040-020;grille;RIS;acces_impose;itineraire;OK;61415;1380;62795;3174;A5;oui;
2026-09-26T10:25:20;G+040-020;grille;RIS;impose_est;itineraire;OK;61415;1380;62795;3174;A5;oui;
2026-09-26T10:25:21;G+040-020;grille;RIS;impose_ouest;itineraire;OK;77036;1380;78416;3918;A5 et N104;oui;
2026-09-26T10:25:21;G+040-015;grille;RIS;acces_impose;itineraire;OK;55925;1380;57305;2943;A5;oui;
2026-09-26T10:25:21;G+040-015;grille;RIS;impose_est;itineraire;OK;55925;1380;57305;2943;A5;oui;
2026-09-26T10:25:21;G+040-015;grille;RIS;impose_ouest;itineraire;OK;71547;1380;72927;3687;N104;oui;
2026-09-26T10:25:21;G+040-010;grille;RIS;acces_impose;itineraire;OK;63418;1380;64798;3122;D1036;oui;
2026-09-26T10:25:21;G+040-010;grille;RIS;impose_est;itineraire;OK;63418;1380;64798;3122;D1036;oui;
2026-09-26T10:25:22;G+040-010;grille;RIS;impose_ouest;itineraire;OK;79039;1380;80419;3866;N104;oui;
2026-09-26T10:25:22;G+040-005;grille;RIS;acces_impose;itineraire;OK;66469;1380;67849;3270;D1036;oui;
2026-09-26T10:25:22;G+040-005;grille;RIS;impose_est;itineraire;OK;66469;1380;67849;3270;D1036;oui;
2026-09-26T10:25:22;G+040-005;grille;RIS;impose_ouest;itineraire;OK;82091;1380;83471;4014;N104;oui;
2026-09-26T10:25:22;G+040+000;grille;RIS;acces_impose;itineraire;OK;69389;1380;70769;3607;D1036;oui;
2026-09-26T10:25:23;G+040+000;grille;RIS;impose_est;itineraire;OK;69389;1380;70769;3607;D1036;oui;
2026-09-26T10:25:23;G+040+000;grille;RIS;impose_ouest;itineraire;OK;85011;1380;86391;4351;D1036 et N104;oui;
2026-09-26T10:25:23;G+040+005;grille;RIS;acces_impose;itineraire;OK;76350;1380;77730;3692;A4 et N104;oui;
2026-09-26T10:25:23;G+040+005;grille;RIS;impose_est;itineraire;OK;76350;1380;77730;3692;A4 et N104;oui;
2026-09-26T10:25:23;G+040+005;grille;RIS;impose_ouest;itineraire;OK;91972;1380;93352;4436;N104;oui;
2026-09-26T10:25:23;G+040+010;grille;RIS;acces_impose;itineraire;OK;76159;1380;77539;3627;A4 et N104;oui;
2026-09-26T10:25:24;G+040+010;grille;RIS;impose_est;itineraire;OK;76159;1380;77539;3627;A4 et N104;oui;
2026-09-26T10:25:24;G+040+010;grille;RIS;impose_ouest;itineraire;OK;91780;1380;93160;4371;N104;oui;
2026-09-26T10:25:24;G+040+015;grille;RIS;acces_impose;itineraire;OK;77771;1380;79151;3524;A4 et N104;oui;
2026-09-26T10:25:24;G+040+015;grille;RIS;impose_est;itineraire;OK;77771;1380;79151;3524;A4 et N104;oui;
2026-09-26T10:25:24;G+040+015;grille;RIS;impose_ouest;itineraire;OK;93392;1380;94772;4268;N104;oui;
2026-09-26T10:25:24;G+040+020;grille;RIS;acces_impose;itineraire;OK;91794;1380;93174;4454;A4 et N104;oui;
2026-09-26T10:25:25;G+040+020;grille;RIS;impose_est;itineraire;OK;91794;1380;93174;4454;A4 et N104;oui;
2026-09-26T10:25:25;G+040+020;grille;RIS;impose_ouest;itineraire;OK;107415;1380;108795;5199;A4 et N104;oui;
2026-09-26T10:25:25;G+040+025;grille;RIS;acces_impose;itineraire;OK;94136;1380;95516;4362;N104;oui;
2026-09-26T10:25:25;G+040+025;grille;RIS;impose_est;itineraire;OK;94136;1380;95516;4362;N104;oui;
2026-09-26T10:25:25;G+040+025;grille;RIS;impose_ouest;itineraire;OK;109758;1380;111138;5106;N104;oui;
2026-09-26T10:25:26;G+040+030;grille;RIS;acces_impose;itineraire;OK;96284;1380;97664;4374;N104;oui;
2026-09-26T10:25:26;G+040+030;grille;RIS;impose_est;itineraire;OK;96284;1380;97664;4374;N104;oui;
2026-09-26T10:25:26;G+040+030;grille;RIS;impose_ouest;itineraire;OK;111906;1380;113286;5118;N104;oui;
2026-09-26T10:25:26;G+040+035;grille;RIS;acces_impose;itineraire;OK;99878;1380;101258;4622;N104;oui;
2026-09-26T10:25:26;G+040+035;grille;RIS;impose_est;itineraire;OK;99878;1380;101258;4622;N104;oui;
2026-09-26T10:25:26;G+040+035;grille;RIS;impose_ouest;itineraire;OK;115500;1380;116880;5366;N104;oui;
2026-09-26T10:25:27;G+040+040;grille;RIS;acces_impose;itineraire;OK;95738;1380;97118;4724;N2;oui;
2026-09-26T10:25:27;G+040+040;grille;RIS;impose_est;itineraire;OK;107147;1380;108527;4732;N104;oui;
2026-09-26T10:25:27;G+040+040;grille;RIS;impose_ouest;itineraire;OK;122768;1380;124148;5476;N104;oui;
2026-09-26T10:25:27;G+045-035;grille;RIS;acces_impose;itineraire;OK;72272;1380;73652;3212;A5;oui;
2026-09-26T10:25:27;G+045-035;grille;RIS;impose_est;itineraire;OK;72272;1380;73652;3212;A5;oui;
2026-09-26T10:25:28;G+045-035;grille;RIS;impose_ouest;itineraire;OK;87894;1380;89274;3956;A5 et N104;oui;
2026-09-26T10:25:28;G+045-030;grille;RIS;acces_impose;itineraire;OK;62624;1380;64004;3060;A5;oui;
2026-09-26T10:25:28;G+045-030;grille;RIS;impose_est;itineraire;OK;62624;1380;64004;3060;A5;oui;
2026-09-26T10:25:28;G+045-030;grille;RIS;impose_ouest;itineraire;OK;78246;1380;79626;3804;A5 et N104;oui;
2026-09-26T10:25:28;G+045-025;grille;RIS;acces_impose;itineraire;OK;59143;1380;60523;3005;D408 et A5;oui;
2026-09-26T10:25:28;G+045-025;grille;RIS;impose_est;itineraire;OK;59143;1380;60523;3005;D408 et A5;oui;
2026-09-26T10:25:29;G+045-025;grille;RIS;impose_ouest;itineraire;OK;74764;1380;76144;3749;A5 et N104;oui;
2026-09-26T10:25:29;G+045-020;grille;RIS;acces_impose;itineraire;OK;63830;1380;65210;3274;A5;oui;
2026-09-26T10:25:29;G+045-020;grille;RIS;impose_est;itineraire;OK;63830;1380;65210;3274;A5;oui;
2026-09-26T10:25:29;G+045-020;grille;RIS;impose_ouest;itineraire;OK;79452;1380;80832;4019;A5 et N104;oui;
2026-09-26T10:25:29;G+045-015;grille;RIS;acces_impose;itineraire;OK;64618;1380;65998;3489;A5;oui;
2026-09-26T10:25:30;G+045-015;grille;RIS;impose_est;itineraire;OK;64618;1380;65998;3489;A5;oui;
2026-09-26T10:25:30;G+045-015;grille;RIS;impose_ouest;itineraire;OK;80240;1380;81620;4233;N104;oui;
2026-09-26T10:25:30;G+045-010;grille;RIS;acces_impose;itineraire;OK;67269;1380;68649;3239;D1036;oui;
2026-09-26T10:25:30;G+045-010;grille;RIS;impose_est;itineraire;OK;67269;1380;68649;3239;D1036;oui;
2026-09-26T10:25:30;G+045-010;grille;RIS;impose_ouest;itineraire;OK;82890;1380;84270;3983;N104;oui;
2026-09-26T10:25:30;G+045-005;grille;RIS;acces_impose;itineraire;OK;70970;1380;72350;3608;D1036;oui;
2026-09-26T10:25:31;G+045-005;grille;RIS;impose_est;itineraire;OK;70970;1380;72350;3608;D1036;oui;
2026-09-26T10:25:31;G+045-005;grille;RIS;impose_ouest;itineraire;OK;86592;1380;87972;4353;N104;oui;
2026-09-26T10:25:31;G+045+000;grille;RIS;acces_impose;itineraire;OK;72526;1380;73906;3718;D1036;oui;
2026-09-26T10:25:31;G+045+000;grille;RIS;impose_est;itineraire;OK;72526;1380;73906;3718;D1036;oui;
2026-09-26T10:25:31;G+045+000;grille;RIS;impose_ouest;itineraire;OK;88148;1380;89528;4463;N104;oui;
2026-09-26T10:25:32;G+045+005;grille;RIS;acces_impose;itineraire;OK;80382;1380;81762;3902;N104;oui;
2026-09-26T10:25:32;G+045+005;grille;RIS;impose_est;itineraire;OK;80382;1380;81762;3902;N104;oui;
2026-09-26T10:25:32;G+045+005;grille;RIS;impose_ouest;itineraire;OK;96003;1380;97383;4646;N104;oui;
2026-09-26T10:25:32;G+045+010;grille;RIS;acces_impose;itineraire;OK;80006;1380;81386;3812;N104;oui;
2026-09-26T10:25:32;G+045+010;grille;RIS;impose_est;itineraire;OK;80006;1380;81386;3812;N104;oui;
2026-09-26T10:25:32;G+045+010;grille;RIS;impose_ouest;itineraire;OK;95627;1380;97007;4556;N104;oui;
2026-09-26T10:25:33;G+045+015;grille;RIS;acces_impose;itineraire;OK;86595;1380;87975;3994;A4 et N104;oui;
2026-09-26T10:25:33;G+045+015;grille;RIS;impose_est;itineraire;OK;86595;1380;87975;3994;A4 et N104;oui;
2026-09-26T10:25:33;G+045+015;grille;RIS;impose_ouest;itineraire;OK;102217;1380;103597;4739;A4 et N104;oui;
2026-09-26T10:25:33;G+045+020;grille;RIS;acces_impose;itineraire;OK;87302;1380;88682;4019;A4 et N104;oui;
2026-09-26T10:25:33;G+045+020;grille;RIS;impose_est;itineraire;OK;87302;1380;88682;4019;A4 et N104;oui;
2026-09-26T10:25:34;G+045+020;grille;RIS;impose_ouest;itineraire;OK;102924;1380;104304;4763;A4 et N104;oui;
2026-09-26T10:25:34;G+045+025;grille;RIS;acces_impose;itineraire;OK;96475;1380;97855;4354;A4 et N104;oui;
2026-09-26T10:25:34;G+045+025;grille;RIS;impose_est;itineraire;OK;96475;1380;97855;4354;A4 et N104;oui;
2026-09-26T10:25:34;G+045+025;grille;RIS;impose_ouest;itineraire;OK;112096;1380;113476;5098;A4 et N104;oui;
2026-09-26T10:25:34;G+045+030;grille;RIS;acces_impose;itineraire;OK;102218;1380;103598;4824;N104;oui;
2026-09-26T10:25:35;G+045+030;grille;RIS;impose_est;itineraire;OK;102218;1380;103598;4824;N104;oui;
2026-09-26T10:25:35;G+045+030;grille;RIS;impose_ouest;itineraire;OK;117839;1380;119219;5569;N104;oui;
2026-09-26T10:25:35;G+045+035;grille;RIS;acces_impose;itineraire;OK;104869;1380;106249;4869;N104;oui;
2026-09-26T10:25:35;G+045+035;grille;RIS;impose_est;itineraire;OK;104869;1380;106249;4869;N104;oui;
2026-09-26T10:25:35;G+045+035;grille;RIS;impose_ouest;itineraire;OK;120490;1380;121870;5613;N104;oui;
2026-09-26T10:25:36;G+050-030;grille;RIS;acces_impose;itineraire;OK;78336;1380;79716;3535;A5;oui;
2026-09-26T10:25:36;G+050-030;grille;RIS;impose_est;itineraire;OK;78336;1380;79716;3535;A5;oui;
2026-09-26T10:25:36;G+050-030;grille;RIS;impose_ouest;itineraire;OK;93958;1380;95338;4280;A5 et N104;oui;
2026-09-26T10:25:36;G+050-025;grille;RIS;acces_impose;itineraire;OK;64154;1380;65534;3203;D408 et A5;oui;
2026-09-26T10:25:36;G+050-025;grille;RIS;impose_est;itineraire;OK;64154;1380;65534;3203;D408 et A5;oui;
2026-09-26T10:25:36;G+050-025;grille;RIS;impose_ouest;itineraire;OK;79775;1380;81155;3947;A5 et N104;oui;
2026-09-26T10:25:37;G+050-020;grille;RIS;acces_impose;itineraire;OK;67295;1380;68675;3572;A5;oui;
2026-09-26T10:25:37;G+050-020;grille;RIS;impose_est;itineraire;OK;67295;1380;68675;3572;A5;oui;
2026-09-26T10:25:37;G+050-020;grille;RIS;impose_ouest;itineraire;OK;82917;1380;84297;4316;A5 et N104;oui;
2026-09-26T10:25:37;G+050-015;grille;RIS;acces_impose;itineraire;OK;68227;1380;69607;3521;A5;oui;
2026-09-26T10:25:37;G+050-015;grille;RIS;impose_est;itineraire;OK;68227;1380;69607;3521;A5;oui;
2026-09-26T10:25:38;G+050-015;grille;RIS;impose_ouest;itineraire;OK;83848;1380;85228;4265;N104;oui;
2026-09-26T10:25:38;G+050-010;grille;RIS;acces_impose;itineraire;OK;74909;1380;76289;3498;N4;oui;
2026-09-26T10:25:38;G+050-010;grille;RIS;impose_est;itineraire;OK;74909;1380;76289;3498;N4;oui;
2026-09-26T10:25:38;G+050-010;grille;RIS;impose_ouest;itineraire;OK;90531;1380;91911;4242;N104;oui;
2026-09-26T10:25:38;G+050-005;grille;RIS;acces_impose;itineraire;OK;79149;1380;80529;3678;N4;oui;
2026-09-26T10:25:38;G+050-005;grille;RIS;impose_est;itineraire;OK;79149;1380;80529;3678;N4;oui;
2026-09-26T10:25:39;G+050-005;grille;RIS;impose_ouest;itineraire;OK;94770;1380;96150;4422;N104;oui;
2026-09-26T10:25:39;G+050+000;grille;RIS;acces_impose;itineraire;OK;77021;1380;78401;3858;D402;oui;
2026-09-26T10:25:39;G+050+000;grille;RIS;impose_est;itineraire;OK;77021;1380;78401;3858;D402;oui;
2026-09-26T10:25:39;G+050+000;grille;RIS;impose_ouest;itineraire;OK;92643;1380;94023;4602;N104;oui;
2026-09-26T10:25:39;G+050+005;grille;RIS;acces_impose;itineraire;OK;80297;1380;81677;4374;D402;oui;
2026-09-26T10:25:39;G+050+005;grille;RIS;impose_est;itineraire;OK;80297;1380;81677;4374;D402;oui;
2026-09-26T10:25:40;G+050+005;grille;RIS;impose_ouest;itineraire;OK;95919;1380;97299;5118;N104;oui;
2026-09-26T10:25:40;G+050+010;grille;RIS;acces_impose;itineraire;OK;88433;1380;89813;4330;N104;oui;
2026-09-26T10:25:40;G+050+010;grille;RIS;impose_est;itineraire;OK;88433;1380;89813;4330;N104;oui;
2026-09-26T10:25:40;G+050+010;grille;RIS;impose_ouest;itineraire;OK;104055;1380;105435;5075;N104;oui;
2026-09-26T10:25:40;G+050+015;grille;RIS;acces_impose;itineraire;OK;92215;1380;93595;4148;A4 et N104;oui;
2026-09-26T10:25:41;G+050+015;grille;RIS;impose_est;itineraire;OK;92215;1380;93595;4148;A4 et N104;oui;
2026-09-26T10:25:41;G+050+015;grille;RIS;impose_ouest;itineraire;OK;107837;1380;109217;4892;A4 et N104;oui;
2026-09-26T10:25:41;G+050+020;grille;RIS;acces_impose;itineraire;OK;89632;1380;91012;4126;A4 et N104;oui;
2026-09-26T10:25:41;G+050+020;grille;RIS;impose_est;itineraire;OK;89632;1380;91012;4126;A4 et N104;oui;
2026-09-26T10:25:41;G+050+020;grille;RIS;impose_ouest;itineraire;OK;105253;1380;106633;4870;A4 et N104;oui;
2026-09-26T10:25:42;G+050+025;grille;RIS;acces_impose;itineraire;OK;99363;1380;100743;4181;A4 et N104;oui;
2026-09-26T10:25:42;G+050+025;grille;RIS;impose_est;itineraire;OK;99363;1380;100743;4181;A4 et N104;oui;
2026-09-26T10:25:42;G+050+025;grille;RIS;impose_ouest;itineraire;OK;114985;1380;116365;4925;A4 et N104;oui;
2026-09-26T10:25:42;G+050+030;grille;RIS;acces_impose;itineraire;OK;106582;1380;107962;4642;A4 et N104;oui;
2026-09-26T10:25:42;G+050+030;grille;RIS;impose_est;itineraire;OK;106582;1380;107962;4642;A4 et N104;oui;
2026-09-26T10:25:42;G+050+030;grille;RIS;impose_ouest;itineraire;OK;122203;1380;123583;5386;A4 et N104;oui;
2026-09-26T10:25:43;G+055-020;grille;RIS;acces_impose;itineraire;OK;71945;1380;73325;3716;A5;oui;
2026-09-26T10:25:43;G+055-020;grille;RIS;impose_est;itineraire;OK;71945;1380;73325;3716;A5;oui;
2026-09-26T10:25:43;G+055-020;grille;RIS;impose_ouest;itineraire;OK;87566;1380;88946;4460;A5 et N104;oui;
2026-09-26T10:25:43;G+055-015;grille;RIS;acces_impose;itineraire;OK;78519;1380;79899;3702;N4;oui;
2026-09-26T10:25:43;G+055-015;grille;RIS;impose_est;itineraire;OK;78519;1380;79899;3702;N4;oui;
2026-09-26T10:25:44;G+055-015;grille;RIS;impose_ouest;itineraire;OK;94140;1380;95520;4446;N104;oui;
2026-09-26T10:25:44;G+055-010;grille;RIS;acces_impose;itineraire;OK;77369;1380;78749;3738;N4;oui;
2026-09-26T10:25:44;G+055-010;grille;RIS;impose_est;itineraire;OK;77369;1380;78749;3738;N4;oui;
2026-09-26T10:25:44;G+055-010;grille;RIS;impose_ouest;itineraire;OK;92991;1380;94371;4482;N4 et N104;oui;
2026-09-26T10:25:44;G+055-005;grille;RIS;acces_impose;itineraire;OK;82671;1380;84051;4002;N4;oui;
2026-09-26T10:25:45;G+055-005;grille;RIS;impose_est;itineraire;OK;82671;1380;84051;4002;N4;oui;
2026-09-26T10:25:45;G+055-005;grille;RIS;impose_ouest;itineraire;OK;98292;1380;99672;4747;N104;oui;
2026-09-26T10:25:45;G+055+000;grille;RIS;acces_impose;itineraire;OK;87236;1380;88616;4129;N4;oui;
2026-09-26T10:25:45;G+055+000;grille;RIS;impose_est;itineraire;OK;87236;1380;88616;4129;N4;oui;
2026-09-26T10:25:45;G+055+000;grille;RIS;impose_ouest;itineraire;OK;102857;1380;104237;4873;N104;oui;
2026-09-26T10:25:45;G+055+005;grille;RIS;acces_impose;itineraire;OK;90675;1380;92055;4421;N4;oui;
2026-09-26T10:25:46;G+055+005;grille;RIS;impose_est;itineraire;OK;90675;1380;92055;4421;N4;oui;
2026-09-26T10:25:46;G+055+005;grille;RIS;impose_ouest;itineraire;OK;106296;1380;107676;5166;N104;oui;
2026-09-26T10:25:46;G+055+010;grille;RIS;acces_impose;itineraire;OK;94033;1380;95413;4613;N104;oui;
2026-09-26T10:25:46;G+055+010;grille;RIS;impose_est;itineraire;OK;94033;1380;95413;4613;N104;oui;
2026-09-26T10:25:46;G+055+010;grille;RIS;impose_ouest;itineraire;OK;109654;1380;111034;5357;N104;oui;
2026-09-26T10:25:47;G+055+015;grille;RIS;acces_impose;itineraire;OK;95386;1380;96766;4605;A4 et N104;oui;
2026-09-26T10:25:47;G+055+015;grille;RIS;impose_est;itineraire;OK;95386;1380;96766;4605;A4 et N104;oui;
2026-09-26T10:25:47;G+055+015;grille;RIS;impose_ouest;itineraire;OK;111007;1380;112387;5349;A4 et N104;oui;
2026-09-26T10:25:47;G+055+020;grille;RIS;acces_impose;itineraire;OK;93635;1380;95015;4386;A4 et N104;oui;
2026-09-26T10:25:47;G+055+020;grille;RIS;impose_est;itineraire;OK;93635;1380;95015;4386;A4 et N104;oui;
2026-09-26T10:25:48;G+055+020;grille;RIS;impose_ouest;itineraire;OK;109257;1380;110637;5131;A4 et N104;oui;
2026-09-26T10:25:48;G+060+000;grille;RIS;acces_impose;itineraire;OK;92177;1380;93557;4306;N4;oui;
2026-09-26T10:25:48;G+060+000;grille;RIS;impose_est;itineraire;OK;92177;1380;93557;4306;N4;oui;
2026-09-26T10:25:48;G+060+000;grille;RIS;impose_ouest;itineraire;OK;107799;1380;109179;5050;N104;oui;
2026-09-26T10:25:48;G-300+000;grille;RIS;acces_impose;itineraire;AUCUN_ITINERAIRE;;;;;;;
2026-09-26T10:25:48;G-300+000;grille;RIS;impose_est;itineraire;AUCUN_ITINERAIRE;;;;;;;
2026-09-26T10:25:49;G-300+000;grille;RIS;impose_ouest;itineraire;AUCUN_ITINERAIRE;;;;;;;
2026-09-26T10:25:49;G-280-100;grille;RIS;acces_impose;itineraire;OK;343526;1380;344906;11865;A81 et A11;oui;
2026-09-26T10:25:49;G-280-100;grille;RIS;impose_est;itineraire;OK;364547;1380;365927;12779;A81 et A11;oui;
2026-09-26T10:25:49;G-280-100;grille;RIS;impose_ouest;itineraire;OK;343526;1380;344906;11865;A81 et A11;oui;
2026-09-26T10:25:49;G-280-080;grille;RIS;acces_impose;itineraire;OK;318376;1380;319756;10778;A81 et A11;oui;
2026-09-26T10:25:50;G-280-080;grille;RIS;impose_est;itineraire;OK;339397;1380;340777;11692;A81 et A11;oui;
2026-09-26T10:25:50;G-280-080;grille;RIS;impose_ouest;itineraire;OK;318376;1380;319756;10778;A81 et A11;oui;
2026-09-26T10:25:50;G-280-060;grille;RIS;acces_impose;itineraire;OK;327129;1380;328509;11570;A81 et A11;oui;
2026-09-26T10:25:50;G-280-060;grille;RIS;impose_est;itineraire;OK;348150;1380;349530;12484;A81 et A11;oui;
2026-09-26T10:25:51;G-280-060;grille;RIS;impose_ouest;itineraire;OK;327129;1380;328509;11570;A81 et A11;oui;
2026-09-26T10:25:51;G-280-040;grille;RIS;acces_impose;itineraire;OK;339772;1380;341152;12418;A11;oui;
2026-09-26T10:25:51;G-280-040;grille;RIS;impose_est;itineraire;OK;360793;1380;362173;13332;A11;oui;
2026-09-26T10:25:51;G-280-040;grille;RIS;impose_ouest;itineraire;OK;339772;1380;341152;12418;A11;oui;
2026-09-26T10:25:52;G-280-020;grille;RIS;acces_impose;itineraire;OK;376500;1380;377880;13405;A13;oui;
2026-09-26T10:25:52;G-280-020;grille;RIS;impose_est;itineraire;OK;386402;1380;387782;14333;A11;oui;
2026-09-26T10:25:52;G-280-020;grille;RIS;impose_ouest;itineraire;OK;365381;1380;366761;13419;A11;oui;
2026-09-26T10:25:53;G-280+000;grille;RIS;acces_impose;itineraire;OK;357341;1380;358721;12850;A13;oui;
2026-09-26T10:25:53;G-280+000;grille;RIS;impose_est;itineraire;OK;382696;1380;384076;13930;A13;oui;
2026-09-26T10:25:53;G-280+000;grille;RIS;impose_ouest;itineraire;OK;372117;1380;373497;13485;A13;oui;
2026-09-26T10:25:54;G-280+020;grille;RIS;acces_impose;itineraire;OK;352060;1380;353440;12953;A13;oui;
2026-09-26T10:25:54;G-280+020;grille;RIS;impose_est;itineraire;OK;377415;1380;378795;14033;A13;oui;
2026-09-26T10:25:54;G-280+020;grille;RIS;impose_ouest;itineraire;OK;366836;1380;368216;13588;A13;oui;
2026-09-26T10:25:55;G-280+040;grille;RIS;acces_impose;itineraire;OK;358168;1380;359548;13211;A13;oui;
2026-09-26T10:25:56;G-280+040;grille;RIS;impose_est;itineraire;OK;383524;1380;384904;14291;A13;oui;
2026-09-26T10:25:56;G-280+040;grille;RIS;impose_ouest;itineraire;OK;372945;1380;374325;13846;A13;oui;
2026-09-26T10:25:57;G-280+060;grille;RIS;acces_impose;itineraire;OK;348900;1380;350280;12832;A13;oui;
2026-09-26T10:25:57;G-280+060;grille;RIS;impose_est;itineraire;OK;374256;1380;375636;13912;A13;oui;
2026-09-26T10:25:57;G-280+060;grille;RIS;impose_ouest;itineraire;OK;363677;1380;365057;13468;A13;oui;
2026-09-26T10:25:57;G-280+080;grille;RIS;acces_impose;itineraire;OK;359106;1380;360486;13081;A13;oui;
2026-09-26T10:25:58;G-280+080;grille;RIS;impose_est;itineraire;OK;384462;1380;385842;14161;A13;oui;
2026-09-26T10:25:58;G-280+080;grille;RIS;impose_ouest;itineraire;OK;373883;1380;375263;13716;A13;oui;
2026-09-26T10:25:58;G-280+100;grille;RIS;acces_impose;itineraire;OK;386909;1380;388289;14439;A13;oui;
2026-09-26T10:25:58;G-280+100;grille;RIS;impose_est;itineraire;OK;412264;1380;413644;15519;A13;oui;
2026-09-26T10:25:59;G-280+100;grille;RIS;impose_ouest;itineraire;OK;401685;1380;403065;15074;A13;oui;
2026-09-26T10:25:59;G-260-140;grille;RIS;acces_impose;itineraire;OK;339095;1380;340475;12079;A11;oui;
2026-09-26T10:25:59;G-260-140;grille;RIS;impose_est;itineraire;OK;360116;1380;361496;12993;A11;oui;
2026-09-26T10:25:59;G-260-140;grille;RIS;impose_ouest;itineraire;OK;339095;1380;340475;12079;A11;oui;
2026-09-26T10:26:00;G-260-120;grille;RIS;acces_impose;itineraire;OK;348335;1380;349715;12125;A11;oui;
2026-09-26T10:26:00;G-260-120;grille;RIS;impose_est;itineraire;OK;369356;1380;370736;13039;A11;oui;
2026-09-26T10:26:00;G-260-120;grille;RIS;impose_ouest;itineraire;OK;348335;1380;349715;12125;A11;oui;
2026-09-26T10:26:00;G-260-100;grille;RIS;acces_impose;itineraire;OK;316960;1380;318340;10934;A81 et A11;oui;
2026-09-26T10:26:01;G-260-100;grille;RIS;impose_est;itineraire;OK;337981;1380;339361;11848;A81 et A11;oui;
2026-09-26T10:26:01;G-260-100;grille;RIS;impose_ouest;itineraire;OK;316960;1380;318340;10934;A81 et A11;oui;
2026-09-26T10:26:01;G-260-080;grille;RIS;acces_impose;itineraire;OK;299209;1380;300589;9935;A81 et A11;oui;
2026-09-26T10:26:01;G-260-080;grille;RIS;impose_est;itineraire;OK;320230;1380;321610;10849;A81 et A11;oui;
2026-09-26T10:26:02;G-260-080;grille;RIS;impose_ouest;itineraire;OK;299209;1380;300589;9935;A81 et A11;oui;
2026-09-26T10:26:02;G-260-060;grille;RIS;acces_impose;itineraire;OK;302810;1380;304190;10681;A81 et A11;oui;
2026-09-26T10:26:02;G-260-060;grille;RIS;impose_est;itineraire;OK;323831;1380;325211;11595;A11;oui;
2026-09-26T10:26:02;G-260-060;grille;RIS;impose_ouest;itineraire;OK;302810;1380;304190;10681;A81 et A11;oui;
2026-09-26T10:26:03;G-260-040;grille;RIS;acces_impose;itineraire;OK;326061;1380;327441;11601;A11;oui;
2026-09-26T10:26:03;G-260-040;grille;RIS;impose_est;itineraire;OK;347082;1380;348462;12515;A11;oui;
2026-09-26T10:26:03;G-260-040;grille;RIS;impose_ouest;itineraire;OK;326061;1380;327441;11601;A11;oui;
2026-09-26T10:26:03;G-260-020;grille;RIS;acces_impose;itineraire;OK;339807;1380;341187;12385;A11;oui;
2026-09-26T10:26:04;G-260-020;grille;RIS;impose_est;itineraire;OK;360828;1380;362208;13299;A11;oui;
2026-09-26T10:26:04;G-260-020;grille;RIS;impose_ouest;itineraire;OK;339807;1380;341187;12385;A11;oui;
2026-09-26T10:26:04;G-260+000;grille;RIS;acces_impose;itineraire;OK;350000;1380;351380;12553;A13;oui;
2026-09-26T10:26:04;G-260+000;grille;RIS;impose_est;itineraire;OK;375355;1380;376735;13633;A13;oui;
2026-09-26T10:26:05;G-260+000;grille;RIS;impose_ouest;itineraire;OK;364776;1380;366156;13189;A13;oui;
2026-09-26T10:26:05;G-260+020;grille;RIS;acces_impose;itineraire;OK;331686;1380;333066;11968;A13;oui;
2026-09-26T10:26:05;G-260+020;grille;RIS;impose_est;itineraire;OK;357041;1380;358421;13048;A13;oui;
2026-09-26T10:26:05;G-260+020;grille;RIS;impose_ouest;itineraire;OK;346462;1380;347842;12603;A13;oui;
2026-09-26T10:26:06;G-260+040;grille;RIS;acces_impose;itineraire;OK;341701;1380;343081;12490;A13;oui;
2026-09-26T10:26:06;G-260+040;grille;RIS;impose_est;itineraire;OK;367056;1380;368436;13570;A13;oui;
2026-09-26T10:26:06;G-260+040;grille;RIS;impose_ouest;itineraire;OK;356477;1380;357857;13125;A13;oui;
2026-09-26T10:26:06;G-260+060;grille;RIS;acces_impose;itineraire;OK;329456;1380;330836;12083;A13;oui;
2026-09-26T10:26:07;G-260+060;grille;RIS;impose_est;itineraire;OK;354812;1380;356192;13163;A13;oui;
2026-09-26T10:26:07;G-260+060;grille;RIS;impose_ouest;itineraire;OK;344233;1380;345613;12718;A13;oui;
2026-09-26T10:26:07;G-260+080;grille;RIS;acces_impose;itineraire;AUCUN_ITINERAIRE;;;;;;;
2026-09-26T10:26:07;G-260+080;grille;RIS;impose_est;itineraire;AUCUN_ITINERAIRE;;;;;;;
2026-09-26T10:26:08;G-260+080;grille;RIS;impose_ouest;itineraire;AUCUN_ITINERAIRE;;;;;;;
2026-09-26T10:26:08;G-260+100;grille;RIS;acces_impose;itineraire;AUCUN_ITINERAIRE;;;;;;;
2026-09-26T10:26:08;G-260+100;grille;RIS;impose_est;itineraire;AUCUN_ITINERAIRE;;;;;;;
2026-09-26T10:26:08;G-260+100;grille;RIS;impose_ouest;itineraire;AUCUN_ITINERAIRE;;;;;;;
2026-09-26T10:26:08;G-260+120;grille;RIS;acces_impose;itineraire;AUCUN_ITINERAIRE;;;;;;;
2026-09-26T10:26:08;G-260+120;grille;RIS;impose_est;itineraire;AUCUN_ITINERAIRE;;;;;;;
2026-09-26T10:26:08;G-260+120;grille;RIS;impose_ouest;itineraire;AUCUN_ITINERAIRE;;;;;;;
2026-09-26T10:26:09;G-260+140;grille;RIS;acces_impose;itineraire;AUCUN_ITINERAIRE;;;;;;;
2026-09-26T10:26:09;G-260+140;grille;RIS;impose_est;itineraire;AUCUN_ITINERAIRE;;;;;;;
2026-09-26T10:26:09;G-260+140;grille;RIS;impose_ouest;itineraire;AUCUN_ITINERAIRE;;;;;;;
2026-09-26T10:26:09;G-240-180;grille;RIS;acces_impose;itineraire;OK;337290;1380;338670;11576;A11;oui;
2026-09-26T10:26:09;G-240-180;grille;RIS;impose_est;itineraire;OK;358311;1380;359691;12490;A11;oui;
2026-09-26T10:26:09;G-240-180;grille;RIS;impose_ouest;itineraire;OK;337290;1380;338670;11576;A11;oui;
2026-09-26T10:26:10;G-240-160;grille;RIS;acces_impose;itineraire;OK;319922;1380;321302;11358;A11;oui;
2026-09-26T10:26:10;G-240-160;grille;RIS;impose_est;itineraire;OK;340943;1380;342323;12272;A11;oui;
2026-09-26T10:26:10;G-240-160;grille;RIS;impose_ouest;itineraire;OK;319922;1380;321302;11358;A11;oui;
2026-09-26T10:26:10;G-240-140;grille;RIS;acces_impose;itineraire;OK;313339;1380;314719;10757;A11;oui;
2026-09-26T10:26:11;G-240-140;grille;RIS;impose_est;itineraire;OK;334360;1380;335740;11671;A11;oui;
2026-09-26T10:26:11;G-240-140;grille;RIS;impose_ouest;itineraire;OK;313339;1380;314719;10757;A11;oui;
2026-09-26T10:26:11;G-240-120;grille;RIS;acces_impose;itineraire;OK;325849;1380;327229;11156;A11;oui;
2026-09-26T10:26:11;G-240-120;grille;RIS;impose_est;itineraire;OK;346870;1380;348250;12070;A11;oui;
2026-09-26T10:26:11;G-240-120;grille;RIS;impose_ouest;itineraire;OK;325849;1380;327229;11156;A11;oui;
2026-09-26T10:26:12;G-240-100;grille;RIS;acces_impose;itineraire;OK;287562;1380;288942;10419;A11;oui;
2026-09-26T10:26:12;G-240-100;grille;RIS;impose_est;itineraire;OK;308583;1380;309963;11333;A11;oui;
2026-09-26T10:26:12;G-240-100;grille;RIS;impose_ouest;itineraire;OK;287562;1380;288942;10419;A11;oui;
2026-09-26T10:26:12;G-240-080;grille;RIS;acces_impose;itineraire;OK;279608;1380;280988;9391;A81 et A11;oui;
2026-09-26T10:26:13;G-240-080;grille;RIS;impose_est;itineraire;OK;300629;1380;302009;10305;A81 et A11;oui;
2026-09-26T10:26:13;G-240-080;grille;RIS;impose_ouest;itineraire;OK;279608;1380;280988;9391;A81 et A11;oui;
2026-09-26T10:26:13;G-240-060;grille;RIS;acces_impose;itineraire;OK;293939;1380;295319;9954;A81 et A11;oui;
2026-09-26T10:26:13;G-240-060;grille;RIS;impose_est;itineraire;OK;314960;1380;316340;10868;A11;oui;
2026-09-26T10:26:13;G-240-060;grille;RIS;impose_ouest;itineraire;OK;293939;1380;295319;9954;A81 et A11;oui;
2026-09-26T10:26:14;G-240-040;grille;RIS;acces_impose;itineraire;OK;316370;1380;317750;11039;A11;oui;
2026-09-26T10:26:14;G-240-040;grille;RIS;impose_est;itineraire;OK;337391;1380;338771;11953;A11;oui;
2026-09-26T10:26:14;G-240-040;grille;RIS;impose_ouest;itineraire;OK;316370;1380;317750;11039;A11;oui;
2026-09-26T10:26:14;G-240-020;grille;RIS;acces_impose;itineraire;OK;340333;1380;341713;12378;A11;oui;
2026-09-26T10:26:15;G-240-020;grille;RIS;impose_est;itineraire;OK;361354;1380;362734;13292;A11;oui;
2026-09-26T10:26:15;G-240-020;grille;RIS;impose_ouest;itineraire;OK;340333;1380;341713;12378;A11;oui;
2026-09-26T10:26:15;G-240+000;grille;RIS;acces_impose;itineraire;OK;329873;1380;331253;12328;A13;oui;
2026-09-26T10:26:15;G-240+000;grille;RIS;impose_est;itineraire;OK;355229;1380;356609;13408;A13;oui;
2026-09-26T10:26:16;G-240+000;grille;RIS;impose_ouest;itineraire;OK;352749;1380;354129;12617;A11;oui;
2026-09-26T10:26:16;G-240+020;grille;RIS;acces_impose;itineraire;OK;310634;1380;312014;11271;A13;oui;
2026-09-26T10:26:16;G-240+020;grille;RIS;impose_est;itineraire;OK;335990;1380;337370;12351;A13;oui;
2026-09-26T10:26:16;G-240+020;grille;RIS;impose_ouest;itineraire;OK;325411;1380;326791;11906;A13;oui;
2026-09-26T10:26:16;G-240+040;grille;RIS;acces_impose;itineraire;OK;307459;1380;308839;11451;A13;oui;
2026-09-26T10:26:17;G-240+040;grille;RIS;impose_est;itineraire;OK;332814;1380;334194;12531;A13;oui;
2026-09-26T10:26:17;G-240+040;grille;RIS;impose_ouest;itineraire;OK;322235;1380;323615;12086;A13;oui;
2026-09-26T10:26:17;G-240+060;grille;RIS;acces_impose;itineraire;OK;304087;1380;305467;11103;A13;oui;
2026-09-26T10:26:17;G-240+060;grille;RIS;impose_est;itineraire;OK;329443;1380;330823;12183;A13;oui;
2026-09-26T10:26:18;G-240+060;grille;RIS;impose_ouest;itineraire;OK;318864;1380;320244;11738;A13;oui;
2026-09-26T10:26:18;G-240+080;grille;RIS;acces_impose;itineraire;AUCUN_ITINERAIRE;;;;;;;
2026-09-26T10:26:18;G-240+080;grille;RIS;impose_est;itineraire;AUCUN_ITINERAIRE;;;;;;;
2026-09-26T10:26:18;G-240+080;grille;RIS;impose_ouest;itineraire;AUCUN_ITINERAIRE;;;;;;;
2026-09-26T10:26:18;G-240+100;grille;RIS;acces_impose;itineraire;AUCUN_ITINERAIRE;;;;;;;
2026-09-26T10:26:18;G-240+100;grille;RIS;impose_est;itineraire;AUCUN_ITINERAIRE;;;;;;;
2026-09-26T10:26:19;G-240+100;grille;RIS;impose_ouest;itineraire;AUCUN_ITINERAIRE;;;;;;;
2026-09-26T10:26:19;G-240+120;grille;RIS;acces_impose;itineraire;AUCUN_ITINERAIRE;;;;;;;
2026-09-26T10:26:19;G-240+120;grille;RIS;impose_est;itineraire;AUCUN_ITINERAIRE;;;;;;;
2026-09-26T10:26:19;G-240+120;grille;RIS;impose_ouest;itineraire;AUCUN_ITINERAIRE;;;;;;;
2026-09-26T10:26:19;G-240+140;grille;RIS;acces_impose;itineraire;AUCUN_ITINERAIRE;;;;;;;
2026-09-26T10:26:19;G-240+140;grille;RIS;impose_est;itineraire;AUCUN_ITINERAIRE;;;;;;;
2026-09-26T10:26:19;G-240+140;grille;RIS;impose_ouest;itineraire;AUCUN_ITINERAIRE;;;;;;;
2026-09-26T10:26:20;G-240+160;grille;RIS;acces_impose;itineraire;AUCUN_ITINERAIRE;;;;;;;
2026-09-26T10:26:20;G-240+160;grille;RIS;impose_est;itineraire;AUCUN_ITINERAIRE;;;;;;;
2026-09-26T10:26:20;G-240+160;grille;RIS;impose_ouest;itineraire;AUCUN_ITINERAIRE;;;;;;;
2026-09-26T10:26:20;G-240+180;grille;RIS;acces_impose;itineraire;OK;406895;1380;408275;20855;A13;oui;
2026-09-26T10:26:20;G-240+180;grille;RIS;impose_est;itineraire;OK;432250;1380;433630;21935;A13;oui;
2026-09-26T10:26:20;G-240+180;grille;RIS;impose_ouest;itineraire;OK;421671;1380;423051;21490;A13;oui;
2026-09-26T10:26:21;G-220-200;grille;RIS;acces_impose;itineraire;OK;351017;1380;352397;12800;A11;oui;
2026-09-26T10:26:21;G-220-200;grille;RIS;impose_est;itineraire;OK;372038;1380;373418;13714;A11;oui;
2026-09-26T10:26:21;G-220-200;grille;RIS;impose_ouest;itineraire;OK;351017;1380;352397;12800;A11;oui;
2026-09-26T10:26:21;G-220-180;grille;RIS;acces_impose;itineraire;OK;328223;1380;329603;11582;A11;oui;
2026-09-26T10:26:22;G-220-180;grille;RIS;impose_est;itineraire;OK;349244;1380;350624;12496;A11;oui;
2026-09-26T10:26:22;G-220-180;grille;RIS;impose_ouest;itineraire;OK;328223;1380;329603;11582;A11;oui;
2026-09-26T10:26:22;G-220-160;grille;RIS;acces_impose;itineraire;OK;301733;1380;303113;10126;A11;oui;
2026-09-26T10:26:22;G-220-160;grille;RIS;impose_est;itineraire;OK;322754;1380;324134;11040;A11;oui;
2026-09-26T10:26:22;G-220-160;grille;RIS;impose_ouest;itineraire;OK;301733;1380;303113;10126;A11;oui;
2026-09-26T10:26:23;G-220-140;grille;RIS;acces_impose;itineraire;OK;290528;1380;291908;9749;A11;oui;
2026-09-26T10:26:23;G-220-140;grille;RIS;impose_est;itineraire;OK;311549;1380;312929;10663;A11;oui;
2026-09-26T10:26:23;G-220-140;grille;RIS;impose_ouest;itineraire;OK;290528;1380;291908;9749;A11;oui;
2026-09-26T10:26:23;G-220-120;grille;RIS;acces_impose;itineraire;OK;278888;1380;280268;9836;A11;oui;
2026-09-26T10:26:23;G-220-120;grille;RIS;impose_est;itineraire;OK;299909;1380;301289;10750;A11;oui;
2026-09-26T10:26:24;G-220-120;grille;RIS;impose_ouest;itineraire;OK;278888;1380;280268;9836;A11;oui;
2026-09-26T10:26:24;G-220-100;grille;RIS;acces_impose;itineraire;OK;273903;1380;275283;9676;A11;oui;
2026-09-26T10:26:24;G-220-100;grille;RIS;impose_est;itineraire;OK;294924;1380;296304;10590;A11;oui;
2026-09-26T10:26:24;G-220-100;grille;RIS;impose_ouest;itineraire;OK;273903;1380;275283;9676;A11;oui;
2026-09-26T10:26:25;G-220-080;grille;RIS;acces_impose;itineraire;OK;255586;1380;256966;8692;A11;oui;
2026-09-26T10:26:25;G-220-080;grille;RIS;impose_est;itineraire;OK;276607;1380;277987;9606;A11;oui;
2026-09-26T10:26:25;G-220-080;grille;RIS;impose_ouest;itineraire;OK;255586;1380;256966;8692;A11;oui;
2026-09-26T10:26:25;G-220-060;grille;RIS;acces_impose;itineraire;OK;275420;1380;276800;9802;A11;oui;
2026-09-26T10:26:26;G-220-060;grille;RIS;impose_est;itineraire;OK;296441;1380;297821;10716;A11;oui;
2026-09-26T10:26:26;G-220-060;grille;RIS;impose_ouest;itineraire;OK;275420;1380;276800;9802;A11;oui;
2026-09-26T10:26:26;G-220-040;grille;RIS;acces_impose;itineraire;OK;294128;1380;295508;10713;A11;oui;
2026-09-26T10:26:26;G-220-040;grille;RIS;impose_est;itineraire;OK;315149;1380;316529;11627;A11;oui;
2026-09-26T10:26:26;G-220-040;grille;RIS;impose_ouest;itineraire;OK;294128;1380;295508;10713;A11;oui;
2026-09-26T10:26:27;G-220-020;grille;RIS;acces_impose;itineraire;OK;309151;1380;310531;11618;A11;oui;
2026-09-26T10:26:27;G-220-020;grille;RIS;impose_est;itineraire;OK;330172;1380;331552;12532;A11;oui;
2026-09-26T10:26:27;G-220-020;grille;RIS;impose_ouest;itineraire;OK;309151;1380;310531;11618;A11;oui;
2026-09-26T10:26:27;G-220+000;grille;RIS;acces_impose;itineraire;OK;330470;1380;331850;11387;A11;oui;
2026-09-26T10:26:27;G-220+000;grille;RIS;impose_est;itineraire;OK;351491;1380;352871;12301;A11;oui;
2026-09-26T10:26:28;G-220+000;grille;RIS;impose_ouest;itineraire;OK;330470;1380;331850;11387;A11;oui;
2026-09-26T10:26:28;G-220+020;grille;RIS;acces_impose;itineraire;OK;294750;1380;296130;10854;A13;oui;
2026-09-26T10:26:28;G-220+020;grille;RIS;impose_est;itineraire;OK;320105;1380;321485;11934;A13;oui;
2026-09-26T10:26:28;G-220+020;grille;RIS;impose_ouest;itineraire;OK;309526;1380;310906;11489;A13;oui;
2026-09-26T10:26:29;G-220+040;grille;RIS;acces_impose;itineraire;OK;282951;1380;284331;10182;A13;oui;
2026-09-26T10:26:29;G-220+040;grille;RIS;impose_est;itineraire;OK;308307;1380;309687;11262;A13;oui;
2026-09-26T10:26:29;G-220+040;grille;RIS;impose_ouest;itineraire;OK;297728;1380;299108;10817;A13;oui;
2026-09-26T10:26:29;G-220+060;grille;RIS;acces_impose;itineraire;OK;292490;1380;293870;10992;A13;oui;
2026-09-26T10:26:30;G-220+060;grille;RIS;impose_est;itineraire;OK;317846;1380;319226;12072;A13;oui;
2026-09-26T10:26:30;G-220+060;grille;RIS;impose_ouest;itineraire;OK;307267;1380;308647;11628;A13;oui;
2026-09-26T10:26:30;G-220+080;grille;RIS;acces_impose;itineraire;AUCUN_ITINERAIRE;;;;;;;
2026-09-26T10:26:30;G-220+080;grille;RIS;impose_est;itineraire;AUCUN_ITINERAIRE;;;;;;;
2026-09-26T10:26:30;G-220+080;grille;RIS;impose_ouest;itineraire;AUCUN_ITINERAIRE;;;;;;;
2026-09-26T10:26:31;G-220+100;grille;RIS;acces_impose;itineraire;AUCUN_ITINERAIRE;;;;;;;
2026-09-26T10:26:31;G-220+100;grille;RIS;impose_est;itineraire;AUCUN_ITINERAIRE;;;;;;;
2026-09-26T10:26:31;G-220+100;grille;RIS;impose_ouest;itineraire;AUCUN_ITINERAIRE;;;;;;;
2026-09-26T10:26:32;G-220+120;grille;RIS;acces_impose;itineraire;AUCUN_ITINERAIRE;;;;;;;
2026-09-26T10:26:32;G-220+120;grille;RIS;impose_est;itineraire;AUCUN_ITINERAIRE;;;;;;;
2026-09-26T10:26:32;G-220+120;grille;RIS;impose_ouest;itineraire;AUCUN_ITINERAIRE;;;;;;;
2026-09-26T10:26:32;G-220+140;grille;RIS;acces_impose;itineraire;OK;362228;1380;363608;17282;A13;oui;
2026-09-26T10:26:32;G-220+140;grille;RIS;impose_est;itineraire;OK;387584;1380;388964;18362;A13;oui;
2026-09-26T10:26:32;G-220+140;grille;RIS;impose_ouest;itineraire;OK;377005;1380;378385;17917;A13;oui;
2026-09-26T10:26:33;G-220+160;grille;RIS;acces_impose;itineraire;OK;322272;1380;323652;20616;Portsmouth, UK - Le Havre, FR et A13;oui;
2026-09-26T10:26:33;G-220+160;grille;RIS;impose_est;itineraire;OK;347628;1380;349008;21696;Portsmouth, UK - Le Havre, FR et A13;oui;
2026-09-26T10:26:33;G-220+160;grille;RIS;impose_ouest;itineraire;OK;337049;1380;338429;21251;Portsmouth, UK - Le Havre, FR et A13;oui;
2026-09-26T10:26:33;G-220+180;grille;RIS;acces_impose;itineraire;AUCUN_ITINERAIRE;;;;;;;
2026-09-26T10:26:33;G-220+180;grille;RIS;impose_est;itineraire;AUCUN_ITINERAIRE;;;;;;;
2026-09-26T10:26:33;G-220+180;grille;RIS;impose_ouest;itineraire;AUCUN_ITINERAIRE;;;;;;;
2026-09-26T10:26:34;G-220+200;grille;RIS;acces_impose;itineraire;AUCUN_ITINERAIRE;;;;;;;
2026-09-26T10:26:34;G-220+200;grille;RIS;impose_est;itineraire;AUCUN_ITINERAIRE;;;;;;;
2026-09-26T10:26:34;G-220+200;grille;RIS;impose_ouest;itineraire;AUCUN_ITINERAIRE;;;;;;;
2026-09-26T10:26:34;G-200-220;grille;RIS;acces_impose;itineraire;OK;374105;1380;375485;13775;A11;oui;
2026-09-26T10:26:34;G-200-220;grille;RIS;impose_est;itineraire;OK;395126;1380;396506;14689;A11;oui;
2026-09-26T10:26:35;G-200-220;grille;RIS;impose_ouest;itineraire;OK;374105;1380;375485;13775;A11;oui;
2026-09-26T10:26:35;G-200-200;grille;RIS;acces_impose;itineraire;OK;350953;1380;352333;12435;A11;oui;
2026-09-26T10:26:35;G-200-200;grille;RIS;impose_est;itineraire;OK;371974;1380;373354;13349;A11;oui;
2026-09-26T10:26:35;G-200-200;grille;RIS;impose_ouest;itineraire;OK;350953;1380;352333;12435;A11;oui;
2026-09-26T10:26:36;G-200-180;grille;RIS;acces_impose;itineraire;OK;329063;1380;330443;11351;A11;oui;
2026-09-26T10:26:36;G-200-180;grille;RIS;impose_est;itineraire;OK;350084;1380;351464;12265;A11;oui;
2026-09-26T10:26:36;G-200-180;grille;RIS;impose_ouest;itineraire;OK;329063;1380;330443;11351;A11;oui;
2026-09-26T10:26:36;G-200-160;grille;RIS;acces_impose;itineraire;OK;304515;1380;305895;10679;A11;oui;
2026-09-26T10:26:36;G-200-160;grille;RIS;impose_est;itineraire;OK;325536;1380;326916;11593;A11;oui;
2026-09-26T10:26:37;G-200-160;grille;RIS;impose_ouest;itineraire;OK;304515;1380;305895;10679;A11;oui;
2026-09-26T10:26:37;G-200-140;grille;RIS;acces_impose;itineraire;OK;297615;1380;298995;9846;A11;oui;
2026-09-26T10:26:37;G-200-140;grille;RIS;impose_est;itineraire;OK;318636;1380;320016;10760;A11;oui;
2026-09-26T10:26:37;G-200-140;grille;RIS;impose_ouest;itineraire;OK;297615;1380;298995;9846;A11;oui;
2026-09-26T10:26:37;G-200-120;grille;RIS;acces_impose;itineraire;OK;259086;1380;260466;8986;A11;oui;
2026-09-26T10:26:38;G-200-120;grille;RIS;impose_est;itineraire;OK;280107;1380;281487;9900;A11;oui;
2026-09-26T10:26:38;G-200-120;grille;RIS;impose_ouest;itineraire;OK;259086;1380;260466;8986;A11;oui;
2026-09-26T10:26:38;G-200-100;grille;RIS;acces_impose;itineraire;OK;240937;1380;242317;8397;A11;oui;
2026-09-26T10:26:38;G-200-100;grille;RIS;impose_est;itineraire;OK;261958;1380;263338;9311;A11;oui;
2026-09-26T10:26:39;G-200-100;grille;RIS;impose_ouest;itineraire;OK;240937;1380;242317;8397;A11;oui;
2026-09-26T10:26:39;G-200-080;grille;RIS;acces_impose;itineraire;OK;235878;1380;237258;8083;A11;oui;
2026-09-26T10:26:39;G-200-080;grille;RIS;impose_est;itineraire;OK;256899;1380;258279;8997;A11;oui;
2026-09-26T10:26:39;G-200-080;grille;RIS;impose_ouest;itineraire;OK;235878;1380;237258;8083;A11;oui;
2026-09-26T10:26:39;G-200-060;grille;RIS;acces_impose;itineraire;OK;248797;1380;250177;9692;A11;oui;
2026-09-26T10:26:40;G-200-060;grille;RIS;impose_est;itineraire;OK;269818;1380;271198;10606;A11;oui;
2026-09-26T10:26:40;G-200-060;grille;RIS;impose_ouest;itineraire;OK;248797;1380;250177;9692;A11;oui;
2026-09-26T10:26:40;G-200-040;grille;RIS;acces_impose;itineraire;OK;278514;1380;279894;10004;A11;oui;
2026-09-26T10:26:40;G-200-040;grille;RIS;impose_est;itineraire;OK;299535;1380;300915;10918;A11;oui;
2026-09-26T10:26:40;G-200-040;grille;RIS;impose_ouest;itineraire;OK;278514;1380;279894;10004;A11;oui;
2026-09-26T10:26:41;G-200-020;grille;RIS;acces_impose;itineraire;OK;287870;1380;289250;10395;A11;oui;
2026-09-26T10:26:41;G-200-020;grille;RIS;impose_est;itineraire;OK;308892;1380;310272;11309;A11;oui;
2026-09-26T10:26:41;G-200-020;grille;RIS;impose_ouest;itineraire;OK;287870;1380;289250;10395;A11;oui;
2026-09-26T10:26:41;G-200+000;grille;RIS;acces_impose;itineraire;OK;315227;1380;316607;10906;A11;oui;
2026-09-26T10:26:42;G-200+000;grille;RIS;impose_est;itineraire;OK;336248;1380;337628;11820;A11;oui;
2026-09-26T10:26:42;G-200+000;grille;RIS;impose_ouest;itineraire;OK;315227;1380;316607;10906;A11;oui;
2026-09-26T10:26:42;G-200+020;grille;RIS;acces_impose;itineraire;OK;285714;1380;287094;10500;A13;oui;
2026-09-26T10:26:42;G-200+020;grille;RIS;impose_est;itineraire;OK;311069;1380;312449;11580;A13;oui;
2026-09-26T10:26:42;G-200+020;grille;RIS;impose_ouest;itineraire;OK;324918;1380;326298;11128;A11;oui;
2026-09-26T10:26:43;G-200+040;grille;RIS;acces_impose;itineraire;OK;259716;1380;261096;9549;A13;oui;
2026-09-26T10:26:43;G-200+040;grille;RIS;impose_est;itineraire;OK;285072;1380;286452;10629;A13;oui;
2026-09-26T10:26:43;G-200+040;grille;RIS;impose_ouest;itineraire;OK;274493;1380;275873;10184;A13;oui;
2026-09-26T10:26:43;G-200+060;grille;RIS;acces_impose;itineraire;OK;275697;1380;277077;10436;A13;oui;
2026-09-26T10:26:44;G-200+060;grille;RIS;impose_est;itineraire;OK;301052;1380;302432;11516;A13;oui;
2026-09-26T10:26:44;G-200+060;grille;RIS;impose_ouest;itineraire;OK;290473;1380;291853;11071;A13;oui;
2026-09-26T10:26:44;G-200+080;grille;RIS;acces_impose;itineraire;OK;297554;1380;298934;12108;A13;oui;
2026-09-26T10:26:44;G-200+080;grille;RIS;impose_est;itineraire;OK;322909;1380;324289;13188;A13;oui;
2026-09-26T10:26:45;G-200+080;grille;RIS;impose_ouest;itineraire;OK;312330;1380;313710;12743;A13;oui;
2026-09-26T10:26:45;G-200+100;grille;RIS;acces_impose;itineraire;OK;317421;1380;318801;13698;A13;oui;
2026-09-26T10:26:45;G-200+100;grille;RIS;impose_est;itineraire;OK;342777;1380;344157;14778;A13;oui;
2026-09-26T10:26:46;G-200+100;grille;RIS;impose_ouest;itineraire;OK;332198;1380;333578;14333;A13;oui;
2026-09-26T10:26:46;G-200+120;grille;RIS;acces_impose;itineraire;AUCUN_ITINERAIRE;;;;;;;
2026-09-26T10:26:46;G-200+120;grille;RIS;impose_est;itineraire;AUCUN_ITINERAIRE;;;;;;;
2026-09-26T10:26:46;G-200+120;grille;RIS;impose_ouest;itineraire;AUCUN_ITINERAIRE;;;;;;;
2026-09-26T10:26:46;G-200+140;grille;RIS;acces_impose;itineraire;OK;294824;1380;296204;18420;A13;oui;
2026-09-26T10:26:46;G-200+140;grille;RIS;impose_est;itineraire;OK;320180;1380;321560;19500;A13;oui;
2026-09-26T10:26:47;G-200+140;grille;RIS;impose_ouest;itineraire;OK;309601;1380;310981;19055;A13;oui;
2026-09-26T10:26:47;G-200+160;grille;RIS;acces_impose;itineraire;AUCUN_ITINERAIRE;;;;;;;
2026-09-26T10:26:47;G-200+160;grille;RIS;impose_est;itineraire;AUCUN_ITINERAIRE;;;;;;;
2026-09-26T10:26:47;G-200+160;grille;RIS;impose_ouest;itineraire;AUCUN_ITINERAIRE;;;;;;;
2026-09-26T10:26:47;G-200+180;grille;RIS;acces_impose;itineraire;AUCUN_ITINERAIRE;;;;;;;
2026-09-26T10:26:47;G-200+180;grille;RIS;impose_est;itineraire;AUCUN_ITINERAIRE;;;;;;;
2026-09-26T10:26:48;G-200+180;grille;RIS;impose_ouest;itineraire;AUCUN_ITINERAIRE;;;;;;;
2026-09-26T10:26:48;G-200+200;grille;RIS;acces_impose;itineraire;AUCUN_ITINERAIRE;;;;;;;
2026-09-26T10:26:49;G-200+200;grille;RIS;impose_est;itineraire;AUCUN_ITINERAIRE;;;;;;;
2026-09-26T10:26:49;G-200+200;grille;RIS;impose_ouest;itineraire;AUCUN_ITINERAIRE;;;;;;;
2026-09-26T10:26:49;G-200+220;grille;RIS;acces_impose;itineraire;OK;538807;1380;540187;22379;A1;oui;
2026-09-26T10:26:49;G-200+220;grille;RIS;impose_est;itineraire;OK;564847;1380;566227;23025;A1;oui;
2026-09-26T10:26:50;G-200+220;grille;RIS;impose_ouest;itineraire;OK;557568;1380;558948;23227;A1;oui;
2026-09-26T10:26:50;G-180-240;grille;RIS;acces_impose;itineraire;OK;358201;1380;359581;12846;A10;oui;
2026-09-26T10:26:50;G-180-240;grille;RIS;impose_est;itineraire;OK;379222;1380;380602;13760;A10;oui;
2026-09-26T10:26:50;G-180-240;grille;RIS;impose_ouest;itineraire;OK;358201;1380;359581;12846;A10;oui;
2026-09-26T10:26:51;G-180-220;grille;RIS;acces_impose;itineraire;OK;342775;1380;344155;12780;A10;oui;
2026-09-26T10:26:51;G-180-220;grille;RIS;impose_est;itineraire;OK;363797;1380;365177;13694;A10;oui;
2026-09-26T10:26:51;G-180-220;grille;RIS;impose_ouest;itineraire;OK;342775;1380;344155;12780;A10;oui;
2026-09-26T10:26:51;G-180-200;grille;RIS;acces_impose;itineraire;OK;319888;1380;321268;11954;A10;oui;
2026-09-26T10:26:52;G-180-200;grille;RIS;impose_est;itineraire;OK;340909;1380;342289;12868;A10;oui;
2026-09-26T10:26:52;G-180-200;grille;RIS;impose_ouest;itineraire;OK;319888;1380;321268;11954;A10;oui;
2026-09-26T10:26:52;G-180-180;grille;RIS;acces_impose;itineraire;OK;324847;1380;326227;11212;A11;oui;
2026-09-26T10:26:52;G-180-180;grille;RIS;impose_est;itineraire;OK;345868;1380;347248;12126;A11;oui;
2026-09-26T10:26:53;G-180-180;grille;RIS;impose_ouest;itineraire;OK;324847;1380;326227;11212;A11;oui;
2026-09-26T10:26:53;G-180-160;grille;RIS;acces_impose;itineraire;OK;302195;1380;303575;10186;A11;oui;
2026-09-26T10:26:53;G-180-160;grille;RIS;impose_est;itineraire;OK;323216;1380;324596;11100;A11;oui;
2026-09-26T10:26:53;G-180-160;grille;RIS;impose_ouest;itineraire;OK;302195;1380;303575;10186;A11;oui;
2026-09-26T10:26:53;G-180-140;grille;RIS;acces_impose;itineraire;OK;263586;1380;264966;9877;A11;oui;
2026-09-26T10:26:54;G-180-140;grille;RIS;impose_est;itineraire;OK;284607;1380;285987;10791;A11;oui;
2026-09-26T10:26:54;G-180-140;grille;RIS;impose_ouest;itineraire;OK;263586;1380;264966;9877;A11;oui;
2026-09-26T10:26:54;G-180-120;grille;RIS;acces_impose;itineraire;OK;238568;1380;239948;8873;A11;oui;
2026-09-26T10:26:54;G-180-120;grille;RIS;impose_est;itineraire;OK;259589;1380;260969;9787;A11;oui;
2026-09-26T10:26:55;G-180-120;grille;RIS;impose_ouest;itineraire;OK;238568;1380;239948;8873;A11;oui;
2026-09-26T10:26:55;G-180-100;grille;RIS;acces_impose;itineraire;OK;223461;1380;224841;7961;A11;oui;
2026-09-26T10:26:55;G-180-100;grille;RIS;impose_est;itineraire;OK;244482;1380;245862;8875;A11;oui;
2026-09-26T10:26:55;G-180-100;grille;RIS;impose_ouest;itineraire;OK;223461;1380;224841;7961;A11;oui;
2026-09-26T10:26:55;G-180-080;grille;RIS;acces_impose;itineraire;OK;216045;1380;217425;7803;A11;oui;
2026-09-26T10:26:56;G-180-080;grille;RIS;impose_est;itineraire;OK;237066;1380;238446;8717;A11;oui;
2026-09-26T10:26:56;G-180-080;grille;RIS;impose_ouest;itineraire;OK;216045;1380;217425;7803;A11;oui;
2026-09-26T10:26:56;G-180-060;grille;RIS;acces_impose;itineraire;OK;233236;1380;234616;8365;A11;oui;
2026-09-26T10:26:56;G-180-060;grille;RIS;impose_est;itineraire;OK;254257;1380;255637;9279;A11;oui;
2026-09-26T10:26:56;G-180-060;grille;RIS;impose_ouest;itineraire;OK;233236;1380;234616;8365;A11;oui;
2026-09-26T10:26:57;G-180-040;grille;RIS;acces_impose;itineraire;OK;257486;1380;258866;8906;A11;oui;
2026-09-26T10:26:57;G-180-040;grille;RIS;impose_est;itineraire;OK;278507;1380;279887;9820;A11;oui;
2026-09-26T10:26:57;G-180-040;grille;RIS;impose_ouest;itineraire;OK;257486;1380;258866;8906;A11;oui;
2026-09-26T10:26:57;G-180-020;grille;RIS;acces_impose;itineraire;OK;269280;1380;270660;9525;A11;oui;
2026-09-26T10:26:58;G-180-020;grille;RIS;impose_est;itineraire;OK;290302;1380;291682;10439;A11;oui;
2026-09-26T10:26:58;G-180-020;grille;RIS;impose_ouest;itineraire;OK;269280;1380;270660;9525;A11;oui;
2026-09-26T10:26:58;G-180+000;grille;RIS;acces_impose;itineraire;OK;298534;1380;299914;10235;A11;oui;
2026-09-26T10:26:58;G-180+000;grille;RIS;impose_est;itineraire;OK;319555;1380;320935;11149;A11;oui;
2026-09-26T10:26:58;G-180+000;grille;RIS;impose_ouest;itineraire;OK;298534;1380;299914;10235;A11;oui;
2026-09-26T10:26:59;G-180+020;grille;RIS;acces_impose;itineraire;OK;259848;1380;261228;10023;A13;oui;
2026-09-26T10:26:59;G-180+020;grille;RIS;impose_est;itineraire;OK;285204;1380;286584;11103;A13;oui;
2026-09-26T10:26:59;G-180+020;grille;RIS;impose_ouest;itineraire;OK;274625;1380;276005;10658;A13;oui;
2026-09-26T10:26:59;G-180+040;grille;RIS;acces_impose;itineraire;OK;241439;1380;242819;9115;A13;oui;
2026-09-26T10:27:00;G-180+040;grille;RIS;impose_est;itineraire;OK;266794;1380;268174;10195;A13;oui;
2026-09-26T10:27:00;G-180+040;grille;RIS;impose_ouest;itineraire;OK;256215;1380;257595;9750;A13;oui;
2026-09-26T10:27:00;G-180+060;grille;RIS;acces_impose;itineraire;OK;235827;1380;237207;8880;A13;oui;
2026-09-26T10:27:02;G-180+060;grille;RIS;impose_est;itineraire;OK;261182;1380;262562;9960;A13;oui;
2026-09-26T10:27:02;G-180+060;grille;RIS;impose_ouest;itineraire;OK;250603;1380;251983;9515;A13;oui;
2026-09-26T10:27:02;G-180+080;grille;RIS;acces_impose;itineraire;OK;231677;1380;233057;9890;A13;oui;
2026-09-26T10:27:03;G-180+080;grille;RIS;impose_est;itineraire;OK;257032;1380;258412;10970;A13;oui;
2026-09-26T10:27:03;G-180+080;grille;RIS;impose_ouest;itineraire;OK;246454;1380;247834;10525;A13;oui;
2026-09-26T10:27:03;G-180+100;grille;RIS;acces_impose;itineraire;OK;250308;1380;251688;12573;A13;oui;
2026-09-26T10:27:03;G-180+100;grille;RIS;impose_est;itineraire;OK;275663;1380;277043;13653;A13;oui;
2026-09-26T10:27:04;G-180+100;grille;RIS;impose_ouest;itineraire;OK;265084;1380;266464;13208;A13;oui;
2026-09-26T10:27:04;G-180+120;grille;RIS;acces_impose;itineraire;AUCUN_ITINERAIRE;;;;;;;
2026-09-26T10:27:04;G-180+120;grille;RIS;impose_est;itineraire;AUCUN_ITINERAIRE;;;;;;;
2026-09-26T10:27:04;G-180+120;grille;RIS;impose_ouest;itineraire;AUCUN_ITINERAIRE;;;;;;;
2026-09-26T10:27:04;G-180+140;grille;RIS;acces_impose;itineraire;AUCUN_ITINERAIRE;;;;;;;
2026-09-26T10:27:04;G-180+140;grille;RIS;impose_est;itineraire;AUCUN_ITINERAIRE;;;;;;;
2026-09-26T10:27:04;G-180+140;grille;RIS;impose_ouest;itineraire;AUCUN_ITINERAIRE;;;;;;;
2026-09-26T10:27:05;G-180+160;grille;RIS;acces_impose;itineraire;AUCUN_ITINERAIRE;;;;;;;
2026-09-26T10:27:05;G-180+160;grille;RIS;impose_est;itineraire;AUCUN_ITINERAIRE;;;;;;;
2026-09-26T10:27:05;G-180+160;grille;RIS;impose_ouest;itineraire;AUCUN_ITINERAIRE;;;;;;;
2026-09-26T10:27:05;G-180+180;grille;RIS;acces_impose;itineraire;AUCUN_ITINERAIRE;;;;;;;
2026-09-26T10:27:05;G-180+180;grille;RIS;impose_est;itineraire;AUCUN_ITINERAIRE;;;;;;;
2026-09-26T10:27:05;G-180+180;grille;RIS;impose_ouest;itineraire;AUCUN_ITINERAIRE;;;;;;;
2026-09-26T10:27:05;G-180+200;grille;RIS;acces_impose;itineraire;AUCUN_ITINERAIRE;;;;;;;
2026-09-26T10:27:05;G-180+200;grille;RIS;impose_est;itineraire;AUCUN_ITINERAIRE;;;;;;;
2026-09-26T10:27:06;G-180+200;grille;RIS;impose_ouest;itineraire;AUCUN_ITINERAIRE;;;;;;;
2026-09-26T10:27:06;G-180+220;grille;RIS;acces_impose;itineraire;OK;537964;1380;539344;22633;A1;oui;
2026-09-26T10:27:06;G-180+220;grille;RIS;impose_est;itineraire;OK;564005;1380;565385;23279;A1;oui;
2026-09-26T10:27:06;G-180+220;grille;RIS;impose_ouest;itineraire;OK;556726;1380;558106;23480;A1;oui;
2026-09-26T10:27:06;G-180+240;grille;RIS;acces_impose;itineraire;OK;519574;1380;520954;21862;A1;oui;
2026-09-26T10:27:07;G-180+240;grille;RIS;impose_est;itineraire;OK;545615;1380;546995;22509;A1;oui;
2026-09-26T10:27:07;G-180+240;grille;RIS;impose_ouest;itineraire;OK;538336;1380;539716;22710;A1;oui;
2026-09-26T10:27:07;G-160-240;grille;RIS;acces_impose;itineraire;OK;336411;1380;337791;11758;A10;oui;
2026-09-26T10:27:08;G-160-240;grille;RIS;impose_est;itineraire;OK;357432;1380;358812;12672;A10;oui;
2026-09-26T10:27:08;G-160-240;grille;RIS;impose_ouest;itineraire;OK;336411;1380;337791;11758;A10;oui;
2026-09-26T10:27:08;G-160-220;grille;RIS;acces_impose;itineraire;OK;319865;1380;321245;11553;A10;oui;
2026-09-26T10:27:08;G-160-220;grille;RIS;impose_est;itineraire;OK;340886;1380;342266;12467;A10;oui;
2026-09-26T10:27:09;G-160-220;grille;RIS;impose_ouest;itineraire;OK;319865;1380;321245;11553;A10;oui;
2026-09-26T10:27:09;G-160-200;grille;RIS;acces_impose;itineraire;OK;298825;1380;300205;11073;A10;oui;
2026-09-26T10:27:09;G-160-200;grille;RIS;impose_est;itineraire;OK;319846;1380;321226;11987;A10;oui;
2026-09-26T10:27:09;G-160-200;grille;RIS;impose_ouest;itineraire;OK;298825;1380;300205;11073;A10;oui;
2026-09-26T10:27:09;G-160-180;grille;RIS;acces_impose;itineraire;OK;281604;1380;282984;10421;A10;oui;
2026-09-26T10:27:10;G-160-180;grille;RIS;impose_est;itineraire;OK;302625;1380;304005;11335;A10;oui;
2026-09-26T10:27:10;G-160-180;grille;RIS;impose_ouest;itineraire;OK;281604;1380;282984;10421;A10;oui;
2026-09-26T10:27:10;G-160-160;grille;RIS;acces_impose;itineraire;OK;281584;1380;282964;10446;A10;oui;
2026-09-26T10:27:10;G-160-160;grille;RIS;impose_est;itineraire;OK;302605;1380;303985;11360;A10;oui;
2026-09-26T10:27:11;G-160-160;grille;RIS;impose_ouest;itineraire;OK;281584;1380;282964;10446;A10;oui;
2026-09-26T10:27:11;G-160-140;grille;RIS;acces_impose;itineraire;OK;256806;1380;258186;9297;A11;oui;
2026-09-26T10:27:11;G-160-140;grille;RIS;impose_est;itineraire;OK;277827;1380;279207;10211;A11;oui;
2026-09-26T10:27:11;G-160-140;grille;RIS;impose_ouest;itineraire;OK;256806;1380;258186;9297;A11;oui;
2026-09-26T10:27:12;G-160-120;grille;RIS;acces_impose;itineraire;OK;229452;1380;230832;8203;A11;oui;
2026-09-26T10:27:12;G-160-120;grille;RIS;impose_est;itineraire;OK;250473;1380;251853;9117;A11;oui;
2026-09-26T10:27:12;G-160-120;grille;RIS;impose_ouest;itineraire;OK;229452;1380;230832;8203;A11;oui;
2026-09-26T10:27:12;G-160-100;grille;RIS;acces_impose;itineraire;OK;209611;1380;210991;7476;A11;oui;
2026-09-26T10:27:13;G-160-100;grille;RIS;impose_est;itineraire;OK;230632;1380;232012;8390;A11;oui;
2026-09-26T10:27:13;G-160-100;grille;RIS;impose_ouest;itineraire;OK;209611;1380;210991;7476;A11;oui;
2026-09-26T10:27:13;G-160-080;grille;RIS;acces_impose;itineraire;OK;202655;1380;204035;7040;A11;oui;
2026-09-26T10:27:13;G-160-080;grille;RIS;impose_est;itineraire;OK;223676;1380;225056;7954;A11;oui;
2026-09-26T10:27:13;G-160-080;grille;RIS;impose_ouest;itineraire;OK;202655;1380;204035;7040;A11;oui;
2026-09-26T10:27:14;G-160-060;grille;RIS;acces_impose;itineraire;OK;220507;1380;221887;7750;A11;oui;
2026-09-26T10:27:14;G-160-060;grille;RIS;impose_est;itineraire;OK;241528;1380;242908;8664;A11;oui;
2026-09-26T10:27:14;G-160-060;grille;RIS;impose_ouest;itineraire;OK;220507;1380;221887;7750;A11;oui;
2026-09-26T10:27:14;G-160-040;grille;RIS;acces_impose;itineraire;OK;207482;1380;208862;8379;A11;oui;
2026-09-26T10:27:14;G-160-040;grille;RIS;impose_est;itineraire;OK;228503;1380;229883;9293;A11;oui;
2026-09-26T10:27:15;G-160-040;grille;RIS;impose_ouest;itineraire;OK;207482;1380;208862;8379;A11;oui;
2026-09-26T10:27:15;G-160-020;grille;RIS;acces_impose;itineraire;OK;193509;1380;194889;8839;N12 et N12;oui;
2026-09-26T10:27:15;G-160-020;grille;RIS;impose_est;itineraire;OK;218865;1380;220245;9919;N12 et N12;oui;
2026-09-26T10:27:15;G-160-020;grille;RIS;impose_ouest;itineraire;OK;216406;1380;217786;9031;A11;oui;
2026-09-26T10:27:16;G-160+000;grille;RIS;acces_impose;itineraire;OK;186411;1380;187791;8796;N12;oui;
2026-09-26T10:27:16;G-160+000;grille;RIS;impose_est;itineraire;OK;211767;1380;213147;9876;N12;oui;
2026-09-26T10:27:16;G-160+000;grille;RIS;impose_ouest;itineraire;OK;201188;1380;202568;9431;N12;oui;
2026-09-26T10:27:16;G-160+020;grille;RIS;acces_impose;itineraire;OK;240885;1380;242265;9415;A13;oui;
2026-09-26T10:27:16;G-160+020;grille;RIS;impose_est;itineraire;OK;266240;1380;267620;10495;A13;oui;
2026-09-26T10:27:17;G-160+020;grille;RIS;impose_ouest;itineraire;OK;255661;1380;257041;10050;A13;oui;
2026-09-26T10:27:17;G-160+040;grille;RIS;acces_impose;itineraire;OK;230476;1380;231856;8669;A13;oui;
2026-09-26T10:27:17;G-160+040;grille;RIS;impose_est;itineraire;OK;255831;1380;257211;9749;A13;oui;
2026-09-26T10:27:17;G-160+040;grille;RIS;impose_ouest;itineraire;OK;245252;1380;246632;9304;A13;oui;
2026-09-26T10:27:17;G-160+060;grille;RIS;acces_impose;itineraire;OK;213789;1380;215169;8010;A13;oui;
2026-09-26T10:27:18;G-160+060;grille;RIS;impose_est;itineraire;OK;239145;1380;240525;9090;A13;oui;
2026-09-26T10:27:18;G-160+060;grille;RIS;impose_ouest;itineraire;OK;228566;1380;229946;8645;A13;oui;
2026-09-26T10:27:18;G-160+080;grille;RIS;acces_impose;itineraire;OK;218645;1380;220025;8275;A13;oui;
2026-09-26T10:27:18;G-160+080;grille;RIS;impose_est;itineraire;OK;244000;1380;245380;9355;A13;oui;
2026-09-26T10:27:18;G-160+080;grille;RIS;impose_ouest;itineraire;OK;233421;1380;234801;8910;A13;oui;
2026-09-26T10:27:19;G-160+100;grille;RIS;acces_impose;itineraire;OK;231485;1380;232865;9641;A13;oui;
2026-09-26T10:27:19;G-160+100;grille;RIS;impose_est;itineraire;OK;256841;1380;258221;10721;A13;oui;
2026-09-26T10:27:19;G-160+100;grille;RIS;impose_ouest;itineraire;OK;246262;1380;247642;10276;A13;oui;
2026-09-26T10:27:19;G-160+120;grille;RIS;acces_impose;itineraire;AUCUN_ITINERAIRE;;;;;;;
2026-09-26T10:27:20;G-160+120;grille;RIS;impose_est;itineraire;AUCUN_ITINERAIRE;;;;;;;
2026-09-26T10:27:20;G-160+120;grille;RIS;impose_ouest;itineraire;AUCUN_ITINERAIRE;;;;;;;
2026-09-26T10:27:20;G-160+140;grille;RIS;acces_impose;itineraire;AUCUN_ITINERAIRE;;;;;;;
2026-09-26T10:27:20;G-160+140;grille;RIS;impose_est;itineraire;AUCUN_ITINERAIRE;;;;;;;
2026-09-26T10:27:20;G-160+140;grille;RIS;impose_ouest;itineraire;AUCUN_ITINERAIRE;;;;;;;
2026-09-26T10:27:20;G-160+160;grille;RIS;acces_impose;itineraire;AUCUN_ITINERAIRE;;;;;;;
2026-09-26T10:27:20;G-160+160;grille;RIS;impose_est;itineraire;AUCUN_ITINERAIRE;;;;;;;
2026-09-26T10:27:20;G-160+160;grille;RIS;impose_ouest;itineraire;AUCUN_ITINERAIRE;;;;;;;
2026-09-26T10:27:21;G-160+180;grille;RIS;acces_impose;itineraire;AUCUN_ITINERAIRE;;;;;;;
2026-09-26T10:27:21;G-160+180;grille;RIS;impose_est;itineraire;AUCUN_ITINERAIRE;;;;;;;
2026-09-26T10:27:21;G-160+180;grille;RIS;impose_ouest;itineraire;AUCUN_ITINERAIRE;;;;;;;
2026-09-26T10:27:21;G-160+200;grille;RIS;acces_impose;itineraire;OK;321271;1380;322651;20388;Dieppe, FR - Newhaven, UK et A13;oui;
2026-09-26T10:27:21;G-160+200;grille;RIS;impose_est;itineraire;OK;346627;1380;348007;21468;Dieppe, FR - Newhaven, UK et A13;oui;
2026-09-26T10:27:21;G-160+200;grille;RIS;impose_ouest;itineraire;OK;336048;1380;337428;21023;Dieppe, FR - Newhaven, UK et A13;oui;
2026-09-26T10:27:22;G-160+220;grille;RIS;acces_impose;itineraire;OK;474039;1380;475419;21997;A1;oui;
2026-09-26T10:27:22;G-160+220;grille;RIS;impose_est;itineraire;OK;500080;1380;501460;22643;A1;oui;
2026-09-26T10:27:22;G-160+220;grille;RIS;impose_ouest;itineraire;OK;492801;1380;494181;22844;A1;oui;
2026-09-26T10:27:23;G-160+240;grille;RIS;acces_impose;itineraire;OK;456253;1380;457633;21141;A1;oui;
2026-09-26T10:27:23;G-160+240;grille;RIS;impose_est;itineraire;OK;482294;1380;483674;21787;A1;oui;
2026-09-26T10:27:23;G-160+240;grille;RIS;impose_ouest;itineraire;OK;475015;1380;476395;21988;A1;oui;
2026-09-26T10:27:23;G-140-260;grille;RIS;acces_impose;itineraire;OK;354486;1380;355866;12640;A10;oui;
2026-09-26T10:27:24;G-140-260;grille;RIS;impose_est;itineraire;OK;375507;1380;376887;13554;A10;oui;
2026-09-26T10:27:24;G-140-260;grille;RIS;impose_ouest;itineraire;OK;354486;1380;355866;12640;A10;oui;
2026-09-26T10:27:24;G-140-240;grille;RIS;acces_impose;itineraire;OK;334315;1380;335695;11959;A10;oui;
2026-09-26T10:27:24;G-140-240;grille;RIS;impose_est;itineraire;OK;355336;1380;356716;12873;A10;oui;
2026-09-26T10:27:25;G-140-240;grille;RIS;impose_ouest;itineraire;OK;334315;1380;335695;11959;A10;oui;
2026-09-26T10:27:25;G-140-220;grille;RIS;acces_impose;itineraire;OK;300136;1380;301516;10504;A10;oui;
2026-09-26T10:27:26;G-140-220;grille;RIS;impose_est;itineraire;OK;321157;1380;322537;11418;A10;oui;
2026-09-26T10:27:26;G-140-220;grille;RIS;impose_ouest;itineraire;OK;300136;1380;301516;10504;A10;oui;
2026-09-26T10:27:27;G-140-200;grille;RIS;acces_impose;itineraire;OK;287521;1380;288901;10513;A10;oui;
2026-09-26T10:27:27;G-140-200;grille;RIS;impose_est;itineraire;OK;308542;1380;309922;11427;A10;oui;
2026-09-26T10:27:27;G-140-200;grille;RIS;impose_ouest;itineraire;OK;287521;1380;288901;10513;A10;oui;
2026-09-26T10:27:27;G-140-180;grille;RIS;acces_impose;itineraire;OK;274936;1380;276316;9805;A10;oui;
2026-09-26T10:27:27;G-140-180;grille;RIS;impose_est;itineraire;OK;295957;1380;297337;10719;A10;oui;
2026-09-26T10:27:28;G-140-180;grille;RIS;impose_ouest;itineraire;OK;274936;1380;276316;9805;A10;oui;
2026-09-26T10:27:28;G-140-160;grille;RIS;acces_impose;itineraire;OK;260459;1380;261839;9051;A10;oui;
2026-09-26T10:27:28;G-140-160;grille;RIS;impose_est;itineraire;OK;281480;1380;282860;9965;A10;oui;
2026-09-26T10:27:28;G-140-160;grille;RIS;impose_ouest;itineraire;OK;260459;1380;261839;9051;A10;oui;
2026-09-26T10:27:29;G-140-140;grille;RIS;acces_impose;itineraire;OK;247480;1380;248860;8941;A10;oui;
2026-09-26T10:27:29;G-140-140;grille;RIS;impose_est;itineraire;OK;268501;1380;269881;9855;A10;oui;
2026-09-26T10:27:29;G-140-140;grille;RIS;impose_ouest;itineraire;OK;247480;1380;248860;8941;A10;oui;
2026-09-26T10:27:29;G-140-120;grille;RIS;acces_impose;itineraire;OK;241785;1380;243165;8394;A11;oui;
2026-09-26T10:27:29;G-140-120;grille;RIS;impose_est;itineraire;OK;262806;1380;264186;9308;A11;oui;
2026-09-26T10:27:30;G-140-120;grille;RIS;impose_ouest;itineraire;OK;241785;1380;243165;8394;A11;oui;
2026-09-26T10:27:30;G-140-100;grille;RIS;acces_impose;itineraire;OK;198077;1380;199457;7638;A11;oui;
2026-09-26T10:27:30;G-140-100;grille;RIS;impose_est;itineraire;OK;219098;1380;220478;8552;A11;oui;
2026-09-26T10:27:30;G-140-100;grille;RIS;impose_ouest;itineraire;OK;198077;1380;199457;7638;A11;oui;
2026-09-26T10:27:31;G-140-080;grille;RIS;acces_impose;itineraire;OK;173908;1380;175288;6076;A11;oui;
2026-09-26T10:27:31;G-140-080;grille;RIS;impose_est;itineraire;OK;194929;1380;196309;6990;A11;oui;
2026-09-26T10:27:31;G-140-080;grille;RIS;impose_ouest;itineraire;OK;173908;1380;175288;6076;A11;oui;
2026-09-26T10:27:31;G-140-060;grille;RIS;acces_impose;itineraire;OK;176575;1380;177955;6605;A11;oui;
2026-09-26T10:27:31;G-140-060;grille;RIS;impose_est;itineraire;OK;197596;1380;198976;7519;A11;oui;
2026-09-26T10:27:32;G-140-060;grille;RIS;impose_ouest;itineraire;OK;176575;1380;177955;6605;A11;oui;
2026-09-26T10:27:32;G-140-040;grille;RIS;acces_impose;itineraire;OK;179628;1380;181008;7222;A11;oui;
2026-09-26T10:27:32;G-140-040;grille;RIS;impose_est;itineraire;OK;200649;1380;202029;8136;A11;oui;
2026-09-26T10:27:32;G-140-040;grille;RIS;impose_ouest;itineraire;OK;179628;1380;181008;7222;A11;oui;
2026-09-26T10:27:32;G-140-020;grille;RIS;acces_impose;itineraire;OK;169235;1380;170615;8029;N12 et N12;oui;
2026-09-26T10:27:33;G-140-020;grille;RIS;impose_est;itineraire;OK;194590;1380;195970;9109;N12;oui;
2026-09-26T10:27:33;G-140-020;grille;RIS;impose_ouest;itineraire;OK;172975;1380;174355;8334;A11;oui;
2026-09-26T10:27:33;G-140+000;grille;RIS;acces_impose;itineraire;OK;164304;1380;165684;7636;N12;oui;
2026-09-26T10:27:33;G-140+000;grille;RIS;impose_est;itineraire;OK;189660;1380;191040;8716;N12;oui;
2026-09-26T10:27:33;G-140+000;grille;RIS;impose_ouest;itineraire;OK;179081;1380;180461;8271;N12;oui;
2026-09-26T10:27:34;G-140+020;grille;RIS;acces_impose;itineraire;OK;169476;1380;170856;8330;N12;oui;
2026-09-26T10:27:34;G-140+020;grille;RIS;impose_est;itineraire;OK;194832;1380;196212;9410;N12;oui;
2026-09-26T10:27:34;G-140+020;grille;RIS;impose_ouest;itineraire;OK;184253;1380;185633;8965;N12;oui;
2026-09-26T10:27:34;G-140+040;grille;RIS;acces_impose;itineraire;OK;206636;1380;208016;7771;A13;oui;
2026-09-26T10:27:34;G-140+040;grille;RIS;impose_est;itineraire;OK;231992;1380;233372;8851;A13;oui;
2026-09-26T10:27:35;G-140+040;grille;RIS;impose_ouest;itineraire;OK;221413;1380;222793;8406;A13;oui;
2026-09-26T10:27:35;G-140+060;grille;RIS;acces_impose;itineraire;OK;197331;1380;198711;7487;A13;oui;
2026-09-26T10:27:35;G-140+060;grille;RIS;impose_est;itineraire;OK;222686;1380;224066;8567;A13;oui;
2026-09-26T10:27:35;G-140+060;grille;RIS;impose_ouest;itineraire;OK;212107;1380;213487;8122;A13;oui;
2026-09-26T10:27:35;G-140+080;grille;RIS;acces_impose;itineraire;OK;210289;1380;211669;8275;A13;oui;
2026-09-26T10:27:36;G-140+080;grille;RIS;impose_est;itineraire;OK;235644;1380;237024;9355;A13;oui;
2026-09-26T10:27:36;G-140+080;grille;RIS;impose_ouest;itineraire;OK;225065;1380;226445;8910;A13;oui;
2026-09-26T10:27:36;G-140+100;grille;RIS;acces_impose;itineraire;OK;216285;1380;217665;8332;A13;oui;
2026-09-26T10:27:36;G-140+100;grille;RIS;impose_est;itineraire;OK;241640;1380;243020;9412;A13;oui;
2026-09-26T10:27:36;G-140+100;grille;RIS;impose_ouest;itineraire;OK;231061;1380;232441;8967;A13;oui;
2026-09-26T10:27:37;G-140+120;grille;RIS;acces_impose;itineraire;OK;231800;1380;233180;9529;A13;oui;
2026-09-26T10:27:37;G-140+120;grille;RIS;impose_est;itineraire;OK;257155;1380;258535;10609;A13;oui;
2026-09-26T10:27:37;G-140+120;grille;RIS;impose_ouest;itineraire;OK;246576;1380;247956;10164;A13;oui;
2026-09-26T10:27:37;G-140+140;grille;RIS;acces_impose;itineraire;AUCUN_ITINERAIRE;;;;;;;
2026-09-26T10:27:37;G-140+140;grille;RIS;impose_est;itineraire;AUCUN_ITINERAIRE;;;;;;;
2026-09-26T10:27:38;G-140+140;grille;RIS;impose_ouest;itineraire;AUCUN_ITINERAIRE;;;;;;;
2026-09-26T10:27:38;G-140+160;grille;RIS;acces_impose;itineraire;AUCUN_ITINERAIRE;;;;;;;
2026-09-26T10:27:38;G-140+160;grille;RIS;impose_est;itineraire;AUCUN_ITINERAIRE;;;;;;;
2026-09-26T10:27:38;G-140+160;grille;RIS;impose_ouest;itineraire;AUCUN_ITINERAIRE;;;;;;;
2026-09-26T10:27:38;G-140+180;grille;RIS;acces_impose;itineraire;OK;293491;1380;294871;17054;A13;oui;
2026-09-26T10:27:38;G-140+180;grille;RIS;impose_est;itineraire;OK;318846;1380;320226;18134;A13;oui;
2026-09-26T10:27:39;G-140+180;grille;RIS;impose_ouest;itineraire;OK;308267;1380;309647;17689;A13;oui;
2026-09-26T10:27:39;G-140+200;grille;RIS;acces_impose;itineraire;AUCUN_ITINERAIRE;;;;;;;
2026-09-26T10:27:39;G-140+200;grille;RIS;impose_est;itineraire;AUCUN_ITINERAIRE;;;;;;;
2026-09-26T10:27:39;G-140+200;grille;RIS;impose_ouest;itineraire;AUCUN_ITINERAIRE;;;;;;;
2026-09-26T10:27:39;G-140+220;grille;RIS;acces_impose;itineraire;AUCUN_ITINERAIRE;;;;;;;
2026-09-26T10:27:39;G-140+220;grille;RIS;impose_est;itineraire;AUCUN_ITINERAIRE;;;;;;;
2026-09-26T10:27:40;G-140+220;grille;RIS;impose_ouest;itineraire;AUCUN_ITINERAIRE;;;;;;;
2026-09-26T10:27:40;G-140+240;grille;RIS;acces_impose;itineraire;OK;440165;1380;441545;19597;A1;oui;
2026-09-26T10:27:40;G-140+240;grille;RIS;impose_est;itineraire;OK;466206;1380;467586;20243;A1;oui;
2026-09-26T10:27:40;G-140+240;grille;RIS;impose_ouest;itineraire;OK;458927;1380;460307;20444;A1;oui;
2026-09-26T10:27:40;G-140+260;grille;RIS;acces_impose;itineraire;OK;428660;1380;430040;19188;A1;oui;
2026-09-26T10:27:41;G-140+260;grille;RIS;impose_est;itineraire;OK;454701;1380;456081;19834;A1;oui;
2026-09-26T10:27:41;G-140+260;grille;RIS;impose_ouest;itineraire;OK;447421;1380;448801;20035;A1;oui;
2026-09-26T10:27:41;G-120-260;grille;RIS;acces_impose;itineraire;OK;353160;1380;354540;13163;A10;oui;
2026-09-26T10:27:42;G-120-260;grille;RIS;impose_est;itineraire;OK;374181;1380;375561;14077;A10;oui;
2026-09-26T10:27:43;G-120-260;grille;RIS;impose_ouest;itineraire;OK;353160;1380;354540;13163;A10;oui;
2026-09-26T10:27:43;G-120-240;grille;RIS;acces_impose;itineraire;OK;331777;1380;333157;12063;A10;oui;
2026-09-26T10:27:43;G-120-240;grille;RIS;impose_est;itineraire;OK;352798;1380;354178;12977;A10;oui;
2026-09-26T10:27:43;G-120-240;grille;RIS;impose_ouest;itineraire;OK;331777;1380;333157;12063;A10;oui;
2026-09-26T10:27:43;G-120-220;grille;RIS;acces_impose;itineraire;OK;316221;1380;317601;11240;A10;oui;
2026-09-26T10:27:44;G-120-220;grille;RIS;impose_est;itineraire;OK;337242;1380;338622;12154;A10;oui;
2026-09-26T10:27:44;G-120-220;grille;RIS;impose_ouest;itineraire;OK;316221;1380;317601;11240;A10;oui;
2026-09-26T10:27:44;G-120-200;grille;RIS;acces_impose;itineraire;OK;292034;1380;293414;10476;A10;oui;
2026-09-26T10:27:44;G-120-200;grille;RIS;impose_est;itineraire;OK;313055;1380;314435;11390;A10;oui;
2026-09-26T10:27:45;G-120-200;grille;RIS;impose_ouest;itineraire;OK;292034;1380;293414;10476;A10;oui;
2026-09-26T10:27:45;G-120-180;grille;RIS;acces_impose;itineraire;OK;265063;1380;266443;9582;A10;oui;
2026-09-26T10:27:45;G-120-180;grille;RIS;impose_est;itineraire;OK;286084;1380;287464;10496;A10;oui;
2026-09-26T10:27:45;G-120-180;grille;RIS;impose_ouest;itineraire;OK;265063;1380;266443;9582;A10;oui;
2026-09-26T10:27:46;G-120-160;grille;RIS;acces_impose;itineraire;OK;248281;1380;249661;9351;A10;oui;
2026-09-26T10:27:46;G-120-160;grille;RIS;impose_est;itineraire;OK;269302;1380;270682;10265;A10;oui;
2026-09-26T10:27:46;G-120-160;grille;RIS;impose_ouest;itineraire;OK;248281;1380;249661;9351;A10;oui;
2026-09-26T10:27:46;G-120-140;grille;RIS;acces_impose;itineraire;OK;233214;1380;234594;8523;A10;oui;
2026-09-26T10:27:47;G-120-140;grille;RIS;impose_est;itineraire;OK;254235;1380;255615;9437;A10;oui;
2026-09-26T10:27:47;G-120-140;grille;RIS;impose_ouest;itineraire;OK;233214;1380;234594;8523;A10;oui;
2026-09-26T10:27:47;G-120-120;grille;RIS;acces_impose;itineraire;OK;208308;1380;209688;8610;A11;oui;
2026-09-26T10:27:47;G-120-120;grille;RIS;impose_est;itineraire;OK;229329;1380;230709;9524;A11;oui;
2026-09-26T10:27:47;G-120-120;grille;RIS;impose_ouest;itineraire;OK;208308;1380;209688;8610;A11;oui;
2026-09-26T10:27:48;G-120-100;grille;RIS;acces_impose;itineraire;OK;186997;1380;188377;7258;A11;oui;
2026-09-26T10:27:48;G-120-100;grille;RIS;impose_est;itineraire;OK;208018;1380;209398;8172;A11;oui;
2026-09-26T10:27:48;G-120-100;grille;RIS;impose_ouest;itineraire;OK;186997;1380;188377;7258;A11;oui;
2026-09-26T10:27:48;G-120-080;grille;RIS;acces_impose;itineraire;OK;167350;1380;168730;6198;A11;oui;
2026-09-26T10:27:49;G-120-080;grille;RIS;impose_est;itineraire;OK;188371;1380;189751;7112;A11;oui;
2026-09-26T10:27:49;G-120-080;grille;RIS;impose_ouest;itineraire;OK;167350;1380;168730;6198;A11;oui;
2026-09-26T10:27:49;G-120-060;grille;RIS;acces_impose;itineraire;OK;146878;1380;148258;5696;A11;oui;
2026-09-26T10:27:49;G-120-060;grille;RIS;impose_est;itineraire;OK;167900;1380;169280;6610;A11;oui;
2026-09-26T10:27:49;G-120-060;grille;RIS;impose_ouest;itineraire;OK;146878;1380;148258;5696;A11;oui;
2026-09-26T10:27:49;G-120-040;grille;RIS;acces_impose;itineraire;OK;143008;1380;144388;6453;D923;oui;
2026-09-26T10:27:50;G-120-040;grille;RIS;impose_est;itineraire;OK;164029;1380;165409;7367;D923;oui;
2026-09-26T10:27:50;G-120-040;grille;RIS;impose_ouest;itineraire;OK;143008;1380;144388;6453;D923;oui;
2026-09-26T10:27:50;G-120-020;grille;RIS;acces_impose;itineraire;OK;145962;1380;147342;6784;D4 et N12;oui;
2026-09-26T10:27:50;G-120-020;grille;RIS;impose_est;itineraire;OK;171317;1380;172697;7864;N12;oui;
2026-09-26T10:27:50;G-120-020;grille;RIS;impose_ouest;itineraire;OK;149762;1380;151142;6959;A11;oui;
2026-09-26T10:27:51;G-120+000;grille;RIS;acces_impose;itineraire;OK;143335;1380;144715;6719;N12;oui;
2026-09-26T10:27:51;G-120+000;grille;RIS;impose_est;itineraire;OK;168690;1380;170070;7799;N12;oui;
2026-09-26T10:27:51;G-120+000;grille;RIS;impose_ouest;itineraire;OK;158111;1380;159491;7354;N12;oui;
2026-09-26T10:27:51;G-120+020;grille;RIS;acces_impose;itineraire;OK;154876;1380;156256;7183;N12;oui;
2026-09-26T10:27:51;G-120+020;grille;RIS;impose_est;itineraire;OK;180232;1380;181612;8263;N12;oui;
2026-09-26T10:27:52;G-120+020;grille;RIS;impose_ouest;itineraire;OK;169653;1380;171033;7818;N12;oui;
2026-09-26T10:27:52;G-120+040;grille;RIS;acces_impose;itineraire;OK;155162;1380;156542;7306;A13;oui;
2026-09-26T10:27:52;G-120+040;grille;RIS;impose_est;itineraire;OK;180518;1380;181898;8386;A13;oui;
2026-09-26T10:27:52;G-120+040;grille;RIS;impose_ouest;itineraire;OK;169939;1380;171319;7941;A13;oui;
2026-09-26T10:27:52;G-120+060;grille;RIS;acces_impose;itineraire;OK;171613;1380;172993;6698;A13;oui;
2026-09-26T10:27:53;G-120+060;grille;RIS;impose_est;itineraire;OK;196968;1380;198348;7778;A13;oui;
2026-09-26T10:27:53;G-120+060;grille;RIS;impose_ouest;itineraire;OK;186389;1380;187769;7333;A13;oui;
2026-09-26T10:27:53;G-120+080;grille;RIS;acces_impose;itineraire;OK;187446;1380;188826;7470;A13;oui;
2026-09-26T10:27:53;G-120+080;grille;RIS;impose_est;itineraire;OK;212801;1380;214181;8550;A13;oui;
2026-09-26T10:27:54;G-120+080;grille;RIS;impose_ouest;itineraire;OK;202222;1380;203602;8105;A13;oui;
2026-09-26T10:27:54;G-120+100;grille;RIS;acces_impose;itineraire;OK;199814;1380;201194;7889;A13;oui;
2026-09-26T10:27:54;G-120+100;grille;RIS;impose_est;itineraire;OK;225170;1380;226550;8969;A13;oui;
2026-09-26T10:27:54;G-120+100;grille;RIS;impose_ouest;itineraire;OK;214591;1380;215971;8524;A13;oui;
2026-09-26T10:27:54;G-120+120;grille;RIS;acces_impose;itineraire;OK;223019;1380;224399;9109;A13;oui;
2026-09-26T10:27:55;G-120+120;grille;RIS;impose_est;itineraire;OK;248375;1380;249755;10189;A13;oui;
2026-09-26T10:27:55;G-120+120;grille;RIS;impose_ouest;itineraire;OK;237796;1380;239176;9744;A13;oui;
2026-09-26T10:27:55;G-120+140;grille;RIS;acces_impose;itineraire;AUCUN_ITINERAIRE;;;;;;;
2026-09-26T10:27:55;G-120+140;grille;RIS;impose_est;itineraire;AUCUN_ITINERAIRE;;;;;;;
2026-09-26T10:27:55;G-120+140;grille;RIS;impose_ouest;itineraire;AUCUN_ITINERAIRE;;;;;;;
2026-09-26T10:27:56;G-120+160;grille;RIS;acces_impose;itineraire;OK;265672;1380;267052;13716;A13;oui;
2026-09-26T10:27:56;G-120+160;grille;RIS;impose_est;itineraire;OK;291027;1380;292407;14796;A13;oui;
2026-09-26T10:27:56;G-120+160;grille;RIS;impose_ouest;itineraire;OK;280449;1380;281829;14351;A13;oui;
2026-09-26T10:27:56;G-120+180;grille;RIS;acces_impose;itineraire;AUCUN_ITINERAIRE;;;;;;;
2026-09-26T10:27:56;G-120+180;grille;RIS;impose_est;itineraire;AUCUN_ITINERAIRE;;;;;;;
2026-09-26T10:27:57;G-120+180;grille;RIS;impose_ouest;itineraire;AUCUN_ITINERAIRE;;;;;;;
2026-09-26T10:27:57;G-120+200;grille;RIS;acces_impose;itineraire;AUCUN_ITINERAIRE;;;;;;;
2026-09-26T10:27:57;G-120+200;grille;RIS;impose_est;itineraire;AUCUN_ITINERAIRE;;;;;;;
2026-09-26T10:27:57;G-120+200;grille;RIS;impose_ouest;itineraire;AUCUN_ITINERAIRE;;;;;;;
2026-09-26T10:27:57;G-120+220;grille;RIS;acces_impose;itineraire;AUCUN_ITINERAIRE;;;;;;;
2026-09-26T10:27:57;G-120+220;grille;RIS;impose_est;itineraire;AUCUN_ITINERAIRE;;;;;;;
2026-09-26T10:27:57;G-120+220;grille;RIS;impose_ouest;itineraire;AUCUN_ITINERAIRE;;;;;;;
2026-09-26T10:27:57;G-120+240;grille;RIS;acces_impose;itineraire;OK;422353;1380;423733;18462;A1;oui;
2026-09-26T10:27:58;G-120+240;grille;RIS;impose_est;itineraire;OK;448394;1380;449774;19109;A1;oui;
2026-09-26T10:27:58;G-120+240;grille;RIS;impose_ouest;itineraire;OK;441115;1380;442495;19310;A1;oui;
2026-09-26T10:27:58;G-120+260;grille;RIS;acces_impose;itineraire;OK;404297;1380;405677;17511;A26 et A1;oui;
2026-09-26T10:27:58;G-120+260;grille;RIS;impose_est;itineraire;OK;430338;1380;431718;18157;A1;oui;
2026-09-26T10:27:59;G-120+260;grille;RIS;impose_ouest;itineraire;OK;423058;1380;424438;18358;A1;oui;
2026-09-26T10:27:59;G-100-280;grille;RIS;acces_impose;itineraire;OK;358057;1380;359437;12996;A20 et A10;oui;
2026-09-26T10:27:59;G-100-280;grille;RIS;impose_est;itineraire;OK;379078;1380;380458;13910;A20 et A10;oui;
2026-09-26T10:28:00;G-100-280;grille;RIS;impose_ouest;itineraire;OK;358057;1380;359437;12996;A20 et A10;oui;
2026-09-26T10:28:00;G-100-260;grille;RIS;acces_impose;itineraire;OK;335526;1380;336906;12295;A10;oui;
2026-09-26T10:28:00;G-100-260;grille;RIS;impose_est;itineraire;OK;356547;1380;357927;13209;A10;oui;
2026-09-26T10:28:00;G-100-260;grille;RIS;impose_ouest;itineraire;OK;335526;1380;336906;12295;A10;oui;
2026-09-26T10:28:00;G-100-240;grille;RIS;acces_impose;itineraire;OK;324075;1380;325455;11792;A10;oui;
2026-09-26T10:28:01;G-100-240;grille;RIS;impose_est;itineraire;OK;345096;1380;346476;12706;A10;oui;
2026-09-26T10:28:01;G-100-240;grille;RIS;impose_ouest;itineraire;OK;324075;1380;325455;11792;A10;oui;
2026-09-26T10:28:01;G-100-220;grille;RIS;acces_impose;itineraire;OK;312891;1380;314271;11581;A71 et A10;oui;
2026-09-26T10:28:01;G-100-220;grille;RIS;impose_est;itineraire;OK;333912;1380;335292;12495;A10;oui;
2026-09-26T10:28:02;G-100-220;grille;RIS;impose_ouest;itineraire;OK;312891;1380;314271;11581;A71 et A10;oui;
2026-09-26T10:28:02;G-100-200;grille;RIS;acces_impose;itineraire;OK;278747;1380;280127;10911;A10;oui;
2026-09-26T10:28:02;G-100-200;grille;RIS;impose_est;itineraire;OK;299768;1380;301148;11825;A10;oui;
2026-09-26T10:28:02;G-100-200;grille;RIS;impose_ouest;itineraire;OK;278747;1380;280127;10911;A10;oui;
2026-09-26T10:28:03;G-100-180;grille;RIS;acces_impose;itineraire;OK;250646;1380;252026;9273;A10;oui;
2026-09-26T10:28:03;G-100-180;grille;RIS;impose_est;itineraire;OK;271667;1380;273047;10187;A10;oui;
2026-09-26T10:28:03;G-100-180;grille;RIS;impose_ouest;itineraire;OK;250646;1380;252026;9273;A10;oui;
2026-09-26T10:28:03;G-100-160;grille;RIS;acces_impose;itineraire;OK;226445;1380;227825;8364;A10;oui;
2026-09-26T10:28:03;G-100-160;grille;RIS;impose_est;itineraire;OK;247466;1380;248846;9278;A10;oui;
2026-09-26T10:28:04;G-100-160;grille;RIS;impose_ouest;itineraire;OK;226445;1380;227825;8364;A10;oui;
2026-09-26T10:28:04;G-100-140;grille;RIS;acces_impose;itineraire;OK;209349;1380;210729;7406;A10;oui;
2026-09-26T10:28:04;G-100-140;grille;RIS;impose_est;itineraire;OK;230370;1380;231750;8320;A10;oui;
2026-09-26T10:28:04;G-100-140;grille;RIS;impose_ouest;itineraire;OK;209349;1380;210729;7406;A10;oui;
2026-09-26T10:28:04;G-100-120;grille;RIS;acces_impose;itineraire;OK;203989;1380;205369;7758;A10;oui;
2026-09-26T10:28:05;G-100-120;grille;RIS;impose_est;itineraire;OK;225010;1380;226390;8672;A10;oui;
2026-09-26T10:28:05;G-100-120;grille;RIS;impose_ouest;itineraire;OK;203989;1380;205369;7758;A10;oui;
2026-09-26T10:28:06;G-100-100;grille;RIS;acces_impose;itineraire;OK;160511;1380;161891;7213;N10 et A11;oui;
2026-09-26T10:28:07;G-100-100;grille;RIS;impose_est;itineraire;OK;181532;1380;182912;8127;N10;oui;
2026-09-26T10:28:07;G-100-100;grille;RIS;impose_ouest;itineraire;OK;160511;1380;161891;7213;N10 et A11;oui;
2026-09-26T10:28:07;G-100-080;grille;RIS;acces_impose;itineraire;OK;141005;1380;142385;5861;A11;oui;
2026-09-26T10:28:07;G-100-080;grille;RIS;impose_est;itineraire;OK;162026;1380;163406;6775;A11;oui;
2026-09-26T10:28:07;G-100-080;grille;RIS;impose_ouest;itineraire;OK;141005;1380;142385;5861;A11;oui;
2026-09-26T10:28:07;G-100-060;grille;RIS;acces_impose;itineraire;OK;128743;1380;130123;4744;A11;oui;
2026-09-26T10:28:08;G-100-060;grille;RIS;impose_est;itineraire;OK;149764;1380;151144;5658;A11;oui;
2026-09-26T10:28:08;G-100-060;grille;RIS;impose_ouest;itineraire;OK;128743;1380;130123;4744;A11;oui;
2026-09-26T10:28:08;G-100-040;grille;RIS;acces_impose;itineraire;OK;124819;1380;126199;5903;A11;oui;
2026-09-26T10:28:08;G-100-040;grille;RIS;impose_est;itineraire;OK;145840;1380;147220;6817;N104;oui;
2026-09-26T10:28:08;G-100-040;grille;RIS;impose_ouest;itineraire;OK;124819;1380;126199;5903;A11;oui;
2026-09-26T10:28:08;G-100-020;grille;RIS;acces_impose;itineraire;AUCUN_ITINERAIRE;;;;;;;
2026-09-26T10:28:09;G-100-020;grille;RIS;impose_est;itineraire;AUCUN_ITINERAIRE;;;;;;;
2026-09-26T10:28:09;G-100-020;grille;RIS;impose_ouest;itineraire;AUCUN_ITINERAIRE;;;;;;;
2026-09-26T10:28:09;G-100+000;grille;RIS;acces_impose;itineraire;OK;119758;1380;121138;5548;N12;oui;
2026-09-26T10:28:09;G-100+000;grille;RIS;impose_est;itineraire;OK;145114;1380;146494;6628;N12;oui;
2026-09-26T10:28:09;G-100+000;grille;RIS;impose_ouest;itineraire;OK;134535;1380;135915;6183;N12;oui;
2026-09-26T10:28:10;G-100+020;grille;RIS;acces_impose;itineraire;OK;134964;1380;136344;6100;A13;oui;
2026-09-26T10:28:10;G-100+020;grille;RIS;impose_est;itineraire;OK;160320;1380;161700;7180;A13;oui;
2026-09-26T10:28:10;G-100+020;grille;RIS;impose_ouest;itineraire;OK;149741;1380;151121;6735;A13;oui;
2026-09-26T10:28:10;G-100+040;grille;RIS;acces_impose;itineraire;OK;143463;1380;144843;6306;A13;oui;
2026-09-26T10:28:10;G-100+040;grille;RIS;impose_est;itineraire;OK;168818;1380;170198;7386;A13;oui;
2026-09-26T10:28:11;G-100+040;grille;RIS;impose_ouest;itineraire;OK;158239;1380;159619;6941;A13;oui;
2026-09-26T10:28:11;G-100+060;grille;RIS;acces_impose;itineraire;OK;152522;1380;153902;6434;A13;oui;
2026-09-26T10:28:11;G-100+060;grille;RIS;impose_est;itineraire;OK;177877;1380;179257;7514;A13;oui;
2026-09-26T10:28:11;G-100+060;grille;RIS;impose_ouest;itineraire;OK;167298;1380;168678;7069;A13;oui;
2026-09-26T10:28:11;G-100+080;grille;RIS;acces_impose;itineraire;OK;170143;1380;171523;7007;A13;oui;
2026-09-26T10:28:12;G-100+080;grille;RIS;impose_est;itineraire;OK;195499;1380;196879;8087;A13;oui;
2026-09-26T10:28:12;G-100+080;grille;RIS;impose_ouest;itineraire;OK;184920;1380;186300;7642;A13;oui;
2026-09-26T10:28:12;G-100+100;grille;RIS;acces_impose;itineraire;OK;193206;1380;194586;7457;A13;oui;
2026-09-26T10:28:12;G-100+100;grille;RIS;impose_est;itineraire;OK;218562;1380;219942;8537;A13;oui;
2026-09-26T10:28:13;G-100+100;grille;RIS;impose_ouest;itineraire;OK;207983;1380;209363;8092;A13;oui;
2026-09-26T10:28:13;G-100+120;grille;RIS;acces_impose;itineraire;OK;214818;1380;216198;8332;A13;oui;
2026-09-26T10:28:13;G-100+120;grille;RIS;impose_est;itineraire;OK;240174;1380;241554;9412;A13;oui;
2026-09-26T10:28:13;G-100+120;grille;RIS;impose_ouest;itineraire;OK;229595;1380;230975;8967;A13;oui;
2026-09-26T10:28:13;G-100+140;grille;RIS;acces_impose;itineraire;AUCUN_ITINERAIRE;;;;;;;
2026-09-26T10:28:13;G-100+140;grille;RIS;impose_est;itineraire;AUCUN_ITINERAIRE;;;;;;;
2026-09-26T10:28:14;G-100+140;grille;RIS;impose_ouest;itineraire;AUCUN_ITINERAIRE;;;;;;;
2026-09-26T10:28:14;G-100+160;grille;RIS;acces_impose;itineraire;AUCUN_ITINERAIRE;;;;;;;
2026-09-26T10:28:14;G-100+160;grille;RIS;impose_est;itineraire;AUCUN_ITINERAIRE;;;;;;;
2026-09-26T10:28:14;G-100+160;grille;RIS;impose_ouest;itineraire;AUCUN_ITINERAIRE;;;;;;;
2026-09-26T10:28:14;G-100+180;grille;RIS;acces_impose;itineraire;AUCUN_ITINERAIRE;;;;;;;
2026-09-26T10:28:14;G-100+180;grille;RIS;impose_est;itineraire;AUCUN_ITINERAIRE;;;;;;;
2026-09-26T10:28:14;G-100+180;grille;RIS;impose_ouest;itineraire;AUCUN_ITINERAIRE;;;;;;;
2026-09-26T10:28:15;G-100+200;grille;RIS;acces_impose;itineraire;AUCUN_ITINERAIRE;;;;;;;
2026-09-26T10:28:15;G-100+200;grille;RIS;impose_est;itineraire;AUCUN_ITINERAIRE;;;;;;;
2026-09-26T10:28:15;G-100+200;grille;RIS;impose_ouest;itineraire;AUCUN_ITINERAIRE;;;;;;;
2026-09-26T10:28:15;G-100+220;grille;RIS;acces_impose;itineraire;AUCUN_ITINERAIRE;;;;;;;
2026-09-26T10:28:15;G-100+220;grille;RIS;impose_est;itineraire;AUCUN_ITINERAIRE;;;;;;;
2026-09-26T10:28:15;G-100+220;grille;RIS;impose_ouest;itineraire;AUCUN_ITINERAIRE;;;;;;;
2026-09-26T10:28:15;G-100+240;grille;RIS;acces_impose;itineraire;AUCUN_ITINERAIRE;;;;;;;
2026-09-26T10:28:15;G-100+240;grille;RIS;impose_est;itineraire;AUCUN_ITINERAIRE;;;;;;;
2026-09-26T10:28:16;G-100+240;grille;RIS;impose_ouest;itineraire;AUCUN_ITINERAIRE;;;;;;;
2026-09-26T10:28:16;G-100+260;grille;RIS;acces_impose;itineraire;OK;386801;1380;388181;16574;A26 et A1;oui;
2026-09-26T10:28:16;G-100+260;grille;RIS;impose_est;itineraire;OK;412842;1380;414222;17220;A26 et A1;oui;
2026-09-26T10:28:16;G-100+260;grille;RIS;impose_ouest;itineraire;OK;405563;1380;406943;17422;A26 et A1;oui;
2026-09-26T10:28:17;G-100+280;grille;RIS;acces_impose;itineraire;OK;410413;1380;411793;18320;A26 et A1;oui;
2026-09-26T10:28:17;G-100+280;grille;RIS;impose_est;itineraire;OK;436453;1380;437833;18966;A1;oui;
2026-09-26T10:28:17;G-100+280;grille;RIS;impose_ouest;itineraire;OK;429174;1380;430554;19167;A1;oui;
2026-09-26T10:28:17;G-080-280;grille;RIS;acces_impose;itineraire;OK;338089;1380;339469;11607;A20 et A10;oui;
2026-09-26T10:28:17;G-080-280;grille;RIS;impose_est;itineraire;OK;359110;1380;360490;12521;A20 et A10;oui;
2026-09-26T10:28:18;G-080-280;grille;RIS;impose_ouest;itineraire;OK;338089;1380;339469;11607;A20 et A10;oui;
2026-09-26T10:28:18;G-080-260;grille;RIS;acces_impose;itineraire;OK;320223;1380;321603;11317;A20 et A10;oui;
2026-09-26T10:28:18;G-080-260;grille;RIS;impose_est;itineraire;OK;341244;1380;342624;12231;A20 et A10;oui;
2026-09-26T10:28:18;G-080-260;grille;RIS;impose_ouest;itineraire;OK;320223;1380;321603;11317;A20 et A10;oui;
2026-09-26T10:28:19;G-080-240;grille;RIS;acces_impose;itineraire;OK;302877;1380;304257;10780;A20, A71 et A10;oui;
2026-09-26T10:28:19;G-080-240;grille;RIS;impose_est;itineraire;OK;323898;1380;325278;11694;A10;oui;
2026-09-26T10:28:19;G-080-240;grille;RIS;impose_ouest;itineraire;OK;302877;1380;304257;10780;A20, A71 et A10;oui;
2026-09-26T10:28:19;G-080-220;grille;RIS;acces_impose;itineraire;OK;291447;1380;292827;10421;A71 et A10;oui;
2026-09-26T10:28:20;G-080-220;grille;RIS;impose_est;itineraire;OK;312468;1380;313848;11335;A71 et A10;oui;
2026-09-26T10:28:20;G-080-220;grille;RIS;impose_ouest;itineraire;OK;291447;1380;292827;10421;A71 et A10;oui;
2026-09-26T10:28:20;G-080-200;grille;RIS;acces_impose;itineraire;OK;277106;1380;278486;10523;A71 et A10;oui;
2026-09-26T10:28:20;G-080-200;grille;RIS;impose_est;itineraire;OK;298127;1380;299507;11437;A71 et A10;oui;
2026-09-26T10:28:20;G-080-200;grille;RIS;impose_ouest;itineraire;OK;277106;1380;278486;10523;A71 et A10;oui;
2026-09-26T10:28:21;G-080-180;grille;RIS;acces_impose;itineraire;OK;232622;1380;234002;9525;A10;oui;
2026-09-26T10:28:21;G-080-180;grille;RIS;impose_est;itineraire;OK;253643;1380;255023;10439;A10;oui;
2026-09-26T10:28:21;G-080-180;grille;RIS;impose_ouest;itineraire;OK;232622;1380;234002;9525;A10;oui;
2026-09-26T10:28:21;G-080-160;grille;RIS;acces_impose;itineraire;OK;211446;1380;212826;8257;A10;oui;
2026-09-26T10:28:22;G-080-160;grille;RIS;impose_est;itineraire;OK;232467;1380;233847;9171;A10;oui;
2026-09-26T10:28:22;G-080-160;grille;RIS;impose_ouest;itineraire;OK;211446;1380;212826;8257;A10;oui;
2026-09-26T10:28:22;G-080-140;grille;RIS;acces_impose;itineraire;OK;188306;1380;189686;7152;A10;oui;
2026-09-26T10:28:22;G-080-140;grille;RIS;impose_est;itineraire;OK;209327;1380;210707;8066;A10;oui;
2026-09-26T10:28:23;G-080-140;grille;RIS;impose_ouest;itineraire;OK;188306;1380;189686;7152;A10;oui;
2026-09-26T10:28:23;G-080-120;grille;RIS;acces_impose;itineraire;OK;183735;1380;185115;6648;A10;oui;
2026-09-26T10:28:23;G-080-120;grille;RIS;impose_est;itineraire;OK;204756;1380;206136;7562;A10;oui;
2026-09-26T10:28:23;G-080-120;grille;RIS;impose_ouest;itineraire;OK;183735;1380;185115;6648;A10;oui;
2026-09-26T10:28:23;G-080-100;grille;RIS;acces_impose;itineraire;OK;148803;1380;150183;6692;A11;oui;
2026-09-26T10:28:24;G-080-100;grille;RIS;impose_est;itineraire;OK;169824;1380;171204;7606;A11;oui;
2026-09-26T10:28:24;G-080-100;grille;RIS;impose_ouest;itineraire;OK;148803;1380;150183;6692;A11;oui;
2026-09-26T10:28:24;G-080-080;grille;RIS;acces_impose;itineraire;OK;127033;1380;128413;5520;A11;oui;
2026-09-26T10:28:24;G-080-080;grille;RIS;impose_est;itineraire;OK;148054;1380;149434;6434;A11;oui;
2026-09-26T10:28:24;G-080-080;grille;RIS;impose_ouest;itineraire;OK;127033;1380;128413;5520;A11;oui;
2026-09-26T10:28:25;G-080-060;grille;RIS;acces_impose;itineraire;OK;107889;1380;109269;4370;A11;oui;
2026-09-26T10:28:25;G-080-060;grille;RIS;impose_est;itineraire;OK;128910;1380;130290;5284;A11 et N104;oui;
2026-09-26T10:28:25;G-080-060;grille;RIS;impose_ouest;itineraire;OK;107889;1380;109269;4370;A11;oui;
2026-09-26T10:28:25;G-080-040;grille;RIS;acces_impose;itineraire;OK;99614;1380;100994;4318;A11;oui;
2026-09-26T10:28:25;G-080-040;grille;RIS;impose_est;itineraire;OK;120635;1380;122015;5232;A11 et N104;oui;
2026-09-26T10:28:26;G-080-040;grille;RIS;impose_ouest;itineraire;OK;99614;1380;100994;4318;A11;oui;
2026-09-26T10:28:26;G-080-020;grille;RIS;acces_impose;itineraire;OK;108952;1380;110332;4896;A11;oui;
2026-09-26T10:28:26;G-080-020;grille;RIS;impose_est;itineraire;OK;129973;1380;131353;5810;N104;oui;
2026-09-26T10:28:26;G-080-020;grille;RIS;impose_ouest;itineraire;OK;108952;1380;110332;4896;A11;oui;
2026-09-26T10:28:26;G-080+000;grille;RIS;acces_impose;itineraire;OK;100416;1380;101796;4652;N12;oui;
2026-09-26T10:28:27;G-080+000;grille;RIS;impose_est;itineraire;OK;125771;1380;127151;5732;N12;oui;
2026-09-26T10:28:27;G-080+000;grille;RIS;impose_ouest;itineraire;OK;115192;1380;116572;5287;N12;oui;
2026-09-26T10:28:27;G-080+020;grille;RIS;acces_impose;itineraire;OK;112483;1380;113863;4865;A13;oui;
2026-09-26T10:28:27;G-080+020;grille;RIS;impose_est;itineraire;OK;137839;1380;139219;5945;A13;oui;
2026-09-26T10:28:27;G-080+020;grille;RIS;impose_ouest;itineraire;OK;127260;1380;128640;5500;A13;oui;
2026-09-26T10:28:28;G-080+040;grille;RIS;acces_impose;itineraire;OK;117794;1380;119174;4741;A13;oui;
2026-09-26T10:28:28;G-080+040;grille;RIS;impose_est;itineraire;OK;143149;1380;144529;5821;A13;oui;
2026-09-26T10:28:28;G-080+040;grille;RIS;impose_ouest;itineraire;OK;132570;1380;133950;5376;A13;oui;
2026-09-26T10:28:28;G-080+060;grille;RIS;acces_impose;itineraire;OK;153689;1380;155069;6655;A13;oui;
2026-09-26T10:28:28;G-080+060;grille;RIS;impose_est;itineraire;OK;179045;1380;180425;7735;A13;oui;
2026-09-26T10:28:29;G-080+060;grille;RIS;impose_ouest;itineraire;OK;168466;1380;169846;7290;A13;oui;
2026-09-26T10:28:29;G-080+080;grille;RIS;acces_impose;itineraire;OK;173944;1380;175324;7885;A13;oui;
2026-09-26T10:28:29;G-080+080;grille;RIS;impose_est;itineraire;OK;199299;1380;200679;8965;A13;oui;
2026-09-26T10:28:29;G-080+080;grille;RIS;impose_ouest;itineraire;OK;188720;1380;190100;8521;A13;oui;
2026-09-26T10:28:29;G-080+100;grille;RIS;acces_impose;itineraire;OK;203140;1380;204520;8139;A13;oui;
2026-09-26T10:28:30;G-080+100;grille;RIS;impose_est;itineraire;OK;228496;1380;229876;9219;A13;oui;
2026-09-26T10:28:30;G-080+100;grille;RIS;impose_ouest;itineraire;OK;217917;1380;219297;8774;A13;oui;
2026-09-26T10:28:30;G-080+120;grille;RIS;acces_impose;itineraire;OK;234304;1380;235684;9444;A13;oui;
2026-09-26T10:28:30;G-080+120;grille;RIS;impose_est;itineraire;OK;259659;1380;261039;10524;A13;oui;
2026-09-26T10:28:30;G-080+120;grille;RIS;impose_ouest;itineraire;OK;249080;1380;250460;10079;A13;oui;
2026-09-26T10:28:31;G-080+140;grille;RIS;acces_impose;itineraire;OK;247465;1380;248845;10162;A13;oui;
2026-09-26T10:28:31;G-080+140;grille;RIS;impose_est;itineraire;OK;272821;1380;274201;11242;A13;oui;
2026-09-26T10:28:31;G-080+140;grille;RIS;impose_ouest;itineraire;OK;262242;1380;263622;10798;A13;oui;
2026-09-26T10:28:32;G-080+160;grille;RIS;acces_impose;itineraire;AUCUN_ITINERAIRE;;;;;;;
2026-09-26T10:28:32;G-080+160;grille;RIS;impose_est;itineraire;AUCUN_ITINERAIRE;;;;;;;
2026-09-26T10:28:32;G-080+160;grille;RIS;impose_ouest;itineraire;AUCUN_ITINERAIRE;;;;;;;
2026-09-26T10:28:32;G-080+180;grille;RIS;acces_impose;itineraire;AUCUN_ITINERAIRE;;;;;;;
2026-09-26T10:28:32;G-080+180;grille;RIS;impose_est;itineraire;AUCUN_ITINERAIRE;;;;;;;
2026-09-26T10:28:32;G-080+180;grille;RIS;impose_ouest;itineraire;AUCUN_ITINERAIRE;;;;;;;
2026-09-26T10:28:32;G-080+200;grille;RIS;acces_impose;itineraire;AUCUN_ITINERAIRE;;;;;;;
2026-09-26T10:28:32;G-080+200;grille;RIS;impose_est;itineraire;AUCUN_ITINERAIRE;;;;;;;
2026-09-26T10:28:33;G-080+200;grille;RIS;impose_ouest;itineraire;AUCUN_ITINERAIRE;;;;;;;
2026-09-26T10:28:33;G-080+220;grille;RIS;acces_impose;itineraire;AUCUN_ITINERAIRE;;;;;;;
2026-09-26T10:28:33;G-080+220;grille;RIS;impose_est;itineraire;AUCUN_ITINERAIRE;;;;;;;
2026-09-26T10:28:33;G-080+220;grille;RIS;impose_ouest;itineraire;AUCUN_ITINERAIRE;;;;;;;
2026-09-26T10:28:33;G-080+240;grille;RIS;acces_impose;itineraire;AUCUN_ITINERAIRE;;;;;;;
2026-09-26T10:28:33;G-080+240;grille;RIS;impose_est;itineraire;AUCUN_ITINERAIRE;;;;;;;
2026-09-26T10:28:33;G-080+240;grille;RIS;impose_ouest;itineraire;AUCUN_ITINERAIRE;;;;;;;
2026-09-26T10:28:33;G-080+260;grille;RIS;acces_impose;itineraire;OK;397734;1380;399114;17288;A26 et A1;oui;
2026-09-26T10:28:34;G-080+260;grille;RIS;impose_est;itineraire;OK;423775;1380;425155;17934;A1;oui;
2026-09-26T10:28:34;G-080+260;grille;RIS;impose_ouest;itineraire;OK;416496;1380;417876;18135;A1;oui;
2026-09-26T10:28:34;G-080+280;grille;RIS;acces_impose;itineraire;OK;422065;1380;423445;18915;A1;oui;
2026-09-26T10:28:34;G-080+280;grille;RIS;impose_est;itineraire;OK;448106;1380;449486;19561;A1;oui;
2026-09-26T10:28:35;G-080+280;grille;RIS;impose_ouest;itineraire;OK;440827;1380;442207;19763;A1;oui;
2026-09-26T10:28:35;G-060-280;grille;RIS;acces_impose;itineraire;OK;338761;1380;340141;12072;A20 et A10;oui;
2026-09-26T10:28:35;G-060-280;grille;RIS;impose_est;itineraire;OK;359782;1380;361162;12986;A20 et A10;oui;
2026-09-26T10:28:35;G-060-280;grille;RIS;impose_ouest;itineraire;OK;338761;1380;340141;12072;A20 et A10;oui;
2026-09-26T10:28:36;G-060-260;grille;RIS;acces_impose;itineraire;OK;316687;1380;318067;11183;A20 et A10;oui;
2026-09-26T10:28:36;G-060-260;grille;RIS;impose_est;itineraire;OK;337709;1380;339089;12097;A20 et A10;oui;
2026-09-26T10:28:36;G-060-260;grille;RIS;impose_ouest;itineraire;OK;316687;1380;318067;11183;A20 et A10;oui;
2026-09-26T10:28:36;G-060-240;grille;RIS;acces_impose;itineraire;OK;289299;1380;290679;9990;A20, A71 et A10;oui;
2026-09-26T10:28:37;G-060-240;grille;RIS;impose_est;itineraire;OK;310320;1380;311700;10904;A20, A71 et A10;oui;
2026-09-26T10:28:37;G-060-240;grille;RIS;impose_ouest;itineraire;OK;289299;1380;290679;9990;A20, A71 et A10;oui;
2026-09-26T10:28:37;G-060-220;grille;RIS;acces_impose;itineraire;OK;267339;1380;268719;9217;A71 et A10;oui;
2026-09-26T10:28:37;G-060-220;grille;RIS;impose_est;itineraire;OK;288360;1380;289740;10131;A71 et A10;oui;
2026-09-26T10:28:37;G-060-220;grille;RIS;impose_ouest;itineraire;OK;267339;1380;268719;9217;A71 et A10;oui;
2026-09-26T10:28:38;G-060-200;grille;RIS;acces_impose;itineraire;OK;257472;1380;258852;9144;A71 et A10;oui;
2026-09-26T10:28:38;G-060-200;grille;RIS;impose_est;itineraire;OK;278493;1380;279873;10058;A71 et A10;oui;
2026-09-26T10:28:38;G-060-200;grille;RIS;impose_ouest;itineraire;OK;257472;1380;258852;9144;A71 et A10;oui;
2026-09-26T10:28:38;G-060-180;grille;RIS;acces_impose;itineraire;OK;250183;1380;251563;9080;A71 et A10;oui;
2026-09-26T10:28:39;G-060-180;grille;RIS;impose_est;itineraire;OK;271204;1380;272584;9994;A71 et A10;oui;
2026-09-26T10:28:39;G-060-180;grille;RIS;impose_ouest;itineraire;OK;250183;1380;251563;9080;A71 et A10;oui;
2026-09-26T10:28:39;G-060-160;grille;RIS;acces_impose;itineraire;OK;206650;1380;208030;8029;A10;oui;
2026-09-26T10:28:39;G-060-160;grille;RIS;impose_est;itineraire;OK;227671;1380;229051;8943;A10;oui;
2026-09-26T10:28:40;G-060-160;grille;RIS;impose_ouest;itineraire;OK;206650;1380;208030;8029;A10;oui;
2026-09-26T10:28:40;G-060-140;grille;RIS;acces_impose;itineraire;OK;175057;1380;176437;7321;A10;oui;
2026-09-26T10:28:40;G-060-140;grille;RIS;impose_est;itineraire;OK;196078;1380;197458;8235;A10;oui;
2026-09-26T10:28:40;G-060-140;grille;RIS;impose_ouest;itineraire;OK;175057;1380;176437;7321;A10;oui;
2026-09-26T10:28:41;G-060-120;grille;RIS;acces_impose;itineraire;OK;157201;1380;158581;6355;A10;oui;
2026-09-26T10:28:41;G-060-120;grille;RIS;impose_est;itineraire;OK;178222;1380;179602;7269;A10;oui;
2026-09-26T10:28:41;G-060-120;grille;RIS;impose_ouest;itineraire;OK;157201;1380;158581;6355;A10;oui;
2026-09-26T10:28:41;G-060-100;grille;RIS;acces_impose;itineraire;OK;147912;1380;149292;5640;A10;oui;
2026-09-26T10:28:41;G-060-100;grille;RIS;impose_est;itineraire;OK;168933;1380;170313;6554;A10;oui;
2026-09-26T10:28:42;G-060-100;grille;RIS;impose_ouest;itineraire;OK;147912;1380;149292;5640;A10;oui;
2026-09-26T10:28:42;G-060-080;grille;RIS;acces_impose;itineraire;OK;115401;1380;116781;4815;A10;oui;
2026-09-26T10:28:42;G-060-080;grille;RIS;impose_est;itineraire;OK;136422;1380;137802;5729;A10 et N104;oui;
2026-09-26T10:28:42;G-060-080;grille;RIS;impose_ouest;itineraire;OK;115401;1380;116781;4815;A10;oui;
2026-09-26T10:28:42;G-060-060;grille;RIS;acces_impose;itineraire;OK;107907;1380;109287;4393;A10;oui;
2026-09-26T10:28:42;G-060-060;grille;RIS;impose_est;itineraire;OK;128928;1380;130308;5307;A10 et N104;oui;
2026-09-26T10:28:43;G-060-060;grille;RIS;impose_ouest;itineraire;OK;107907;1380;109287;4393;A10;oui;
2026-09-26T10:28:43;G-060-040;grille;RIS;acces_impose;itineraire;OK;85488;1380;86868;3557;A11 et A10;oui;
2026-09-26T10:28:43;G-060-040;grille;RIS;impose_est;itineraire;OK;106509;1380;107889;4471;A11 et N104;oui;
2026-09-26T10:28:43;G-060-040;grille;RIS;impose_ouest;itineraire;OK;85488;1380;86868;3557;A11 et A10;oui;
2026-09-26T10:28:43;G-060-020;grille;RIS;acces_impose;itineraire;OK;81965;1380;83345;3917;A10;oui;
2026-09-26T10:28:44;G-060-020;grille;RIS;impose_est;itineraire;OK;102986;1380;104366;4831;N104;oui;
2026-09-26T10:28:44;G-060-020;grille;RIS;impose_ouest;itineraire;OK;81965;1380;83345;3917;A10;oui;
2026-09-26T10:28:44;G-060+020;grille;RIS;acces_impose;itineraire;OK;89640;1380;91020;4248;A13;oui;
2026-09-26T10:28:44;G-060+020;grille;RIS;impose_est;itineraire;OK;114995;1380;116375;5328;A13;oui;
2026-09-26T10:28:44;G-060+020;grille;RIS;impose_ouest;itineraire;OK;104416;1380;105796;4883;A13;oui;
2026-09-26T10:28:44;G-060+040;grille;RIS;acces_impose;itineraire;OK;109621;1380;111001;5236;A13;oui;
2026-09-26T10:28:45;G-060+040;grille;RIS;impose_est;itineraire;OK;134976;1380;136356;6316;A13;oui;
2026-09-26T10:28:45;G-060+040;grille;RIS;impose_ouest;itineraire;OK;124397;1380;125777;5871;A13;oui;
2026-09-26T10:28:45;G-060+060;grille;RIS;acces_impose;itineraire;OK;130722;1380;132102;6145;A86;oui;
2026-09-26T10:28:45;G-060+060;grille;RIS;impose_est;itineraire;OK;156077;1380;157457;7225;A86;oui;
2026-09-26T10:28:46;G-060+060;grille;RIS;impose_ouest;itineraire;OK;145498;1380;146878;6781;D14;oui;
2026-09-26T10:28:46;G-060+080;grille;RIS;acces_impose;itineraire;OK;150876;1380;152256;7688;A86;oui;
2026-09-26T10:28:46;G-060+080;grille;RIS;impose_est;itineraire;OK;196400;1380;197780;8787;N104;oui;
2026-09-26T10:28:46;G-060+080;grille;RIS;impose_ouest;itineraire;OK;165652;1380;167032;8323;A86;oui;
2026-09-26T10:28:47;G-060+100;grille;RIS;acces_impose;itineraire;OK;180077;1380;181457;8376;A16;oui;
2026-09-26T10:28:47;G-060+100;grille;RIS;impose_est;itineraire;OK;203983;1380;205363;9089;N104;oui;
2026-09-26T10:28:47;G-060+100;grille;RIS;impose_ouest;itineraire;OK;194854;1380;196234;9011;A16;oui;
2026-09-26T10:28:47;G-060+120;grille;RIS;acces_impose;itineraire;OK;228656;1380;230036;9145;A13;oui;
2026-09-26T10:28:47;G-060+120;grille;RIS;impose_est;itineraire;OK;223109;1380;224489;10149;N104;oui;
2026-09-26T10:28:48;G-060+120;grille;RIS;impose_ouest;itineraire;OK;243432;1380;244812;9780;A13;oui;
2026-09-26T10:28:48;G-060+140;grille;RIS;acces_impose;itineraire;OK;250822;1380;252202;9780;A16;oui;
2026-09-26T10:28:48;G-060+140;grille;RIS;impose_est;itineraire;OK;274728;1380;276108;10493;A16;oui;
2026-09-26T10:28:48;G-060+140;grille;RIS;impose_ouest;itineraire;OK;265599;1380;266979;10415;A16;oui;
2026-09-26T10:28:48;G-060+160;grille;RIS;acces_impose;itineraire;OK;258545;1380;259925;10232;A16;oui;
2026-09-26T10:28:49;G-060+160;grille;RIS;impose_est;itineraire;OK;282451;1380;283831;10945;A16;oui;
2026-09-26T10:28:49;G-060+160;grille;RIS;impose_ouest;itineraire;OK;273322;1380;274702;10867;A16;oui;
2026-09-26T10:28:49;G-060+180;grille;RIS;acces_impose;itineraire;OK;273712;1380;275092;10589;A16;oui;
2026-09-26T10:28:49;G-060+180;grille;RIS;impose_est;itineraire;OK;297618;1380;298998;11302;A16;oui;
2026-09-26T10:28:50;G-060+180;grille;RIS;impose_ouest;itineraire;OK;288488;1380;289868;11224;A16;oui;
2026-09-26T10:28:50;G-060+200;grille;RIS;acces_impose;itineraire;OK;292170;1380;293550;10626;A16;oui;
2026-09-26T10:28:50;G-060+200;grille;RIS;impose_est;itineraire;OK;316077;1380;317457;11339;A16;oui;
2026-09-26T10:28:50;G-060+200;grille;RIS;impose_ouest;itineraire;OK;306947;1380;308327;11261;A16;oui;
2026-09-26T10:28:51;G-060+220;grille;RIS;acces_impose;itineraire;OK;310335;1380;311715;11325;A16;oui;
2026-09-26T10:28:51;G-060+220;grille;RIS;impose_est;itineraire;OK;334241;1380;335621;12038;A16;oui;
2026-09-26T10:28:51;G-060+220;grille;RIS;impose_ouest;itineraire;OK;325112;1380;326492;11960;A16;oui;
2026-09-26T10:28:51;G-060+240;grille;RIS;acces_impose;itineraire;OK;336216;1380;337596;12797;A26 et A1;oui;
2026-09-26T10:28:52;G-060+240;grille;RIS;impose_est;itineraire;OK;362257;1380;363637;13443;A26 et A1;oui;
2026-09-26T10:28:52;G-060+240;grille;RIS;impose_ouest;itineraire;OK;354978;1380;356358;13644;A26 et A1;oui;
2026-09-26T10:28:52;G-060+260;grille;RIS;acces_impose;itineraire;AUCUN_ITINERAIRE;;;;;;;
2026-09-26T10:28:52;G-060+260;grille;RIS;impose_est;itineraire;AUCUN_ITINERAIRE;;;;;;;
2026-09-26T10:28:52;G-060+260;grille;RIS;impose_ouest;itineraire;AUCUN_ITINERAIRE;;;;;;;
2026-09-26T10:28:52;G-060+280;grille;RIS;acces_impose;itineraire;AUCUN_ITINERAIRE;;;;;;;
2026-09-26T10:28:53;G-060+280;grille;RIS;impose_est;itineraire;AUCUN_ITINERAIRE;;;;;;;
2026-09-26T10:28:53;G-060+280;grille;RIS;impose_ouest;itineraire;AUCUN_ITINERAIRE;;;;;;;
2026-09-26T10:28:53;G-040-280;grille;RIS;acces_impose;itineraire;OK;341421;1380;342801;13338;A10;oui;
2026-09-26T10:28:53;G-040-280;grille;RIS;impose_est;itineraire;OK;362442;1380;363822;14252;A10;oui;
2026-09-26T10:28:53;G-040-280;grille;RIS;impose_ouest;itineraire;OK;341421;1380;342801;13338;A10;oui;
2026-09-26T10:28:54;G-040-260;grille;RIS;acces_impose;itineraire;OK;314262;1380;315642;11676;A71 et A10;oui;
2026-09-26T10:28:54;G-040-260;grille;RIS;impose_est;itineraire;OK;335283;1380;336663;12590;A10;oui;
2026-09-26T10:28:54;G-040-260;grille;RIS;impose_ouest;itineraire;OK;314262;1380;315642;11676;A71 et A10;oui;
2026-09-26T10:28:54;G-040-240;grille;RIS;acces_impose;itineraire;OK;288244;1380;289624;10606;A71 et A10;oui;
2026-09-26T10:28:54;G-040-240;grille;RIS;impose_est;itineraire;OK;309266;1380;310646;11520;A71 et A10;oui;
2026-09-26T10:28:55;G-040-240;grille;RIS;impose_ouest;itineraire;OK;288244;1380;289624;10606;A71 et A10;oui;
2026-09-26T10:28:55;G-040-220;grille;RIS;acces_impose;itineraire;OK;267627;1380;269007;9654;A71 et A10;oui;
2026-09-26T10:28:55;G-040-220;grille;RIS;impose_est;itineraire;OK;288648;1380;290028;10568;A71 et A10;oui;
2026-09-26T10:28:55;G-040-220;grille;RIS;impose_ouest;itineraire;OK;267627;1380;269007;9654;A71 et A10;oui;
2026-09-26T10:28:56;G-040-200;grille;RIS;acces_impose;itineraire;OK;243148;1380;244528;8888;A71 et A10;oui;
2026-09-26T10:28:56;G-040-200;grille;RIS;impose_est;itineraire;OK;264169;1380;265549;9802;A71 et A10;oui;
2026-09-26T10:28:56;G-040-200;grille;RIS;impose_ouest;itineraire;OK;243148;1380;244528;8888;A71 et A10;oui;
2026-09-26T10:28:56;G-040-180;grille;RIS;acces_impose;itineraire;OK;222726;1380;224106;8144;A71 et A10;oui;
2026-09-26T10:28:57;G-040-180;grille;RIS;impose_est;itineraire;OK;243747;1380;245127;9058;A71 et A10;oui;
2026-09-26T10:28:57;G-040-180;grille;RIS;impose_ouest;itineraire;OK;222726;1380;224106;8144;A71 et A10;oui;
2026-09-26T10:28:57;G-040-160;grille;RIS;acces_impose;itineraire;OK;202021;1380;203401;7619;A71 et A10;oui;
2026-09-26T10:28:57;G-040-160;grille;RIS;impose_est;itineraire;OK;223042;1380;224422;8533;A71 et A10;oui;
2026-09-26T10:28:57;G-040-160;grille;RIS;impose_ouest;itineraire;OK;202021;1380;203401;7619;A71 et A10;oui;
2026-09-26T10:28:58;G-040-140;grille;RIS;acces_impose;itineraire;OK;174932;1380;176312;6513;A10;oui;
2026-09-26T10:28:58;G-040-140;grille;RIS;impose_est;itineraire;OK;195953;1380;197333;7427;A10;oui;
2026-09-26T10:28:58;G-040-140;grille;RIS;impose_ouest;itineraire;OK;174932;1380;176312;6513;A10;oui;
2026-09-26T10:28:58;G-040-120;grille;RIS;acces_impose;itineraire;OK;152954;1380;154334;6075;A10;oui;
2026-09-26T10:28:59;G-040-120;grille;RIS;impose_est;itineraire;OK;173975;1380;175355;6989;A10;oui;
2026-09-26T10:28:59;G-040-120;grille;RIS;impose_ouest;itineraire;OK;152954;1380;154334;6075;A10;oui;
2026-09-26T10:28:59;G-040-100;grille;RIS;acces_impose;itineraire;OK;127187;1380;128567;5072;A10;oui;
2026-09-26T10:28:59;G-040-100;grille;RIS;impose_est;itineraire;OK;148208;1380;149588;5986;A10;oui;
2026-09-26T10:28:59;G-040-100;grille;RIS;impose_ouest;itineraire;OK;127187;1380;128567;5072;A10;oui;
2026-09-26T10:28:59;G-040-080;grille;RIS;acces_impose;itineraire;OK;104480;1380;105860;4051;A10;oui;
2026-09-26T10:29:00;G-040-080;grille;RIS;impose_est;itineraire;OK;125502;1380;126882;4965;A10 et N104;oui;
2026-09-26T10:29:00;G-040-080;grille;RIS;impose_ouest;itineraire;OK;104480;1380;105860;4051;A10;oui;
2026-09-26T10:29:00;G-040-060;grille;RIS;acces_impose;itineraire;OK;75102;1380;76482;3721;N20;oui;
2026-09-26T10:29:00;G-040-060;grille;RIS;impose_est;itineraire;OK;96123;1380;97503;4635;N20 et N104;oui;
2026-09-26T10:29:00;G-040-060;grille;RIS;impose_ouest;itineraire;OK;75102;1380;76482;3721;N20;oui;
2026-09-26T10:29:01;G-040+060;grille;RIS;acces_impose;itineraire;OK;123030;1380;124410;5946;A86;oui;
2026-09-26T10:29:01;G-040+060;grille;RIS;impose_est;itineraire;OK;148386;1380;149766;7026;A86;oui;
2026-09-26T10:29:01;G-040+060;grille;RIS;impose_ouest;itineraire;OK;137807;1380;139187;6581;A86;oui;
2026-09-26T10:29:01;G-040+080;grille;RIS;acces_impose;itineraire;OK;152142;1380;153522;6799;A16;oui;
2026-09-26T10:29:01;G-040+080;grille;RIS;impose_est;itineraire;OK;176048;1380;177428;7512;A16 et N104;oui;
2026-09-26T10:29:02;G-040+080;grille;RIS;impose_ouest;itineraire;OK;166919;1380;168299;7434;A16;oui;
2026-09-26T10:29:02;G-040+100;grille;RIS;acces_impose;itineraire;OK;166292;1380;167672;7431;A16;oui;
2026-09-26T10:29:02;G-040+100;grille;RIS;impose_est;itineraire;OK;190198;1380;191578;8144;A16 et N104;oui;
2026-09-26T10:29:02;G-040+100;grille;RIS;impose_ouest;itineraire;OK;181068;1380;182448;8066;A16;oui;
2026-09-26T10:29:03;G-040+120;grille;RIS;acces_impose;itineraire;OK;211168;1380;212548;8369;A16;oui;
2026-09-26T10:29:03;G-040+120;grille;RIS;impose_est;itineraire;OK;235074;1380;236454;9082;A16;oui;
2026-09-26T10:29:03;G-040+120;grille;RIS;impose_ouest;itineraire;OK;225944;1380;227324;9004;A16;oui;
2026-09-26T10:29:04;G-040+140;grille;RIS;acces_impose;itineraire;OK;231134;1380;232514;8960;A16;oui;
2026-09-26T10:29:04;G-040+140;grille;RIS;impose_est;itineraire;OK;255040;1380;256420;9673;A16;oui;
2026-09-26T10:29:04;G-040+140;grille;RIS;impose_ouest;itineraire;OK;245910;1380;247290;9595;A16;oui;
2026-09-26T10:29:04;G-040+160;grille;RIS;acces_impose;itineraire;OK;248483;1380;249863;9664;A16;oui;
2026-09-26T10:29:04;G-040+160;grille;RIS;impose_est;itineraire;OK;272389;1380;273769;10377;A16;oui;
2026-09-26T10:29:05;G-040+160;grille;RIS;impose_ouest;itineraire;OK;263259;1380;264639;10299;A16;oui;
2026-09-26T10:29:05;G-040+180;grille;RIS;acces_impose;itineraire;OK;283945;1380;285325;10714;A16;oui;
2026-09-26T10:29:05;G-040+180;grille;RIS;impose_est;itineraire;OK;307851;1380;309231;11427;A16;oui;
2026-09-26T10:29:05;G-040+180;grille;RIS;impose_ouest;itineraire;OK;298721;1380;300101;11349;A16;oui;
2026-09-26T10:29:06;G-040+200;grille;RIS;acces_impose;itineraire;OK;293350;1380;294730;11262;A16;oui;
2026-09-26T10:29:06;G-040+200;grille;RIS;impose_est;itineraire;OK;317256;1380;318636;11975;A16;oui;
2026-09-26T10:29:06;G-040+200;grille;RIS;impose_ouest;itineraire;OK;308126;1380;309506;11897;A16;oui;
2026-09-26T10:29:06;G-040+220;grille;RIS;acces_impose;itineraire;OK;311595;1380;312975;12177;A1;oui;
2026-09-26T10:29:07;G-040+220;grille;RIS;impose_est;itineraire;OK;337636;1380;339016;12823;A1;oui;
2026-09-26T10:29:07;G-040+220;grille;RIS;impose_ouest;itineraire;OK;330356;1380;331736;13025;A1;oui;
2026-09-26T10:29:07;G-040+240;grille;RIS;acces_impose;itineraire;OK;318639;1380;320019;12161;A26 et A1;oui;
2026-09-26T10:29:08;G-040+240;grille;RIS;impose_est;itineraire;OK;344680;1380;346060;12808;A26 et A1;oui;
2026-09-26T10:29:08;G-040+240;grille;RIS;impose_ouest;itineraire;OK;337401;1380;338781;13009;A26 et A1;oui;
2026-09-26T10:29:08;G-040+260;grille;RIS;acces_impose;itineraire;AUCUN_ITINERAIRE;;;;;;;
2026-09-26T10:29:08;G-040+260;grille;RIS;impose_est;itineraire;AUCUN_ITINERAIRE;;;;;;;
2026-09-26T10:29:09;G-040+260;grille;RIS;impose_ouest;itineraire;AUCUN_ITINERAIRE;;;;;;;
2026-09-26T10:29:09;G-040+280;grille;RIS;acces_impose;itineraire;AUCUN_ITINERAIRE;;;;;;;
2026-09-26T10:29:09;G-040+280;grille;RIS;impose_est;itineraire;AUCUN_ITINERAIRE;;;;;;;
2026-09-26T10:29:09;G-040+280;grille;RIS;impose_ouest;itineraire;AUCUN_ITINERAIRE;;;;;;;
2026-09-26T10:29:09;G-020-280;grille;RIS;acces_impose;itineraire;OK;379309;1380;380689;12917;A71 et A10;oui;
2026-09-26T10:29:09;G-020-280;grille;RIS;impose_est;itineraire;OK;400330;1380;401710;13831;A71;oui;
2026-09-26T10:29:10;G-020-280;grille;RIS;impose_ouest;itineraire;OK;379309;1380;380689;12917;A71 et A10;oui;
2026-09-26T10:29:10;G-020-260;grille;RIS;acces_impose;itineraire;OK;322350;1380;323730;12009;A71 et A10;oui;
2026-09-26T10:29:10;G-020-260;grille;RIS;impose_est;itineraire;OK;343371;1380;344751;12923;A71 et A10;oui;
2026-09-26T10:29:10;G-020-260;grille;RIS;impose_ouest;itineraire;OK;322350;1380;323730;12009;A71 et A10;oui;
2026-09-26T10:29:11;G-020-240;grille;RIS;acces_impose;itineraire;OK;308586;1380;309966;10798;A71 et A10;oui;
2026-09-26T10:29:11;G-020-240;grille;RIS;impose_est;itineraire;OK;329607;1380;330987;11712;A71 et A10;oui;
2026-09-26T10:29:11;G-020-240;grille;RIS;impose_ouest;itineraire;OK;308586;1380;309966;10798;A71 et A10;oui;
2026-09-26T10:29:11;G-020-220;grille;RIS;acces_impose;itineraire;OK;265589;1380;266969;9990;A71 et A10;oui;
2026-09-26T10:29:12;G-020-220;grille;RIS;impose_est;itineraire;OK;286610;1380;287990;10904;A71 et A10;oui;
2026-09-26T10:29:12;G-020-220;grille;RIS;impose_ouest;itineraire;OK;265589;1380;266969;9990;A71 et A10;oui;
2026-09-26T10:29:12;G-020-200;grille;RIS;acces_impose;itineraire;OK;238661;1380;240041;8991;A71 et A10;oui;
2026-09-26T10:29:12;G-020-200;grille;RIS;impose_est;itineraire;OK;259682;1380;261062;9905;A71 et A10;oui;
2026-09-26T10:29:12;G-020-200;grille;RIS;impose_ouest;itineraire;OK;238661;1380;240041;8991;A71 et A10;oui;
2026-09-26T10:29:13;G-020-180;grille;RIS;acces_impose;itineraire;OK;216098;1380;217478;7827;A71 et A10;oui;
2026-09-26T10:29:13;G-020-180;grille;RIS;impose_est;itineraire;OK;237119;1380;238499;8741;A71 et A10;oui;
2026-09-26T10:29:13;G-020-180;grille;RIS;impose_ouest;itineraire;OK;216098;1380;217478;7827;A71 et A10;oui;
2026-09-26T10:29:13;G-020-160;grille;RIS;acces_impose;itineraire;OK;203645;1380;205025;7676;A71 et A10;oui;
2026-09-26T10:29:14;G-020-160;grille;RIS;impose_est;itineraire;OK;224666;1380;226046;8590;A71 et A10;oui;
2026-09-26T10:29:14;G-020-160;grille;RIS;impose_ouest;itineraire;OK;203645;1380;205025;7676;A71 et A10;oui;
2026-09-26T10:29:14;G-020-140;grille;RIS;acces_impose;itineraire;OK;177899;1380;179279;6598;A10;oui;
2026-09-26T10:29:14;G-020-140;grille;RIS;impose_est;itineraire;OK;198920;1380;200300;7512;A10;oui;
2026-09-26T10:29:15;G-020-140;grille;RIS;impose_ouest;itineraire;OK;177899;1380;179279;6598;A10;oui;
2026-09-26T10:29:17;G-020-120;grille;RIS;acces_impose;itineraire;OK;161278;1380;162658;6485;A10;oui;
2026-09-26T10:29:17;G-020-120;grille;RIS;impose_est;itineraire;OK;165010;1380;166390;7222;A6;oui;
2026-09-26T10:29:17;G-020-120;grille;RIS;impose_ouest;itineraire;OK;161278;1380;162658;6485;A10;oui;
2026-09-26T10:29:17;G-020-100;grille;RIS;acces_impose;itineraire;OK;142443;1380;143823;5405;A10;oui;
2026-09-26T10:29:18;G-020-100;grille;RIS;impose_est;itineraire;OK;153488;1380;154868;6089;D2060 et A6;oui;
2026-09-26T10:29:18;G-020-100;grille;RIS;impose_ouest;itineraire;OK;142443;1380;143823;5405;A10;oui;
2026-09-26T10:29:18;G-020-080;grille;RIS;acces_impose;itineraire;OK;94283;1380;95663;4717;D2152 et A6;oui;
2026-09-26T10:29:18;G-020-080;grille;RIS;impose_est;itineraire;OK;108200;1380;109580;5368;D2152 et A6;oui;
2026-09-26T10:29:18;G-020-080;grille;RIS;impose_ouest;itineraire;OK;87283;1380;88663;4657;N20;oui;
2026-09-26T10:29:18;G-020-060;grille;RIS;acces_impose;itineraire;OK;69288;1380;70668;3615;N20;oui;
2026-09-26T10:29:19;G-020-060;grille;RIS;impose_est;itineraire;OK;85951;1380;87331;4378;A6;oui;
2026-09-26T10:29:19;G-020-060;grille;RIS;impose_ouest;itineraire;OK;69288;1380;70668;3615;N20;oui;
2026-09-26T10:29:19;G-020+060;grille;RIS;acces_impose;itineraire;OK;114542;1380;115922;5664;A86;oui;
2026-09-26T10:29:19;G-020+060;grille;RIS;impose_est;itineraire;OK;138448;1380;139828;6377;N104;oui;
2026-09-26T10:29:19;G-020+060;grille;RIS;impose_ouest;itineraire;OK;129318;1380;130698;6299;A86;oui;
2026-09-26T10:29:20;G-020+080;grille;RIS;acces_impose;itineraire;OK;140373;1380;141753;6360;A16 et A86;oui;
2026-09-26T10:29:20;G-020+080;grille;RIS;impose_est;itineraire;OK;164279;1380;165659;7073;A16 et N104;oui;
2026-09-26T10:29:20;G-020+080;grille;RIS;impose_ouest;itineraire;OK;155149;1380;156529;6995;A16;oui;
2026-09-26T10:29:20;G-020+100;grille;RIS;acces_impose;itineraire;OK;161765;1380;163145;6863;A16;oui;
2026-09-26T10:29:21;G-020+100;grille;RIS;impose_est;itineraire;OK;185671;1380;187051;7576;A16 et N104;oui;
2026-09-26T10:29:21;G-020+100;grille;RIS;impose_ouest;itineraire;OK;176542;1380;177922;7498;A16;oui;
2026-09-26T10:29:21;G-020+120;grille;RIS;acces_impose;itineraire;OK;186519;1380;187899;7514;A16;oui;
2026-09-26T10:29:21;G-020+120;grille;RIS;impose_est;itineraire;OK;210425;1380;211805;8227;A16 et N104;oui;
2026-09-26T10:29:21;G-020+120;grille;RIS;impose_ouest;itineraire;OK;201295;1380;202675;8149;A16;oui;
2026-09-26T10:29:22;G-020+140;grille;RIS;acces_impose;itineraire;OK;213342;1380;214722;8415;A16;oui;
2026-09-26T10:29:22;G-020+140;grille;RIS;impose_est;itineraire;OK;237248;1380;238628;9128;A16;oui;
2026-09-26T10:29:22;G-020+140;grille;RIS;impose_ouest;itineraire;OK;228119;1380;229499;9050;A16;oui;
2026-09-26T10:29:22;G-020+160;grille;RIS;acces_impose;itineraire;OK;236529;1380;237909;9439;A16;oui;
2026-09-26T10:29:23;G-020+160;grille;RIS;impose_est;itineraire;OK;260436;1380;261816;10152;A16;oui;
2026-09-26T10:29:23;G-020+160;grille;RIS;impose_ouest;itineraire;OK;251306;1380;252686;10074;A16;oui;
2026-09-26T10:29:23;G-020+180;grille;RIS;acces_impose;itineraire;OK;275922;1380;277302;11080;A16;oui;
2026-09-26T10:29:23;G-020+180;grille;RIS;impose_est;itineraire;OK;299828;1380;301208;11793;A16;oui;
2026-09-26T10:29:23;G-020+180;grille;RIS;impose_ouest;itineraire;OK;290699;1380;292079;11715;A16;oui;
2026-09-26T10:29:24;G-020+200;grille;RIS;acces_impose;itineraire;OK;286472;1380;287852;11248;A1;oui;
2026-09-26T10:29:24;G-020+200;grille;RIS;impose_est;itineraire;OK;312512;1380;313892;11894;A1;oui;
2026-09-26T10:29:24;G-020+200;grille;RIS;impose_ouest;itineraire;OK;305233;1380;306613;12095;A1;oui;
2026-09-26T10:29:25;G-020+220;grille;RIS;acces_impose;itineraire;OK;294404;1380;295784;11475;A1;oui;
2026-09-26T10:29:25;G-020+220;grille;RIS;impose_est;itineraire;OK;320445;1380;321825;12121;A1;oui;
2026-09-26T10:29:25;G-020+220;grille;RIS;impose_ouest;itineraire;OK;313166;1380;314546;12322;A1;oui;
2026-09-26T10:29:25;G-020+240;grille;RIS;acces_impose;itineraire;OK;312600;1380;313980;12237;A26 et A1;oui;
2026-09-26T10:29:26;G-020+240;grille;RIS;impose_est;itineraire;OK;338641;1380;340021;12883;A26 et A1;oui;
2026-09-26T10:29:26;G-020+240;grille;RIS;impose_ouest;itineraire;OK;331362;1380;332742;13084;A26 et A1;oui;
2026-09-26T10:29:26;G-020+260;grille;RIS;acces_impose;itineraire;AUCUN_ITINERAIRE;;;;;;;
2026-09-26T10:29:26;G-020+260;grille;RIS;impose_est;itineraire;AUCUN_ITINERAIRE;;;;;;;
2026-09-26T10:29:26;G-020+260;grille;RIS;impose_ouest;itineraire;AUCUN_ITINERAIRE;;;;;;;
2026-09-26T10:29:26;G-020+280;grille;RIS;acces_impose;itineraire;AUCUN_ITINERAIRE;;;;;;;
2026-09-26T10:29:27;G-020+280;grille;RIS;impose_est;itineraire;AUCUN_ITINERAIRE;;;;;;;
2026-09-26T10:29:27;G-020+280;grille;RIS;impose_ouest;itineraire;AUCUN_ITINERAIRE;;;;;;;
2026-09-26T10:29:27;G+000-300;grille;RIS;acces_impose;itineraire;OK;378909;1380;380289;13482;A71 et A10;oui;
2026-09-26T10:29:27;G+000-300;grille;RIS;impose_est;itineraire;OK;399930;1380;401310;14396;A71;oui;
2026-09-26T10:29:27;G+000-300;grille;RIS;impose_ouest;itineraire;OK;378909;1380;380289;13482;A71 et A10;oui;
2026-09-26T10:29:28;G+000-280;grille;RIS;acces_impose;itineraire;OK;352294;1380;353674;12031;A71 et A10;oui;
2026-09-26T10:29:28;G+000-280;grille;RIS;impose_est;itineraire;OK;373315;1380;374695;12945;A71 et A10;oui;
2026-09-26T10:29:28;G+000-280;grille;RIS;impose_ouest;itineraire;OK;352294;1380;353674;12031;A71 et A10;oui;
2026-09-26T10:29:28;G+000-260;grille;RIS;acces_impose;itineraire;OK;327070;1380;328450;11498;A71 et A10;oui;
2026-09-26T10:29:29;G+000-260;grille;RIS;impose_est;itineraire;OK;348091;1380;349471;12412;A71 et A10;oui;
2026-09-26T10:29:29;G+000-260;grille;RIS;impose_ouest;itineraire;OK;327070;1380;328450;11498;A71 et A10;oui;
2026-09-26T10:29:29;G+000-240;grille;RIS;acces_impose;itineraire;OK;289934;1380;291314;10139;A71 et A10;oui;
2026-09-26T10:29:29;G+000-240;grille;RIS;impose_est;itineraire;OK;310955;1380;312335;11053;A71 et A10;oui;
2026-09-26T10:29:30;G+000-240;grille;RIS;impose_ouest;itineraire;OK;289934;1380;291314;10139;A71 et A10;oui;
2026-09-26T10:29:30;G+000-220;grille;RIS;acces_impose;itineraire;OK;262649;1380;264029;8701;A71 et A10;oui;
2026-09-26T10:29:30;G+000-220;grille;RIS;impose_est;itineraire;OK;283670;1380;285050;9615;A71 et A10;oui;
2026-09-26T10:29:30;G+000-220;grille;RIS;impose_ouest;itineraire;OK;262649;1380;264029;8701;A71 et A10;oui;
2026-09-26T10:29:30;G+000-200;grille;RIS;acces_impose;itineraire;OK;307130;1380;308510;10402;A71 et A10;oui;
2026-09-26T10:29:31;G+000-200;grille;RIS;impose_est;itineraire;OK;328151;1380;329531;11316;A71 et A10;oui;
2026-09-26T10:29:31;G+000-200;grille;RIS;impose_ouest;itineraire;OK;307130;1380;308510;10402;A71 et A10;oui;
2026-09-26T10:29:31;G+000-180;grille;RIS;acces_impose;itineraire;OK;194198;1380;195578;8221;D940, A77 et A6;oui;
2026-09-26T10:29:31;G+000-180;grille;RIS;impose_est;itineraire;OK;208114;1380;209494;8872;D940, A77 et A6;oui;
2026-09-26T10:29:32;G+000-180;grille;RIS;impose_ouest;itineraire;OK;236667;1380;238047;8796;A71 et A10;oui;
2026-09-26T10:29:32;G+000-160;grille;RIS;acces_impose;itineraire;OK;173910;1380;175290;7286;D940, A77 et A6;oui;
2026-09-26T10:29:32;G+000-160;grille;RIS;impose_est;itineraire;OK;187827;1380;189207;7937;D940, A77 et A6;oui;
2026-09-26T10:29:32;G+000-160;grille;RIS;impose_ouest;itineraire;OK;189533;1380;190913;8030;D940, A77 et A6;oui;
2026-09-26T10:29:33;G+000-140;grille;RIS;acces_impose;itineraire;OK;154915;1380;156295;6335;A77 et A6;oui;
2026-09-26T10:29:34;G+000-140;grille;RIS;impose_est;itineraire;OK;168832;1380;170212;6987;A77 et A6;oui;
2026-09-26T10:29:34;G+000-140;grille;RIS;impose_ouest;itineraire;OK;170539;1380;171919;7079;A77 et A6;oui;
2026-09-26T10:29:34;G+000-120;grille;RIS;acces_impose;itineraire;OK;145680;1380;147060;6126;A77 et A6;oui;
2026-09-26T10:29:34;G+000-120;grille;RIS;impose_est;itineraire;OK;159596;1380;160976;6777;A77 et A6;oui;
2026-09-26T10:29:34;G+000-120;grille;RIS;impose_ouest;itineraire;OK;161303;1380;162683;6870;A77 et A6;oui;
2026-09-26T10:29:35;G+000-100;grille;RIS;acces_impose;itineraire;OK;117383;1380;118763;5044;A6;oui;
2026-09-26T10:29:35;G+000-100;grille;RIS;impose_est;itineraire;OK;131299;1380;132679;5695;A6;oui;
2026-09-26T10:29:35;G+000-100;grille;RIS;impose_ouest;itineraire;OK;133006;1380;134386;5787;A6;oui;
2026-09-26T10:29:35;G+000-080;grille;RIS;acces_impose;itineraire;OK;78689;1380;80069;4125;A6;oui;
2026-09-26T10:29:35;G+000-080;grille;RIS;impose_est;itineraire;OK;92605;1380;93985;4776;A6;oui;
2026-09-26T10:29:36;G+000-080;grille;RIS;impose_ouest;itineraire;OK;94312;1380;95692;4869;A6;oui;
2026-09-26T10:29:36;G+000+080;grille;RIS;acces_impose;itineraire;OK;126700;1380;128080;6272;A1;oui;
2026-09-26T10:29:36;G+000+080;grille;RIS;impose_est;itineraire;OK;152741;1380;154121;6918;N104;oui;
2026-09-26T10:29:36;G+000+080;grille;RIS;impose_ouest;itineraire;OK;145461;1380;146841;7119;A1;oui;
2026-09-26T10:29:36;G+000+100;grille;RIS;acces_impose;itineraire;OK;150930;1380;152310;7384;A1;oui;
2026-09-26T10:29:37;G+000+100;grille;RIS;impose_est;itineraire;OK;176970;1380;178350;8030;A1;oui;
2026-09-26T10:29:37;G+000+100;grille;RIS;impose_ouest;itineraire;OK;183717;1380;185097;8000;A16;oui;
2026-09-26T10:29:37;G+000+120;grille;RIS;acces_impose;itineraire;OK;171760;1380;173140;7347;A1;oui;
2026-09-26T10:29:37;G+000+120;grille;RIS;impose_est;itineraire;OK;197801;1380;199181;7993;A1;oui;
2026-09-26T10:29:37;G+000+120;grille;RIS;impose_ouest;itineraire;OK;205550;1380;206930;8182;A16;oui;
2026-09-26T10:29:38;G+000+140;grille;RIS;acces_impose;itineraire;OK;211526;1380;212906;8578;A16;oui;
2026-09-26T10:29:38;G+000+140;grille;RIS;impose_est;itineraire;OK;235432;1380;236812;9291;A16;oui;
2026-09-26T10:29:38;G+000+140;grille;RIS;impose_ouest;itineraire;OK;226302;1380;227682;9213;A16;oui;
2026-09-26T10:29:38;G+000+160;grille;RIS;acces_impose;itineraire;OK;232402;1380;233782;9965;A16;oui;
2026-09-26T10:29:38;G+000+160;grille;RIS;impose_est;itineraire;OK;256308;1380;257688;10678;A16;oui;
2026-09-26T10:29:39;G+000+160;grille;RIS;impose_ouest;itineraire;OK;247178;1380;248558;10600;A16;oui;
2026-09-26T10:29:39;G+000+180;grille;RIS;acces_impose;itineraire;OK;255788;1380;257168;10581;A1;oui;
2026-09-26T10:29:39;G+000+180;grille;RIS;impose_est;itineraire;OK;281829;1380;283209;11227;A1;oui;
2026-09-26T10:29:39;G+000+180;grille;RIS;impose_ouest;itineraire;OK;274550;1380;275930;11429;A1;oui;
2026-09-26T10:29:40;G+000+200;grille;RIS;acces_impose;itineraire;OK;259453;1380;260833;10245;A1;oui;
2026-09-26T10:29:40;G+000+200;grille;RIS;impose_est;itineraire;OK;285494;1380;286874;10892;A1;oui;
2026-09-26T10:29:40;G+000+200;grille;RIS;impose_ouest;itineraire;OK;278215;1380;279595;11093;A1;oui;
2026-09-26T10:29:40;G+000+220;grille;RIS;acces_impose;itineraire;OK;282328;1380;283708;11664;A1;oui;
2026-09-26T10:29:41;G+000+220;grille;RIS;impose_est;itineraire;OK;308369;1380;309749;12310;A1;oui;
2026-09-26T10:29:41;G+000+220;grille;RIS;impose_ouest;itineraire;OK;301090;1380;302470;12511;A1;oui;
2026-09-26T10:29:41;G+000+240;grille;RIS;acces_impose;itineraire;OK;311857;1380;313237;12111;A1;oui;
2026-09-26T10:29:41;G+000+240;grille;RIS;impose_est;itineraire;OK;337897;1380;339277;12757;A1;oui;
2026-09-26T10:29:42;G+000+240;grille;RIS;impose_ouest;itineraire;OK;330618;1380;331998;12958;A1;oui;
2026-09-26T10:29:42;G+000+260;grille;RIS;acces_impose;itineraire;AUCUN_ITINERAIRE;;;;;;;
2026-09-26T10:29:42;G+000+260;grille;RIS;impose_est;itineraire;AUCUN_ITINERAIRE;;;;;;;
2026-09-26T10:29:42;G+000+260;grille;RIS;impose_ouest;itineraire;AUCUN_ITINERAIRE;;;;;;;
2026-09-26T10:29:42;G+000+280;grille;RIS;acces_impose;itineraire;AUCUN_ITINERAIRE;;;;;;;
2026-09-26T10:29:42;G+000+280;grille;RIS;impose_est;itineraire;AUCUN_ITINERAIRE;;;;;;;
2026-09-26T10:29:42;G+000+280;grille;RIS;impose_ouest;itineraire;AUCUN_ITINERAIRE;;;;;;;
2026-09-26T10:29:43;G+000+300;grille;RIS;acces_impose;itineraire;AUCUN_ITINERAIRE;;;;;;;
2026-09-26T10:29:43;G+000+300;grille;RIS;impose_est;itineraire;AUCUN_ITINERAIRE;;;;;;;
2026-09-26T10:29:43;G+000+300;grille;RIS;impose_ouest;itineraire;AUCUN_ITINERAIRE;;;;;;;
2026-09-26T10:29:43;G+020-280;grille;RIS;acces_impose;itineraire;OK;336773;1380;338153;11686;A71 et A10;oui;
2026-09-26T10:29:43;G+020-280;grille;RIS;impose_est;itineraire;OK;357794;1380;359174;12600;A71 et A10;oui;
2026-09-26T10:29:43;G+020-280;grille;RIS;impose_ouest;itineraire;OK;336773;1380;338153;11686;A71 et A10;oui;
2026-09-26T10:29:44;G+020-260;grille;RIS;acces_impose;itineraire;OK;326642;1380;328022;10912;A71 et A10;oui;
2026-09-26T10:29:44;G+020-260;grille;RIS;impose_est;itineraire;OK;347663;1380;349043;11826;A71 et A10;oui;
2026-09-26T10:29:44;G+020-260;grille;RIS;impose_ouest;itineraire;OK;326642;1380;328022;10912;A71 et A10;oui;
2026-09-26T10:29:44;G+020-240;grille;RIS;acces_impose;itineraire;OK;300631;1380;302011;10691;A71 et A10;oui;
2026-09-26T10:29:45;G+020-240;grille;RIS;impose_est;itineraire;OK;299425;1380;300805;11488;A77;oui;
2026-09-26T10:29:45;G+020-240;grille;RIS;impose_ouest;itineraire;OK;300631;1380;302011;10691;A71 et A10;oui;
2026-09-26T10:29:45;G+020-220;grille;RIS;acces_impose;itineraire;OK;249361;1380;250741;10190;A77;oui;
2026-09-26T10:29:45;G+020-220;grille;RIS;impose_est;itineraire;OK;263277;1380;264657;10841;A77;oui;
2026-09-26T10:29:45;G+020-220;grille;RIS;impose_ouest;itineraire;OK;279022;1380;280402;10400;A71 et A10;oui;
2026-09-26T10:29:46;G+020-200;grille;RIS;acces_impose;itineraire;OK;231007;1380;232387;9075;A77;oui;
2026-09-26T10:29:46;G+020-200;grille;RIS;impose_est;itineraire;OK;244923;1380;246303;9727;A77;oui;
2026-09-26T10:29:46;G+020-200;grille;RIS;impose_ouest;itineraire;OK;267257;1380;268637;9807;A71 et A10;oui;
2026-09-26T10:29:46;G+020-180;grille;RIS;acces_impose;itineraire;OK;203423;1380;204803;7981;A77 et A6;oui;
2026-09-26T10:29:47;G+020-180;grille;RIS;impose_est;itineraire;OK;217339;1380;218719;8632;A77;oui;
2026-09-26T10:29:47;G+020-180;grille;RIS;impose_ouest;itineraire;OK;219046;1380;220426;8724;A77;oui;
2026-09-26T10:29:47;G+020-160;grille;RIS;acces_impose;itineraire;OK;169841;1380;171221;7061;A77 et A6;oui;
2026-09-26T10:29:47;G+020-160;grille;RIS;impose_est;itineraire;OK;183758;1380;185138;7712;A77 et A6;oui;
2026-09-26T10:29:47;G+020-160;grille;RIS;impose_ouest;itineraire;OK;185465;1380;186845;7805;A77 et A6;oui;
2026-09-26T10:29:48;G+020-140;grille;RIS;acces_impose;itineraire;OK;150402;1380;151782;5777;A77 et A6;oui;
2026-09-26T10:29:48;G+020-140;grille;RIS;impose_est;itineraire;OK;164319;1380;165699;6428;A77 et A6;oui;
2026-09-26T10:29:48;G+020-140;grille;RIS;impose_ouest;itineraire;OK;166026;1380;167406;6521;A77 et A6;oui;
2026-09-26T10:29:48;G+020-120;grille;RIS;acces_impose;itineraire;OK;128312;1380;129692;4802;A77 et A6;oui;
2026-09-26T10:29:48;G+020-120;grille;RIS;impose_est;itineraire;OK;142229;1380;143609;5453;A77 et A6;oui;
2026-09-26T10:29:49;G+020-120;grille;RIS;impose_ouest;itineraire;OK;143935;1380;145315;5546;A77 et A6;oui;
2026-09-26T10:29:49;G+020-100;grille;RIS;acces_impose;itineraire;OK;101702;1380;103082;3632;A77 et A6;oui;
2026-09-26T10:29:50;G+020-100;grille;RIS;impose_est;itineraire;OK;115619;1380;116999;4284;A77 et A6;oui;
2026-09-26T10:29:50;G+020-100;grille;RIS;impose_ouest;itineraire;OK;117326;1380;118706;4376;A77 et A6;oui;
2026-09-26T10:29:50;G+020-080;grille;RIS;acces_impose;itineraire;OK;85898;1380;87278;3721;A6;oui;
2026-09-26T10:29:50;G+020-080;grille;RIS;impose_est;itineraire;OK;99815;1380;101195;4372;A6;oui;
2026-09-26T10:29:50;G+020-080;grille;RIS;impose_ouest;itineraire;OK;101521;1380;102901;4464;A6;oui;
2026-09-26T10:29:51;G+020-060;grille;RIS;acces_impose;itineraire;OK;59031;1380;60411;2820;A6;oui;
2026-09-26T10:29:51;G+020-060;grille;RIS;impose_est;itineraire;OK;72948;1380;74328;3471;A6;oui;
2026-09-26T10:29:51;G+020-060;grille;RIS;impose_ouest;itineraire;OK;74654;1380;76034;3564;A6;oui;
2026-09-26T10:29:51;G+020+060;grille;RIS;acces_impose;itineraire;OK;98972;1380;100352;4970;A1;oui;
2026-09-26T10:29:51;G+020+060;grille;RIS;impose_est;itineraire;OK;125013;1380;126393;5616;A1 et N104;oui;
2026-09-26T10:29:51;G+020+060;grille;RIS;impose_ouest;itineraire;OK;117734;1380;119114;5817;A1;oui;
2026-09-26T10:29:52;G+020+080;grille;RIS;acces_impose;itineraire;OK;120559;1380;121939;5491;A1;oui;
2026-09-26T10:29:52;G+020+080;grille;RIS;impose_est;itineraire;OK;146599;1380;147979;6137;A1 et N104;oui;
2026-09-26T10:29:52;G+020+080;grille;RIS;impose_ouest;itineraire;OK;139320;1380;140700;6338;A1;oui;
2026-09-26T10:29:52;G+020+100;grille;RIS;acces_impose;itineraire;OK;144649;1380;146029;6530;A1;oui;
2026-09-26T10:29:52;G+020+100;grille;RIS;impose_est;itineraire;OK;170690;1380;172070;7176;A1;oui;
2026-09-26T10:29:53;G+020+100;grille;RIS;impose_ouest;itineraire;OK;163411;1380;164791;7378;A1;oui;
2026-09-26T10:29:53;G+020+120;grille;RIS;acces_impose;itineraire;OK;168839;1380;170219;7201;A1;oui;
2026-09-26T10:29:53;G+020+120;grille;RIS;impose_est;itineraire;OK;194880;1380;196260;7848;A1;oui;
2026-09-26T10:29:53;G+020+120;grille;RIS;impose_ouest;itineraire;OK;187601;1380;188981;8049;A1;oui;
2026-09-26T10:29:54;G+020+140;grille;RIS;acces_impose;itineraire;OK;188563;1380;189943;8161;A1;oui;
2026-09-26T10:29:54;G+020+140;grille;RIS;impose_est;itineraire;OK;214604;1380;215984;8807;A1;oui;
2026-09-26T10:29:54;G+020+140;grille;RIS;impose_ouest;itineraire;OK;207324;1380;208704;9008;A1;oui;
2026-09-26T10:29:54;G+020+160;grille;RIS;acces_impose;itineraire;OK;205303;1380;206683;8969;A1;oui;
2026-09-26T10:29:54;G+020+160;grille;RIS;impose_est;itineraire;OK;231344;1380;232724;9615;A1;oui;
2026-09-26T10:29:55;G+020+160;grille;RIS;impose_ouest;itineraire;OK;224065;1380;225445;9816;A1;oui;
2026-09-26T10:29:55;G+020+180;grille;RIS;acces_impose;itineraire;OK;234727;1380;236107;9437;A1;oui;
2026-09-26T10:29:55;G+020+180;grille;RIS;impose_est;itineraire;OK;260768;1380;262148;10083;A1;oui;
2026-09-26T10:29:55;G+020+180;grille;RIS;impose_ouest;itineraire;OK;253489;1380;254869;10284;A1;oui;
2026-09-26T10:29:56;G+020+200;grille;RIS;acces_impose;itineraire;OK;251522;1380;252902;10407;A1;oui;
2026-09-26T10:29:56;G+020+200;grille;RIS;impose_est;itineraire;OK;277563;1380;278943;11053;A1;oui;
2026-09-26T10:29:56;G+020+200;grille;RIS;impose_ouest;itineraire;OK;270283;1380;271663;11254;A1;oui;
2026-09-26T10:29:56;G+020+220;grille;RIS;acces_impose;itineraire;OK;285814;1380;287194;11505;A1;oui;
2026-09-26T10:29:57;G+020+220;grille;RIS;impose_est;itineraire;OK;311855;1380;313235;12151;A1;oui;
2026-09-26T10:29:57;G+020+220;grille;RIS;impose_ouest;itineraire;OK;304576;1380;305956;12352;A1;oui;
2026-09-26T10:29:57;G+020+240;grille;RIS;acces_impose;itineraire;OK;312586;1380;313966;12636;A1;oui;
2026-09-26T10:29:57;G+020+240;grille;RIS;impose_est;itineraire;OK;338627;1380;340007;13282;A1;oui;
2026-09-26T10:29:58;G+020+240;grille;RIS;impose_ouest;itineraire;OK;331348;1380;332728;13483;A1;oui;
2026-09-26T10:29:58;G+020+260;grille;RIS;acces_impose;itineraire;OK;357197;1380;358577;14072;A1;oui;
2026-09-26T10:29:58;G+020+260;grille;RIS;impose_est;itineraire;OK;383238;1380;384618;14718;A1;oui;
2026-09-26T10:29:58;G+020+260;grille;RIS;impose_ouest;itineraire;OK;375959;1380;377339;14919;A1;oui;
2026-09-26T10:29:59;G+020+280;grille;RIS;acces_impose;itineraire;AUCUN_ITINERAIRE;;;;;;;
2026-09-26T10:29:59;G+020+280;grille;RIS;impose_est;itineraire;AUCUN_ITINERAIRE;;;;;;;
2026-09-26T10:29:59;G+020+280;grille;RIS;impose_ouest;itineraire;AUCUN_ITINERAIRE;;;;;;;
2026-09-26T10:29:59;G+040-280;grille;RIS;acces_impose;itineraire;OK;351861;1380;353241;11961;A71 et A10;oui;
2026-09-26T10:30:00;G+040-280;grille;RIS;impose_est;itineraire;OK;372882;1380;374262;12875;A71 et A10;oui;
2026-09-26T10:30:00;G+040-280;grille;RIS;impose_ouest;itineraire;OK;351861;1380;353241;11961;A71 et A10;oui;
2026-09-26T10:30:00;G+040-260;grille;RIS;acces_impose;itineraire;OK;293005;1380;294385;11255;A77;oui;
2026-09-26T10:30:01;G+040-260;grille;RIS;impose_est;itineraire;OK;306922;1380;308302;11907;A77;oui;
2026-09-26T10:30:01;G+040-260;grille;RIS;impose_ouest;itineraire;OK;334102;1380;335482;11625;A71 et A10;oui;
2026-09-26T10:30:01;G+040-240;grille;RIS;acces_impose;itineraire;OK;273603;1380;274983;10215;A77;oui;
2026-09-26T10:30:01;G+040-240;grille;RIS;impose_est;itineraire;OK;287520;1380;288900;10866;A77;oui;
2026-09-26T10:30:02;G+040-240;grille;RIS;impose_ouest;itineraire;OK;289227;1380;290607;10959;A77;oui;
2026-09-26T10:30:02;G+040-220;grille;RIS;acces_impose;itineraire;OK;266669;1380;268049;10038;A77;oui;
2026-09-26T10:30:02;G+040-220;grille;RIS;impose_est;itineraire;OK;280586;1380;281966;10689;A77;oui;
2026-09-26T10:30:02;G+040-220;grille;RIS;impose_ouest;itineraire;OK;282292;1380;283672;10782;A77;oui;
2026-09-26T10:30:02;G+040-200;grille;RIS;acces_impose;itineraire;OK;227115;1380;228495;8386;A77;oui;
2026-09-26T10:30:03;G+040-200;grille;RIS;impose_est;itineraire;OK;241031;1380;242411;9037;A77;oui;
2026-09-26T10:30:03;G+040-200;grille;RIS;impose_ouest;itineraire;OK;242738;1380;244118;9130;A77;oui;
2026-09-26T10:30:03;G+040-180;grille;RIS;acces_impose;itineraire;OK;194880;1380;196260;7056;A77 et A6;oui;
2026-09-26T10:30:03;G+040-180;grille;RIS;impose_est;itineraire;OK;208797;1380;210177;7707;A77 et A6;oui;
2026-09-26T10:30:04;G+040-180;grille;RIS;impose_ouest;itineraire;OK;210503;1380;211883;7799;A77 et A6;oui;
2026-09-26T10:30:04;G+040-160;grille;RIS;acces_impose;itineraire;OK;172681;1380;174061;6121;A77 et A6;oui;
2026-09-26T10:30:04;G+040-160;grille;RIS;impose_est;itineraire;OK;186598;1380;187978;6773;A77 et A6;oui;
2026-09-26T10:30:04;G+040-160;grille;RIS;impose_ouest;itineraire;OK;188305;1380;189685;6865;A77 et A6;oui;
2026-09-26T10:30:04;G+040-140;grille;RIS;acces_impose;itineraire;OK;154672;1380;156052;5849;A77 et A6;oui;
2026-09-26T10:30:05;G+040-140;grille;RIS;impose_est;itineraire;OK;168588;1380;169968;6500;A77 et A6;oui;
2026-09-26T10:30:05;G+040-140;grille;RIS;impose_ouest;itineraire;OK;170295;1380;171675;6592;A77 et A6;oui;
2026-09-26T10:30:05;G+040-120;grille;RIS;acces_impose;itineraire;OK;134719;1380;136099;5493;A77 et A6;oui;
2026-09-26T10:30:05;G+040-120;grille;RIS;impose_est;itineraire;OK;148636;1380;150016;6144;A77 et A6;oui;
2026-09-26T10:30:05;G+040-120;grille;RIS;impose_ouest;itineraire;OK;150343;1380;151723;6236;A77 et A6;oui;
2026-09-26T10:30:06;G+040-100;grille;RIS;acces_impose;itineraire;OK;117913;1380;119293;4960;A6;oui;
2026-09-26T10:30:06;G+040-100;grille;RIS;impose_est;itineraire;OK;131829;1380;133209;5611;A6;oui;
2026-09-26T10:30:06;G+040-100;grille;RIS;impose_ouest;itineraire;OK;133536;1380;134916;5703;A6;oui;
2026-09-26T10:30:06;G+040-080;grille;RIS;acces_impose;itineraire;OK;108229;1380;109609;4127;A6;oui;
2026-09-26T10:30:06;G+040-080;grille;RIS;impose_est;itineraire;OK;122145;1380;123525;4778;A6;oui;
2026-09-26T10:30:07;G+040-080;grille;RIS;impose_ouest;itineraire;OK;123852;1380;125232;4870;A6;oui;
2026-09-26T10:30:07;G+040-060;grille;RIS;acces_impose;itineraire;OK;77378;1380;78758;3377;A6;oui;
2026-09-26T10:30:07;G+040-060;grille;RIS;impose_est;itineraire;OK;88497;1380;89877;3988;A5;oui;
2026-09-26T10:30:07;G+040-060;grille;RIS;impose_ouest;itineraire;OK;93002;1380;94382;4121;A6;oui;
2026-09-26T10:30:08;G+040+060;grille;RIS;acces_impose;itineraire;OK;109932;1380;111312;5939;N2;oui;
2026-09-26T10:30:08;G+040+060;grille;RIS;impose_est;itineraire;OK;121341;1380;122721;5946;N104;oui;
2026-09-26T10:30:08;G+040+060;grille;RIS;impose_ouest;itineraire;OK;136963;1380;138343;6691;N104;oui;
2026-09-26T10:30:08;G+040+080;grille;RIS;acces_impose;itineraire;OK;134215;1380;135595;6553;A1;oui;
2026-09-26T10:30:09;G+040+080;grille;RIS;impose_est;itineraire;OK;160256;1380;161636;7199;A1;oui;
2026-09-26T10:30:09;G+040+080;grille;RIS;impose_ouest;itineraire;OK;152977;1380;154357;7400;A1;oui;
2026-09-26T10:30:09;G+040+100;grille;RIS;acces_impose;itineraire;OK;153814;1380;155194;6999;A1;oui;
2026-09-26T10:30:09;G+040+100;grille;RIS;impose_est;itineraire;OK;179855;1380;181235;7645;A1;oui;
2026-09-26T10:30:09;G+040+100;grille;RIS;impose_ouest;itineraire;OK;172576;1380;173956;7846;A1;oui;
2026-09-26T10:30:10;G+040+120;grille;RIS;acces_impose;itineraire;OK;166883;1380;168263;7275;A1;oui;
2026-09-26T10:30:10;G+040+120;grille;RIS;impose_est;itineraire;OK;192924;1380;194304;7921;A1;oui;
2026-09-26T10:30:10;G+040+120;grille;RIS;impose_ouest;itineraire;OK;185645;1380;187025;8122;A1;oui;
2026-09-26T10:30:10;G+040+140;grille;RIS;acces_impose;itineraire;OK;184361;1380;185741;7909;A1;oui;
2026-09-26T10:30:10;G+040+140;grille;RIS;impose_est;itineraire;OK;210402;1380;211782;8555;A1;oui;
2026-09-26T10:30:11;G+040+140;grille;RIS;impose_ouest;itineraire;OK;203123;1380;204503;8756;A1;oui;
2026-09-26T10:30:11;G+040+160;grille;RIS;acces_impose;itineraire;OK;201208;1380;202588;8592;A1;oui;
2026-09-26T10:30:11;G+040+160;grille;RIS;impose_est;itineraire;OK;227249;1380;228629;9238;A1;oui;
2026-09-26T10:30:11;G+040+160;grille;RIS;impose_ouest;itineraire;OK;219970;1380;221350;9439;A1;oui;
2026-09-26T10:30:12;G+040+180;grille;RIS;acces_impose;itineraire;OK;221221;1380;222601;8957;A1;oui;
2026-09-26T10:30:12;G+040+180;grille;RIS;impose_est;itineraire;OK;247262;1380;248642;9603;A1;oui;
2026-09-26T10:30:12;G+040+180;grille;RIS;impose_ouest;itineraire;OK;239983;1380;241363;9804;A1;oui;
2026-09-26T10:30:12;G+040+200;grille;RIS;acces_impose;itineraire;OK;247380;1380;248760;10367;A1;oui;
2026-09-26T10:30:12;G+040+200;grille;RIS;impose_est;itineraire;OK;273421;1380;274801;11014;A1;oui;
2026-09-26T10:30:13;G+040+200;grille;RIS;impose_ouest;itineraire;OK;266142;1380;267522;11215;A1;oui;
2026-09-26T10:30:13;G+040+220;grille;RIS;acces_impose;itineraire;OK;279789;1380;281169;11536;A1;oui;
2026-09-26T10:30:13;G+040+220;grille;RIS;impose_est;itineraire;OK;305830;1380;307210;12182;A1;oui;
2026-09-26T10:30:13;G+040+220;grille;RIS;impose_ouest;itineraire;OK;298551;1380;299931;12383;A1;oui;
2026-09-26T10:30:14;G+040+240;grille;RIS;acces_impose;itineraire;OK;300022;1380;301402;12638;A1;oui;
2026-09-26T10:30:14;G+040+240;grille;RIS;impose_est;itineraire;OK;326063;1380;327443;13285;A1;oui;
2026-09-26T10:30:14;G+040+240;grille;RIS;impose_ouest;itineraire;OK;318784;1380;320164;13486;A1;oui;
2026-09-26T10:30:14;G+040+260;grille;RIS;acces_impose;itineraire;OK;325500;1380;326880;13342;A1;oui;
2026-09-26T10:30:15;G+040+260;grille;RIS;impose_est;itineraire;OK;351541;1380;352921;13989;A1;oui;
2026-09-26T10:30:15;G+040+260;grille;RIS;impose_ouest;itineraire;OK;344262;1380;345642;14190;A1;oui;
2026-09-26T10:30:15;G+040+280;grille;RIS;acces_impose;itineraire;AUCUN_ITINERAIRE;;;;;;;
2026-09-26T10:30:15;G+040+280;grille;RIS;impose_est;itineraire;AUCUN_ITINERAIRE;;;;;;;
2026-09-26T10:30:15;G+040+280;grille;RIS;impose_ouest;itineraire;AUCUN_ITINERAIRE;;;;;;;
2026-09-26T10:30:16;G+060-280;grille;RIS;acces_impose;itineraire;OK;318232;1380;319612;11850;A77;oui;
2026-09-26T10:30:16;G+060-280;grille;RIS;impose_est;itineraire;OK;332149;1380;333529;12501;A77;oui;
2026-09-26T10:30:16;G+060-280;grille;RIS;impose_ouest;itineraire;OK;365933;1380;367313;12431;A71 et A10;oui;
2026-09-26T10:30:16;G+060-260;grille;RIS;acces_impose;itineraire;OK;299070;1380;300450;10920;A77;oui;
2026-09-26T10:30:17;G+060-260;grille;RIS;impose_est;itineraire;OK;312987;1380;314367;11571;A77;oui;
2026-09-26T10:30:17;G+060-260;grille;RIS;impose_ouest;itineraire;OK;314694;1380;316074;11664;A77;oui;
2026-09-26T10:30:18;G+060-240;grille;RIS;acces_impose;itineraire;OK;269899;1380;271279;9905;A77;oui;
2026-09-26T10:30:19;G+060-240;grille;RIS;impose_est;itineraire;OK;283816;1380;285196;10556;A77;oui;
2026-09-26T10:30:19;G+060-240;grille;RIS;impose_ouest;itineraire;OK;285523;1380;286903;10648;A77;oui;
2026-09-26T10:30:19;G+060-220;grille;RIS;acces_impose;itineraire;OK;251314;1380;252694;8921;A77;oui;
2026-09-26T10:30:19;G+060-220;grille;RIS;impose_est;itineraire;OK;265231;1380;266611;9572;A77;oui;
2026-09-26T10:30:20;G+060-220;grille;RIS;impose_ouest;itineraire;OK;266938;1380;268318;9664;A77;oui;
2026-09-26T10:30:20;G+060-200;grille;RIS;acces_impose;itineraire;OK;221628;1380;223008;7785;A77;oui;
2026-09-26T10:30:20;G+060-200;grille;RIS;impose_est;itineraire;OK;235545;1380;236925;8436;A77;oui;
2026-09-26T10:30:20;G+060-200;grille;RIS;impose_ouest;itineraire;OK;237252;1380;238632;8528;A77;oui;
2026-09-26T10:30:20;G+060-180;grille;RIS;acces_impose;itineraire;OK;204922;1380;206302;7514;A77 et A6;oui;
2026-09-26T10:30:21;G+060-180;grille;RIS;impose_est;itineraire;OK;218839;1380;220219;8165;A77;oui;
2026-09-26T10:30:21;G+060-180;grille;RIS;impose_ouest;itineraire;OK;220546;1380;221926;8258;A77;oui;
2026-09-26T10:30:21;G+060-160;grille;RIS;acces_impose;itineraire;OK;191329;1380;192709;7246;A77 et A6;oui;
2026-09-26T10:30:21;G+060-160;grille;RIS;impose_est;itineraire;OK;205246;1380;206626;7897;A77 et A6;oui;
2026-09-26T10:30:21;G+060-160;grille;RIS;impose_ouest;itineraire;OK;206953;1380;208333;7990;A77 et A6;oui;
2026-09-26T10:30:22;G+060-140;grille;RIS;acces_impose;itineraire;OK;187233;1380;188613;7060;A77 et A6;oui;
2026-09-26T10:30:22;G+060-140;grille;RIS;impose_est;itineraire;OK;201150;1380;202530;7712;A77 et A6;oui;
2026-09-26T10:30:22;G+060-140;grille;RIS;impose_ouest;itineraire;OK;202857;1380;204237;7804;A77 et A6;oui;
2026-09-26T10:30:22;G+060-120;grille;RIS;acces_impose;itineraire;OK;141886;1380;143266;5614;A6;oui;
2026-09-26T10:30:23;G+060-120;grille;RIS;impose_est;itineraire;OK;155803;1380;157183;6265;A6;oui;
2026-09-26T10:30:23;G+060-120;grille;RIS;impose_ouest;itineraire;OK;157510;1380;158890;6358;A6;oui;
2026-09-26T10:30:23;G+060-100;grille;RIS;acces_impose;itineraire;OK;116363;1380;117743;4232;A6;oui;
2026-09-26T10:30:23;G+060-100;grille;RIS;impose_est;itineraire;OK;130279;1380;131659;4883;A6;oui;
2026-09-26T10:30:23;G+060-100;grille;RIS;impose_ouest;itineraire;OK;131986;1380;133366;4975;A6;oui;
2026-09-26T10:30:23;G+060-080;grille;RIS;acces_impose;itineraire;OK;104828;1380;106208;3956;A6;oui;
2026-09-26T10:30:24;G+060-080;grille;RIS;impose_est;itineraire;OK;118744;1380;120124;4607;A6;oui;
2026-09-26T10:30:24;G+060-080;grille;RIS;impose_ouest;itineraire;OK;120451;1380;121831;4699;A6;oui;
2026-09-26T10:30:24;G+060-060;grille;RIS;acces_impose;itineraire;OK;106059;1380;107439;4403;A5;oui;
2026-09-26T10:30:24;G+060-060;grille;RIS;impose_est;itineraire;OK;106059;1380;107439;4403;A5;oui;
2026-09-26T10:30:24;G+060-060;grille;RIS;impose_ouest;itineraire;OK;121680;1380;123060;5147;A5;oui;
2026-09-26T10:30:25;G+060-040;grille;RIS;acces_impose;itineraire;OK;85645;1380;87025;3698;A5;oui;
2026-09-26T10:30:25;G+060-040;grille;RIS;impose_est;itineraire;OK;85645;1380;87025;3698;A5;oui;
2026-09-26T10:30:25;G+060-040;grille;RIS;impose_ouest;itineraire;OK;101267;1380;102647;4442;A5 et N104;oui;
2026-09-26T10:30:25;G+060-020;grille;RIS;acces_impose;itineraire;OK;78026;1380;79406;4087;A5;oui;
2026-09-26T10:30:25;G+060-020;grille;RIS;impose_est;itineraire;OK;78026;1380;79406;4087;A5;oui;
2026-09-26T10:30:25;G+060-020;grille;RIS;impose_ouest;itineraire;OK;93647;1380;95027;4831;N104;oui;
2026-09-26T10:30:26;G+060+020;grille;RIS;acces_impose;itineraire;OK;99499;1380;100879;4806;A4 et N104;oui;
2026-09-26T10:30:26;G+060+020;grille;RIS;impose_est;itineraire;OK;99499;1380;100879;4806;A4 et N104;oui;
2026-09-26T10:30:26;G+060+020;grille;RIS;impose_ouest;itineraire;OK;115121;1380;116501;5551;A4 et N104;oui;
2026-09-26T10:30:26;G+060+040;grille;RIS;acces_impose;itineraire;OK;113882;1380;115262;5335;A4 et N104;oui;
2026-09-26T10:30:26;G+060+040;grille;RIS;impose_est;itineraire;OK;113882;1380;115262;5335;A4 et N104;oui;
2026-09-26T10:30:27;G+060+040;grille;RIS;impose_ouest;itineraire;OK;129503;1380;130883;6080;A4 et N104;oui;
2026-09-26T10:30:27;G+060+060;grille;RIS;acces_impose;itineraire;OK;125324;1380;126704;5904;N2;oui;
2026-09-26T10:30:27;G+060+060;grille;RIS;impose_est;itineraire;OK;136733;1380;138113;5911;N2 et N104;oui;
2026-09-26T10:30:27;G+060+060;grille;RIS;impose_ouest;itineraire;OK;152354;1380;153734;6656;N2 et N104;oui;
2026-09-26T10:30:27;G+060+080;grille;RIS;acces_impose;itineraire;OK;149712;1380;151092;7212;N2;oui;
2026-09-26T10:30:28;G+060+080;grille;RIS;impose_est;itineraire;OK;161120;1380;162500;7219;N2;oui;
2026-09-26T10:30:28;G+060+080;grille;RIS;impose_ouest;itineraire;OK;176742;1380;178122;7963;N2 et N104;oui;
2026-09-26T10:30:28;G+060+100;grille;RIS;acces_impose;itineraire;OK;161395;1380;162775;7530;A1;oui;
2026-09-26T10:30:28;G+060+100;grille;RIS;impose_est;itineraire;OK;187436;1380;188816;8176;A1;oui;
2026-09-26T10:30:28;G+060+100;grille;RIS;impose_ouest;itineraire;OK;180156;1380;181536;8378;A1;oui;
2026-09-26T10:30:29;G+060+120;grille;RIS;acces_impose;itineraire;OK;193466;1380;194846;8016;A1;oui;
2026-09-26T10:30:29;G+060+120;grille;RIS;impose_est;itineraire;OK;219507;1380;220887;8662;A1;oui;
2026-09-26T10:30:29;G+060+120;grille;RIS;impose_ouest;itineraire;OK;212228;1380;213608;8864;A1;oui;
2026-09-26T10:30:29;G+060+140;grille;RIS;acces_impose;itineraire;OK;213284;1380;214664;8693;A1;oui;
2026-09-26T10:30:30;G+060+140;grille;RIS;impose_est;itineraire;OK;239325;1380;240705;9339;A1;oui;
2026-09-26T10:30:30;G+060+140;grille;RIS;impose_ouest;itineraire;OK;232046;1380;233426;9540;A1;oui;
2026-09-26T10:30:30;G+060+160;grille;RIS;acces_impose;itineraire;OK;212957;1380;214337;8931;A1;oui;
2026-09-26T10:30:30;G+060+160;grille;RIS;impose_est;itineraire;OK;238998;1380;240378;9577;A1;oui;
2026-09-26T10:30:30;G+060+160;grille;RIS;impose_ouest;itineraire;OK;231719;1380;233099;9778;A1;oui;
2026-09-26T10:30:31;G+060+180;grille;RIS;acces_impose;itineraire;OK;244254;1380;245634;10084;A1;oui;
2026-09-26T10:30:31;G+060+180;grille;RIS;impose_est;itineraire;OK;270295;1380;271675;10730;A1;oui;
2026-09-26T10:30:31;G+060+180;grille;RIS;impose_ouest;itineraire;OK;263016;1380;264396;10931;A1;oui;
2026-09-26T10:30:31;G+060+200;grille;RIS;acces_impose;itineraire;OK;258949;1380;260329;10501;A1;oui;
2026-09-26T10:30:32;G+060+200;grille;RIS;impose_est;itineraire;OK;284990;1380;286370;11147;A1;oui;
2026-09-26T10:30:32;G+060+200;grille;RIS;impose_ouest;itineraire;OK;277711;1380;279091;11349;A1;oui;
2026-09-26T10:30:32;G+060+220;grille;RIS;acces_impose;itineraire;OK;271684;1380;273064;11016;A1;oui;
2026-09-26T10:30:33;G+060+220;grille;RIS;impose_est;itineraire;OK;297725;1380;299105;11662;A1;oui;
2026-09-26T10:30:33;G+060+220;grille;RIS;impose_ouest;itineraire;OK;290445;1380;291825;11863;A1;oui;
2026-09-26T10:30:33;G+060+240;grille;RIS;acces_impose;itineraire;OK;302561;1380;303941;12221;A1;oui;
2026-09-26T10:30:34;G+060+240;grille;RIS;impose_est;itineraire;OK;328602;1380;329982;12867;A1;oui;
2026-09-26T10:30:34;G+060+240;grille;RIS;impose_ouest;itineraire;OK;321323;1380;322703;13068;A1;oui;
2026-09-26T10:30:34;G+060+260;grille;RIS;acces_impose;itineraire;OK;323650;1380;325030;12826;A1;oui;
2026-09-26T10:30:34;G+060+260;grille;RIS;impose_est;itineraire;OK;349691;1380;351071;13472;A1;oui;
2026-09-26T10:30:35;G+060+260;grille;RIS;impose_ouest;itineraire;OK;342412;1380;343792;13674;A1;oui;
2026-09-26T10:30:35;G+060+280;grille;RIS;acces_impose;itineraire;OK;339016;1380;340396;13378;A1;oui;
2026-09-26T10:30:35;G+060+280;grille;RIS;impose_est;itineraire;OK;365057;1380;366437;14024;A1;oui;
2026-09-26T10:30:35;G+060+280;grille;RIS;impose_ouest;itineraire;OK;357777;1380;359157;14226;A1;oui;
2026-09-26T10:30:36;G+080-280;grille;RIS;acces_impose;itineraire;OK;320700;1380;322080;12066;A77;oui;
2026-09-26T10:30:36;G+080-280;grille;RIS;impose_est;itineraire;OK;334617;1380;335997;12717;A77;oui;
2026-09-26T10:30:36;G+080-280;grille;RIS;impose_ouest;itineraire;OK;336324;1380;337704;12809;A77;oui;
2026-09-26T10:30:36;G+080-260;grille;RIS;acces_impose;itineraire;OK;298089;1380;299469;10890;A77;oui;
2026-09-26T10:30:37;G+080-260;grille;RIS;impose_est;itineraire;OK;312005;1380;313385;11541;A77;oui;
2026-09-26T10:30:37;G+080-260;grille;RIS;impose_ouest;itineraire;OK;313712;1380;315092;11633;A77;oui;
2026-09-26T10:30:37;G+080-240;grille;RIS;acces_impose;itineraire;OK;287660;1380;289040;10595;A77;oui;
2026-09-26T10:30:37;G+080-240;grille;RIS;impose_est;itineraire;OK;301577;1380;302957;11246;A77;oui;
2026-09-26T10:30:37;G+080-240;grille;RIS;impose_ouest;itineraire;OK;303284;1380;304664;11339;A77;oui;
2026-09-26T10:30:38;G+080-220;grille;RIS;acces_impose;itineraire;OK;259943;1380;261323;9721;A77;oui;
2026-09-26T10:30:38;G+080-220;grille;RIS;impose_est;itineraire;OK;273860;1380;275240;10372;A77;oui;
2026-09-26T10:30:38;G+080-220;grille;RIS;impose_ouest;itineraire;OK;275567;1380;276947;10464;A77;oui;
2026-09-26T10:30:38;G+080-200;grille;RIS;acces_impose;itineraire;OK;246900;1380;248280;9124;A77;oui;
2026-09-26T10:30:39;G+080-200;grille;RIS;impose_est;itineraire;OK;260817;1380;262197;9775;A77;oui;
2026-09-26T10:30:39;G+080-200;grille;RIS;impose_ouest;itineraire;OK;262523;1380;263903;9867;A77;oui;
2026-09-26T10:30:39;G+080-180;grille;RIS;acces_impose;itineraire;OK;227238;1380;228618;8869;A77;oui;
2026-09-26T10:30:39;G+080-180;grille;RIS;impose_est;itineraire;OK;241155;1380;242535;9520;A77;oui;
2026-09-26T10:30:39;G+080-180;grille;RIS;impose_ouest;itineraire;OK;242862;1380;244242;9613;A77;oui;
2026-09-26T10:30:40;G+080-160;grille;RIS;acces_impose;itineraire;OK;201957;1380;203337;8567;A6;oui;
2026-09-26T10:30:40;G+080-160;grille;RIS;impose_est;itineraire;OK;215874;1380;217254;9218;A6;oui;
2026-09-26T10:30:40;G+080-160;grille;RIS;impose_ouest;itineraire;OK;217581;1380;218961;9310;A6;oui;
2026-09-26T10:30:40;G+080-140;grille;RIS;acces_impose;itineraire;OK;178645;1380;180025;7267;A6;oui;
2026-09-26T10:30:40;G+080-140;grille;RIS;impose_est;itineraire;OK;192562;1380;193942;7919;A6;oui;
2026-09-26T10:30:41;G+080-140;grille;RIS;impose_ouest;itineraire;OK;194269;1380;195649;8011;A6;oui;
2026-09-26T10:30:41;G+080-120;grille;RIS;acces_impose;itineraire;OK;155776;1380;157156;6139;A6;oui;
2026-09-26T10:30:41;G+080-120;grille;RIS;impose_est;itineraire;OK;169693;1380;171073;6790;A6;oui;
2026-09-26T10:30:41;G+080-120;grille;RIS;impose_ouest;itineraire;OK;171400;1380;172780;6882;A6;oui;
2026-09-26T10:30:41;G+080-100;grille;RIS;acces_impose;itineraire;OK;141994;1380;143374;5207;A6;oui;
2026-09-26T10:30:42;G+080-100;grille;RIS;impose_est;itineraire;OK;155911;1380;157291;5859;A6;oui;
2026-09-26T10:30:42;G+080-100;grille;RIS;impose_ouest;itineraire;OK;157618;1380;158998;5951;A6;oui;
2026-09-26T10:30:42;G+080-080;grille;RIS;acces_impose;itineraire;OK;127788;1380;129168;5384;A5;oui;
2026-09-26T10:30:42;G+080-080;grille;RIS;impose_est;itineraire;OK;127788;1380;129168;5384;A5;oui;
2026-09-26T10:30:42;G+080-080;grille;RIS;impose_ouest;itineraire;OK;143410;1380;144790;6128;A5;oui;
2026-09-26T10:30:44;G+080-060;grille;RIS;acces_impose;itineraire;OK;107642;1380;109022;3842;A5;oui;
2026-09-26T10:30:44;G+080-060;grille;RIS;impose_est;itineraire;OK;107642;1380;109022;3842;A5;oui;
2026-09-26T10:30:44;G+080-060;grille;RIS;impose_ouest;itineraire;OK;123264;1380;124644;4586;A5;oui;
2026-09-26T10:30:44;G+080-040;grille;RIS;acces_impose;itineraire;OK;108709;1380;110089;4823;A5;oui;
2026-09-26T10:30:44;G+080-040;grille;RIS;impose_est;itineraire;OK;108709;1380;110089;4823;A5;oui;
2026-09-26T10:31:47;G+080-040;grille;RIS;impose_ouest;itineraire;OK;124331;1380;125711;5567;A5;oui;
2026-09-26T10:31:47;G+080-020;grille;RIS;acces_impose;itineraire;OK;98383;1380;99763;5127;A5;oui;
2026-09-26T10:31:47;G+080-020;grille;RIS;impose_est;itineraire;OK;98383;1380;99763;5127;A5;oui;
2026-09-26T10:31:47;G+080-020;grille;RIS;impose_ouest;itineraire;OK;114004;1380;115384;5871;N104;oui;
2026-09-26T10:31:47;G+080+000;grille;RIS;acces_impose;itineraire;OK;108746;1380;110126;5598;N4;oui;
2026-09-26T10:31:47;G+080+000;grille;RIS;impose_est;itineraire;OK;108746;1380;110126;5598;N4;oui;
2026-09-26T10:31:48;G+080+000;grille;RIS;impose_ouest;itineraire;OK;124367;1380;125747;6342;N104;oui;
2026-09-26T10:31:48;G+080+020;grille;RIS;acces_impose;itineraire;OK;132041;1380;133421;5939;A4 et N104;oui;
2026-09-26T10:31:48;G+080+020;grille;RIS;impose_est;itineraire;OK;132041;1380;133421;5939;A4 et N104;oui;
2026-09-26T10:31:48;G+080+020;grille;RIS;impose_ouest;itineraire;OK;147662;1380;149042;6683;A4 et N104;oui;
2026-09-26T10:31:48;G+080+040;grille;RIS;acces_impose;itineraire;OK;128884;1380;130264;5543;A4 et N104;oui;
2026-09-26T10:31:49;G+080+040;grille;RIS;impose_est;itineraire;OK;128884;1380;130264;5543;A4 et N104;oui;
2026-09-26T10:31:49;G+080+040;grille;RIS;impose_ouest;itineraire;OK;144505;1380;145885;6288;A4 et N104;oui;
2026-09-26T10:31:49;G+080+060;grille;RIS;acces_impose;itineraire;OK;148819;1380;150199;6543;A4;oui;
2026-09-26T10:31:49;G+080+060;grille;RIS;impose_est;itineraire;OK;148819;1380;150199;6543;A4;oui;
2026-09-26T10:31:49;G+080+060;grille;RIS;impose_ouest;itineraire;OK;164441;1380;165821;7287;A4 et N104;oui;
2026-09-26T10:31:50;G+080+080;grille;RIS;acces_impose;itineraire;OK;163918;1380;165298;7478;N2;oui;
2026-09-26T10:31:50;G+080+080;grille;RIS;impose_est;itineraire;OK;175327;1380;176707;7485;N2;oui;
2026-09-26T10:31:50;G+080+080;grille;RIS;impose_ouest;itineraire;OK;190948;1380;192328;8229;N2 et N104;oui;
2026-09-26T10:31:50;G+080+100;grille;RIS;acces_impose;itineraire;OK;178748;1380;180128;8337;A1;oui;
2026-09-26T10:31:50;G+080+100;grille;RIS;impose_est;itineraire;OK;233940;1380;235320;8610;A26 et A4;oui;
2026-09-26T10:31:51;G+080+100;grille;RIS;impose_ouest;itineraire;OK;197510;1380;198890;9184;A1;oui;
2026-09-26T10:31:51;G+080+120;grille;RIS;acces_impose;itineraire;OK;214694;1380;216074;9077;A1;oui;
2026-09-26T10:31:51;G+080+120;grille;RIS;impose_est;itineraire;OK;240735;1380;242115;9723;A1;oui;
2026-09-26T10:31:51;G+080+120;grille;RIS;impose_ouest;itineraire;OK;233456;1380;234836;9925;A1;oui;
2026-09-26T10:31:51;G+080+140;grille;RIS;acces_impose;itineraire;OK;216763;1380;218143;9973;A1;oui;
2026-09-26T10:31:52;G+080+140;grille;RIS;impose_est;itineraire;OK;242804;1380;244184;10619;A1;oui;
2026-09-26T10:31:52;G+080+140;grille;RIS;impose_ouest;itineraire;OK;235525;1380;236905;10821;A1;oui;
2026-09-26T10:31:52;G+080+160;grille;RIS;acces_impose;itineraire;OK;237273;1380;238653;9721;A1;oui;
2026-09-26T10:31:52;G+080+160;grille;RIS;impose_est;itineraire;OK;263314;1380;264694;10367;A1;oui;
2026-09-26T10:31:53;G+080+160;grille;RIS;impose_ouest;itineraire;OK;256035;1380;257415;10568;A1;oui;
2026-09-26T10:31:53;G+080+180;grille;RIS;acces_impose;itineraire;OK;253601;1380;254981;10830;A2 et A1;oui;
2026-09-26T10:31:53;G+080+180;grille;RIS;impose_est;itineraire;OK;279642;1380;281022;11476;A2 et A1;oui;
2026-09-26T10:31:53;G+080+180;grille;RIS;impose_ouest;itineraire;OK;272363;1380;273743;11677;A2 et A1;oui;
2026-09-26T10:31:54;G+080+200;grille;RIS;acces_impose;itineraire;OK;275458;1380;276838;10883;A1;oui;
2026-09-26T10:31:54;G+080+200;grille;RIS;impose_est;itineraire;OK;301499;1380;302879;11529;A1;oui;
2026-09-26T10:31:54;G+080+200;grille;RIS;impose_ouest;itineraire;OK;294220;1380;295600;11730;A1;oui;
2026-09-26T10:31:54;G+080+220;grille;RIS;acces_impose;itineraire;OK;288445;1380;289825;11953;A1;oui;
2026-09-26T10:31:54;G+080+220;grille;RIS;impose_est;itineraire;OK;314486;1380;315866;12599;A1;oui;
2026-09-26T10:31:55;G+080+220;grille;RIS;impose_ouest;itineraire;OK;307207;1380;308587;12800;A1;oui;
2026-09-26T10:31:55;G+080+240;grille;RIS;acces_impose;itineraire;OK;300275;1380;301655;12186;A1;oui;
2026-09-26T10:31:55;G+080+240;grille;RIS;impose_est;itineraire;OK;326316;1380;327696;12832;A1;oui;
2026-09-26T10:31:55;G+080+240;grille;RIS;impose_ouest;itineraire;OK;319037;1380;320417;13033;A1;oui;
2026-09-26T10:31:56;G+080+260;grille;RIS;acces_impose;itineraire;OK;341069;1380;342449;13632;A1;oui;
2026-09-26T10:31:56;G+080+260;grille;RIS;impose_est;itineraire;OK;367110;1380;368490;14279;A1;oui;
2026-09-26T10:31:56;G+080+260;grille;RIS;impose_ouest;itineraire;OK;359831;1380;361211;14480;A1;oui;
2026-09-26T10:31:56;G+080+280;grille;RIS;acces_impose;itineraire;OK;357747;1380;359127;14432;A1;oui;
2026-09-26T10:31:57;G+080+280;grille;RIS;impose_est;itineraire;OK;383788;1380;385168;15078;A1;oui;
2026-09-26T10:31:57;G+080+280;grille;RIS;impose_ouest;itineraire;OK;376509;1380;377889;15279;A1;oui;
2026-09-26T10:31:58;G+100-280;grille;RIS;acces_impose;itineraire;OK;336358;1380;337738;13105;A77;oui;
2026-09-26T10:31:59;G+100-280;grille;RIS;impose_est;itineraire;OK;350275;1380;351655;13756;A77;oui;
2026-09-26T10:31:59;G+100-280;grille;RIS;impose_ouest;itineraire;OK;351982;1380;353362;13849;A77;oui;
2026-09-26T10:31:59;G+100-260;grille;RIS;acces_impose;itineraire;OK;317475;1380;318855;11945;A77;oui;
2026-09-26T10:31:59;G+100-260;grille;RIS;impose_est;itineraire;OK;331392;1380;332772;12597;A77;oui;
2026-09-26T10:32:00;G+100-260;grille;RIS;impose_ouest;itineraire;OK;333099;1380;334479;12689;A77;oui;
2026-09-26T10:32:00;G+100-240;grille;RIS;acces_impose;itineraire;OK;287326;1380;288706;11342;A77;oui;
2026-09-26T10:32:00;G+100-240;grille;RIS;impose_est;itineraire;OK;301243;1380;302623;11993;A77;oui;
2026-09-26T10:32:00;G+100-240;grille;RIS;impose_ouest;itineraire;OK;302950;1380;304330;12085;A77;oui;
2026-09-26T10:32:01;G+100-220;grille;RIS;acces_impose;itineraire;OK;274607;1380;275987;10684;A77;oui;
2026-09-26T10:32:01;G+100-220;grille;RIS;impose_est;itineraire;OK;288524;1380;289904;11335;A77;oui;
2026-09-26T10:32:01;G+100-220;grille;RIS;impose_ouest;itineraire;OK;290230;1380;291610;11427;A77;oui;
2026-09-26T10:32:01;G+100-200;grille;RIS;acces_impose;itineraire;OK;271121;1380;272501;10220;A77;oui;
2026-09-26T10:32:01;G+100-200;grille;RIS;impose_est;itineraire;OK;285038;1380;286418;10871;A77;oui;
2026-09-26T10:32:02;G+100-200;grille;RIS;impose_ouest;itineraire;OK;286745;1380;288125;10963;A77;oui;
2026-09-26T10:32:02;G+100-180;grille;RIS;acces_impose;itineraire;OK;245246;1380;246626;9926;A6;oui;
2026-09-26T10:32:02;G+100-180;grille;RIS;impose_est;itineraire;OK;259162;1380;260542;10577;A6;oui;
2026-09-26T10:32:02;G+100-180;grille;RIS;impose_ouest;itineraire;OK;260869;1380;262249;10669;A6;oui;
2026-09-26T10:32:03;G+100-160;grille;RIS;acces_impose;itineraire;OK;216141;1380;217521;8225;A6;oui;
2026-09-26T10:32:03;G+100-160;grille;RIS;impose_est;itineraire;OK;230058;1380;231438;8877;A6;oui;
2026-09-26T10:32:03;G+100-160;grille;RIS;impose_ouest;itineraire;OK;231765;1380;233145;8969;A6;oui;
2026-09-26T10:32:03;G+100-140;grille;RIS;acces_impose;itineraire;OK;193239;1380;194619;7023;A6;oui;
2026-09-26T10:32:03;G+100-140;grille;RIS;impose_est;itineraire;OK;207156;1380;208536;7674;A6;oui;
2026-09-26T10:32:04;G+100-140;grille;RIS;impose_ouest;itineraire;OK;208863;1380;210243;7766;A6;oui;
2026-09-26T10:32:04;G+100-120;grille;RIS;acces_impose;itineraire;OK;165898;1380;167278;6177;A6;oui;
2026-09-26T10:32:04;G+100-120;grille;RIS;impose_est;itineraire;OK;179814;1380;181194;6828;A6;oui;
2026-09-26T10:32:04;G+100-120;grille;RIS;impose_ouest;itineraire;OK;181521;1380;182901;6920;A6;oui;
2026-09-26T10:32:04;G+100-100;grille;RIS;acces_impose;itineraire;OK;166381;1380;167761;6077;A6;oui;
2026-09-26T10:32:05;G+100-100;grille;RIS;impose_est;itineraire;OK;180298;1380;181678;6728;A6;oui;
2026-09-26T10:32:05;G+100-100;grille;RIS;impose_ouest;itineraire;OK;182005;1380;183385;6820;A6;oui;
2026-09-26T10:32:05;G+100-080;grille;RIS;acces_impose;itineraire;OK;142995;1380;144375;5848;A5;oui;
2026-09-26T10:32:05;G+100-080;grille;RIS;impose_est;itineraire;OK;142995;1380;144375;5848;A5;oui;
2026-09-26T10:32:05;G+100-080;grille;RIS;impose_ouest;itineraire;OK;158617;1380;159997;6592;A5;oui;
2026-09-26T10:32:06;G+100-060;grille;RIS;acces_impose;itineraire;OK;132133;1380;133513;5093;A5;oui;
2026-09-26T10:32:06;G+100-060;grille;RIS;impose_est;itineraire;OK;132133;1380;133513;5093;A5;oui;
2026-09-26T10:32:06;G+100-060;grille;RIS;impose_ouest;itineraire;OK;147754;1380;149134;5837;A5;oui;
2026-09-26T10:32:06;G+100-040;grille;RIS;acces_impose;itineraire;OK;148674;1380;150054;5955;A5;oui;
2026-09-26T10:32:06;G+100-040;grille;RIS;impose_est;itineraire;OK;148674;1380;150054;5955;A5;oui;
2026-09-26T10:32:07;G+100-040;grille;RIS;impose_ouest;itineraire;OK;164296;1380;165676;6699;A5;oui;
2026-09-26T10:32:07;G+100-020;grille;RIS;acces_impose;itineraire;OK;136844;1380;138224;6326;A5;oui;
2026-09-26T10:32:07;G+100-020;grille;RIS;impose_est;itineraire;OK;136844;1380;138224;6326;A5;oui;
2026-09-26T10:32:07;G+100-020;grille;RIS;impose_ouest;itineraire;OK;152466;1380;153846;7070;A5;oui;
2026-09-26T10:32:07;G+100+000;grille;RIS;acces_impose;itineraire;OK;134235;1380;135615;6613;N4;oui;
2026-09-26T10:32:08;G+100+000;grille;RIS;impose_est;itineraire;OK;134235;1380;135615;6613;N4;oui;
2026-09-26T10:32:08;G+100+000;grille;RIS;impose_ouest;itineraire;OK;149857;1380;151237;7358;N104;oui;
2026-09-26T10:32:08;G+100+020;grille;RIS;acces_impose;itineraire;OK;144978;1380;146358;7051;N104;oui;
2026-09-26T10:32:08;G+100+020;grille;RIS;impose_est;itineraire;OK;144978;1380;146358;7051;N104;oui;
2026-09-26T10:32:08;G+100+020;grille;RIS;impose_ouest;itineraire;OK;160599;1380;161979;7795;N104;oui;
2026-09-26T10:32:10;G+100+040;grille;RIS;acces_impose;itineraire;OK;146148;1380;147528;5876;A4;oui;
2026-09-26T10:32:10;G+100+040;grille;RIS;impose_est;itineraire;OK;146148;1380;147528;5876;A4;oui;
2026-09-26T10:32:10;G+100+040;grille;RIS;impose_ouest;itineraire;OK;161769;1380;163149;6620;A4 et N104;oui;
2026-09-26T10:32:10;G+100+060;grille;RIS;acces_impose;itineraire;OK;182603;1380;183983;7170;A4;oui;
2026-09-26T10:32:10;G+100+060;grille;RIS;impose_est;itineraire;OK;182603;1380;183983;7170;A4;oui;
2026-09-26T10:32:11;G+100+060;grille;RIS;impose_ouest;itineraire;OK;198225;1380;199605;7914;A4 et N104;oui;
2026-09-26T10:32:11;G+100+080;grille;RIS;acces_impose;itineraire;OK;201310;1380;202690;7831;A4;oui;
2026-09-26T10:32:11;G+100+080;grille;RIS;impose_est;itineraire;OK;201310;1380;202690;7831;A4;oui;
2026-09-26T10:32:11;G+100+080;grille;RIS;impose_ouest;itineraire;OK;216932;1380;218312;8576;A4;oui;
2026-09-26T10:32:11;G+100+100;grille;RIS;acces_impose;itineraire;OK;189704;1380;191084;8891;N2;oui;
2026-09-26T10:32:12;G+100+100;grille;RIS;impose_est;itineraire;OK;201113;1380;202493;8898;N2;oui;
2026-09-26T10:32:12;G+100+100;grille;RIS;impose_ouest;itineraire;OK;216734;1380;218114;9642;N2;oui;
2026-09-26T10:32:12;G+100+120;grille;RIS;acces_impose;itineraire;OK;208327;1380;209707;9930;N2;oui;
2026-09-26T10:32:12;G+100+120;grille;RIS;impose_est;itineraire;OK;219736;1380;221116;9937;N2;oui;
2026-09-26T10:32:13;G+100+120;grille;RIS;impose_ouest;itineraire;OK;235357;1380;236737;10682;N2;oui;
2026-09-26T10:32:13;G+100+140;grille;RIS;acces_impose;itineraire;OK;242134;1380;243514;10925;A1;oui;
2026-09-26T10:32:13;G+100+140;grille;RIS;impose_est;itineraire;OK;243245;1380;244625;11239;N2;oui;
2026-09-26T10:32:13;G+100+140;grille;RIS;impose_ouest;itineraire;OK;260896;1380;262276;11773;A1;oui;
2026-09-26T10:32:14;G+100+160;grille;RIS;acces_impose;itineraire;OK;260573;1380;261953;11159;A1;oui;
2026-09-26T10:32:14;G+100+160;grille;RIS;impose_est;itineraire;OK;286614;1380;287994;11806;A1;oui;
2026-09-26T10:32:14;G+100+160;grille;RIS;impose_ouest;itineraire;OK;279335;1380;280715;12007;A1;oui;
2026-09-26T10:32:14;G+100+180;grille;RIS;acces_impose;itineraire;OK;264728;1380;266108;10775;A2 et A1;oui;
2026-09-26T10:32:15;G+100+180;grille;RIS;impose_est;itineraire;OK;290769;1380;292149;11422;A2 et A1;oui;
2026-09-26T10:32:15;G+100+180;grille;RIS;impose_ouest;itineraire;OK;283490;1380;284870;11623;A2 et A1;oui;
2026-09-26T10:32:15;G+100+200;grille;RIS;acces_impose;itineraire;OK;275141;1380;276521;11293;A2 et A1;oui;
2026-09-26T10:32:15;G+100+200;grille;RIS;impose_est;itineraire;OK;301182;1380;302562;11939;A2 et A1;oui;
2026-09-26T10:32:16;G+100+200;grille;RIS;impose_ouest;itineraire;OK;293903;1380;295283;12141;A2 et A1;oui;
2026-09-26T10:32:16;G+100+220;grille;RIS;acces_impose;itineraire;OK;309108;1380;310488;12499;A1;oui;
2026-09-26T10:32:16;G+100+220;grille;RIS;impose_est;itineraire;OK;335149;1380;336529;13145;A1;oui;
2026-09-26T10:32:16;G+100+220;grille;RIS;impose_ouest;itineraire;OK;327870;1380;329250;13346;A1;oui;
2026-09-26T10:32:17;G+100+240;grille;RIS;acces_impose;itineraire;OK;324735;1380;326115;13006;A1;oui;
2026-09-26T10:32:17;G+100+240;grille;RIS;impose_est;itineraire;OK;350776;1380;352156;13653;A1;oui;
2026-09-26T10:32:17;G+100+240;grille;RIS;impose_ouest;itineraire;OK;343497;1380;344877;13854;A1;oui;
2026-09-26T10:32:17;G+100+260;grille;RIS;acces_impose;itineraire;OK;337125;1380;338505;13460;A1;oui;
2026-09-26T10:32:18;G+100+260;grille;RIS;impose_est;itineraire;OK;363166;1380;364546;14106;A1;oui;
2026-09-26T10:32:18;G+100+260;grille;RIS;impose_ouest;itineraire;OK;355887;1380;357267;14307;A1;oui;
2026-09-26T10:32:18;G+100+280;grille;RIS;acces_impose;itineraire;OK;361397;1380;362777;15032;A1;oui;
2026-09-26T10:32:19;G+100+280;grille;RIS;impose_est;itineraire;OK;387438;1380;388818;15678;A1;oui;
2026-09-26T10:32:19;G+100+280;grille;RIS;impose_ouest;itineraire;OK;380159;1380;381539;15880;A1;oui;
2026-09-26T10:32:19;G+120-260;grille;RIS;acces_impose;itineraire;OK;339475;1380;340855;12300;A77;oui;
2026-09-26T10:32:19;G+120-260;grille;RIS;impose_est;itineraire;OK;353391;1380;354771;12951;A77;oui;
2026-09-26T10:32:19;G+120-260;grille;RIS;impose_ouest;itineraire;OK;355098;1380;356478;13043;A77;oui;
2026-09-26T10:32:20;G+120-240;grille;RIS;acces_impose;itineraire;OK;313621;1380;315001;12608;A77;oui;
2026-09-26T10:32:20;G+120-240;grille;RIS;impose_est;itineraire;OK;327538;1380;328918;13259;A77;oui;
2026-09-26T10:32:20;G+120-240;grille;RIS;impose_ouest;itineraire;OK;329244;1380;330624;13351;A77;oui;
2026-09-26T10:32:21;G+120-220;grille;RIS;acces_impose;itineraire;OK;297110;1380;298490;11871;A77;oui;
2026-09-26T10:32:21;G+120-220;grille;RIS;impose_est;itineraire;OK;311026;1380;312406;12522;A77;oui;
2026-09-26T10:32:21;G+120-220;grille;RIS;impose_ouest;itineraire;OK;312733;1380;314113;12614;A77;oui;
2026-09-26T10:32:22;G+120-200;grille;RIS;acces_impose;itineraire;OK;279190;1380;280570;11427;A6;oui;
2026-09-26T10:32:22;G+120-200;grille;RIS;impose_est;itineraire;OK;293106;1380;294486;12078;A6;oui;
2026-09-26T10:32:22;G+120-200;grille;RIS;impose_ouest;itineraire;OK;294813;1380;296193;12171;A6;oui;
2026-09-26T10:32:22;G+120-180;grille;RIS;acces_impose;itineraire;OK;241258;1380;242638;9214;A6;oui;
2026-09-26T10:32:23;G+120-180;grille;RIS;impose_est;itineraire;OK;255174;1380;256554;9865;A6;oui;
2026-09-26T10:32:23;G+120-180;grille;RIS;impose_ouest;itineraire;OK;256881;1380;258261;9958;A6;oui;
2026-09-26T10:32:23;G+120-160;grille;RIS;acces_impose;itineraire;OK;218438;1380;219818;8126;A6;oui;
2026-09-26T10:32:23;G+120-160;grille;RIS;impose_est;itineraire;OK;232355;1380;233735;8778;A6;oui;
2026-09-26T10:32:24;G+120-160;grille;RIS;impose_ouest;itineraire;OK;234062;1380;235442;8870;A6;oui;
2026-09-26T10:32:24;G+120-140;grille;RIS;acces_impose;itineraire;OK;197908;1380;199288;6849;A6;oui;
2026-09-26T10:32:24;G+120-140;grille;RIS;impose_est;itineraire;OK;211825;1380;213205;7500;A6;oui;
2026-09-26T10:32:24;G+120-140;grille;RIS;impose_ouest;itineraire;OK;213532;1380;214912;7592;A6;oui;
2026-09-26T10:32:24;G+120-120;grille;RIS;acces_impose;itineraire;OK;188154;1380;189534;6709;A6;oui;
2026-09-26T10:32:25;G+120-120;grille;RIS;impose_est;itineraire;OK;202071;1380;203451;7360;A6;oui;
2026-09-26T10:32:25;G+120-120;grille;RIS;impose_ouest;itineraire;OK;203778;1380;205158;7452;A6;oui;
2026-09-26T10:32:25;G+120-100;grille;RIS;acces_impose;itineraire;OK;184505;1380;185885;7002;A6;oui;
2026-09-26T10:32:25;G+120-100;grille;RIS;impose_est;itineraire;OK;198422;1380;199802;7654;A6;oui;
2026-09-26T10:32:25;G+120-100;grille;RIS;impose_ouest;itineraire;OK;200129;1380;201509;7746;A6;oui;
2026-09-26T10:32:26;G+120-080;grille;RIS;acces_impose;itineraire;OK;176915;1380;178295;6930;A5;oui;
2026-09-26T10:32:26;G+120-080;grille;RIS;impose_est;itineraire;OK;176915;1380;178295;6930;A5;oui;
2026-09-26T10:32:26;G+120-080;grille;RIS;impose_ouest;itineraire;OK;192536;1380;193916;7675;A5;oui;
2026-09-26T10:32:26;G+120-060;grille;RIS;acces_impose;itineraire;OK;157006;1380;158386;5900;A5;oui;
2026-09-26T10:32:26;G+120-060;grille;RIS;impose_est;itineraire;OK;157006;1380;158386;5900;A5;oui;
2026-09-26T10:32:27;G+120-060;grille;RIS;impose_ouest;itineraire;OK;172627;1380;174007;6644;A5;oui;
2026-09-26T10:32:27;G+120-040;grille;RIS;acces_impose;itineraire;OK;170315;1380;171695;6562;A5;oui;
2026-09-26T10:32:27;G+120-040;grille;RIS;impose_est;itineraire;OK;170315;1380;171695;6562;A5;oui;
2026-09-26T10:32:27;G+120-040;grille;RIS;impose_ouest;itineraire;OK;185936;1380;187316;7307;A5;oui;
2026-09-26T10:32:27;G+120-020;grille;RIS;acces_impose;itineraire;OK;155901;1380;157281;7471;A5;oui;
2026-09-26T10:32:28;G+120-020;grille;RIS;impose_est;itineraire;OK;155901;1380;157281;7471;A5;oui;
2026-09-26T10:32:28;G+120-020;grille;RIS;impose_ouest;itineraire;OK;171522;1380;172902;8216;A5;oui;
2026-09-26T10:32:28;G+120+000;grille;RIS;acces_impose;itineraire;OK;152966;1380;154346;7346;N4;oui;
2026-09-26T10:32:28;G+120+000;grille;RIS;impose_est;itineraire;OK;152966;1380;154346;7346;N4;oui;
2026-09-26T10:32:28;G+120+000;grille;RIS;impose_ouest;itineraire;OK;168588;1380;169968;8091;N4;oui;
2026-09-26T10:32:29;G+120+020;grille;RIS;acces_impose;itineraire;OK;181874;1380;183254;8004;A4;oui;
2026-09-26T10:32:30;G+120+020;grille;RIS;impose_est;itineraire;OK;181874;1380;183254;8004;A4;oui;
2026-09-26T10:32:30;G+120+020;grille;RIS;impose_ouest;itineraire;OK;197496;1380;198876;8748;A4 et N104;oui;
2026-09-26T10:32:30;G+120+040;grille;RIS;acces_impose;itineraire;OK;179007;1380;180387;7359;A4;oui;
2026-09-26T10:32:31;G+120+040;grille;RIS;impose_est;itineraire;OK;179007;1380;180387;7359;A4;oui;
2026-09-26T10:32:31;G+120+040;grille;RIS;impose_ouest;itineraire;OK;194629;1380;196009;8104;A4 et N104;oui;
2026-09-26T10:32:31;G+120+060;grille;RIS;acces_impose;itineraire;OK;175901;1380;177281;6829;A4;oui;
2026-09-26T10:32:31;G+120+060;grille;RIS;impose_est;itineraire;OK;175901;1380;177281;6829;A4;oui;
2026-09-26T10:32:31;G+120+060;grille;RIS;impose_ouest;itineraire;OK;191522;1380;192902;7573;A4 et N104;oui;
2026-09-26T10:32:32;G+120+080;grille;RIS;acces_impose;itineraire;OK;199728;1380;201108;7988;A4;oui;
2026-09-26T10:32:32;G+120+080;grille;RIS;impose_est;itineraire;OK;199728;1380;201108;7988;A4;oui;
2026-09-26T10:32:32;G+120+080;grille;RIS;impose_ouest;itineraire;OK;215349;1380;216729;8733;A4 et N104;oui;
2026-09-26T10:32:32;G+120+100;grille;RIS;acces_impose;itineraire;OK;222477;1380;223857;9320;A4;oui;
2026-09-26T10:32:32;G+120+100;grille;RIS;impose_est;itineraire;OK;222477;1380;223857;9320;A4;oui;
2026-09-26T10:32:33;G+120+100;grille;RIS;impose_ouest;itineraire;OK;238099;1380;239479;10064;A4;oui;
2026-09-26T10:32:33;G+120+120;grille;RIS;acces_impose;itineraire;OK;217934;1380;219314;10467;N2;oui;
2026-09-26T10:32:33;G+120+120;grille;RIS;impose_est;itineraire;OK;243036;1380;244416;10313;A4;oui;
2026-09-26T10:32:33;G+120+120;grille;RIS;impose_ouest;itineraire;OK;258658;1380;260038;11057;A4;oui;
2026-09-26T10:32:34;G+120+140;grille;RIS;acces_impose;itineraire;OK;240431;1380;241811;11979;N2;oui;
2026-09-26T10:32:34;G+120+140;grille;RIS;impose_est;itineraire;OK;251840;1380;253220;11986;N2;oui;
2026-09-26T10:32:35;G+120+140;grille;RIS;impose_ouest;itineraire;OK;267461;1380;268841;12731;N2;oui;
2026-09-26T10:32:35;G+120+160;grille;RIS;acces_impose;itineraire;OK;278045;1380;279425;11485;A1;oui;
2026-09-26T10:32:35;G+120+160;grille;RIS;impose_est;itineraire;OK;304086;1380;305466;12131;A1;oui;
2026-09-26T10:32:35;G+120+160;grille;RIS;impose_ouest;itineraire;OK;296807;1380;298187;12332;A1;oui;
2026-09-26T10:32:35;G+120+180;grille;RIS;acces_impose;itineraire;OK;280850;1380;282230;11360;A2 et A1;oui;
2026-09-26T10:32:36;G+120+180;grille;RIS;impose_est;itineraire;OK;306891;1380;308271;12006;A1;oui;
2026-09-26T10:32:36;G+120+180;grille;RIS;impose_ouest;itineraire;OK;299612;1380;300992;12207;A2 et A1;oui;
2026-09-26T10:32:36;G+120+200;grille;RIS;acces_impose;itineraire;OK;289405;1380;290785;11822;A2 et A1;oui;
2026-09-26T10:32:37;G+120+200;grille;RIS;impose_est;itineraire;OK;315446;1380;316826;12468;A1;oui;
2026-09-26T10:32:37;G+120+200;grille;RIS;impose_ouest;itineraire;OK;308167;1380;309547;12669;A1;oui;
2026-09-26T10:32:37;G+120+220;grille;RIS;acces_impose;itineraire;OK;325181;1380;326561;13049;A1;oui;
2026-09-26T10:32:37;G+120+220;grille;RIS;impose_est;itineraire;OK;351222;1380;352602;13695;A1;oui;
2026-09-26T10:32:38;G+120+220;grille;RIS;impose_ouest;itineraire;OK;343943;1380;345323;13897;A1;oui;
2026-09-26T10:32:38;G+120+240;grille;RIS;acces_impose;itineraire;OK;343519;1380;344899;13620;A1;oui;
2026-09-26T10:32:38;G+120+240;grille;RIS;impose_est;itineraire;OK;369560;1380;370940;14267;A1;oui;
2026-09-26T10:32:38;G+120+240;grille;RIS;impose_ouest;itineraire;OK;362280;1380;363660;14468;A1;oui;
2026-09-26T10:32:39;G+120+260;grille;RIS;acces_impose;itineraire;OK;346526;1380;347906;13873;A1;oui;
2026-09-26T10:32:39;G+120+260;grille;RIS;impose_est;itineraire;OK;372567;1380;373947;14519;A1;oui;
2026-09-26T10:32:39;G+120+260;grille;RIS;impose_ouest;itineraire;OK;365288;1380;366668;14720;A1;oui;
2026-09-26T10:32:40;G+140-260;grille;RIS;acces_impose;itineraire;OK;360118;1380;361498;13034;A77;oui;
2026-09-26T10:32:40;G+140-260;grille;RIS;impose_est;itineraire;OK;374034;1380;375414;13685;A77;oui;
2026-09-26T10:32:40;G+140-260;grille;RIS;impose_ouest;itineraire;OK;375741;1380;377121;13777;A77;oui;
2026-09-26T10:32:40;G+140-240;grille;RIS;acces_impose;itineraire;OK;366907;1380;368287;12562;A6;oui;
2026-09-26T10:32:41;G+140-240;grille;RIS;impose_est;itineraire;OK;380824;1380;382204;13213;A6;oui;
2026-09-26T10:32:41;G+140-240;grille;RIS;impose_ouest;itineraire;OK;382531;1380;383911;13305;A6;oui;
2026-09-26T10:32:41;G+140-220;grille;RIS;acces_impose;itineraire;OK;290833;1380;292213;11891;A6;oui;
2026-09-26T10:32:41;G+140-220;grille;RIS;impose_est;itineraire;OK;304750;1380;306130;12542;A6;oui;
2026-09-26T10:32:42;G+140-220;grille;RIS;impose_ouest;itineraire;OK;306457;1380;307837;12635;A6;oui;
2026-09-26T10:32:42;G+140-200;grille;RIS;acces_impose;itineraire;OK;263837;1380;265217;10068;A6;oui;
2026-09-26T10:32:42;G+140-200;grille;RIS;impose_est;itineraire;OK;277754;1380;279134;10719;A6;oui;
2026-09-26T10:32:42;G+140-200;grille;RIS;impose_ouest;itineraire;OK;279461;1380;280841;10811;A6;oui;
2026-09-26T10:32:43;G+140-180;grille;RIS;acces_impose;itineraire;OK;242708;1380;244088;9090;A6;oui;
2026-09-26T10:32:43;G+140-180;grille;RIS;impose_est;itineraire;OK;256624;1380;258004;9741;A6;oui;
2026-09-26T10:32:43;G+140-180;grille;RIS;impose_ouest;itineraire;OK;258331;1380;259711;9833;A6;oui;
2026-09-26T10:32:43;G+140-160;grille;RIS;acces_impose;itineraire;OK;229179;1380;230559;8026;A6;oui;
2026-09-26T10:32:43;G+140-160;grille;RIS;impose_est;itineraire;OK;243095;1380;244475;8677;A6;oui;
2026-09-26T10:32:44;G+140-160;grille;RIS;impose_ouest;itineraire;OK;244802;1380;246182;8770;A6;oui;
2026-09-26T10:32:44;G+140-140;grille;RIS;acces_impose;itineraire;OK;227053;1380;228433;7675;A6;oui;
2026-09-26T10:32:44;G+140-140;grille;RIS;impose_est;itineraire;OK;240970;1380;242350;8326;A6;oui;
2026-09-26T10:32:44;G+140-140;grille;RIS;impose_ouest;itineraire;OK;242677;1380;244057;8418;A6;oui;
2026-09-26T10:32:45;G+140-120;grille;RIS;acces_impose;itineraire;OK;214735;1380;216115;8552;A6;oui;
2026-09-26T10:32:45;G+140-120;grille;RIS;impose_est;itineraire;OK;228652;1380;230032;9203;A6;oui;
2026-09-26T10:32:45;G+140-120;grille;RIS;impose_ouest;itineraire;OK;230358;1380;231738;9295;A6;oui;
2026-09-26T10:32:45;G+140-100;grille;RIS;acces_impose;itineraire;OK;209830;1380;211210;8232;D965 et A6;oui;
2026-09-26T10:32:45;G+140-100;grille;RIS;impose_est;itineraire;OK;207103;1380;208483;8562;A5;oui;
2026-09-26T10:32:46;G+140-100;grille;RIS;impose_ouest;itineraire;OK;225453;1380;226833;8975;A6;oui;
2026-09-26T10:32:46;G+140-080;grille;RIS;acces_impose;itineraire;OK;184213;1380;185593;6993;A5;oui;
2026-09-26T10:32:46;G+140-080;grille;RIS;impose_est;itineraire;OK;184213;1380;185593;6993;A5;oui;
2026-09-26T10:32:46;G+140-080;grille;RIS;impose_ouest;itineraire;OK;199835;1380;201215;7737;A5;oui;
2026-09-26T10:32:46;G+140-060;grille;RIS;acces_impose;itineraire;OK;183240;1380;184620;6586;A5;oui;
2026-09-26T10:32:47;G+140-060;grille;RIS;impose_est;itineraire;OK;183240;1380;184620;6586;A5;oui;
2026-09-26T10:32:47;G+140-060;grille;RIS;impose_ouest;itineraire;OK;198862;1380;200242;7330;A5;oui;
2026-09-26T10:32:47;G+140-040;grille;RIS;acces_impose;itineraire;OK;180569;1380;181949;6992;A5;oui;
2026-09-26T10:32:47;G+140-040;grille;RIS;impose_est;itineraire;OK;180569;1380;181949;6992;A5;oui;
2026-09-26T10:32:47;G+140-040;grille;RIS;impose_ouest;itineraire;OK;196190;1380;197570;7736;A5;oui;
2026-09-26T10:32:48;G+140-020;grille;RIS;acces_impose;itineraire;OK;211381;1380;212761;7502;A5;oui;
2026-09-26T10:32:48;G+140-020;grille;RIS;impose_est;itineraire;OK;211381;1380;212761;7502;A5;oui;
2026-09-26T10:32:48;G+140-020;grille;RIS;impose_ouest;itineraire;OK;227003;1380;228383;8246;A5;oui;
2026-09-26T10:32:48;G+140+000;grille;RIS;acces_impose;itineraire;OK;232803;1380;234183;8247;A5;oui;
2026-09-26T10:32:48;G+140+000;grille;RIS;impose_est;itineraire;OK;232803;1380;234183;8247;A5;oui;
2026-09-26T10:32:48;G+140+000;grille;RIS;impose_ouest;itineraire;OK;248424;1380;249804;8991;A5;oui;
2026-09-26T10:32:49;G+140+020;grille;RIS;acces_impose;itineraire;OK;211024;1380;212404;7924;A4;oui;
2026-09-26T10:32:49;G+140+020;grille;RIS;impose_est;itineraire;OK;211024;1380;212404;7924;A4;oui;
2026-09-26T10:32:49;G+140+020;grille;RIS;impose_ouest;itineraire;OK;226645;1380;228025;8669;A4;oui;
2026-09-26T10:32:49;G+140+040;grille;RIS;acces_impose;itineraire;OK;194276;1380;195656;7528;A4;oui;
2026-09-26T10:32:50;G+140+040;grille;RIS;impose_est;itineraire;OK;194276;1380;195656;7528;A4;oui;
2026-09-26T10:32:50;G+140+040;grille;RIS;impose_ouest;itineraire;OK;209897;1380;211277;8272;A4 et N104;oui;
2026-09-26T10:32:50;G+140+060;grille;RIS;acces_impose;itineraire;OK;199695;1380;201075;7999;A4;oui;
2026-09-26T10:32:50;G+140+060;grille;RIS;impose_est;itineraire;OK;199695;1380;201075;7999;A4;oui;
2026-09-26T10:32:50;G+140+060;grille;RIS;impose_ouest;itineraire;OK;215316;1380;216696;8743;A4 et N104;oui;
2026-09-26T10:32:51;G+140+080;grille;RIS;acces_impose;itineraire;OK;214975;1380;216355;8231;A4;oui;
2026-09-26T10:32:51;G+140+080;grille;RIS;impose_est;itineraire;OK;214975;1380;216355;8231;A4;oui;
2026-09-26T10:32:51;G+140+080;grille;RIS;impose_ouest;itineraire;OK;230597;1380;231977;8975;A4;oui;
2026-09-26T10:32:51;G+140+100;grille;RIS;acces_impose;itineraire;OK;236928;1380;238308;9438;A4;oui;
2026-09-26T10:32:51;G+140+100;grille;RIS;impose_est;itineraire;OK;236928;1380;238308;9438;A4;oui;
2026-09-26T10:32:52;G+140+100;grille;RIS;impose_ouest;itineraire;OK;252549;1380;253929;10182;A4;oui;
2026-09-26T10:32:52;G+140+120;grille;RIS;acces_impose;itineraire;OK;283387;1380;284767;10634;A34 et A4;oui;
2026-09-26T10:32:52;G+140+120;grille;RIS;impose_est;itineraire;OK;283387;1380;284767;10634;A34 et A4;oui;
2026-09-26T10:32:52;G+140+120;grille;RIS;impose_ouest;itineraire;OK;299008;1380;300388;11378;A34 et A4;oui;
2026-09-26T10:32:53;G+140+140;grille;RIS;acces_impose;itineraire;OK;313609;1380;314989;11944;A4;oui;
2026-09-26T10:32:53;G+140+140;grille;RIS;impose_est;itineraire;OK;313609;1380;314989;11944;A4;oui;
2026-09-26T10:32:53;G+140+140;grille;RIS;impose_ouest;itineraire;OK;329230;1380;330610;12688;A4;oui;
2026-09-26T10:32:53;G+140+160;grille;RIS;acces_impose;itineraire;OK;328060;1380;329440;12381;A4;oui;
2026-09-26T10:32:54;G+140+160;grille;RIS;impose_est;itineraire;OK;328060;1380;329440;12381;A4;oui;
2026-09-26T10:32:54;G+140+160;grille;RIS;impose_ouest;itineraire;OK;343681;1380;345061;13125;A4;oui;
2026-09-26T10:32:54;G+140+180;grille;RIS;acces_impose;itineraire;OK;307964;1380;309344;12076;A1;oui;
2026-09-26T10:32:54;G+140+180;grille;RIS;impose_est;itineraire;OK;334005;1380;335385;12722;A1;oui;
2026-09-26T10:32:55;G+140+180;grille;RIS;impose_ouest;itineraire;OK;326726;1380;328106;12924;A1;oui;
2026-09-26T10:32:55;G+140+200;grille;RIS;acces_impose;itineraire;OK;304386;1380;305766;11979;A2 et A1;oui;
2026-09-26T10:32:55;G+140+200;grille;RIS;impose_est;itineraire;OK;330427;1380;331807;12626;A1;oui;
2026-09-26T10:32:56;G+140+200;grille;RIS;impose_ouest;itineraire;OK;323148;1380;324528;12827;A1;oui;
2026-09-26T10:32:56;G+140+220;grille;RIS;acces_impose;itineraire;OK;326834;1380;328214;12845;A1;oui;
2026-09-26T10:32:56;G+140+220;grille;RIS;impose_est;itineraire;OK;352875;1380;354255;13491;A1;oui;
2026-09-26T10:32:57;G+140+220;grille;RIS;impose_ouest;itineraire;OK;345596;1380;346976;13692;A1;oui;
2026-09-26T10:32:57;G+140+240;grille;RIS;acces_impose;itineraire;OK;350777;1380;352157;13759;E19 et A1;oui;
2026-09-26T10:32:57;G+140+240;grille;RIS;impose_est;itineraire;OK;376818;1380;378198;14405;A1;oui;
2026-09-26T10:32:57;G+140+240;grille;RIS;impose_ouest;itineraire;OK;369539;1380;370919;14606;A1;oui;
2026-09-26T10:32:58;G+140+260;grille;RIS;acces_impose;itineraire;OK;378729;1380;380109;15187;E17 et A1;oui;
2026-09-26T10:32:58;G+140+260;grille;RIS;impose_est;itineraire;OK;404770;1380;406150;15833;A1;oui;
2026-09-26T10:32:58;G+140+260;grille;RIS;impose_ouest;itineraire;OK;397491;1380;398871;16035;E17 et A1;oui;
2026-09-26T10:32:58;G+160-240;grille;RIS;acces_impose;itineraire;OK;349357;1380;350737;12188;A6;oui;
2026-09-26T10:32:59;G+160-240;grille;RIS;impose_est;itineraire;OK;363274;1380;364654;12839;A6;oui;
2026-09-26T10:32:59;G+160-240;grille;RIS;impose_ouest;itineraire;OK;364980;1380;366360;12931;A6;oui;
2026-09-26T10:32:59;G+160-220;grille;RIS;acces_impose;itineraire;OK;324371;1380;325751;11757;A6;oui;
2026-09-26T10:32:59;G+160-220;grille;RIS;impose_est;itineraire;OK;338288;1380;339668;12408;A6;oui;
2026-09-26T10:33:00;G+160-220;grille;RIS;impose_ouest;itineraire;OK;339994;1380;341374;12500;A6;oui;
2026-09-26T10:33:00;G+160-200;grille;RIS;acces_impose;itineraire;OK;289091;1380;290471;10369;A6;oui;
2026-09-26T10:33:00;G+160-200;grille;RIS;impose_est;itineraire;OK;303007;1380;304387;11020;A6;oui;
2026-09-26T10:33:00;G+160-200;grille;RIS;impose_ouest;itineraire;OK;304714;1380;306094;11112;A6;oui;
2026-09-26T10:33:01;G+160-180;grille;RIS;acces_impose;itineraire;OK;259690;1380;261070;8867;A6;oui;
2026-09-26T10:33:01;G+160-180;grille;RIS;impose_est;itineraire;OK;273607;1380;274987;9518;A6;oui;
2026-09-26T10:33:01;G+160-180;grille;RIS;impose_ouest;itineraire;OK;275314;1380;276694;9610;A6;oui;
2026-09-26T10:33:01;G+160-160;grille;RIS;acces_impose;itineraire;OK;245940;1380;247320;8673;A6;oui;
2026-09-26T10:33:02;G+160-160;grille;RIS;impose_est;itineraire;OK;259857;1380;261237;9324;A6;oui;
2026-09-26T10:33:02;G+160-160;grille;RIS;impose_ouest;itineraire;OK;261564;1380;262944;9416;A6;oui;
2026-09-26T10:33:02;G+160-140;grille;RIS;acces_impose;itineraire;OK;251391;1380;252771;9175;A6;oui;
2026-09-26T10:33:02;G+160-140;grille;RIS;impose_est;itineraire;OK;265308;1380;266688;9826;A6;oui;
2026-09-26T10:33:02;G+160-140;grille;RIS;impose_ouest;itineraire;OK;267015;1380;268395;9918;A6;oui;
2026-09-26T10:33:03;G+160-120;grille;RIS;acces_impose;itineraire;OK;235662;1380;237042;9467;A6;oui;
2026-09-26T10:33:03;G+160-120;grille;RIS;impose_est;itineraire;OK;237266;1380;238646;9753;A5;oui;
2026-09-26T10:33:03;G+160-120;grille;RIS;impose_ouest;itineraire;OK;251286;1380;252666;10211;A6;oui;
2026-09-26T10:33:03;G+160-100;grille;RIS;acces_impose;itineraire;OK;216821;1380;218201;8609;A5;oui;
2026-09-26T10:33:04;G+160-100;grille;RIS;impose_est;itineraire;OK;216821;1380;218201;8609;A5;oui;
2026-09-26T10:33:04;G+160-100;grille;RIS;impose_ouest;itineraire;OK;232443;1380;233823;9353;A5;oui;
2026-09-26T10:33:04;G+160-080;grille;RIS;acces_impose;itineraire;OK;207979;1380;209359;7743;A5;oui;
2026-09-26T10:33:04;G+160-080;grille;RIS;impose_est;itineraire;OK;207979;1380;209359;7743;A5;oui;
2026-09-26T10:33:04;G+160-080;grille;RIS;impose_ouest;itineraire;OK;223600;1380;224980;8487;A5;oui;
2026-09-26T10:33:04;G+160-060;grille;RIS;acces_impose;itineraire;OK;203029;1380;204409;7471;A5;oui;
2026-09-26T10:33:05;G+160-060;grille;RIS;impose_est;itineraire;OK;203029;1380;204409;7471;A5;oui;
2026-09-26T10:33:05;G+160-060;grille;RIS;impose_ouest;itineraire;OK;218650;1380;220030;8215;A5;oui;
2026-09-26T10:33:07;G+160-040;grille;RIS;acces_impose;itineraire;OK;202772;1380;204152;8085;A5;oui;
2026-09-26T10:33:07;G+160-040;grille;RIS;impose_est;itineraire;OK;202772;1380;204152;8085;A5;oui;
2026-09-26T10:33:07;G+160-040;grille;RIS;impose_ouest;itineraire;OK;218393;1380;219773;8830;A5;oui;
2026-09-26T10:33:07;G+160-020;grille;RIS;acces_impose;itineraire;OK;213053;1380;214433;8734;A5;oui;
2026-09-26T10:33:07;G+160-020;grille;RIS;impose_est;itineraire;OK;213053;1380;214433;8734;A5;oui;
2026-09-26T10:33:08;G+160-020;grille;RIS;impose_ouest;itineraire;OK;228675;1380;230055;9479;A5;oui;
2026-09-26T10:33:08;G+160+000;grille;RIS;acces_impose;itineraire;OK;242779;1380;244159;9551;A4;oui;
2026-09-26T10:33:08;G+160+000;grille;RIS;impose_est;itineraire;OK;242779;1380;244159;9551;A4;oui;
2026-09-26T10:33:08;G+160+000;grille;RIS;impose_ouest;itineraire;OK;258400;1380;259780;10295;A4;oui;
2026-09-26T10:33:08;G+160+020;grille;RIS;acces_impose;itineraire;OK;229630;1380;231010;8931;A4;oui;
2026-09-26T10:33:09;G+160+020;grille;RIS;impose_est;itineraire;OK;229630;1380;231010;8931;A4;oui;
2026-09-26T10:33:09;G+160+020;grille;RIS;impose_ouest;itineraire;OK;245251;1380;246631;9675;A4;oui;
2026-09-26T10:33:09;G+160+040;grille;RIS;acces_impose;itineraire;OK;215734;1380;217114;8733;A4;oui;
2026-09-26T10:33:09;G+160+040;grille;RIS;impose_est;itineraire;OK;215734;1380;217114;8733;A4;oui;
2026-09-26T10:33:09;G+160+040;grille;RIS;impose_ouest;itineraire;OK;231355;1380;232735;9477;A4;oui;
2026-09-26T10:33:10;G+160+060;grille;RIS;acces_impose;itineraire;OK;221131;1380;222511;9071;A4;oui;
2026-09-26T10:33:10;G+160+060;grille;RIS;impose_est;itineraire;OK;221131;1380;222511;9071;A4;oui;
2026-09-26T10:33:10;G+160+060;grille;RIS;impose_ouest;itineraire;OK;236753;1380;238133;9815;A4;oui;
2026-09-26T10:33:10;G+160+080;grille;RIS;acces_impose;itineraire;OK;230480;1380;231860;9250;A4;oui;
2026-09-26T10:33:11;G+160+080;grille;RIS;impose_est;itineraire;OK;230480;1380;231860;9250;A4;oui;
2026-09-26T10:33:11;G+160+080;grille;RIS;impose_ouest;itineraire;OK;246102;1380;247482;9994;A4;oui;
2026-09-26T10:33:11;G+160+100;grille;RIS;acces_impose;itineraire;OK;241179;1380;242559;9401;A4;oui;
2026-09-26T10:33:11;G+160+100;grille;RIS;impose_est;itineraire;OK;241179;1380;242559;9401;A4;oui;
2026-09-26T10:33:12;G+160+100;grille;RIS;impose_ouest;itineraire;OK;256801;1380;258181;10146;A4;oui;
2026-09-26T10:33:12;G+160+120;grille;RIS;acces_impose;itineraire;OK;272839;1380;274219;10595;A34 et A4;oui;
2026-09-26T10:33:12;G+160+120;grille;RIS;impose_est;itineraire;OK;272839;1380;274219;10595;A34 et A4;oui;
2026-09-26T10:33:12;G+160+120;grille;RIS;impose_ouest;itineraire;OK;288460;1380;289840;11340;A34 et A4;oui;
2026-09-26T10:33:13;G+160+140;grille;RIS;acces_impose;itineraire;OK;304571;1380;305951;11662;A4;oui;
2026-09-26T10:33:13;G+160+140;grille;RIS;impose_est;itineraire;OK;304571;1380;305951;11662;A4;oui;
2026-09-26T10:33:13;G+160+140;grille;RIS;impose_ouest;itineraire;OK;320192;1380;321572;12406;A4;oui;
2026-09-26T10:33:13;G+160+160;grille;RIS;acces_impose;itineraire;OK;318898;1380;320278;11809;A4;oui;
2026-09-26T10:33:13;G+160+160;grille;RIS;impose_est;itineraire;OK;318898;1380;320278;11809;A4;oui;
2026-09-26T10:33:14;G+160+160;grille;RIS;impose_ouest;itineraire;OK;334519;1380;335899;12553;A4;oui;
2026-09-26T10:33:14;G+160+180;grille;RIS;acces_impose;itineraire;OK;334288;1380;335668;13295;A1;oui;
2026-09-26T10:33:14;G+160+180;grille;RIS;impose_est;itineraire;OK;347071;1380;348451;13569;A4;oui;
2026-09-26T10:33:15;G+160+180;grille;RIS;impose_ouest;itineraire;OK;353050;1380;354430;14142;A1;oui;
2026-09-26T10:33:15;G+160+200;grille;RIS;acces_impose;itineraire;OK;331216;1380;332596;13360;A1;oui;
2026-09-26T10:33:15;G+160+200;grille;RIS;impose_est;itineraire;OK;357257;1380;358637;14006;A1;oui;
2026-09-26T10:33:15;G+160+200;grille;RIS;impose_ouest;itineraire;OK;349978;1380;351358;14208;A1;oui;
2026-09-26T10:33:15;G+160+220;grille;RIS;acces_impose;itineraire;OK;342194;1380;343574;14037;A1;oui;
2026-09-26T10:33:16;G+160+220;grille;RIS;impose_est;itineraire;OK;368235;1380;369615;14684;A1;oui;
2026-09-26T10:33:16;G+160+220;grille;RIS;impose_ouest;itineraire;OK;360956;1380;362336;14885;A1;oui;
2026-09-26T10:33:16;G+160+240;grille;RIS;acces_impose;itineraire;OK;360699;1380;362079;14591;A1;oui;
2026-09-26T10:33:16;G+160+240;grille;RIS;impose_est;itineraire;OK;386740;1380;388120;15238;A1;oui;
2026-09-26T10:33:17;G+160+240;grille;RIS;impose_ouest;itineraire;OK;379461;1380;380841;15439;A1;oui;
2026-09-26T10:33:17;G+180-240;grille;RIS;acces_impose;itineraire;OK;343430;1380;344810;11394;A6;oui;
2026-09-26T10:33:17;G+180-240;grille;RIS;impose_est;itineraire;OK;357346;1380;358726;12045;A6;oui;
2026-09-26T10:33:17;G+180-240;grille;RIS;impose_ouest;itineraire;OK;359053;1380;360433;12137;A6;oui;
2026-09-26T10:33:18;G+180-220;grille;RIS;acces_impose;itineraire;OK;312927;1380;314307;10552;A6;oui;
2026-09-26T10:33:18;G+180-220;grille;RIS;impose_est;itineraire;OK;326843;1380;328223;11203;A6;oui;
2026-09-26T10:33:18;G+180-220;grille;RIS;impose_ouest;itineraire;OK;328550;1380;329930;11295;A6;oui;
2026-09-26T10:33:18;G+180-200;grille;RIS;acces_impose;itineraire;OK;293085;1380;294465;9852;A6;oui;
2026-09-26T10:33:19;G+180-200;grille;RIS;impose_est;itineraire;OK;307002;1380;308382;10503;A6;oui;
2026-09-26T10:33:19;G+180-200;grille;RIS;impose_ouest;itineraire;OK;308708;1380;310088;10595;A6;oui;
2026-09-26T10:33:19;G+180-180;grille;RIS;acces_impose;itineraire;OK;279919;1380;281299;10284;A6;oui;
2026-09-26T10:33:19;G+180-180;grille;RIS;impose_est;itineraire;OK;293835;1380;295215;10935;A6;oui;
2026-09-26T10:33:20;G+180-180;grille;RIS;impose_ouest;itineraire;OK;295542;1380;296922;11027;A6;oui;
2026-09-26T10:33:20;G+180-160;grille;RIS;acces_impose;itineraire;OK;275450;1380;276830;9238;A6;oui;
2026-09-26T10:33:20;G+180-160;grille;RIS;impose_est;itineraire;OK;289366;1380;290746;9890;A6;oui;
2026-09-26T10:33:21;G+180-160;grille;RIS;impose_ouest;itineraire;OK;291073;1380;292453;9982;A6;oui;
2026-09-26T10:33:21;G+180-140;grille;RIS;acces_impose;itineraire;OK;279210;1380;280590;10716;A6;oui;
2026-09-26T10:33:21;G+180-140;grille;RIS;impose_est;itineraire;OK;291606;1380;292986;11285;A5;oui;
2026-09-26T10:33:21;G+180-140;grille;RIS;impose_ouest;itineraire;OK;294834;1380;296214;11460;A6;oui;
2026-09-26T10:33:21;G+180-120;grille;RIS;acces_impose;itineraire;OK;265963;1380;267343;10010;A5;oui;
2026-09-26T10:33:22;G+180-120;grille;RIS;impose_est;itineraire;OK;265963;1380;267343;10010;A5;oui;
2026-09-26T10:33:22;G+180-120;grille;RIS;impose_ouest;itineraire;OK;281585;1380;282965;10755;A5;oui;
2026-09-26T10:33:22;G+180-100;grille;RIS;acces_impose;itineraire;OK;246966;1380;248346;9093;A5;oui;
2026-09-26T10:33:22;G+180-100;grille;RIS;impose_est;itineraire;OK;246966;1380;248346;9093;A5;oui;
2026-09-26T10:33:22;G+180-100;grille;RIS;impose_ouest;itineraire;OK;262588;1380;263968;9837;A5;oui;
2026-09-26T10:33:22;G+180-080;grille;RIS;acces_impose;itineraire;OK;222124;1380;223504;7948;A5;oui;
2026-09-26T10:33:23;G+180-080;grille;RIS;impose_est;itineraire;OK;222124;1380;223504;7948;A5;oui;
2026-09-26T10:33:23;G+180-080;grille;RIS;impose_ouest;itineraire;OK;237745;1380;239125;8692;A5;oui;
2026-09-26T10:33:23;G+180-060;grille;RIS;acces_impose;itineraire;OK;233834;1380;235214;8505;A5;oui;
2026-09-26T10:33:23;G+180-060;grille;RIS;impose_est;itineraire;OK;233834;1380;235214;8505;A5;oui;
2026-09-26T10:33:23;G+180-060;grille;RIS;impose_ouest;itineraire;OK;249455;1380;250835;9249;A5;oui;
2026-09-26T10:33:24;G+180-040;grille;RIS;acces_impose;itineraire;OK;237171;1380;238551;9480;A5;oui;
2026-09-26T10:33:24;G+180-040;grille;RIS;impose_est;itineraire;OK;237171;1380;238551;9480;A5;oui;
2026-09-26T10:33:24;G+180-040;grille;RIS;impose_ouest;itineraire;OK;252792;1380;254172;10225;A5;oui;
2026-09-26T10:33:24;G+180-020;grille;RIS;acces_impose;itineraire;OK;233308;1380;234688;9815;A5;oui;
2026-09-26T10:33:24;G+180-020;grille;RIS;impose_est;itineraire;OK;233308;1380;234688;9815;A5;oui;
2026-09-26T10:33:25;G+180-020;grille;RIS;impose_ouest;itineraire;OK;248929;1380;250309;10560;A5;oui;
2026-09-26T10:33:25;G+180+000;grille;RIS;acces_impose;itineraire;OK;270691;1380;272071;10475;A5;oui;
2026-09-26T10:33:25;G+180+000;grille;RIS;impose_est;itineraire;OK;270691;1380;272071;10475;A5;oui;
2026-09-26T10:33:25;G+180+000;grille;RIS;impose_ouest;itineraire;OK;286312;1380;287692;11219;A5;oui;
2026-09-26T10:33:25;G+180+020;grille;RIS;acces_impose;itineraire;OK;256059;1380;257439;9473;A4;oui;
2026-09-26T10:33:26;G+180+020;grille;RIS;impose_est;itineraire;OK;256059;1380;257439;9473;A4;oui;
2026-09-26T10:33:26;G+180+020;grille;RIS;impose_ouest;itineraire;OK;271680;1380;273060;10217;A4;oui;
2026-09-26T10:33:26;G+180+040;grille;RIS;acces_impose;itineraire;OK;252347;1380;253727;9457;A4;oui;
2026-09-26T10:33:27;G+180+040;grille;RIS;impose_est;itineraire;OK;252347;1380;253727;9457;A4;oui;
2026-09-26T10:33:27;G+180+040;grille;RIS;impose_ouest;itineraire;OK;267968;1380;269348;10202;A4;oui;
2026-09-26T10:33:27;G+180+060;grille;RIS;acces_impose;itineraire;OK;246378;1380;247758;10192;A4;oui;
2026-09-26T10:33:27;G+180+060;grille;RIS;impose_est;itineraire;OK;246378;1380;247758;10192;A4;oui;
2026-09-26T10:33:27;G+180+060;grille;RIS;impose_ouest;itineraire;OK;262000;1380;263380;10936;A4;oui;
2026-09-26T10:33:28;G+180+080;grille;RIS;acces_impose;itineraire;OK;266506;1380;267886;10287;A4;oui;
2026-09-26T10:33:28;G+180+080;grille;RIS;impose_est;itineraire;OK;266506;1380;267886;10287;A4;oui;
2026-09-26T10:33:28;G+180+080;grille;RIS;impose_ouest;itineraire;OK;282128;1380;283508;11031;A4;oui;
2026-09-26T10:33:28;G+180+100;grille;RIS;acces_impose;itineraire;OK;266470;1380;267850;9922;A34 et A4;oui;
2026-09-26T10:33:28;G+180+100;grille;RIS;impose_est;itineraire;OK;266470;1380;267850;9922;A34 et A4;oui;
2026-09-26T10:33:29;G+180+100;grille;RIS;impose_ouest;itineraire;OK;282092;1380;283472;10666;A34 et A4;oui;
2026-09-26T10:33:29;G+180+120;grille;RIS;acces_impose;itineraire;OK;281036;1380;282416;11156;A34 et A4;oui;
2026-09-26T10:33:29;G+180+120;grille;RIS;impose_est;itineraire;OK;281036;1380;282416;11156;A34 et A4;oui;
2026-09-26T10:33:29;G+180+120;grille;RIS;impose_ouest;itineraire;OK;296657;1380;298037;11900;A34 et A4;oui;
2026-09-26T10:33:29;G+180+140;grille;RIS;acces_impose;itineraire;OK;310157;1380;311537;13193;A34 et A4;oui;
2026-09-26T10:33:30;G+180+140;grille;RIS;impose_est;itineraire;OK;310157;1380;311537;13193;A34 et A4;oui;
2026-09-26T10:33:30;G+180+140;grille;RIS;impose_ouest;itineraire;OK;325779;1380;327159;13937;A4;oui;
2026-09-26T10:33:30;G+180+160;grille;RIS;acces_impose;itineraire;OK;334062;1380;335442;13351;A4;oui;
2026-09-26T10:33:30;G+180+160;grille;RIS;impose_est;itineraire;OK;334062;1380;335442;13351;A4;oui;
2026-09-26T10:33:31;G+180+160;grille;RIS;impose_ouest;itineraire;OK;349684;1380;351064;14096;A4;oui;
2026-09-26T10:33:31;G+180+180;grille;RIS;acces_impose;itineraire;OK;354013;1380;355393;13639;A4;oui;
2026-09-26T10:33:31;G+180+180;grille;RIS;impose_est;itineraire;OK;354013;1380;355393;13639;A4;oui;
2026-09-26T10:33:31;G+180+180;grille;RIS;impose_ouest;itineraire;OK;369634;1380;371014;14383;A4;oui;
2026-09-26T10:33:32;G+180+200;grille;RIS;acces_impose;itineraire;OK;352596;1380;353976;13756;A1;oui;
2026-09-26T10:33:32;G+180+200;grille;RIS;impose_est;itineraire;OK;378637;1380;380017;14402;A1;oui;
2026-09-26T10:33:32;G+180+200;grille;RIS;impose_ouest;itineraire;OK;371358;1380;372738;14603;A1;oui;
2026-09-26T10:33:33;G+180+220;grille;RIS;acces_impose;itineraire;OK;361524;1380;362904;14735;A1;oui;
2026-09-26T10:33:33;G+180+220;grille;RIS;impose_est;itineraire;OK;387565;1380;388945;15381;A1;oui;
2026-09-26T10:33:33;G+180+220;grille;RIS;impose_ouest;itineraire;OK;380285;1380;381665;15582;A1;oui;
2026-09-26T10:33:33;G+180+240;grille;RIS;acces_impose;itineraire;OK;375772;1380;377152;14692;A1;oui;
2026-09-26T10:33:33;G+180+240;grille;RIS;impose_est;itineraire;OK;401813;1380;403193;15338;A1;oui;
2026-09-26T10:33:34;G+180+240;grille;RIS;impose_ouest;itineraire;OK;394534;1380;395914;15539;A1;oui;
2026-09-26T10:33:34;G+200-220;grille;RIS;acces_impose;itineraire;OK;326056;1380;327436;11788;A6;oui;
2026-09-26T10:33:34;G+200-220;grille;RIS;impose_est;itineraire;OK;339973;1380;341353;12439;A6;oui;
2026-09-26T10:33:34;G+200-220;grille;RIS;impose_ouest;itineraire;OK;341680;1380;343060;12532;A6;oui;
2026-09-26T10:33:35;G+200-200;grille;RIS;acces_impose;itineraire;OK;315867;1380;317247;10602;A6;oui;
2026-09-26T10:33:35;G+200-200;grille;RIS;impose_est;itineraire;OK;329783;1380;331163;11253;A6;oui;
2026-09-26T10:33:35;G+200-200;grille;RIS;impose_ouest;itineraire;OK;331490;1380;332870;11346;A6;oui;
2026-09-26T10:33:36;G+200-180;grille;RIS;acces_impose;itineraire;OK;315651;1380;317031;10777;A6;oui;
2026-09-26T10:33:36;G+200-180;grille;RIS;impose_est;itineraire;OK;329567;1380;330947;11428;A6;oui;
2026-09-26T10:33:36;G+200-180;grille;RIS;impose_ouest;itineraire;OK;331274;1380;332654;11521;A6;oui;
2026-09-26T10:33:36;G+200-160;grille;RIS;acces_impose;itineraire;OK;301240;1380;302620;10694;A6;oui;
2026-09-26T10:33:36;G+200-160;grille;RIS;impose_est;itineraire;OK;323937;1380;325317;10920;A5;oui;
2026-09-26T10:33:37;G+200-160;grille;RIS;impose_ouest;itineraire;OK;316864;1380;318244;11438;A6;oui;
2026-09-26T10:33:37;G+200-140;grille;RIS;acces_impose;itineraire;OK;303916;1380;305296;10387;A5;oui;
2026-09-26T10:33:37;G+200-140;grille;RIS;impose_est;itineraire;OK;303916;1380;305296;10387;A5;oui;
2026-09-26T10:33:37;G+200-140;grille;RIS;impose_ouest;itineraire;OK;319538;1380;320918;11132;A5;oui;
2026-09-26T10:33:38;G+200-120;grille;RIS;acces_impose;itineraire;OK;281972;1380;283352;9750;A5;oui;
2026-09-26T10:33:38;G+200-120;grille;RIS;impose_est;itineraire;OK;281972;1380;283352;9750;A5;oui;
2026-09-26T10:33:38;G+200-120;grille;RIS;impose_ouest;itineraire;OK;297594;1380;298974;10494;A5;oui;
2026-09-26T10:33:38;G+200-100;grille;RIS;acces_impose;itineraire;OK;260254;1380;261634;9317;A5;oui;
2026-09-26T10:33:38;G+200-100;grille;RIS;impose_est;itineraire;OK;260254;1380;261634;9317;A5;oui;
2026-09-26T10:33:39;G+200-100;grille;RIS;impose_ouest;itineraire;OK;275876;1380;277256;10062;A5;oui;
2026-09-26T10:33:39;G+200-080;grille;RIS;acces_impose;itineraire;OK;245430;1380;246810;8954;A5;oui;
2026-09-26T10:33:39;G+200-080;grille;RIS;impose_est;itineraire;OK;245430;1380;246810;8954;A5;oui;
2026-09-26T10:33:39;G+200-080;grille;RIS;impose_ouest;itineraire;OK;261052;1380;262432;9698;A5;oui;
2026-09-26T10:33:39;G+200-060;grille;RIS;acces_impose;itineraire;OK;260027;1380;261407;9178;A5;oui;
2026-09-26T10:33:40;G+200-060;grille;RIS;impose_est;itineraire;OK;260027;1380;261407;9178;A5;oui;
2026-09-26T10:33:40;G+200-060;grille;RIS;impose_ouest;itineraire;OK;275649;1380;277029;9922;A5;oui;
2026-09-26T10:33:40;G+200-040;grille;RIS;acces_impose;itineraire;OK;268871;1380;270251;10137;A5;oui;
2026-09-26T10:33:40;G+200-040;grille;RIS;impose_est;itineraire;OK;268871;1380;270251;10137;A5;oui;
2026-09-26T10:33:40;G+200-040;grille;RIS;impose_ouest;itineraire;OK;284493;1380;285873;10882;A5;oui;
2026-09-26T10:33:41;G+200-020;grille;RIS;acces_impose;itineraire;OK;260169;1380;261549;11047;A5;oui;
2026-09-26T10:33:41;G+200-020;grille;RIS;impose_est;itineraire;OK;260169;1380;261549;11047;A5;oui;
2026-09-26T10:33:41;G+200-020;grille;RIS;impose_ouest;itineraire;OK;275791;1380;277171;11792;A5;oui;
2026-09-26T10:33:41;G+200+000;grille;RIS;acces_impose;itineraire;OK;274649;1380;276029;10889;A4;oui;
2026-09-26T10:33:42;G+200+000;grille;RIS;impose_est;itineraire;OK;274649;1380;276029;10889;A4;oui;
2026-09-26T10:33:42;G+200+000;grille;RIS;impose_ouest;itineraire;OK;290271;1380;291651;11633;A4;oui;
2026-09-26T10:33:42;G+200+020;grille;RIS;acces_impose;itineraire;OK;275191;1380;276571;10171;A4;oui;
2026-09-26T10:33:42;G+200+020;grille;RIS;impose_est;itineraire;OK;275191;1380;276571;10171;A4;oui;
2026-09-26T10:33:43;G+200+020;grille;RIS;impose_ouest;itineraire;OK;290813;1380;292193;10915;A4;oui;
2026-09-26T10:33:43;G+200+040;grille;RIS;acces_impose;itineraire;OK;267373;1380;268753;9758;A4;oui;
2026-09-26T10:33:43;G+200+040;grille;RIS;impose_est;itineraire;OK;267373;1380;268753;9758;A4;oui;
2026-09-26T10:33:43;G+200+040;grille;RIS;impose_ouest;itineraire;OK;282994;1380;284374;10503;A4;oui;
2026-09-26T10:33:43;G+200+060;grille;RIS;acces_impose;itineraire;OK;295430;1380;296810;11367;A4;oui;
2026-09-26T10:33:44;G+200+060;grille;RIS;impose_est;itineraire;OK;295430;1380;296810;11367;A4;oui;
2026-09-26T10:33:44;G+200+060;grille;RIS;impose_ouest;itineraire;OK;311052;1380;312432;12111;A4;oui;
2026-09-26T10:33:44;G+200+080;grille;RIS;acces_impose;itineraire;OK;288948;1380;290328;11543;A4;oui;
2026-09-26T10:33:44;G+200+080;grille;RIS;impose_est;itineraire;OK;288948;1380;290328;11543;A4;oui;
2026-09-26T10:33:45;G+200+080;grille;RIS;impose_ouest;itineraire;OK;304569;1380;305949;12288;A4;oui;
2026-09-26T10:33:45;G+200+100;grille;RIS;acces_impose;itineraire;OK;284992;1380;286372;10836;A34 et A4;oui;
2026-09-26T10:33:45;G+200+100;grille;RIS;impose_est;itineraire;OK;284992;1380;286372;10836;A34 et A4;oui;
2026-09-26T10:33:45;G+200+100;grille;RIS;impose_ouest;itineraire;OK;300614;1380;301994;11580;A34 et A4;oui;
2026-09-26T10:33:45;G+200+120;grille;RIS;acces_impose;itineraire;OK;301099;1380;302479;11412;A34 et A4;oui;
2026-09-26T10:33:46;G+200+120;grille;RIS;impose_est;itineraire;OK;301099;1380;302479;11412;A34 et A4;oui;
2026-09-26T10:33:46;G+200+120;grille;RIS;impose_ouest;itineraire;OK;316721;1380;318101;12157;A34 et A4;oui;
2026-09-26T10:33:46;G+200+140;grille;RIS;acces_impose;itineraire;OK;326007;1380;327387;12829;A34 et A4;oui;
2026-09-26T10:33:46;G+200+140;grille;RIS;impose_est;itineraire;OK;326007;1380;327387;12829;A34 et A4;oui;
2026-09-26T10:33:47;G+200+140;grille;RIS;impose_ouest;itineraire;OK;341628;1380;343008;13573;A34 et A4;oui;
2026-09-26T10:33:47;G+200+160;grille;RIS;acces_impose;itineraire;OK;364743;1380;366123;14001;A34 et A4;oui;
2026-09-26T10:33:47;G+200+160;grille;RIS;impose_est;itineraire;OK;364743;1380;366123;14001;A34 et A4;oui;
2026-09-26T10:33:47;G+200+160;grille;RIS;impose_ouest;itineraire;OK;380365;1380;381745;14745;A4;oui;
2026-09-26T10:33:48;G+200+180;grille;RIS;acces_impose;itineraire;OK;375697;1380;377077;14484;A1;oui;
2026-09-26T10:33:48;G+200+180;grille;RIS;impose_est;itineraire;OK;378938;1380;380318;14737;A4;oui;
2026-09-26T10:33:48;G+200+180;grille;RIS;impose_ouest;itineraire;OK;394459;1380;395839;15331;A1;oui;
2026-09-26T10:33:49;G+200+200;grille;RIS;acces_impose;itineraire;OK;367752;1380;369132;14319;A1;oui;
2026-09-26T10:33:49;G+200+200;grille;RIS;impose_est;itineraire;OK;393793;1380;395173;14966;A1;oui;
2026-09-26T10:33:49;G+200+200;grille;RIS;impose_ouest;itineraire;OK;386514;1380;387894;15167;A1;oui;
2026-09-26T10:33:49;G+200+220;grille;RIS;acces_impose;itineraire;OK;382764;1380;384144;15376;A1;oui;
2026-09-26T10:33:50;G+200+220;grille;RIS;impose_est;itineraire;OK;408805;1380;410185;16023;A1;oui;
2026-09-26T10:33:50;G+200+220;grille;RIS;impose_ouest;itineraire;OK;401526;1380;402906;16224;A1;oui;
2026-09-26T10:33:50;G+220-200;grille;RIS;acces_impose;itineraire;OK;334009;1380;335389;11769;A6;oui;
2026-09-26T10:33:50;G+220-200;grille;RIS;impose_est;itineraire;OK;347926;1380;349306;12420;A6;oui;
2026-09-26T10:33:51;G+220-200;grille;RIS;impose_ouest;itineraire;OK;349633;1380;351013;12512;A6;oui;
2026-09-26T10:33:51;G+220-180;grille;RIS;acces_impose;itineraire;OK;335664;1380;337044;11721;A6;oui;
2026-09-26T10:33:51;G+220-180;grille;RIS;impose_est;itineraire;OK;349581;1380;350961;12372;A6;oui;
2026-09-26T10:33:52;G+220-180;grille;RIS;impose_ouest;itineraire;OK;351288;1380;352668;12465;A6;oui;
2026-09-26T10:33:52;G+220-160;grille;RIS;acces_impose;itineraire;OK;332301;1380;333681;11850;A5;oui;
2026-09-26T10:33:52;G+220-160;grille;RIS;impose_est;itineraire;OK;332301;1380;333681;11850;A5;oui;
2026-09-26T10:33:52;G+220-160;grille;RIS;impose_ouest;itineraire;OK;347923;1380;349303;12595;A5;oui;
2026-09-26T10:33:53;G+220-140;grille;RIS;acces_impose;itineraire;OK;321710;1380;323090;11395;A5;oui;
2026-09-26T10:33:53;G+220-140;grille;RIS;impose_est;itineraire;OK;321710;1380;323090;11395;A5;oui;
2026-09-26T10:33:53;G+220-140;grille;RIS;impose_ouest;itineraire;OK;337332;1380;338712;12140;A5;oui;
2026-09-26T10:33:53;G+220-120;grille;RIS;acces_impose;itineraire;OK;290053;1380;291433;10387;A5;oui;
2026-09-26T10:33:53;G+220-120;grille;RIS;impose_est;itineraire;OK;290053;1380;291433;10387;A5;oui;
2026-09-26T10:33:54;G+220-120;grille;RIS;impose_ouest;itineraire;OK;305675;1380;307055;11131;A5;oui;
2026-09-26T10:33:54;G+220-100;grille;RIS;acces_impose;itineraire;OK;275111;1380;276491;9983;A5;oui;
2026-09-26T10:33:54;G+220-100;grille;RIS;impose_est;itineraire;OK;275111;1380;276491;9983;A5;oui;
2026-09-26T10:33:54;G+220-100;grille;RIS;impose_ouest;itineraire;OK;290732;1380;292112;10727;A5;oui;
2026-09-26T10:33:54;G+220-080;grille;RIS;acces_impose;itineraire;OK;281232;1380;282612;10188;A5;oui;
2026-09-26T10:33:55;G+220-080;grille;RIS;impose_est;itineraire;OK;281232;1380;282612;10188;A5;oui;
2026-09-26T10:33:55;G+220-080;grille;RIS;impose_ouest;itineraire;OK;296853;1380;298233;10932;A5;oui;
2026-09-26T10:33:55;G+220-060;grille;RIS;acces_impose;itineraire;OK;280880;1380;282260;10560;A5;oui;
2026-09-26T10:33:55;G+220-060;grille;RIS;impose_est;itineraire;OK;280880;1380;282260;10560;A5;oui;
2026-09-26T10:33:56;G+220-060;grille;RIS;impose_ouest;itineraire;OK;296502;1380;297882;11305;A5;oui;
2026-09-26T10:33:56;G+220-040;grille;RIS;acces_impose;itineraire;OK;295210;1380;296590;11188;A5;oui;
2026-09-26T10:33:56;G+220-040;grille;RIS;impose_est;itineraire;OK;295210;1380;296590;11188;A5;oui;
2026-09-26T10:33:56;G+220-040;grille;RIS;impose_ouest;itineraire;OK;310831;1380;312211;11932;A5;oui;
2026-09-26T10:33:56;G+220-020;grille;RIS;acces_impose;itineraire;OK;284627;1380;286007;12231;A5;oui;
2026-09-26T10:33:57;G+220-020;grille;RIS;impose_est;itineraire;OK;284627;1380;286007;12231;A5;oui;
2026-09-26T10:33:57;G+220-020;grille;RIS;impose_ouest;itineraire;OK;300249;1380;301629;12976;A5;oui;
2026-09-26T10:33:57;G+220+000;grille;RIS;acces_impose;itineraire;OK;308704;1380;310084;12007;A4;oui;
2026-09-26T10:33:57;G+220+000;grille;RIS;impose_est;itineraire;OK;308704;1380;310084;12007;A4;oui;
2026-09-26T10:33:58;G+220+000;grille;RIS;impose_ouest;itineraire;OK;324326;1380;325706;12751;A4;oui;
2026-09-26T10:33:58;G+220+020;grille;RIS;acces_impose;itineraire;OK;300556;1380;301936;11275;A4;oui;
2026-09-26T10:33:58;G+220+020;grille;RIS;impose_est;itineraire;OK;300556;1380;301936;11275;A4;oui;
2026-09-26T10:33:58;G+220+020;grille;RIS;impose_ouest;itineraire;OK;316177;1380;317557;12020;A4;oui;
2026-09-26T10:33:58;G+220+040;grille;RIS;acces_impose;itineraire;OK;287021;1380;288401;10599;A4;oui;
2026-09-26T10:33:59;G+220+040;grille;RIS;impose_est;itineraire;OK;287021;1380;288401;10599;A4;oui;
2026-09-26T10:33:59;G+220+040;grille;RIS;impose_ouest;itineraire;OK;302643;1380;304023;11343;A4;oui;
2026-09-26T10:33:59;G+220+060;grille;RIS;acces_impose;itineraire;OK;302881;1380;304261;11758;A4;oui;
2026-09-26T10:33:59;G+220+060;grille;RIS;impose_est;itineraire;OK;302881;1380;304261;11758;A4;oui;
2026-09-26T10:34:00;G+220+060;grille;RIS;impose_ouest;itineraire;OK;318502;1380;319882;12502;A4;oui;
2026-09-26T10:34:00;G+220+080;grille;RIS;acces_impose;itineraire;OK;315361;1380;316741;12736;A34 et A4;oui;
2026-09-26T10:34:00;G+220+080;grille;RIS;impose_est;itineraire;OK;315361;1380;316741;12736;A34 et A4;oui;
2026-09-26T10:34:00;G+220+080;grille;RIS;impose_ouest;itineraire;OK;330982;1380;332362;13481;A34 et A4;oui;
2026-09-26T10:34:01;G+220+100;grille;RIS;acces_impose;itineraire;OK;306905;1380;308285;12087;A34 et A4;oui;
2026-09-26T10:34:01;G+220+100;grille;RIS;impose_est;itineraire;OK;306905;1380;308285;12087;A34 et A4;oui;
2026-09-26T10:34:01;G+220+100;grille;RIS;impose_ouest;itineraire;OK;322526;1380;323906;12832;A34 et A4;oui;
2026-09-26T10:34:01;G+220+120;grille;RIS;acces_impose;itineraire;OK;321391;1380;322771;12127;A34 et A4;oui;
2026-09-26T10:34:02;G+220+120;grille;RIS;impose_est;itineraire;OK;321391;1380;322771;12127;A34 et A4;oui;
2026-09-26T10:34:02;G+220+120;grille;RIS;impose_ouest;itineraire;OK;337013;1380;338393;12871;A34 et A4;oui;
2026-09-26T10:34:02;G+220+140;grille;RIS;acces_impose;itineraire;OK;334421;1380;335801;12688;A34 et A4;oui;
2026-09-26T10:34:02;G+220+140;grille;RIS;impose_est;itineraire;OK;334421;1380;335801;12688;A34 et A4;oui;
2026-09-26T10:34:02;G+220+140;grille;RIS;impose_ouest;itineraire;OK;350043;1380;351423;13432;A34 et A4;oui;
2026-09-26T10:34:03;G+220+160;grille;RIS;acces_impose;itineraire;OK;362696;1380;364076;13971;A34 et A4;oui;
2026-09-26T10:34:03;G+220+160;grille;RIS;impose_est;itineraire;OK;362696;1380;364076;13971;A34 et A4;oui;
2026-09-26T10:34:03;G+220+160;grille;RIS;impose_ouest;itineraire;OK;378317;1380;379697;14716;A4;oui;
2026-09-26T10:34:03;G+220+180;grille;RIS;acces_impose;itineraire;OK;389313;1380;390693;14967;A4;oui;
2026-09-26T10:34:04;G+220+180;grille;RIS;impose_est;itineraire;OK;389313;1380;390693;14967;A4;oui;
2026-09-26T10:34:04;G+220+180;grille;RIS;impose_ouest;itineraire;OK;404935;1380;406315;15711;A4;oui;
2026-09-26T10:34:05;G+220+200;grille;RIS;acces_impose;itineraire;OK;386818;1380;388198;14865;A1;oui;
2026-09-26T10:34:05;G+220+200;grille;RIS;impose_est;itineraire;OK;412859;1380;414239;15511;A1;oui;
2026-09-26T10:34:05;G+220+200;grille;RIS;impose_ouest;itineraire;OK;405579;1380;406959;15712;A1;oui;
2026-09-26T10:34:06;G+240-180;grille;RIS;acces_impose;itineraire;OK;363418;1380;364798;12286;A6;oui;
2026-09-26T10:34:06;G+240-180;grille;RIS;impose_est;itineraire;OK;377335;1380;378715;12937;A6;oui;
2026-09-26T10:34:06;G+240-180;grille;RIS;impose_ouest;itineraire;OK;379042;1380;380422;13029;A6;oui;
2026-09-26T10:34:06;G+240-160;grille;RIS;acces_impose;itineraire;OK;336749;1380;338129;12716;A5;oui;
2026-09-26T10:34:06;G+240-160;grille;RIS;impose_est;itineraire;OK;336749;1380;338129;12716;A5;oui;
2026-09-26T10:34:07;G+240-160;grille;RIS;impose_ouest;itineraire;OK;352370;1380;353750;13460;A5;oui;
2026-09-26T10:34:07;G+240-140;grille;RIS;acces_impose;itineraire;OK;325323;1380;326703;12117;A5;oui;
2026-09-26T10:34:07;G+240-140;grille;RIS;impose_est;itineraire;OK;325323;1380;326703;12117;A5;oui;
2026-09-26T10:34:07;G+240-140;grille;RIS;impose_ouest;itineraire;OK;340945;1380;342325;12862;A5;oui;
2026-09-26T10:34:08;G+240-120;grille;RIS;acces_impose;itineraire;OK;306783;1380;308163;11590;A5;oui;
2026-09-26T10:34:08;G+240-120;grille;RIS;impose_est;itineraire;OK;306783;1380;308163;11590;A5;oui;
2026-09-26T10:34:08;G+240-120;grille;RIS;impose_ouest;itineraire;OK;322404;1380;323784;12334;A5;oui;
2026-09-26T10:34:08;G+240-100;grille;RIS;acces_impose;itineraire;OK;304433;1380;305813;11008;A5;oui;
2026-09-26T10:34:08;G+240-100;grille;RIS;impose_est;itineraire;OK;304433;1380;305813;11008;A5;oui;
2026-09-26T10:34:09;G+240-100;grille;RIS;impose_ouest;itineraire;OK;320055;1380;321435;11753;A5;oui;
2026-09-26T10:34:09;G+240-080;grille;RIS;acces_impose;itineraire;OK;295866;1380;297246;10285;A5;oui;
2026-09-26T10:34:09;G+240-080;grille;RIS;impose_est;itineraire;OK;295866;1380;297246;10285;A5;oui;
2026-09-26T10:34:10;G+240-080;grille;RIS;impose_ouest;itineraire;OK;311487;1380;312867;11029;A5;oui;
2026-09-26T10:34:10;G+240-060;grille;RIS;acces_impose;itineraire;OK;314136;1380;315516;10983;A5;oui;
2026-09-26T10:34:10;G+240-060;grille;RIS;impose_est;itineraire;OK;314136;1380;315516;10983;A5;oui;
2026-09-26T10:34:10;G+240-060;grille;RIS;impose_ouest;itineraire;OK;329757;1380;331137;11728;A5;oui;
2026-09-26T10:34:11;G+240-040;grille;RIS;acces_impose;itineraire;OK;307992;1380;309372;11812;A5;oui;
2026-09-26T10:34:11;G+240-040;grille;RIS;impose_est;itineraire;OK;307992;1380;309372;11812;A5;oui;
2026-09-26T10:34:11;G+240-040;grille;RIS;impose_ouest;itineraire;OK;323614;1380;324994;12557;A5;oui;
2026-09-26T10:34:11;G+240-020;grille;RIS;acces_impose;itineraire;OK;306747;1380;308127;12912;A5;oui;
2026-09-26T10:34:12;G+240-020;grille;RIS;impose_est;itineraire;OK;306747;1380;308127;12912;A5;oui;
2026-09-26T10:34:12;G+240-020;grille;RIS;impose_ouest;itineraire;OK;322369;1380;323749;13656;A5;oui;
2026-09-26T10:34:12;G+240+000;grille;RIS;acces_impose;itineraire;OK;325802;1380;327182;12866;A4;oui;
2026-09-26T10:34:12;G+240+000;grille;RIS;impose_est;itineraire;OK;325802;1380;327182;12866;A4;oui;
2026-09-26T10:34:12;G+240+000;grille;RIS;impose_ouest;itineraire;OK;341423;1380;342803;13611;A4;oui;
2026-09-26T10:34:13;G+240+020;grille;RIS;acces_impose;itineraire;OK;322441;1380;323821;12003;A4;oui;
2026-09-26T10:34:13;G+240+020;grille;RIS;impose_est;itineraire;OK;322441;1380;323821;12003;A4;oui;
2026-09-26T10:34:13;G+240+020;grille;RIS;impose_ouest;itineraire;OK;338062;1380;339442;12747;A4;oui;
2026-09-26T10:34:13;G+240+040;grille;RIS;acces_impose;itineraire;OK;306916;1380;308296;11167;A4;oui;
2026-09-26T10:34:14;G+240+040;grille;RIS;impose_est;itineraire;OK;306916;1380;308296;11167;A4;oui;
2026-09-26T10:34:14;G+240+040;grille;RIS;impose_ouest;itineraire;OK;322538;1380;323918;11912;A4;oui;
2026-09-26T10:34:14;G+240+060;grille;RIS;acces_impose;itineraire;OK;324446;1380;325826;11834;A4;oui;
2026-09-26T10:34:14;G+240+060;grille;RIS;impose_est;itineraire;OK;324446;1380;325826;11834;A4;oui;
2026-09-26T10:34:15;G+240+060;grille;RIS;impose_ouest;itineraire;OK;340068;1380;341448;12578;A4;oui;
2026-09-26T10:34:15;G+240+080;grille;RIS;acces_impose;itineraire;OK;350402;1380;351782;13460;A4;oui;
2026-09-26T10:34:15;G+240+080;grille;RIS;impose_est;itineraire;OK;350402;1380;351782;13460;A4;oui;
2026-09-26T10:34:16;G+240+080;grille;RIS;impose_ouest;itineraire;OK;366024;1380;367404;14204;A4;oui;
2026-09-26T10:34:16;G+240+100;grille;RIS;acces_impose;itineraire;OK;330510;1380;331890;13405;A34 et A4;oui;
2026-09-26T10:34:16;G+240+100;grille;RIS;impose_est;itineraire;OK;330510;1380;331890;13405;A34 et A4;oui;
2026-09-26T10:34:16;G+240+100;grille;RIS;impose_ouest;itineraire;OK;346132;1380;347512;14150;A34 et A4;oui;
2026-09-26T10:34:17;G+240+120;grille;RIS;acces_impose;itineraire;OK;352293;1380;353673;13565;A34 et A4;oui;
2026-09-26T10:34:17;G+240+120;grille;RIS;impose_est;itineraire;OK;352293;1380;353673;13565;A34 et A4;oui;
2026-09-26T10:34:17;G+240+120;grille;RIS;impose_ouest;itineraire;OK;367914;1380;369294;14309;A34 et A4;oui;
2026-09-26T10:34:17;G+240+140;grille;RIS;acces_impose;itineraire;OK;356079;1380;357459;13447;A34 et A4;oui;
2026-09-26T10:34:18;G+240+140;grille;RIS;impose_est;itineraire;OK;356079;1380;357459;13447;A34 et A4;oui;
2026-09-26T10:34:18;G+240+140;grille;RIS;impose_ouest;itineraire;OK;371701;1380;373081;14192;A4;oui;
2026-09-26T10:34:18;G+240+160;grille;RIS;acces_impose;itineraire;OK;384109;1380;385489;14264;A4;oui;
2026-09-26T10:34:18;G+240+160;grille;RIS;impose_est;itineraire;OK;384109;1380;385489;14264;A4;oui;
2026-09-26T10:34:19;G+240+160;grille;RIS;impose_ouest;itineraire;OK;399730;1380;401110;15009;A4;oui;
2026-09-26T10:34:19;G+240+180;grille;RIS;acces_impose;itineraire;OK;403659;1380;405039;15019;A4;oui;
2026-09-26T10:34:19;G+240+180;grille;RIS;impose_est;itineraire;OK;403659;1380;405039;15019;A4;oui;
2026-09-26T10:34:19;G+240+180;grille;RIS;impose_ouest;itineraire;OK;419280;1380;420660;15763;A4;oui;
2026-09-26T10:34:20;G+260-140;grille;RIS;acces_impose;itineraire;OK;342226;1380;343606;13358;A5;oui;
2026-09-26T10:34:20;G+260-140;grille;RIS;impose_est;itineraire;OK;342226;1380;343606;13358;A5;oui;
2026-09-26T10:34:20;G+260-140;grille;RIS;impose_ouest;itineraire;OK;357848;1380;359228;14102;A5;oui;
2026-09-26T10:34:20;G+260-120;grille;RIS;acces_impose;itineraire;OK;322751;1380;324131;12002;A5;oui;
2026-09-26T10:34:21;G+260-120;grille;RIS;impose_est;itineraire;OK;322751;1380;324131;12002;A5;oui;
2026-09-26T10:34:21;G+260-120;grille;RIS;impose_ouest;itineraire;OK;338372;1380;339752;12747;A5;oui;
2026-09-26T10:34:21;G+260-100;grille;RIS;acces_impose;itineraire;OK;322675;1380;324055;11908;A5;oui;
2026-09-26T10:34:21;G+260-100;grille;RIS;impose_est;itineraire;OK;322675;1380;324055;11908;A5;oui;
2026-09-26T10:34:22;G+260-100;grille;RIS;impose_ouest;itineraire;OK;338297;1380;339677;12652;A5;oui;
2026-09-26T10:34:22;G+260-080;grille;RIS;acces_impose;itineraire;OK;318334;1380;319714;11384;A5;oui;
2026-09-26T10:34:23;G+260-080;grille;RIS;impose_est;itineraire;OK;318334;1380;319714;11384;A5;oui;
2026-09-26T10:34:23;G+260-080;grille;RIS;impose_ouest;itineraire;OK;333956;1380;335336;12129;A5;oui;
2026-09-26T10:34:23;G+260-060;grille;RIS;acces_impose;itineraire;OK;333294;1380;334674;11591;A5;oui;
2026-09-26T10:34:23;G+260-060;grille;RIS;impose_est;itineraire;OK;333294;1380;334674;11591;A5;oui;
2026-09-26T10:34:24;G+260-060;grille;RIS;impose_ouest;itineraire;OK;348915;1380;350295;12336;A5;oui;
2026-09-26T10:34:24;G+260-040;grille;RIS;acces_impose;itineraire;OK;347652;1380;349032;12415;A5;oui;
2026-09-26T10:34:24;G+260-040;grille;RIS;impose_est;itineraire;OK;347652;1380;349032;12415;A5;oui;
2026-09-26T10:34:24;G+260-040;grille;RIS;impose_ouest;itineraire;OK;363274;1380;364654;13159;A5;oui;
2026-09-26T10:34:25;G+260-020;grille;RIS;acces_impose;itineraire;OK;368680;1380;370060;13137;A31 et A5;oui;
2026-09-26T10:34:25;G+260-020;grille;RIS;impose_est;itineraire;OK;368680;1380;370060;13137;A31 et A5;oui;
2026-09-26T10:34:25;G+260-020;grille;RIS;impose_ouest;itineraire;OK;384301;1380;385681;13882;A31 et A5;oui;
2026-09-26T10:34:25;G+260+000;grille;RIS;acces_impose;itineraire;OK;386296;1380;387676;13503;A31 et A5;oui;
2026-09-26T10:34:25;G+260+000;grille;RIS;impose_est;itineraire;OK;386296;1380;387676;13503;A31 et A5;oui;
2026-09-26T10:34:26;G+260+000;grille;RIS;impose_ouest;itineraire;OK;401918;1380;403298;14248;A31 et A5;oui;
2026-09-26T10:34:26;G+260+020;grille;RIS;acces_impose;itineraire;OK;337685;1380;339065;12657;A4;oui;
2026-09-26T10:34:26;G+260+020;grille;RIS;impose_est;itineraire;OK;337685;1380;339065;12657;A4;oui;
2026-09-26T10:34:26;G+260+020;grille;RIS;impose_ouest;itineraire;OK;353306;1380;354686;13401;A4;oui;
2026-09-26T10:34:27;G+260+040;grille;RIS;acces_impose;itineraire;OK;334692;1380;336072;12058;A4;oui;
2026-09-26T10:34:27;G+260+040;grille;RIS;impose_est;itineraire;OK;334692;1380;336072;12058;A4;oui;
2026-09-26T10:34:27;G+260+040;grille;RIS;impose_ouest;itineraire;OK;350314;1380;351694;12803;A4;oui;
2026-09-26T10:34:28;G+260+060;grille;RIS;acces_impose;itineraire;OK;339502;1380;340882;12376;A4;oui;
2026-09-26T10:34:28;G+260+060;grille;RIS;impose_est;itineraire;OK;339502;1380;340882;12376;A4;oui;
2026-09-26T10:34:28;G+260+060;grille;RIS;impose_ouest;itineraire;OK;355124;1380;356504;13120;A4;oui;
2026-09-26T10:34:28;G+260+080;grille;RIS;acces_impose;itineraire;OK;364112;1380;365492;13796;A4;oui;
2026-09-26T10:34:29;G+260+080;grille;RIS;impose_est;itineraire;OK;364112;1380;365492;13796;A4;oui;
2026-09-26T10:34:29;G+260+080;grille;RIS;impose_ouest;itineraire;OK;379734;1380;381114;14540;A4;oui;
2026-09-26T10:34:29;G+260+100;grille;RIS;acces_impose;itineraire;OK;383184;1380;384564;14618;A4;oui;
2026-09-26T10:34:30;G+260+100;grille;RIS;impose_est;itineraire;OK;383184;1380;384564;14618;A4;oui;
2026-09-26T10:34:30;G+260+100;grille;RIS;impose_ouest;itineraire;OK;398805;1380;400185;15362;A4;oui;
2026-09-26T10:34:30;G+260+120;grille;RIS;acces_impose;itineraire;OK;379720;1380;381100;14950;A4;oui;
2026-09-26T10:34:30;G+260+120;grille;RIS;impose_est;itineraire;OK;379720;1380;381100;14950;A4;oui;
2026-09-26T10:34:31;G+260+120;grille;RIS;impose_ouest;itineraire;OK;395341;1380;396721;15694;A4;oui;
2026-09-26T10:34:31;G+260+140;grille;RIS;acces_impose;itineraire;OK;373642;1380;375022;14684;A4;oui;
2026-09-26T10:34:31;G+260+140;grille;RIS;impose_est;itineraire;OK;373642;1380;375022;14684;A4;oui;
2026-09-26T10:34:31;G+260+140;grille;RIS;impose_ouest;itineraire;OK;389264;1380;390644;15429;A4;oui;
2026-09-26T10:34:32;G+280-100;grille;RIS;acces_impose;itineraire;OK;342778;1380;344158;12886;A5;oui;
2026-09-26T10:34:32;G+280-100;grille;RIS;impose_est;itineraire;OK;342778;1380;344158;12886;A5;oui;
2026-09-26T10:34:32;G+280-100;grille;RIS;impose_ouest;itineraire;OK;358400;1380;359780;13630;A5;oui;
2026-09-26T10:34:32;G+280-080;grille;RIS;acces_impose;itineraire;OK;360337;1380;361717;12985;A5;oui;
2026-09-26T10:34:33;G+280-080;grille;RIS;impose_est;itineraire;OK;360337;1380;361717;12985;A5;oui;
2026-09-26T10:34:33;G+280-080;grille;RIS;impose_ouest;itineraire;OK;375958;1380;377338;13729;A5;oui;
2026-09-26T10:34:33;G+280-060;grille;RIS;acces_impose;itineraire;OK;353298;1380;354678;12422;A5;oui;
2026-09-26T10:34:33;G+280-060;grille;RIS;impose_est;itineraire;OK;353298;1380;354678;12422;A5;oui;
2026-09-26T10:34:34;G+280-060;grille;RIS;impose_ouest;itineraire;OK;368920;1380;370300;13166;A5;oui;
2026-09-26T10:34:34;G+280-040;grille;RIS;acces_impose;itineraire;OK;364813;1380;366193;12987;A5;oui;
2026-09-26T10:34:34;G+280-040;grille;RIS;impose_est;itineraire;OK;364813;1380;366193;12987;A5;oui;
2026-09-26T10:34:34;G+280-040;grille;RIS;impose_ouest;itineraire;OK;380435;1380;381815;13731;A5;oui;
2026-09-26T10:34:34;G+280-020;grille;RIS;acces_impose;itineraire;OK;384726;1380;386106;13615;A31 et A5;oui;
2026-09-26T10:34:35;G+280-020;grille;RIS;impose_est;itineraire;OK;384726;1380;386106;13615;A31 et A5;oui;
2026-09-26T10:34:35;G+280-020;grille;RIS;impose_ouest;itineraire;OK;400347;1380;401727;14359;A5;oui;
2026-09-26T10:34:35;G+280+000;grille;RIS;acces_impose;itineraire;OK;406698;1380;408078;14515;A31 et A5;oui;
2026-09-26T10:34:35;G+280+000;grille;RIS;impose_est;itineraire;OK;406698;1380;408078;14515;A31 et A5;oui;
2026-09-26T10:34:36;G+280+000;grille;RIS;impose_ouest;itineraire;OK;422320;1380;423700;15260;A31 et A5;oui;
2026-09-26T10:34:36;G+280+020;grille;RIS;acces_impose;itineraire;OK;378736;1380;380116;13642;A4;oui;
2026-09-26T10:34:36;G+280+020;grille;RIS;impose_est;itineraire;OK;378736;1380;380116;13642;A4;oui;
2026-09-26T10:34:36;G+280+020;grille;RIS;impose_ouest;itineraire;OK;394358;1380;395738;14386;A4;oui;
2026-09-26T10:34:37;G+280+040;grille;RIS;acces_impose;itineraire;OK;352519;1380;353899;12631;A4;oui;
2026-09-26T10:34:37;G+280+040;grille;RIS;impose_est;itineraire;OK;352519;1380;353899;12631;A4;oui;
2026-09-26T10:34:37;G+280+040;grille;RIS;impose_ouest;itineraire;OK;368140;1380;369520;13375;A4;oui;
2026-09-26T10:34:38;G+280+060;grille;RIS;acces_impose;itineraire;OK;362803;1380;364183;13211;A4;oui;
2026-09-26T10:34:38;G+280+060;grille;RIS;impose_est;itineraire;OK;362803;1380;364183;13211;A4;oui;
2026-09-26T10:34:38;G+280+060;grille;RIS;impose_ouest;itineraire;OK;378425;1380;379805;13955;A4;oui;
2026-09-26T10:34:38;G+280+080;grille;RIS;acces_impose;itineraire;OK;383740;1380;385120;14231;A4;oui;
2026-09-26T10:34:39;G+280+080;grille;RIS;impose_est;itineraire;OK;383740;1380;385120;14231;A4;oui;
2026-09-26T10:34:39;G+280+080;grille;RIS;impose_ouest;itineraire;OK;399361;1380;400741;14976;A4;oui;
2026-09-26T10:34:39;G+280+100;grille;RIS;acces_impose;itineraire;OK;399051;1380;400431;14983;A4;oui;
2026-09-26T10:34:40;G+280+100;grille;RIS;impose_est;itineraire;OK;399051;1380;400431;14983;A4;oui;
2026-09-26T10:34:40;G+280+100;grille;RIS;impose_ouest;itineraire;OK;414673;1380;416053;15727;A4;oui;
2026-09-26T10:34:40;G+300+000;grille;RIS;acces_impose;itineraire;OK;413563;1380;414943;15225;A5;oui;
2026-09-26T10:34:40;G+300+000;grille;RIS;impose_est;itineraire;OK;413563;1380;414943;15225;A5;oui;
2026-09-26T10:34:41;G+300+000;grille;RIS;impose_ouest;itineraire;OK;429184;1380;430564;15970;A5;oui;
