id;couche;nom;lat;lon;details;source
E_A1;entree;Entrée A1 (Survilliers (95));49.1237;2.5568;poids ARQP 26.5 %;Cahier d'acteur ARQP n° 19, p. 3 : parts calculées selon la population des départements situés dans le rayon de 300 km, hors Île-de-France
E_A4;entree;Entrée A4 (Dhuisy (77));49.0325;3.1768;poids ARQP 12.3 %;Cahier d'acteur ARQP n° 19, p. 3 : parts calculées selon la population des départements situés dans le rayon de 300 km, hors Île-de-France
E_A5;entree;Entrée A5 (Gravon (77));48.3698;3.133;poids ARQP 3.89 %;Cahier d'acteur ARQP n° 19, p. 3 : parts calculées selon la population des départements situés dans le rayon de 300 km, hors Île-de-France
E_A6;entree;Entrée A6 (Egreville (77));48.1582;2.8866;poids ARQP 10.68 %;Cahier d'acteur ARQP n° 19, p. 3 : parts calculées selon la population des départements situés dans le rayon de 300 km, hors Île-de-France
E_A10;entree;Entrée A10 (Allainville (78));48.4453;1.9096;poids ARQP 17.12 %;Cahier d'acteur ARQP n° 19, p. 3 : parts calculées selon la population des départements situés dans le rayon de 300 km, hors Île-de-France
E_A11;entree;Entrée A11 (Prunay en Yvelines (78));48.5137;1.7756;poids ARQP 8.25 %;Cahier d'acteur ARQP n° 19, p. 3 : parts calculées selon la population des départements situés dans le rayon de 300 km, hors Île-de-France
E_A13;entree;Entrée A13 (Blaru (78));49.0467;1.4471;poids ARQP 18.2 %;Cahier d'acteur ARQP n° 19, p. 3 : parts calculées selon la population des départements situés dans le rayon de 300 km, hors Île-de-France
E_A16;entree;Entrée A16 (Persan (95));49.1533;2.2448;poids ARQP 3.07 %;Cahier d'acteur ARQP n° 19, p. 3 : parts calculées selon la population des départements situés dans le rayon de 300 km, hors Île-de-France
IDF1;site;Val'Pôle Plessis-Gassot - plateforme de préparation CSR;49.0273;2.4128;"producteur CSR ; confiance : confirmé ; coordonnées : Géorisques AIOT 0006506767 (point du site ISDND, pas forcément de l'unité CSR)";"https://www.georisques.gouv.fr/webappReport/ws/installations/document/DsOidJhOVajrDvASDgZfoJlRGUHMPAE6 ; https://www.valpole.fr/le-val-p%C3%B4le-plessis-gassot"
IDF2;site;Préparation CSR Écharcon (écosite de Vert-le-Grand);48.5885;2.396;"producteur CSR ; confiance : confirmé ; coordonnées : Géorisques AIOT 0006512489 (SINOE 117666 : 48.5797, 2.3616)";"https://www.georisques.gouv.fr/webappReport/ws/installations/document/y43TKdWJX2RVaDC1Ef18t1c1butoVnGX ; https://www.iledefrance.fr/sites/default/files/medias/espace-media/divers/PRPGPD/CHAPITRE-III.pdf ; https://www.sinoe.org/index.php/fiche_service/index/id/117666/prov/fiche"
IDF3;site;Préparation CSR Bruyères-sur-Oise;49.1519;2.3147;"producteur CSR ; confiance : confirmé ; coordonnées : Géorisques AIOT 0006509350 (SINOE 117665 : 49.1544, 2.3249)";"https://www.sinoe.org/index.php/fiche_service/index/id/117665/prov/fiche ; https://www.iledefrance.fr/sites/default/files/medias/espace-media/divers/PRPGPD/CHAPITRE-III.pdf"
IDF4;site;Centre de tri PAPREC Île-de-France Nord;48.9279;2.4043;"centre de tri DAE ; confiance : possible ; coordonnées : Géorisques AIOT 0007403935";https://www.iledefrance.fr/sites/default/files/medias/espace-media/divers/PRPGPD/CHAPITRE-III.pdf
IDF5;site;CDIF - Centre de Déchets Industriels Franciliens;48.9609;2.3696;"centre de tri DAE ; confiance : possible ; coordonnées : Géorisques AIOT 0007402435 (fiche « Non ICPE », état non renseigné)";https://www.iledefrance.fr/sites/default/files/medias/espace-media/divers/PRPGPD/CHAPITRE-III.pdf
IDF6;site;Centre de tri Veolia Propreté REP Gennevilliers;48.9486;2.3019;"centre de tri DAE ; confiance : possible ; coordonnées : Géorisques AIOT 0007402284 (rapprochement déduit, à vérifier)";https://www.iledefrance.fr/sites/default/files/medias/espace-media/divers/PRPGPD/CHAPITRE-III.pdf
IDF7;site;Centre de tri Suez Gennevilliers;48.9449;2.2887;"centre de tri DAE ; confiance : possible ; coordonnées : Géorisques AIOT 0007402240 (rapprochement déduit, à vérifier)";https://www.iledefrance.fr/sites/default/files/medias/espace-media/divers/PRPGPD/CHAPITRE-III.pdf
IDF8;site;Val'Pôle Claye-Souilly - centre de tri;48.955;2.7319;"centre de tri DAE ; confiance : possible ; coordonnées : Géorisques AIOT 0006501121";https://www.iledefrance.fr/sites/default/files/medias/espace-media/divers/PRPGPD/CHAPITRE-III.pdf
IDF9;site;Green Récupération (ex-Coved) Argenteuil;48.9492;2.2125;"centre de tri DAE ; confiance : possible ; coordonnées : Géorisques AIOT 0006505364";https://www.iledefrance.fr/sites/default/files/medias/espace-media/divers/PRPGPD/CHAPITRE-III.pdf
IDF10;site;Centre de tri PAPREC Le Blanc-Mesnil;48.9392;2.4459;"centre de tri DAE ; confiance : possible ; coordonnées : Géorisques AIOT 0007403912";https://www.iledefrance.fr/sites/default/files/medias/espace-media/divers/PRPGPD/CHAPITRE-III.pdf
IDF11;site;Bennes Service Quincy-Voisins;48.9109;2.8812;"centre de tri DAE ; confiance : possible ; coordonnées : Géorisques AIOT 0006509209";https://www.iledefrance.fr/sites/default/files/medias/espace-media/divers/PRPGPD/CHAPITRE-III.pdf
IDF12;site;Suez Limeil-Brévannes;48.7468;2.4902;"centre de tri DAE ; confiance : possible ; coordonnées : Géorisques AIOT 0007403891 (volumes 2714/2716 = 0 m3 : activité à vérifier)";https://www.iledefrance.fr/sites/default/files/medias/espace-media/divers/PRPGPD/CHAPITRE-III.pdf
IDF13;site;Big Bennes Soignolles-en-Brie;48.6401;2.7291;"centre de tri DAE ; confiance : possible ; coordonnées : Géorisques AIOT 0006502713";https://www.iledefrance.fr/sites/default/files/medias/espace-media/divers/PRPGPD/CHAPITRE-III.pdf
IDF14;site;Paprec Île-de-France Sud Villeneuve-le-Roi;48.7381;2.4309;"centre de tri DAE ; confiance : possible ; coordonnées : Géorisques AIOT 0007403814";https://www.iledefrance.fr/sites/default/files/medias/espace-media/divers/PRPGPD/CHAPITRE-III.pdf
IDF15;site;Sepur CR2T Thiverval-Grignon;48.8344;1.9283;"centre de tri DAE ; confiance : possible ; coordonnées : Géorisques AIOT 0006506851";https://www.iledefrance.fr/sites/default/files/medias/espace-media/divers/PRPGPD/CHAPITRE-III.pdf
HDF1;site;Centre de tri et de préparation de combustible Suez Flavigny;49.8896;3.6863;"producteur CSR ; confiance : confirmé ; coordonnées : Géorisques AIOT 0005100311 « EDIFI NORD, Le Grand Royard » : seul site de traitement de déchets de la commune ; lien avec Suez DÉDUIT";https://www.bioenergie-promotion.fr/101459/suez-va-construire-une-chaufferie-csr-de-66-mw-a-la-sucrerie-distillerie-tereos-dorigny-sainte-benoite-dans-laisne/
HDF2;site;Suez Recydem / Écopôle Lourches;50.3079;3.367;"producteur CSR ; confiance : confirmé ; coordonnées : Géorisques AIOT 0007000571";https://www.bioenergie-promotion.fr/101459/suez-va-construire-une-chaufferie-csr-de-66-mw-a-la-sucrerie-distillerie-tereos-dorigny-sainte-benoite-dans-laisne/
HDF3;site;Baudelet - préparation CSR, Éco-Parc de Blaringhem;50.6787;2.4057;"producteur CSR ; confiance : confirmé ; coordonnées : Géorisques AIOT 0007000662";https://www.enerzine.com/a-blaringhem-baudelet-double-sa-production-de-combustible-de-recuperation/191548-2026-07
HDF4;site;SYMEVAD - centre TVME;50.4207;2.9516;"producteur CSR ; confiance : confirmé ; coordonnées : Géorisques AIOT 0007005848";https://amorce.asso.fr/publications/etat-de-lieux-national-des-unites-de-preparation-de-combustibles-solides-de-recuperation-dt126/download
HDF5;site;Vanheede Environnement;50.5238;2.8581;"producteur CSR ; confiance : confirmé ; coordonnées : Géorisques AIOT 0007005009";https://www.sinoe.org/index.php/fiche_service/index/id/119606/prov/fiche
NOR1;site;Suez - site Trinergy (préparation biomasse/CSR);49.4639;0.2468;"producteur CSR ; confiance : confirmé ; coordonnées : Géorisques AIOT 0100000861";https://www.georisques.gouv.fr/webappReport/ws/installations/document/Mg37EIjx9xXYbHd4Fy1rytnHLZpkWnc8
NOR2;site;Veolia Propreté Nord Normandie;49.3424;1.0957;"producteur CSR ; confiance : confirmé ; coordonnées : Nominatim : centre de la commune d'Oissel (APPROXIMATIF, site non localisé)";https://amorce.asso.fr/publications/etat-de-lieux-national-des-unites-de-preparation-de-combustibles-solides-de-recuperation-dt126/download
NOR3;site;NPC - Négoce Papiers Cartons;49.3139;1.1875;"producteur CSR ; confiance : confirmé ; coordonnées : Géorisques AIOT 0005800832";https://www.mrae.developpement-durable.gouv.fr/IMG/pdf/a_2025_6034_npc_alizay_delibere-2.pdf
CVL1;site;Cap Recyclage 41 (groupe Chavigny);47.6983;0.9979;"producteur CSR ; confiance : confirmé ; coordonnées : Géorisques AIOT 0010011716";https://www.centre-valdeloire.fr/sites/default/files/media/document/2023-10/Donn%C3%A9es%202019_CSR_Rapport.pdf
CVL2;site;Coved (Paprec) Chanceaux-près-Loches;47.1376;0.956;"producteur CSR ; confiance : confirmé ; coordonnées : Géorisques AIOT 0010003902";https://www.centre-valdeloire.fr/sites/default/files/media/document/2023-10/Donn%C3%A9es%202019_CSR_Rapport.pdf
CVL3;site;Veolia SOCCOIM Chaingy - unité de préparation CSR;47.8818;1.802;"producteur CSR ; confiance : confirmé (projet) ; coordonnées : Géorisques AIOT 0010001608";https://www.centre-valdeloire.fr/sites/default/files/media/document/2023-10/Donn%C3%A9es%202019_CSR_Rapport.pdf
GE1;site;Machaon SAS;48.9705;4.3548;"producteur CSR ; confiance : confirmé ; coordonnées : Géorisques AIOT 0005704963";https://www.marne.gouv.fr/contenu/telechargement/34890/216949/file/Annexe%20suppl%C3%A9mentaire%20Porter%20%C3%A0%20Connaissance%20MACHAON%202eme%20dechiqueteur.pdf
BFC1;site;Bourgogne Recyclage - site de Beaune;47.0043;4.9211;"producteur CSR ; confiance : confirmé ; coordonnées : SINOE open data (type 08D), coordonnées SINOE";https://amorce.asso.fr/publications/etat-de-lieux-national-des-unites-de-preparation-de-combustibles-solides-de-recuperation-dt126/download
G-060+000;grille;Grille -60 km est / +0 km nord de Vitry;48.7875;1.59733;"pas 5 km ; 60 km de Vitry à vol d'oiseau";Grille régulière, config_collecte.json > grille
G-055-020;grille;Grille -55 km est / -20 km nord de Vitry;48.60657;1.6655;"pas 5 km ; 59 km de Vitry à vol d'oiseau";Grille régulière, config_collecte.json > grille
G-055-015;grille;Grille -55 km est / -15 km nord de Vitry;48.6518;1.6655;"pas 5 km ; 57 km de Vitry à vol d'oiseau";Grille régulière, config_collecte.json > grille
G-055-010;grille;Grille -55 km est / -10 km nord de Vitry;48.69704;1.6655;"pas 5 km ; 56 km de Vitry à vol d'oiseau";Grille régulière, config_collecte.json > grille
G-055-005;grille;Grille -55 km est / -5 km nord de Vitry;48.74227;1.6655;"pas 5 km ; 55 km de Vitry à vol d'oiseau";Grille régulière, config_collecte.json > grille
G-055+000;grille;Grille -55 km est / +0 km nord de Vitry;48.7875;1.6655;"pas 5 km ; 55 km de Vitry à vol d'oiseau";Grille régulière, config_collecte.json > grille
G-055+005;grille;Grille -55 km est / +5 km nord de Vitry;48.83273;1.6655;"pas 5 km ; 55 km de Vitry à vol d'oiseau";Grille régulière, config_collecte.json > grille
G-055+010;grille;Grille -55 km est / +10 km nord de Vitry;48.87796;1.6655;"pas 5 km ; 56 km de Vitry à vol d'oiseau";Grille régulière, config_collecte.json > grille
G-055+015;grille;Grille -55 km est / +15 km nord de Vitry;48.9232;1.6655;"pas 5 km ; 57 km de Vitry à vol d'oiseau";Grille régulière, config_collecte.json > grille
G-055+020;grille;Grille -55 km est / +20 km nord de Vitry;48.96843;1.6655;"pas 5 km ; 59 km de Vitry à vol d'oiseau";Grille régulière, config_collecte.json > grille
G-050-030;grille;Grille -50 km est / -30 km nord de Vitry;48.51611;1.73368;"pas 5 km ; 58 km de Vitry à vol d'oiseau";Grille régulière, config_collecte.json > grille
G-050-025;grille;Grille -50 km est / -25 km nord de Vitry;48.56134;1.73368;"pas 5 km ; 56 km de Vitry à vol d'oiseau";Grille régulière, config_collecte.json > grille
G-050-020;grille;Grille -50 km est / -20 km nord de Vitry;48.60657;1.73368;"pas 5 km ; 54 km de Vitry à vol d'oiseau";Grille régulière, config_collecte.json > grille
G-050-015;grille;Grille -50 km est / -15 km nord de Vitry;48.6518;1.73368;"pas 5 km ; 52 km de Vitry à vol d'oiseau";Grille régulière, config_collecte.json > grille
G-050-010;grille;Grille -50 km est / -10 km nord de Vitry;48.69704;1.73368;"pas 5 km ; 51 km de Vitry à vol d'oiseau";Grille régulière, config_collecte.json > grille
G-050-005;grille;Grille -50 km est / -5 km nord de Vitry;48.74227;1.73368;"pas 5 km ; 50 km de Vitry à vol d'oiseau";Grille régulière, config_collecte.json > grille
G-050+000;grille;Grille -50 km est / +0 km nord de Vitry;48.7875;1.73368;"pas 5 km ; 50 km de Vitry à vol d'oiseau";Grille régulière, config_collecte.json > grille
G-050+005;grille;Grille -50 km est / +5 km nord de Vitry;48.83273;1.73368;"pas 5 km ; 50 km de Vitry à vol d'oiseau";Grille régulière, config_collecte.json > grille
G-050+010;grille;Grille -50 km est / +10 km nord de Vitry;48.87796;1.73368;"pas 5 km ; 51 km de Vitry à vol d'oiseau";Grille régulière, config_collecte.json > grille
G-050+015;grille;Grille -50 km est / +15 km nord de Vitry;48.9232;1.73368;"pas 5 km ; 52 km de Vitry à vol d'oiseau";Grille régulière, config_collecte.json > grille
G-050+020;grille;Grille -50 km est / +20 km nord de Vitry;48.96843;1.73368;"pas 5 km ; 54 km de Vitry à vol d'oiseau";Grille régulière, config_collecte.json > grille
G-050+025;grille;Grille -50 km est / +25 km nord de Vitry;49.01366;1.73368;"pas 5 km ; 56 km de Vitry à vol d'oiseau";Grille régulière, config_collecte.json > grille
G-050+030;grille;Grille -50 km est / +30 km nord de Vitry;49.05889;1.73368;"pas 5 km ; 58 km de Vitry à vol d'oiseau";Grille régulière, config_collecte.json > grille
G-045-035;grille;Grille -45 km est / -35 km nord de Vitry;48.47087;1.80185;"pas 5 km ; 57 km de Vitry à vol d'oiseau";Grille régulière, config_collecte.json > grille
G-045-030;grille;Grille -45 km est / -30 km nord de Vitry;48.51611;1.80185;"pas 5 km ; 54 km de Vitry à vol d'oiseau";Grille régulière, config_collecte.json > grille
G-045-025;grille;Grille -45 km est / -25 km nord de Vitry;48.56134;1.80185;"pas 5 km ; 51 km de Vitry à vol d'oiseau";Grille régulière, config_collecte.json > grille
G-045-020;grille;Grille -45 km est / -20 km nord de Vitry;48.60657;1.80185;"pas 5 km ; 49 km de Vitry à vol d'oiseau";Grille régulière, config_collecte.json > grille
G-045-015;grille;Grille -45 km est / -15 km nord de Vitry;48.6518;1.80185;"pas 5 km ; 47 km de Vitry à vol d'oiseau";Grille régulière, config_collecte.json > grille
G-045-010;grille;Grille -45 km est / -10 km nord de Vitry;48.69704;1.80185;"pas 5 km ; 46 km de Vitry à vol d'oiseau";Grille régulière, config_collecte.json > grille
G-045-005;grille;Grille -45 km est / -5 km nord de Vitry;48.74227;1.80185;"pas 5 km ; 45 km de Vitry à vol d'oiseau";Grille régulière, config_collecte.json > grille
G-045+000;grille;Grille -45 km est / +0 km nord de Vitry;48.7875;1.80185;"pas 5 km ; 45 km de Vitry à vol d'oiseau";Grille régulière, config_collecte.json > grille
G-045+005;grille;Grille -45 km est / +5 km nord de Vitry;48.83273;1.80185;"pas 5 km ; 45 km de Vitry à vol d'oiseau";Grille régulière, config_collecte.json > grille
G-045+010;grille;Grille -45 km est / +10 km nord de Vitry;48.87796;1.80185;"pas 5 km ; 46 km de Vitry à vol d'oiseau";Grille régulière, config_collecte.json > grille
G-045+015;grille;Grille -45 km est / +15 km nord de Vitry;48.9232;1.80185;"pas 5 km ; 47 km de Vitry à vol d'oiseau";Grille régulière, config_collecte.json > grille
G-045+020;grille;Grille -45 km est / +20 km nord de Vitry;48.96843;1.80185;"pas 5 km ; 49 km de Vitry à vol d'oiseau";Grille régulière, config_collecte.json > grille
G-045+025;grille;Grille -45 km est / +25 km nord de Vitry;49.01366;1.80185;"pas 5 km ; 51 km de Vitry à vol d'oiseau";Grille régulière, config_collecte.json > grille
G-045+030;grille;Grille -45 km est / +30 km nord de Vitry;49.05889;1.80185;"pas 5 km ; 54 km de Vitry à vol d'oiseau";Grille régulière, config_collecte.json > grille
G-045+035;grille;Grille -45 km est / +35 km nord de Vitry;49.10413;1.80185;"pas 5 km ; 57 km de Vitry à vol d'oiseau";Grille régulière, config_collecte.json > grille
G-040-040;grille;Grille -40 km est / -40 km nord de Vitry;48.42564;1.87002;"pas 5 km ; 57 km de Vitry à vol d'oiseau";Grille régulière, config_collecte.json > grille
G-040-035;grille;Grille -40 km est / -35 km nord de Vitry;48.47087;1.87002;"pas 5 km ; 53 km de Vitry à vol d'oiseau";Grille régulière, config_collecte.json > grille
G-040-030;grille;Grille -40 km est / -30 km nord de Vitry;48.51611;1.87002;"pas 5 km ; 50 km de Vitry à vol d'oiseau";Grille régulière, config_collecte.json > grille
G-040-025;grille;Grille -40 km est / -25 km nord de Vitry;48.56134;1.87002;"pas 5 km ; 47 km de Vitry à vol d'oiseau";Grille régulière, config_collecte.json > grille
G-040-020;grille;Grille -40 km est / -20 km nord de Vitry;48.60657;1.87002;"pas 5 km ; 45 km de Vitry à vol d'oiseau";Grille régulière, config_collecte.json > grille
G-040-015;grille;Grille -40 km est / -15 km nord de Vitry;48.6518;1.87002;"pas 5 km ; 43 km de Vitry à vol d'oiseau";Grille régulière, config_collecte.json > grille
G-040-010;grille;Grille -40 km est / -10 km nord de Vitry;48.69704;1.87002;"pas 5 km ; 41 km de Vitry à vol d'oiseau";Grille régulière, config_collecte.json > grille
G-040-005;grille;Grille -40 km est / -5 km nord de Vitry;48.74227;1.87002;"pas 5 km ; 40 km de Vitry à vol d'oiseau";Grille régulière, config_collecte.json > grille
G-040+000;grille;Grille -40 km est / +0 km nord de Vitry;48.7875;1.87002;"pas 5 km ; 40 km de Vitry à vol d'oiseau";Grille régulière, config_collecte.json > grille
G-040+005;grille;Grille -40 km est / +5 km nord de Vitry;48.83273;1.87002;"pas 5 km ; 40 km de Vitry à vol d'oiseau";Grille régulière, config_collecte.json > grille
G-040+010;grille;Grille -40 km est / +10 km nord de Vitry;48.87796;1.87002;"pas 5 km ; 41 km de Vitry à vol d'oiseau";Grille régulière, config_collecte.json > grille
G-040+015;grille;Grille -40 km est / +15 km nord de Vitry;48.9232;1.87002;"pas 5 km ; 43 km de Vitry à vol d'oiseau";Grille régulière, config_collecte.json > grille
G-040+020;grille;Grille -40 km est / +20 km nord de Vitry;48.96843;1.87002;"pas 5 km ; 45 km de Vitry à vol d'oiseau";Grille régulière, config_collecte.json > grille
G-040+025;grille;Grille -40 km est / +25 km nord de Vitry;49.01366;1.87002;"pas 5 km ; 47 km de Vitry à vol d'oiseau";Grille régulière, config_collecte.json > grille
G-040+030;grille;Grille -40 km est / +30 km nord de Vitry;49.05889;1.87002;"pas 5 km ; 50 km de Vitry à vol d'oiseau";Grille régulière, config_collecte.json > grille
G-040+035;grille;Grille -40 km est / +35 km nord de Vitry;49.10413;1.87002;"pas 5 km ; 53 km de Vitry à vol d'oiseau";Grille régulière, config_collecte.json > grille
G-040+040;grille;Grille -40 km est / +40 km nord de Vitry;49.14936;1.87002;"pas 5 km ; 57 km de Vitry à vol d'oiseau";Grille régulière, config_collecte.json > grille
G-035-045;grille;Grille -35 km est / -45 km nord de Vitry;48.38041;1.93819;"pas 5 km ; 57 km de Vitry à vol d'oiseau";Grille régulière, config_collecte.json > grille
G-035-040;grille;Grille -35 km est / -40 km nord de Vitry;48.42564;1.93819;"pas 5 km ; 53 km de Vitry à vol d'oiseau";Grille régulière, config_collecte.json > grille
G-035-035;grille;Grille -35 km est / -35 km nord de Vitry;48.47087;1.93819;"pas 5 km ; 49 km de Vitry à vol d'oiseau";Grille régulière, config_collecte.json > grille
G-035-030;grille;Grille -35 km est / -30 km nord de Vitry;48.51611;1.93819;"pas 5 km ; 46 km de Vitry à vol d'oiseau";Grille régulière, config_collecte.json > grille
G-035-025;grille;Grille -35 km est / -25 km nord de Vitry;48.56134;1.93819;"pas 5 km ; 43 km de Vitry à vol d'oiseau";Grille régulière, config_collecte.json > grille
G-035-020;grille;Grille -35 km est / -20 km nord de Vitry;48.60657;1.93819;"pas 5 km ; 40 km de Vitry à vol d'oiseau";Grille régulière, config_collecte.json > grille
G-035-015;grille;Grille -35 km est / -15 km nord de Vitry;48.6518;1.93819;"pas 5 km ; 38 km de Vitry à vol d'oiseau";Grille régulière, config_collecte.json > grille
G-035-010;grille;Grille -35 km est / -10 km nord de Vitry;48.69704;1.93819;"pas 5 km ; 36 km de Vitry à vol d'oiseau";Grille régulière, config_collecte.json > grille
G-035-005;grille;Grille -35 km est / -5 km nord de Vitry;48.74227;1.93819;"pas 5 km ; 35 km de Vitry à vol d'oiseau";Grille régulière, config_collecte.json > grille
G-035+000;grille;Grille -35 km est / +0 km nord de Vitry;48.7875;1.93819;"pas 5 km ; 35 km de Vitry à vol d'oiseau";Grille régulière, config_collecte.json > grille
G-035+005;grille;Grille -35 km est / +5 km nord de Vitry;48.83273;1.93819;"pas 5 km ; 35 km de Vitry à vol d'oiseau";Grille régulière, config_collecte.json > grille
G-035+010;grille;Grille -35 km est / +10 km nord de Vitry;48.87796;1.93819;"pas 5 km ; 36 km de Vitry à vol d'oiseau";Grille régulière, config_collecte.json > grille
G-035+015;grille;Grille -35 km est / +15 km nord de Vitry;48.9232;1.93819;"pas 5 km ; 38 km de Vitry à vol d'oiseau";Grille régulière, config_collecte.json > grille
G-035+020;grille;Grille -35 km est / +20 km nord de Vitry;48.96843;1.93819;"pas 5 km ; 40 km de Vitry à vol d'oiseau";Grille régulière, config_collecte.json > grille
G-035+025;grille;Grille -35 km est / +25 km nord de Vitry;49.01366;1.93819;"pas 5 km ; 43 km de Vitry à vol d'oiseau";Grille régulière, config_collecte.json > grille
G-035+030;grille;Grille -35 km est / +30 km nord de Vitry;49.05889;1.93819;"pas 5 km ; 46 km de Vitry à vol d'oiseau";Grille régulière, config_collecte.json > grille
G-035+035;grille;Grille -35 km est / +35 km nord de Vitry;49.10413;1.93819;"pas 5 km ; 49 km de Vitry à vol d'oiseau";Grille régulière, config_collecte.json > grille
G-035+040;grille;Grille -35 km est / +40 km nord de Vitry;49.14936;1.93819;"pas 5 km ; 53 km de Vitry à vol d'oiseau";Grille régulière, config_collecte.json > grille
G-035+045;grille;Grille -35 km est / +45 km nord de Vitry;49.19459;1.93819;"pas 5 km ; 57 km de Vitry à vol d'oiseau";Grille régulière, config_collecte.json > grille
G-030-050;grille;Grille -30 km est / -50 km nord de Vitry;48.33518;2.00637;"pas 5 km ; 58 km de Vitry à vol d'oiseau";Grille régulière, config_collecte.json > grille
G-030-045;grille;Grille -30 km est / -45 km nord de Vitry;48.38041;2.00637;"pas 5 km ; 54 km de Vitry à vol d'oiseau";Grille régulière, config_collecte.json > grille
G-030-040;grille;Grille -30 km est / -40 km nord de Vitry;48.42564;2.00637;"pas 5 km ; 50 km de Vitry à vol d'oiseau";Grille régulière, config_collecte.json > grille
G-030-035;grille;Grille -30 km est / -35 km nord de Vitry;48.47087;2.00637;"pas 5 km ; 46 km de Vitry à vol d'oiseau";Grille régulière, config_collecte.json > grille
G-030-030;grille;Grille -30 km est / -30 km nord de Vitry;48.51611;2.00637;"pas 5 km ; 42 km de Vitry à vol d'oiseau";Grille régulière, config_collecte.json > grille
G-030-025;grille;Grille -30 km est / -25 km nord de Vitry;48.56134;2.00637;"pas 5 km ; 39 km de Vitry à vol d'oiseau";Grille régulière, config_collecte.json > grille
G-030-020;grille;Grille -30 km est / -20 km nord de Vitry;48.60657;2.00637;"pas 5 km ; 36 km de Vitry à vol d'oiseau";Grille régulière, config_collecte.json > grille
G-030-015;grille;Grille -30 km est / -15 km nord de Vitry;48.6518;2.00637;"pas 5 km ; 34 km de Vitry à vol d'oiseau";Grille régulière, config_collecte.json > grille
G-030-010;grille;Grille -30 km est / -10 km nord de Vitry;48.69704;2.00637;"pas 5 km ; 32 km de Vitry à vol d'oiseau";Grille régulière, config_collecte.json > grille
G-030-005;grille;Grille -30 km est / -5 km nord de Vitry;48.74227;2.00637;"pas 5 km ; 30 km de Vitry à vol d'oiseau";Grille régulière, config_collecte.json > grille
G-030+000;grille;Grille -30 km est / +0 km nord de Vitry;48.7875;2.00637;"pas 5 km ; 30 km de Vitry à vol d'oiseau";Grille régulière, config_collecte.json > grille
G-030+005;grille;Grille -30 km est / +5 km nord de Vitry;48.83273;2.00637;"pas 5 km ; 30 km de Vitry à vol d'oiseau";Grille régulière, config_collecte.json > grille
G-030+010;grille;Grille -30 km est / +10 km nord de Vitry;48.87796;2.00637;"pas 5 km ; 32 km de Vitry à vol d'oiseau";Grille régulière, config_collecte.json > grille
G-030+015;grille;Grille -30 km est / +15 km nord de Vitry;48.9232;2.00637;"pas 5 km ; 34 km de Vitry à vol d'oiseau";Grille régulière, config_collecte.json > grille
G-030+020;grille;Grille -30 km est / +20 km nord de Vitry;48.96843;2.00637;"pas 5 km ; 36 km de Vitry à vol d'oiseau";Grille régulière, config_collecte.json > grille
G-030+025;grille;Grille -30 km est / +25 km nord de Vitry;49.01366;2.00637;"pas 5 km ; 39 km de Vitry à vol d'oiseau";Grille régulière, config_collecte.json > grille
G-030+030;grille;Grille -30 km est / +30 km nord de Vitry;49.05889;2.00637;"pas 5 km ; 42 km de Vitry à vol d'oiseau";Grille régulière, config_collecte.json > grille
G-030+035;grille;Grille -30 km est / +35 km nord de Vitry;49.10413;2.00637;"pas 5 km ; 46 km de Vitry à vol d'oiseau";Grille régulière, config_collecte.json > grille
G-030+040;grille;Grille -30 km est / +40 km nord de Vitry;49.14936;2.00637;"pas 5 km ; 50 km de Vitry à vol d'oiseau";Grille régulière, config_collecte.json > grille
G-030+045;grille;Grille -30 km est / +45 km nord de Vitry;49.19459;2.00637;"pas 5 km ; 54 km de Vitry à vol d'oiseau";Grille régulière, config_collecte.json > grille
G-030+050;grille;Grille -30 km est / +50 km nord de Vitry;49.23982;2.00637;"pas 5 km ; 58 km de Vitry à vol d'oiseau";Grille régulière, config_collecte.json > grille
G-025-050;grille;Grille -25 km est / -50 km nord de Vitry;48.33518;2.07454;"pas 5 km ; 56 km de Vitry à vol d'oiseau";Grille régulière, config_collecte.json > grille
G-025-045;grille;Grille -25 km est / -45 km nord de Vitry;48.38041;2.07454;"pas 5 km ; 51 km de Vitry à vol d'oiseau";Grille régulière, config_collecte.json > grille
G-025-040;grille;Grille -25 km est / -40 km nord de Vitry;48.42564;2.07454;"pas 5 km ; 47 km de Vitry à vol d'oiseau";Grille régulière, config_collecte.json > grille
G-025-035;grille;Grille -25 km est / -35 km nord de Vitry;48.47087;2.07454;"pas 5 km ; 43 km de Vitry à vol d'oiseau";Grille régulière, config_collecte.json > grille
G-025-030;grille;Grille -25 km est / -30 km nord de Vitry;48.51611;2.07454;"pas 5 km ; 39 km de Vitry à vol d'oiseau";Grille régulière, config_collecte.json > grille
G-025-025;grille;Grille -25 km est / -25 km nord de Vitry;48.56134;2.07454;"pas 5 km ; 35 km de Vitry à vol d'oiseau";Grille régulière, config_collecte.json > grille
G-025-020;grille;Grille -25 km est / -20 km nord de Vitry;48.60657;2.07454;"pas 5 km ; 32 km de Vitry à vol d'oiseau";Grille régulière, config_collecte.json > grille
G-025-015;grille;Grille -25 km est / -15 km nord de Vitry;48.6518;2.07454;"pas 5 km ; 29 km de Vitry à vol d'oiseau";Grille régulière, config_collecte.json > grille
G-025-010;grille;Grille -25 km est / -10 km nord de Vitry;48.69704;2.07454;"pas 5 km ; 27 km de Vitry à vol d'oiseau";Grille régulière, config_collecte.json > grille
G-025-005;grille;Grille -25 km est / -5 km nord de Vitry;48.74227;2.07454;"pas 5 km ; 25 km de Vitry à vol d'oiseau";Grille régulière, config_collecte.json > grille
G-025+000;grille;Grille -25 km est / +0 km nord de Vitry;48.7875;2.07454;"pas 5 km ; 25 km de Vitry à vol d'oiseau";Grille régulière, config_collecte.json > grille
G-025+005;grille;Grille -25 km est / +5 km nord de Vitry;48.83273;2.07454;"pas 5 km ; 25 km de Vitry à vol d'oiseau";Grille régulière, config_collecte.json > grille
G-025+010;grille;Grille -25 km est / +10 km nord de Vitry;48.87796;2.07454;"pas 5 km ; 27 km de Vitry à vol d'oiseau";Grille régulière, config_collecte.json > grille
G-025+015;grille;Grille -25 km est / +15 km nord de Vitry;48.9232;2.07454;"pas 5 km ; 29 km de Vitry à vol d'oiseau";Grille régulière, config_collecte.json > grille
G-025+020;grille;Grille -25 km est / +20 km nord de Vitry;48.96843;2.07454;"pas 5 km ; 32 km de Vitry à vol d'oiseau";Grille régulière, config_collecte.json > grille
G-025+025;grille;Grille -25 km est / +25 km nord de Vitry;49.01366;2.07454;"pas 5 km ; 35 km de Vitry à vol d'oiseau";Grille régulière, config_collecte.json > grille
G-025+030;grille;Grille -25 km est / +30 km nord de Vitry;49.05889;2.07454;"pas 5 km ; 39 km de Vitry à vol d'oiseau";Grille régulière, config_collecte.json > grille
G-025+035;grille;Grille -25 km est / +35 km nord de Vitry;49.10413;2.07454;"pas 5 km ; 43 km de Vitry à vol d'oiseau";Grille régulière, config_collecte.json > grille
G-025+040;grille;Grille -25 km est / +40 km nord de Vitry;49.14936;2.07454;"pas 5 km ; 47 km de Vitry à vol d'oiseau";Grille régulière, config_collecte.json > grille
G-025+045;grille;Grille -25 km est / +45 km nord de Vitry;49.19459;2.07454;"pas 5 km ; 51 km de Vitry à vol d'oiseau";Grille régulière, config_collecte.json > grille
G-025+050;grille;Grille -25 km est / +50 km nord de Vitry;49.23982;2.07454;"pas 5 km ; 56 km de Vitry à vol d'oiseau";Grille régulière, config_collecte.json > grille
G-020-055;grille;Grille -20 km est / -55 km nord de Vitry;48.28994;2.14271;"pas 5 km ; 59 km de Vitry à vol d'oiseau";Grille régulière, config_collecte.json > grille
G-020-050;grille;Grille -20 km est / -50 km nord de Vitry;48.33518;2.14271;"pas 5 km ; 54 km de Vitry à vol d'oiseau";Grille régulière, config_collecte.json > grille
G-020-045;grille;Grille -20 km est / -45 km nord de Vitry;48.38041;2.14271;"pas 5 km ; 49 km de Vitry à vol d'oiseau";Grille régulière, config_collecte.json > grille
G-020-040;grille;Grille -20 km est / -40 km nord de Vitry;48.42564;2.14271;"pas 5 km ; 45 km de Vitry à vol d'oiseau";Grille régulière, config_collecte.json > grille
G-020-035;grille;Grille -20 km est / -35 km nord de Vitry;48.47087;2.14271;"pas 5 km ; 40 km de Vitry à vol d'oiseau";Grille régulière, config_collecte.json > grille
G-020-030;grille;Grille -20 km est / -30 km nord de Vitry;48.51611;2.14271;"pas 5 km ; 36 km de Vitry à vol d'oiseau";Grille régulière, config_collecte.json > grille
G-020-025;grille;Grille -20 km est / -25 km nord de Vitry;48.56134;2.14271;"pas 5 km ; 32 km de Vitry à vol d'oiseau";Grille régulière, config_collecte.json > grille
G-020-020;grille;Grille -20 km est / -20 km nord de Vitry;48.60657;2.14271;"pas 5 km ; 28 km de Vitry à vol d'oiseau";Grille régulière, config_collecte.json > grille
G-020-015;grille;Grille -20 km est / -15 km nord de Vitry;48.6518;2.14271;"pas 5 km ; 25 km de Vitry à vol d'oiseau";Grille régulière, config_collecte.json > grille
G-020-010;grille;Grille -20 km est / -10 km nord de Vitry;48.69704;2.14271;"pas 5 km ; 22 km de Vitry à vol d'oiseau";Grille régulière, config_collecte.json > grille
G-020-005;grille;Grille -20 km est / -5 km nord de Vitry;48.74227;2.14271;"pas 5 km ; 21 km de Vitry à vol d'oiseau";Grille régulière, config_collecte.json > grille
G-020+000;grille;Grille -20 km est / +0 km nord de Vitry;48.7875;2.14271;"pas 5 km ; 20 km de Vitry à vol d'oiseau";Grille régulière, config_collecte.json > grille
G-020+005;grille;Grille -20 km est / +5 km nord de Vitry;48.83273;2.14271;"pas 5 km ; 21 km de Vitry à vol d'oiseau";Grille régulière, config_collecte.json > grille
G-020+010;grille;Grille -20 km est / +10 km nord de Vitry;48.87796;2.14271;"pas 5 km ; 22 km de Vitry à vol d'oiseau";Grille régulière, config_collecte.json > grille
G-020+015;grille;Grille -20 km est / +15 km nord de Vitry;48.9232;2.14271;"pas 5 km ; 25 km de Vitry à vol d'oiseau";Grille régulière, config_collecte.json > grille
G-020+020;grille;Grille -20 km est / +20 km nord de Vitry;48.96843;2.14271;"pas 5 km ; 28 km de Vitry à vol d'oiseau";Grille régulière, config_collecte.json > grille
G-020+025;grille;Grille -20 km est / +25 km nord de Vitry;49.01366;2.14271;"pas 5 km ; 32 km de Vitry à vol d'oiseau";Grille régulière, config_collecte.json > grille
G-020+030;grille;Grille -20 km est / +30 km nord de Vitry;49.05889;2.14271;"pas 5 km ; 36 km de Vitry à vol d'oiseau";Grille régulière, config_collecte.json > grille
G-020+035;grille;Grille -20 km est / +35 km nord de Vitry;49.10413;2.14271;"pas 5 km ; 40 km de Vitry à vol d'oiseau";Grille régulière, config_collecte.json > grille
G-020+040;grille;Grille -20 km est / +40 km nord de Vitry;49.14936;2.14271;"pas 5 km ; 45 km de Vitry à vol d'oiseau";Grille régulière, config_collecte.json > grille
G-020+045;grille;Grille -20 km est / +45 km nord de Vitry;49.19459;2.14271;"pas 5 km ; 49 km de Vitry à vol d'oiseau";Grille régulière, config_collecte.json > grille
G-020+050;grille;Grille -20 km est / +50 km nord de Vitry;49.23982;2.14271;"pas 5 km ; 54 km de Vitry à vol d'oiseau";Grille régulière, config_collecte.json > grille
G-020+055;grille;Grille -20 km est / +55 km nord de Vitry;49.28506;2.14271;"pas 5 km ; 59 km de Vitry à vol d'oiseau";Grille régulière, config_collecte.json > grille
G-015-055;grille;Grille -15 km est / -55 km nord de Vitry;48.28994;2.21088;"pas 5 km ; 57 km de Vitry à vol d'oiseau";Grille régulière, config_collecte.json > grille
G-015-050;grille;Grille -15 km est / -50 km nord de Vitry;48.33518;2.21088;"pas 5 km ; 52 km de Vitry à vol d'oiseau";Grille régulière, config_collecte.json > grille
G-015-045;grille;Grille -15 km est / -45 km nord de Vitry;48.38041;2.21088;"pas 5 km ; 47 km de Vitry à vol d'oiseau";Grille régulière, config_collecte.json > grille
G-015-040;grille;Grille -15 km est / -40 km nord de Vitry;48.42564;2.21088;"pas 5 km ; 43 km de Vitry à vol d'oiseau";Grille régulière, config_collecte.json > grille
G-015-035;grille;Grille -15 km est / -35 km nord de Vitry;48.47087;2.21088;"pas 5 km ; 38 km de Vitry à vol d'oiseau";Grille régulière, config_collecte.json > grille
G-015-030;grille;Grille -15 km est / -30 km nord de Vitry;48.51611;2.21088;"pas 5 km ; 34 km de Vitry à vol d'oiseau";Grille régulière, config_collecte.json > grille
G-015-025;grille;Grille -15 km est / -25 km nord de Vitry;48.56134;2.21088;"pas 5 km ; 29 km de Vitry à vol d'oiseau";Grille régulière, config_collecte.json > grille
G-015-020;grille;Grille -15 km est / -20 km nord de Vitry;48.60657;2.21088;"pas 5 km ; 25 km de Vitry à vol d'oiseau";Grille régulière, config_collecte.json > grille
G-015-015;grille;Grille -15 km est / -15 km nord de Vitry;48.6518;2.21088;"pas 5 km ; 21 km de Vitry à vol d'oiseau";Grille régulière, config_collecte.json > grille
G-015-010;grille;Grille -15 km est / -10 km nord de Vitry;48.69704;2.21088;"pas 5 km ; 18 km de Vitry à vol d'oiseau";Grille régulière, config_collecte.json > grille
G-015-005;grille;Grille -15 km est / -5 km nord de Vitry;48.74227;2.21088;"pas 5 km ; 16 km de Vitry à vol d'oiseau";Grille régulière, config_collecte.json > grille
G-015+000;grille;Grille -15 km est / +0 km nord de Vitry;48.7875;2.21088;"pas 5 km ; 15 km de Vitry à vol d'oiseau";Grille régulière, config_collecte.json > grille
G-015+005;grille;Grille -15 km est / +5 km nord de Vitry;48.83273;2.21088;"pas 5 km ; 16 km de Vitry à vol d'oiseau";Grille régulière, config_collecte.json > grille
G-015+010;grille;Grille -15 km est / +10 km nord de Vitry;48.87796;2.21088;"pas 5 km ; 18 km de Vitry à vol d'oiseau";Grille régulière, config_collecte.json > grille
G-015+015;grille;Grille -15 km est / +15 km nord de Vitry;48.9232;2.21088;"pas 5 km ; 21 km de Vitry à vol d'oiseau";Grille régulière, config_collecte.json > grille
G-015+020;grille;Grille -15 km est / +20 km nord de Vitry;48.96843;2.21088;"pas 5 km ; 25 km de Vitry à vol d'oiseau";Grille régulière, config_collecte.json > grille
G-015+025;grille;Grille -15 km est / +25 km nord de Vitry;49.01366;2.21088;"pas 5 km ; 29 km de Vitry à vol d'oiseau";Grille régulière, config_collecte.json > grille
G-015+030;grille;Grille -15 km est / +30 km nord de Vitry;49.05889;2.21088;"pas 5 km ; 34 km de Vitry à vol d'oiseau";Grille régulière, config_collecte.json > grille
G-015+035;grille;Grille -15 km est / +35 km nord de Vitry;49.10413;2.21088;"pas 5 km ; 38 km de Vitry à vol d'oiseau";Grille régulière, config_collecte.json > grille
G-015+040;grille;Grille -15 km est / +40 km nord de Vitry;49.14936;2.21088;"pas 5 km ; 43 km de Vitry à vol d'oiseau";Grille régulière, config_collecte.json > grille
G-015+045;grille;Grille -15 km est / +45 km nord de Vitry;49.19459;2.21088;"pas 5 km ; 47 km de Vitry à vol d'oiseau";Grille régulière, config_collecte.json > grille
G-015+050;grille;Grille -15 km est / +50 km nord de Vitry;49.23982;2.21088;"pas 5 km ; 52 km de Vitry à vol d'oiseau";Grille régulière, config_collecte.json > grille
G-015+055;grille;Grille -15 km est / +55 km nord de Vitry;49.28506;2.21088;"pas 5 km ; 57 km de Vitry à vol d'oiseau";Grille régulière, config_collecte.json > grille
G-010-055;grille;Grille -10 km est / -55 km nord de Vitry;48.28994;2.27906;"pas 5 km ; 56 km de Vitry à vol d'oiseau";Grille régulière, config_collecte.json > grille
G-010-050;grille;Grille -10 km est / -50 km nord de Vitry;48.33518;2.27906;"pas 5 km ; 51 km de Vitry à vol d'oiseau";Grille régulière, config_collecte.json > grille
G-010-045;grille;Grille -10 km est / -45 km nord de Vitry;48.38041;2.27906;"pas 5 km ; 46 km de Vitry à vol d'oiseau";Grille régulière, config_collecte.json > grille
G-010-040;grille;Grille -10 km est / -40 km nord de Vitry;48.42564;2.27906;"pas 5 km ; 41 km de Vitry à vol d'oiseau";Grille régulière, config_collecte.json > grille
G-010-035;grille;Grille -10 km est / -35 km nord de Vitry;48.47087;2.27906;"pas 5 km ; 36 km de Vitry à vol d'oiseau";Grille régulière, config_collecte.json > grille
G-010-030;grille;Grille -10 km est / -30 km nord de Vitry;48.51611;2.27906;"pas 5 km ; 32 km de Vitry à vol d'oiseau";Grille régulière, config_collecte.json > grille
G-010-025;grille;Grille -10 km est / -25 km nord de Vitry;48.56134;2.27906;"pas 5 km ; 27 km de Vitry à vol d'oiseau";Grille régulière, config_collecte.json > grille
G-010-020;grille;Grille -10 km est / -20 km nord de Vitry;48.60657;2.27906;"pas 5 km ; 22 km de Vitry à vol d'oiseau";Grille régulière, config_collecte.json > grille
G-010-015;grille;Grille -10 km est / -15 km nord de Vitry;48.6518;2.27906;"pas 5 km ; 18 km de Vitry à vol d'oiseau";Grille régulière, config_collecte.json > grille
G-010-010;grille;Grille -10 km est / -10 km nord de Vitry;48.69704;2.27906;"pas 5 km ; 14 km de Vitry à vol d'oiseau";Grille régulière, config_collecte.json > grille
G-010-005;grille;Grille -10 km est / -5 km nord de Vitry;48.74227;2.27906;"pas 5 km ; 11 km de Vitry à vol d'oiseau";Grille régulière, config_collecte.json > grille
G-010+000;grille;Grille -10 km est / +0 km nord de Vitry;48.7875;2.27906;"pas 5 km ; 10 km de Vitry à vol d'oiseau";Grille régulière, config_collecte.json > grille
G-010+005;grille;Grille -10 km est / +5 km nord de Vitry;48.83273;2.27906;"pas 5 km ; 11 km de Vitry à vol d'oiseau";Grille régulière, config_collecte.json > grille
G-010+010;grille;Grille -10 km est / +10 km nord de Vitry;48.87796;2.27906;"pas 5 km ; 14 km de Vitry à vol d'oiseau";Grille régulière, config_collecte.json > grille
G-010+015;grille;Grille -10 km est / +15 km nord de Vitry;48.9232;2.27906;"pas 5 km ; 18 km de Vitry à vol d'oiseau";Grille régulière, config_collecte.json > grille
G-010+020;grille;Grille -10 km est / +20 km nord de Vitry;48.96843;2.27906;"pas 5 km ; 22 km de Vitry à vol d'oiseau";Grille régulière, config_collecte.json > grille
G-010+025;grille;Grille -10 km est / +25 km nord de Vitry;49.01366;2.27906;"pas 5 km ; 27 km de Vitry à vol d'oiseau";Grille régulière, config_collecte.json > grille
G-010+030;grille;Grille -10 km est / +30 km nord de Vitry;49.05889;2.27906;"pas 5 km ; 32 km de Vitry à vol d'oiseau";Grille régulière, config_collecte.json > grille
G-010+035;grille;Grille -10 km est / +35 km nord de Vitry;49.10413;2.27906;"pas 5 km ; 36 km de Vitry à vol d'oiseau";Grille régulière, config_collecte.json > grille
G-010+040;grille;Grille -10 km est / +40 km nord de Vitry;49.14936;2.27906;"pas 5 km ; 41 km de Vitry à vol d'oiseau";Grille régulière, config_collecte.json > grille
G-010+045;grille;Grille -10 km est / +45 km nord de Vitry;49.19459;2.27906;"pas 5 km ; 46 km de Vitry à vol d'oiseau";Grille régulière, config_collecte.json > grille
G-010+050;grille;Grille -10 km est / +50 km nord de Vitry;49.23982;2.27906;"pas 5 km ; 51 km de Vitry à vol d'oiseau";Grille régulière, config_collecte.json > grille
G-010+055;grille;Grille -10 km est / +55 km nord de Vitry;49.28506;2.27906;"pas 5 km ; 56 km de Vitry à vol d'oiseau";Grille régulière, config_collecte.json > grille
G-005-055;grille;Grille -5 km est / -55 km nord de Vitry;48.28994;2.34723;"pas 5 km ; 55 km de Vitry à vol d'oiseau";Grille régulière, config_collecte.json > grille
G-005-050;grille;Grille -5 km est / -50 km nord de Vitry;48.33518;2.34723;"pas 5 km ; 50 km de Vitry à vol d'oiseau";Grille régulière, config_collecte.json > grille
G-005-045;grille;Grille -5 km est / -45 km nord de Vitry;48.38041;2.34723;"pas 5 km ; 45 km de Vitry à vol d'oiseau";Grille régulière, config_collecte.json > grille
G-005-040;grille;Grille -5 km est / -40 km nord de Vitry;48.42564;2.34723;"pas 5 km ; 40 km de Vitry à vol d'oiseau";Grille régulière, config_collecte.json > grille
G-005-035;grille;Grille -5 km est / -35 km nord de Vitry;48.47087;2.34723;"pas 5 km ; 35 km de Vitry à vol d'oiseau";Grille régulière, config_collecte.json > grille
G-005-030;grille;Grille -5 km est / -30 km nord de Vitry;48.51611;2.34723;"pas 5 km ; 30 km de Vitry à vol d'oiseau";Grille régulière, config_collecte.json > grille
G-005-025;grille;Grille -5 km est / -25 km nord de Vitry;48.56134;2.34723;"pas 5 km ; 25 km de Vitry à vol d'oiseau";Grille régulière, config_collecte.json > grille
G-005-020;grille;Grille -5 km est / -20 km nord de Vitry;48.60657;2.34723;"pas 5 km ; 21 km de Vitry à vol d'oiseau";Grille régulière, config_collecte.json > grille
G-005-015;grille;Grille -5 km est / -15 km nord de Vitry;48.6518;2.34723;"pas 5 km ; 16 km de Vitry à vol d'oiseau";Grille régulière, config_collecte.json > grille
G-005-010;grille;Grille -5 km est / -10 km nord de Vitry;48.69704;2.34723;"pas 5 km ; 11 km de Vitry à vol d'oiseau";Grille régulière, config_collecte.json > grille
G-005-005;grille;Grille -5 km est / -5 km nord de Vitry;48.74227;2.34723;"pas 5 km ; 7 km de Vitry à vol d'oiseau";Grille régulière, config_collecte.json > grille
G-005+000;grille;Grille -5 km est / +0 km nord de Vitry;48.7875;2.34723;"pas 5 km ; 5 km de Vitry à vol d'oiseau";Grille régulière, config_collecte.json > grille
G-005+005;grille;Grille -5 km est / +5 km nord de Vitry;48.83273;2.34723;"pas 5 km ; 7 km de Vitry à vol d'oiseau";Grille régulière, config_collecte.json > grille
G-005+010;grille;Grille -5 km est / +10 km nord de Vitry;48.87796;2.34723;"pas 5 km ; 11 km de Vitry à vol d'oiseau";Grille régulière, config_collecte.json > grille
G-005+015;grille;Grille -5 km est / +15 km nord de Vitry;48.9232;2.34723;"pas 5 km ; 16 km de Vitry à vol d'oiseau";Grille régulière, config_collecte.json > grille
G-005+020;grille;Grille -5 km est / +20 km nord de Vitry;48.96843;2.34723;"pas 5 km ; 21 km de Vitry à vol d'oiseau";Grille régulière, config_collecte.json > grille
G-005+025;grille;Grille -5 km est / +25 km nord de Vitry;49.01366;2.34723;"pas 5 km ; 25 km de Vitry à vol d'oiseau";Grille régulière, config_collecte.json > grille
G-005+030;grille;Grille -5 km est / +30 km nord de Vitry;49.05889;2.34723;"pas 5 km ; 30 km de Vitry à vol d'oiseau";Grille régulière, config_collecte.json > grille
G-005+035;grille;Grille -5 km est / +35 km nord de Vitry;49.10413;2.34723;"pas 5 km ; 35 km de Vitry à vol d'oiseau";Grille régulière, config_collecte.json > grille
G-005+040;grille;Grille -5 km est / +40 km nord de Vitry;49.14936;2.34723;"pas 5 km ; 40 km de Vitry à vol d'oiseau";Grille régulière, config_collecte.json > grille
G-005+045;grille;Grille -5 km est / +45 km nord de Vitry;49.19459;2.34723;"pas 5 km ; 45 km de Vitry à vol d'oiseau";Grille régulière, config_collecte.json > grille
G-005+050;grille;Grille -5 km est / +50 km nord de Vitry;49.23982;2.34723;"pas 5 km ; 50 km de Vitry à vol d'oiseau";Grille régulière, config_collecte.json > grille
G-005+055;grille;Grille -5 km est / +55 km nord de Vitry;49.28506;2.34723;"pas 5 km ; 55 km de Vitry à vol d'oiseau";Grille régulière, config_collecte.json > grille
G+000-060;grille;Grille +0 km est / -60 km nord de Vitry;48.24471;2.4154;"pas 5 km ; 60 km de Vitry à vol d'oiseau";Grille régulière, config_collecte.json > grille
G+000-055;grille;Grille +0 km est / -55 km nord de Vitry;48.28994;2.4154;"pas 5 km ; 55 km de Vitry à vol d'oiseau";Grille régulière, config_collecte.json > grille
G+000-050;grille;Grille +0 km est / -50 km nord de Vitry;48.33518;2.4154;"pas 5 km ; 50 km de Vitry à vol d'oiseau";Grille régulière, config_collecte.json > grille
G+000-045;grille;Grille +0 km est / -45 km nord de Vitry;48.38041;2.4154;"pas 5 km ; 45 km de Vitry à vol d'oiseau";Grille régulière, config_collecte.json > grille
G+000-040;grille;Grille +0 km est / -40 km nord de Vitry;48.42564;2.4154;"pas 5 km ; 40 km de Vitry à vol d'oiseau";Grille régulière, config_collecte.json > grille
G+000-035;grille;Grille +0 km est / -35 km nord de Vitry;48.47087;2.4154;"pas 5 km ; 35 km de Vitry à vol d'oiseau";Grille régulière, config_collecte.json > grille
G+000-030;grille;Grille +0 km est / -30 km nord de Vitry;48.51611;2.4154;"pas 5 km ; 30 km de Vitry à vol d'oiseau";Grille régulière, config_collecte.json > grille
G+000-025;grille;Grille +0 km est / -25 km nord de Vitry;48.56134;2.4154;"pas 5 km ; 25 km de Vitry à vol d'oiseau";Grille régulière, config_collecte.json > grille
G+000-020;grille;Grille +0 km est / -20 km nord de Vitry;48.60657;2.4154;"pas 5 km ; 20 km de Vitry à vol d'oiseau";Grille régulière, config_collecte.json > grille
G+000-015;grille;Grille +0 km est / -15 km nord de Vitry;48.6518;2.4154;"pas 5 km ; 15 km de Vitry à vol d'oiseau";Grille régulière, config_collecte.json > grille
G+000-010;grille;Grille +0 km est / -10 km nord de Vitry;48.69704;2.4154;"pas 5 km ; 10 km de Vitry à vol d'oiseau";Grille régulière, config_collecte.json > grille
G+000-005;grille;Grille +0 km est / -5 km nord de Vitry;48.74227;2.4154;"pas 5 km ; 5 km de Vitry à vol d'oiseau";Grille régulière, config_collecte.json > grille
G+000+000;grille;Grille +0 km est / +0 km nord de Vitry;48.7875;2.4154;"pas 5 km ; 0 km de Vitry à vol d'oiseau";Grille régulière, config_collecte.json > grille
G+000+005;grille;Grille +0 km est / +5 km nord de Vitry;48.83273;2.4154;"pas 5 km ; 5 km de Vitry à vol d'oiseau";Grille régulière, config_collecte.json > grille
G+000+010;grille;Grille +0 km est / +10 km nord de Vitry;48.87796;2.4154;"pas 5 km ; 10 km de Vitry à vol d'oiseau";Grille régulière, config_collecte.json > grille
G+000+015;grille;Grille +0 km est / +15 km nord de Vitry;48.9232;2.4154;"pas 5 km ; 15 km de Vitry à vol d'oiseau";Grille régulière, config_collecte.json > grille
G+000+020;grille;Grille +0 km est / +20 km nord de Vitry;48.96843;2.4154;"pas 5 km ; 20 km de Vitry à vol d'oiseau";Grille régulière, config_collecte.json > grille
G+000+025;grille;Grille +0 km est / +25 km nord de Vitry;49.01366;2.4154;"pas 5 km ; 25 km de Vitry à vol d'oiseau";Grille régulière, config_collecte.json > grille
G+000+030;grille;Grille +0 km est / +30 km nord de Vitry;49.05889;2.4154;"pas 5 km ; 30 km de Vitry à vol d'oiseau";Grille régulière, config_collecte.json > grille
G+000+035;grille;Grille +0 km est / +35 km nord de Vitry;49.10413;2.4154;"pas 5 km ; 35 km de Vitry à vol d'oiseau";Grille régulière, config_collecte.json > grille
G+000+040;grille;Grille +0 km est / +40 km nord de Vitry;49.14936;2.4154;"pas 5 km ; 40 km de Vitry à vol d'oiseau";Grille régulière, config_collecte.json > grille
G+000+045;grille;Grille +0 km est / +45 km nord de Vitry;49.19459;2.4154;"pas 5 km ; 45 km de Vitry à vol d'oiseau";Grille régulière, config_collecte.json > grille
G+000+050;grille;Grille +0 km est / +50 km nord de Vitry;49.23982;2.4154;"pas 5 km ; 50 km de Vitry à vol d'oiseau";Grille régulière, config_collecte.json > grille
G+000+055;grille;Grille +0 km est / +55 km nord de Vitry;49.28506;2.4154;"pas 5 km ; 55 km de Vitry à vol d'oiseau";Grille régulière, config_collecte.json > grille
G+000+060;grille;Grille +0 km est / +60 km nord de Vitry;49.33029;2.4154;"pas 5 km ; 60 km de Vitry à vol d'oiseau";Grille régulière, config_collecte.json > grille
G+005-055;grille;Grille +5 km est / -55 km nord de Vitry;48.28994;2.48357;"pas 5 km ; 55 km de Vitry à vol d'oiseau";Grille régulière, config_collecte.json > grille
G+005-050;grille;Grille +5 km est / -50 km nord de Vitry;48.33518;2.48357;"pas 5 km ; 50 km de Vitry à vol d'oiseau";Grille régulière, config_collecte.json > grille
G+005-045;grille;Grille +5 km est / -45 km nord de Vitry;48.38041;2.48357;"pas 5 km ; 45 km de Vitry à vol d'oiseau";Grille régulière, config_collecte.json > grille
G+005-040;grille;Grille +5 km est / -40 km nord de Vitry;48.42564;2.48357;"pas 5 km ; 40 km de Vitry à vol d'oiseau";Grille régulière, config_collecte.json > grille
G+005-035;grille;Grille +5 km est / -35 km nord de Vitry;48.47087;2.48357;"pas 5 km ; 35 km de Vitry à vol d'oiseau";Grille régulière, config_collecte.json > grille
G+005-030;grille;Grille +5 km est / -30 km nord de Vitry;48.51611;2.48357;"pas 5 km ; 30 km de Vitry à vol d'oiseau";Grille régulière, config_collecte.json > grille
G+005-025;grille;Grille +5 km est / -25 km nord de Vitry;48.56134;2.48357;"pas 5 km ; 25 km de Vitry à vol d'oiseau";Grille régulière, config_collecte.json > grille
G+005-020;grille;Grille +5 km est / -20 km nord de Vitry;48.60657;2.48357;"pas 5 km ; 21 km de Vitry à vol d'oiseau";Grille régulière, config_collecte.json > grille
G+005-015;grille;Grille +5 km est / -15 km nord de Vitry;48.6518;2.48357;"pas 5 km ; 16 km de Vitry à vol d'oiseau";Grille régulière, config_collecte.json > grille
G+005-010;grille;Grille +5 km est / -10 km nord de Vitry;48.69704;2.48357;"pas 5 km ; 11 km de Vitry à vol d'oiseau";Grille régulière, config_collecte.json > grille
G+005-005;grille;Grille +5 km est / -5 km nord de Vitry;48.74227;2.48357;"pas 5 km ; 7 km de Vitry à vol d'oiseau";Grille régulière, config_collecte.json > grille
G+005+000;grille;Grille +5 km est / +0 km nord de Vitry;48.7875;2.48357;"pas 5 km ; 5 km de Vitry à vol d'oiseau";Grille régulière, config_collecte.json > grille
G+005+005;grille;Grille +5 km est / +5 km nord de Vitry;48.83273;2.48357;"pas 5 km ; 7 km de Vitry à vol d'oiseau";Grille régulière, config_collecte.json > grille
G+005+010;grille;Grille +5 km est / +10 km nord de Vitry;48.87796;2.48357;"pas 5 km ; 11 km de Vitry à vol d'oiseau";Grille régulière, config_collecte.json > grille
G+005+015;grille;Grille +5 km est / +15 km nord de Vitry;48.9232;2.48357;"pas 5 km ; 16 km de Vitry à vol d'oiseau";Grille régulière, config_collecte.json > grille
G+005+020;grille;Grille +5 km est / +20 km nord de Vitry;48.96843;2.48357;"pas 5 km ; 21 km de Vitry à vol d'oiseau";Grille régulière, config_collecte.json > grille
G+005+025;grille;Grille +5 km est / +25 km nord de Vitry;49.01366;2.48357;"pas 5 km ; 25 km de Vitry à vol d'oiseau";Grille régulière, config_collecte.json > grille
G+005+030;grille;Grille +5 km est / +30 km nord de Vitry;49.05889;2.48357;"pas 5 km ; 30 km de Vitry à vol d'oiseau";Grille régulière, config_collecte.json > grille
G+005+035;grille;Grille +5 km est / +35 km nord de Vitry;49.10413;2.48357;"pas 5 km ; 35 km de Vitry à vol d'oiseau";Grille régulière, config_collecte.json > grille
G+005+040;grille;Grille +5 km est / +40 km nord de Vitry;49.14936;2.48357;"pas 5 km ; 40 km de Vitry à vol d'oiseau";Grille régulière, config_collecte.json > grille
G+005+045;grille;Grille +5 km est / +45 km nord de Vitry;49.19459;2.48357;"pas 5 km ; 45 km de Vitry à vol d'oiseau";Grille régulière, config_collecte.json > grille
G+005+050;grille;Grille +5 km est / +50 km nord de Vitry;49.23982;2.48357;"pas 5 km ; 50 km de Vitry à vol d'oiseau";Grille régulière, config_collecte.json > grille
G+005+055;grille;Grille +5 km est / +55 km nord de Vitry;49.28506;2.48357;"pas 5 km ; 55 km de Vitry à vol d'oiseau";Grille régulière, config_collecte.json > grille
G+010-055;grille;Grille +10 km est / -55 km nord de Vitry;48.28994;2.55174;"pas 5 km ; 56 km de Vitry à vol d'oiseau";Grille régulière, config_collecte.json > grille
G+010-050;grille;Grille +10 km est / -50 km nord de Vitry;48.33518;2.55174;"pas 5 km ; 51 km de Vitry à vol d'oiseau";Grille régulière, config_collecte.json > grille
G+010-045;grille;Grille +10 km est / -45 km nord de Vitry;48.38041;2.55174;"pas 5 km ; 46 km de Vitry à vol d'oiseau";Grille régulière, config_collecte.json > grille
G+010-040;grille;Grille +10 km est / -40 km nord de Vitry;48.42564;2.55174;"pas 5 km ; 41 km de Vitry à vol d'oiseau";Grille régulière, config_collecte.json > grille
G+010-035;grille;Grille +10 km est / -35 km nord de Vitry;48.47087;2.55174;"pas 5 km ; 36 km de Vitry à vol d'oiseau";Grille régulière, config_collecte.json > grille
G+010-030;grille;Grille +10 km est / -30 km nord de Vitry;48.51611;2.55174;"pas 5 km ; 32 km de Vitry à vol d'oiseau";Grille régulière, config_collecte.json > grille
G+010-025;grille;Grille +10 km est / -25 km nord de Vitry;48.56134;2.55174;"pas 5 km ; 27 km de Vitry à vol d'oiseau";Grille régulière, config_collecte.json > grille
G+010-020;grille;Grille +10 km est / -20 km nord de Vitry;48.60657;2.55174;"pas 5 km ; 22 km de Vitry à vol d'oiseau";Grille régulière, config_collecte.json > grille
G+010-015;grille;Grille +10 km est / -15 km nord de Vitry;48.6518;2.55174;"pas 5 km ; 18 km de Vitry à vol d'oiseau";Grille régulière, config_collecte.json > grille
G+010-010;grille;Grille +10 km est / -10 km nord de Vitry;48.69704;2.55174;"pas 5 km ; 14 km de Vitry à vol d'oiseau";Grille régulière, config_collecte.json > grille
G+010-005;grille;Grille +10 km est / -5 km nord de Vitry;48.74227;2.55174;"pas 5 km ; 11 km de Vitry à vol d'oiseau";Grille régulière, config_collecte.json > grille
G+010+000;grille;Grille +10 km est / +0 km nord de Vitry;48.7875;2.55174;"pas 5 km ; 10 km de Vitry à vol d'oiseau";Grille régulière, config_collecte.json > grille
G+010+005;grille;Grille +10 km est / +5 km nord de Vitry;48.83273;2.55174;"pas 5 km ; 11 km de Vitry à vol d'oiseau";Grille régulière, config_collecte.json > grille
G+010+010;grille;Grille +10 km est / +10 km nord de Vitry;48.87796;2.55174;"pas 5 km ; 14 km de Vitry à vol d'oiseau";Grille régulière, config_collecte.json > grille
G+010+015;grille;Grille +10 km est / +15 km nord de Vitry;48.9232;2.55174;"pas 5 km ; 18 km de Vitry à vol d'oiseau";Grille régulière, config_collecte.json > grille
G+010+020;grille;Grille +10 km est / +20 km nord de Vitry;48.96843;2.55174;"pas 5 km ; 22 km de Vitry à vol d'oiseau";Grille régulière, config_collecte.json > grille
G+010+025;grille;Grille +10 km est / +25 km nord de Vitry;49.01366;2.55174;"pas 5 km ; 27 km de Vitry à vol d'oiseau";Grille régulière, config_collecte.json > grille
G+010+030;grille;Grille +10 km est / +30 km nord de Vitry;49.05889;2.55174;"pas 5 km ; 32 km de Vitry à vol d'oiseau";Grille régulière, config_collecte.json > grille
G+010+035;grille;Grille +10 km est / +35 km nord de Vitry;49.10413;2.55174;"pas 5 km ; 36 km de Vitry à vol d'oiseau";Grille régulière, config_collecte.json > grille
G+010+040;grille;Grille +10 km est / +40 km nord de Vitry;49.14936;2.55174;"pas 5 km ; 41 km de Vitry à vol d'oiseau";Grille régulière, config_collecte.json > grille
G+010+045;grille;Grille +10 km est / +45 km nord de Vitry;49.19459;2.55174;"pas 5 km ; 46 km de Vitry à vol d'oiseau";Grille régulière, config_collecte.json > grille
G+010+050;grille;Grille +10 km est / +50 km nord de Vitry;49.23982;2.55174;"pas 5 km ; 51 km de Vitry à vol d'oiseau";Grille régulière, config_collecte.json > grille
G+010+055;grille;Grille +10 km est / +55 km nord de Vitry;49.28506;2.55174;"pas 5 km ; 56 km de Vitry à vol d'oiseau";Grille régulière, config_collecte.json > grille
G+015-055;grille;Grille +15 km est / -55 km nord de Vitry;48.28994;2.61992;"pas 5 km ; 57 km de Vitry à vol d'oiseau";Grille régulière, config_collecte.json > grille
G+015-050;grille;Grille +15 km est / -50 km nord de Vitry;48.33518;2.61992;"pas 5 km ; 52 km de Vitry à vol d'oiseau";Grille régulière, config_collecte.json > grille
G+015-045;grille;Grille +15 km est / -45 km nord de Vitry;48.38041;2.61992;"pas 5 km ; 47 km de Vitry à vol d'oiseau";Grille régulière, config_collecte.json > grille
G+015-040;grille;Grille +15 km est / -40 km nord de Vitry;48.42564;2.61992;"pas 5 km ; 43 km de Vitry à vol d'oiseau";Grille régulière, config_collecte.json > grille
G+015-035;grille;Grille +15 km est / -35 km nord de Vitry;48.47087;2.61992;"pas 5 km ; 38 km de Vitry à vol d'oiseau";Grille régulière, config_collecte.json > grille
G+015-030;grille;Grille +15 km est / -30 km nord de Vitry;48.51611;2.61992;"pas 5 km ; 34 km de Vitry à vol d'oiseau";Grille régulière, config_collecte.json > grille
G+015-025;grille;Grille +15 km est / -25 km nord de Vitry;48.56134;2.61992;"pas 5 km ; 29 km de Vitry à vol d'oiseau";Grille régulière, config_collecte.json > grille
G+015-020;grille;Grille +15 km est / -20 km nord de Vitry;48.60657;2.61992;"pas 5 km ; 25 km de Vitry à vol d'oiseau";Grille régulière, config_collecte.json > grille
G+015-015;grille;Grille +15 km est / -15 km nord de Vitry;48.6518;2.61992;"pas 5 km ; 21 km de Vitry à vol d'oiseau";Grille régulière, config_collecte.json > grille
G+015-010;grille;Grille +15 km est / -10 km nord de Vitry;48.69704;2.61992;"pas 5 km ; 18 km de Vitry à vol d'oiseau";Grille régulière, config_collecte.json > grille
G+015-005;grille;Grille +15 km est / -5 km nord de Vitry;48.74227;2.61992;"pas 5 km ; 16 km de Vitry à vol d'oiseau";Grille régulière, config_collecte.json > grille
G+015+000;grille;Grille +15 km est / +0 km nord de Vitry;48.7875;2.61992;"pas 5 km ; 15 km de Vitry à vol d'oiseau";Grille régulière, config_collecte.json > grille
G+015+005;grille;Grille +15 km est / +5 km nord de Vitry;48.83273;2.61992;"pas 5 km ; 16 km de Vitry à vol d'oiseau";Grille régulière, config_collecte.json > grille
G+015+010;grille;Grille +15 km est / +10 km nord de Vitry;48.87796;2.61992;"pas 5 km ; 18 km de Vitry à vol d'oiseau";Grille régulière, config_collecte.json > grille
G+015+015;grille;Grille +15 km est / +15 km nord de Vitry;48.9232;2.61992;"pas 5 km ; 21 km de Vitry à vol d'oiseau";Grille régulière, config_collecte.json > grille
G+015+020;grille;Grille +15 km est / +20 km nord de Vitry;48.96843;2.61992;"pas 5 km ; 25 km de Vitry à vol d'oiseau";Grille régulière, config_collecte.json > grille
G+015+025;grille;Grille +15 km est / +25 km nord de Vitry;49.01366;2.61992;"pas 5 km ; 29 km de Vitry à vol d'oiseau";Grille régulière, config_collecte.json > grille
G+015+030;grille;Grille +15 km est / +30 km nord de Vitry;49.05889;2.61992;"pas 5 km ; 34 km de Vitry à vol d'oiseau";Grille régulière, config_collecte.json > grille
G+015+035;grille;Grille +15 km est / +35 km nord de Vitry;49.10413;2.61992;"pas 5 km ; 38 km de Vitry à vol d'oiseau";Grille régulière, config_collecte.json > grille
G+015+040;grille;Grille +15 km est / +40 km nord de Vitry;49.14936;2.61992;"pas 5 km ; 43 km de Vitry à vol d'oiseau";Grille régulière, config_collecte.json > grille
G+015+045;grille;Grille +15 km est / +45 km nord de Vitry;49.19459;2.61992;"pas 5 km ; 47 km de Vitry à vol d'oiseau";Grille régulière, config_collecte.json > grille
G+015+050;grille;Grille +15 km est / +50 km nord de Vitry;49.23982;2.61992;"pas 5 km ; 52 km de Vitry à vol d'oiseau";Grille régulière, config_collecte.json > grille
G+015+055;grille;Grille +15 km est / +55 km nord de Vitry;49.28506;2.61992;"pas 5 km ; 57 km de Vitry à vol d'oiseau";Grille régulière, config_collecte.json > grille
G+020-055;grille;Grille +20 km est / -55 km nord de Vitry;48.28994;2.68809;"pas 5 km ; 59 km de Vitry à vol d'oiseau";Grille régulière, config_collecte.json > grille
G+020-050;grille;Grille +20 km est / -50 km nord de Vitry;48.33518;2.68809;"pas 5 km ; 54 km de Vitry à vol d'oiseau";Grille régulière, config_collecte.json > grille
G+020-045;grille;Grille +20 km est / -45 km nord de Vitry;48.38041;2.68809;"pas 5 km ; 49 km de Vitry à vol d'oiseau";Grille régulière, config_collecte.json > grille
G+020-040;grille;Grille +20 km est / -40 km nord de Vitry;48.42564;2.68809;"pas 5 km ; 45 km de Vitry à vol d'oiseau";Grille régulière, config_collecte.json > grille
G+020-035;grille;Grille +20 km est / -35 km nord de Vitry;48.47087;2.68809;"pas 5 km ; 40 km de Vitry à vol d'oiseau";Grille régulière, config_collecte.json > grille
G+020-030;grille;Grille +20 km est / -30 km nord de Vitry;48.51611;2.68809;"pas 5 km ; 36 km de Vitry à vol d'oiseau";Grille régulière, config_collecte.json > grille
G+020-025;grille;Grille +20 km est / -25 km nord de Vitry;48.56134;2.68809;"pas 5 km ; 32 km de Vitry à vol d'oiseau";Grille régulière, config_collecte.json > grille
G+020-020;grille;Grille +20 km est / -20 km nord de Vitry;48.60657;2.68809;"pas 5 km ; 28 km de Vitry à vol d'oiseau";Grille régulière, config_collecte.json > grille
G+020-015;grille;Grille +20 km est / -15 km nord de Vitry;48.6518;2.68809;"pas 5 km ; 25 km de Vitry à vol d'oiseau";Grille régulière, config_collecte.json > grille
G+020-010;grille;Grille +20 km est / -10 km nord de Vitry;48.69704;2.68809;"pas 5 km ; 22 km de Vitry à vol d'oiseau";Grille régulière, config_collecte.json > grille
G+020-005;grille;Grille +20 km est / -5 km nord de Vitry;48.74227;2.68809;"pas 5 km ; 21 km de Vitry à vol d'oiseau";Grille régulière, config_collecte.json > grille
G+020+000;grille;Grille +20 km est / +0 km nord de Vitry;48.7875;2.68809;"pas 5 km ; 20 km de Vitry à vol d'oiseau";Grille régulière, config_collecte.json > grille
G+020+005;grille;Grille +20 km est / +5 km nord de Vitry;48.83273;2.68809;"pas 5 km ; 21 km de Vitry à vol d'oiseau";Grille régulière, config_collecte.json > grille
G+020+010;grille;Grille +20 km est / +10 km nord de Vitry;48.87796;2.68809;"pas 5 km ; 22 km de Vitry à vol d'oiseau";Grille régulière, config_collecte.json > grille
G+020+015;grille;Grille +20 km est / +15 km nord de Vitry;48.9232;2.68809;"pas 5 km ; 25 km de Vitry à vol d'oiseau";Grille régulière, config_collecte.json > grille
G+020+020;grille;Grille +20 km est / +20 km nord de Vitry;48.96843;2.68809;"pas 5 km ; 28 km de Vitry à vol d'oiseau";Grille régulière, config_collecte.json > grille
G+020+025;grille;Grille +20 km est / +25 km nord de Vitry;49.01366;2.68809;"pas 5 km ; 32 km de Vitry à vol d'oiseau";Grille régulière, config_collecte.json > grille
G+020+030;grille;Grille +20 km est / +30 km nord de Vitry;49.05889;2.68809;"pas 5 km ; 36 km de Vitry à vol d'oiseau";Grille régulière, config_collecte.json > grille
G+020+035;grille;Grille +20 km est / +35 km nord de Vitry;49.10413;2.68809;"pas 5 km ; 40 km de Vitry à vol d'oiseau";Grille régulière, config_collecte.json > grille
G+020+040;grille;Grille +20 km est / +40 km nord de Vitry;49.14936;2.68809;"pas 5 km ; 45 km de Vitry à vol d'oiseau";Grille régulière, config_collecte.json > grille
G+020+045;grille;Grille +20 km est / +45 km nord de Vitry;49.19459;2.68809;"pas 5 km ; 49 km de Vitry à vol d'oiseau";Grille régulière, config_collecte.json > grille
G+020+050;grille;Grille +20 km est / +50 km nord de Vitry;49.23982;2.68809;"pas 5 km ; 54 km de Vitry à vol d'oiseau";Grille régulière, config_collecte.json > grille
G+020+055;grille;Grille +20 km est / +55 km nord de Vitry;49.28506;2.68809;"pas 5 km ; 59 km de Vitry à vol d'oiseau";Grille régulière, config_collecte.json > grille
G+025-050;grille;Grille +25 km est / -50 km nord de Vitry;48.33518;2.75626;"pas 5 km ; 56 km de Vitry à vol d'oiseau";Grille régulière, config_collecte.json > grille
G+025-045;grille;Grille +25 km est / -45 km nord de Vitry;48.38041;2.75626;"pas 5 km ; 51 km de Vitry à vol d'oiseau";Grille régulière, config_collecte.json > grille
G+025-040;grille;Grille +25 km est / -40 km nord de Vitry;48.42564;2.75626;"pas 5 km ; 47 km de Vitry à vol d'oiseau";Grille régulière, config_collecte.json > grille
G+025-035;grille;Grille +25 km est / -35 km nord de Vitry;48.47087;2.75626;"pas 5 km ; 43 km de Vitry à vol d'oiseau";Grille régulière, config_collecte.json > grille
G+025-030;grille;Grille +25 km est / -30 km nord de Vitry;48.51611;2.75626;"pas 5 km ; 39 km de Vitry à vol d'oiseau";Grille régulière, config_collecte.json > grille
G+025-025;grille;Grille +25 km est / -25 km nord de Vitry;48.56134;2.75626;"pas 5 km ; 35 km de Vitry à vol d'oiseau";Grille régulière, config_collecte.json > grille
G+025-020;grille;Grille +25 km est / -20 km nord de Vitry;48.60657;2.75626;"pas 5 km ; 32 km de Vitry à vol d'oiseau";Grille régulière, config_collecte.json > grille
G+025-015;grille;Grille +25 km est / -15 km nord de Vitry;48.6518;2.75626;"pas 5 km ; 29 km de Vitry à vol d'oiseau";Grille régulière, config_collecte.json > grille
G+025-010;grille;Grille +25 km est / -10 km nord de Vitry;48.69704;2.75626;"pas 5 km ; 27 km de Vitry à vol d'oiseau";Grille régulière, config_collecte.json > grille
G+025-005;grille;Grille +25 km est / -5 km nord de Vitry;48.74227;2.75626;"pas 5 km ; 25 km de Vitry à vol d'oiseau";Grille régulière, config_collecte.json > grille
G+025+000;grille;Grille +25 km est / +0 km nord de Vitry;48.7875;2.75626;"pas 5 km ; 25 km de Vitry à vol d'oiseau";Grille régulière, config_collecte.json > grille
G+025+005;grille;Grille +25 km est / +5 km nord de Vitry;48.83273;2.75626;"pas 5 km ; 25 km de Vitry à vol d'oiseau";Grille régulière, config_collecte.json > grille
G+025+010;grille;Grille +25 km est / +10 km nord de Vitry;48.87796;2.75626;"pas 5 km ; 27 km de Vitry à vol d'oiseau";Grille régulière, config_collecte.json > grille
G+025+015;grille;Grille +25 km est / +15 km nord de Vitry;48.9232;2.75626;"pas 5 km ; 29 km de Vitry à vol d'oiseau";Grille régulière, config_collecte.json > grille
G+025+020;grille;Grille +25 km est / +20 km nord de Vitry;48.96843;2.75626;"pas 5 km ; 32 km de Vitry à vol d'oiseau";Grille régulière, config_collecte.json > grille
G+025+025;grille;Grille +25 km est / +25 km nord de Vitry;49.01366;2.75626;"pas 5 km ; 35 km de Vitry à vol d'oiseau";Grille régulière, config_collecte.json > grille
G+025+030;grille;Grille +25 km est / +30 km nord de Vitry;49.05889;2.75626;"pas 5 km ; 39 km de Vitry à vol d'oiseau";Grille régulière, config_collecte.json > grille
G+025+035;grille;Grille +25 km est / +35 km nord de Vitry;49.10413;2.75626;"pas 5 km ; 43 km de Vitry à vol d'oiseau";Grille régulière, config_collecte.json > grille
G+025+040;grille;Grille +25 km est / +40 km nord de Vitry;49.14936;2.75626;"pas 5 km ; 47 km de Vitry à vol d'oiseau";Grille régulière, config_collecte.json > grille
G+025+045;grille;Grille +25 km est / +45 km nord de Vitry;49.19459;2.75626;"pas 5 km ; 51 km de Vitry à vol d'oiseau";Grille régulière, config_collecte.json > grille
G+025+050;grille;Grille +25 km est / +50 km nord de Vitry;49.23982;2.75626;"pas 5 km ; 56 km de Vitry à vol d'oiseau";Grille régulière, config_collecte.json > grille
G+030-050;grille;Grille +30 km est / -50 km nord de Vitry;48.33518;2.82443;"pas 5 km ; 58 km de Vitry à vol d'oiseau";Grille régulière, config_collecte.json > grille
G+030-045;grille;Grille +30 km est / -45 km nord de Vitry;48.38041;2.82443;"pas 5 km ; 54 km de Vitry à vol d'oiseau";Grille régulière, config_collecte.json > grille
G+030-040;grille;Grille +30 km est / -40 km nord de Vitry;48.42564;2.82443;"pas 5 km ; 50 km de Vitry à vol d'oiseau";Grille régulière, config_collecte.json > grille
G+030-035;grille;Grille +30 km est / -35 km nord de Vitry;48.47087;2.82443;"pas 5 km ; 46 km de Vitry à vol d'oiseau";Grille régulière, config_collecte.json > grille
G+030-030;grille;Grille +30 km est / -30 km nord de Vitry;48.51611;2.82443;"pas 5 km ; 42 km de Vitry à vol d'oiseau";Grille régulière, config_collecte.json > grille
G+030-025;grille;Grille +30 km est / -25 km nord de Vitry;48.56134;2.82443;"pas 5 km ; 39 km de Vitry à vol d'oiseau";Grille régulière, config_collecte.json > grille
G+030-020;grille;Grille +30 km est / -20 km nord de Vitry;48.60657;2.82443;"pas 5 km ; 36 km de Vitry à vol d'oiseau";Grille régulière, config_collecte.json > grille
G+030-015;grille;Grille +30 km est / -15 km nord de Vitry;48.6518;2.82443;"pas 5 km ; 34 km de Vitry à vol d'oiseau";Grille régulière, config_collecte.json > grille
G+030-010;grille;Grille +30 km est / -10 km nord de Vitry;48.69704;2.82443;"pas 5 km ; 32 km de Vitry à vol d'oiseau";Grille régulière, config_collecte.json > grille
G+030-005;grille;Grille +30 km est / -5 km nord de Vitry;48.74227;2.82443;"pas 5 km ; 30 km de Vitry à vol d'oiseau";Grille régulière, config_collecte.json > grille
G+030+000;grille;Grille +30 km est / +0 km nord de Vitry;48.7875;2.82443;"pas 5 km ; 30 km de Vitry à vol d'oiseau";Grille régulière, config_collecte.json > grille
G+030+005;grille;Grille +30 km est / +5 km nord de Vitry;48.83273;2.82443;"pas 5 km ; 30 km de Vitry à vol d'oiseau";Grille régulière, config_collecte.json > grille
G+030+010;grille;Grille +30 km est / +10 km nord de Vitry;48.87796;2.82443;"pas 5 km ; 32 km de Vitry à vol d'oiseau";Grille régulière, config_collecte.json > grille
G+030+015;grille;Grille +30 km est / +15 km nord de Vitry;48.9232;2.82443;"pas 5 km ; 34 km de Vitry à vol d'oiseau";Grille régulière, config_collecte.json > grille
G+030+020;grille;Grille +30 km est / +20 km nord de Vitry;48.96843;2.82443;"pas 5 km ; 36 km de Vitry à vol d'oiseau";Grille régulière, config_collecte.json > grille
G+030+025;grille;Grille +30 km est / +25 km nord de Vitry;49.01366;2.82443;"pas 5 km ; 39 km de Vitry à vol d'oiseau";Grille régulière, config_collecte.json > grille
G+030+030;grille;Grille +30 km est / +30 km nord de Vitry;49.05889;2.82443;"pas 5 km ; 42 km de Vitry à vol d'oiseau";Grille régulière, config_collecte.json > grille
G+030+035;grille;Grille +30 km est / +35 km nord de Vitry;49.10413;2.82443;"pas 5 km ; 46 km de Vitry à vol d'oiseau";Grille régulière, config_collecte.json > grille
G+030+040;grille;Grille +30 km est / +40 km nord de Vitry;49.14936;2.82443;"pas 5 km ; 50 km de Vitry à vol d'oiseau";Grille régulière, config_collecte.json > grille
G+030+045;grille;Grille +30 km est / +45 km nord de Vitry;49.19459;2.82443;"pas 5 km ; 54 km de Vitry à vol d'oiseau";Grille régulière, config_collecte.json > grille
G+030+050;grille;Grille +30 km est / +50 km nord de Vitry;49.23982;2.82443;"pas 5 km ; 58 km de Vitry à vol d'oiseau";Grille régulière, config_collecte.json > grille
G+035-045;grille;Grille +35 km est / -45 km nord de Vitry;48.38041;2.89261;"pas 5 km ; 57 km de Vitry à vol d'oiseau";Grille régulière, config_collecte.json > grille
G+035-040;grille;Grille +35 km est / -40 km nord de Vitry;48.42564;2.89261;"pas 5 km ; 53 km de Vitry à vol d'oiseau";Grille régulière, config_collecte.json > grille
G+035-035;grille;Grille +35 km est / -35 km nord de Vitry;48.47087;2.89261;"pas 5 km ; 49 km de Vitry à vol d'oiseau";Grille régulière, config_collecte.json > grille
G+035-030;grille;Grille +35 km est / -30 km nord de Vitry;48.51611;2.89261;"pas 5 km ; 46 km de Vitry à vol d'oiseau";Grille régulière, config_collecte.json > grille
G+035-025;grille;Grille +35 km est / -25 km nord de Vitry;48.56134;2.89261;"pas 5 km ; 43 km de Vitry à vol d'oiseau";Grille régulière, config_collecte.json > grille
G+035-020;grille;Grille +35 km est / -20 km nord de Vitry;48.60657;2.89261;"pas 5 km ; 40 km de Vitry à vol d'oiseau";Grille régulière, config_collecte.json > grille
G+035-015;grille;Grille +35 km est / -15 km nord de Vitry;48.6518;2.89261;"pas 5 km ; 38 km de Vitry à vol d'oiseau";Grille régulière, config_collecte.json > grille
G+035-010;grille;Grille +35 km est / -10 km nord de Vitry;48.69704;2.89261;"pas 5 km ; 36 km de Vitry à vol d'oiseau";Grille régulière, config_collecte.json > grille
G+035-005;grille;Grille +35 km est / -5 km nord de Vitry;48.74227;2.89261;"pas 5 km ; 35 km de Vitry à vol d'oiseau";Grille régulière, config_collecte.json > grille
G+035+000;grille;Grille +35 km est / +0 km nord de Vitry;48.7875;2.89261;"pas 5 km ; 35 km de Vitry à vol d'oiseau";Grille régulière, config_collecte.json > grille
G+035+005;grille;Grille +35 km est / +5 km nord de Vitry;48.83273;2.89261;"pas 5 km ; 35 km de Vitry à vol d'oiseau";Grille régulière, config_collecte.json > grille
G+035+010;grille;Grille +35 km est / +10 km nord de Vitry;48.87796;2.89261;"pas 5 km ; 36 km de Vitry à vol d'oiseau";Grille régulière, config_collecte.json > grille
G+035+015;grille;Grille +35 km est / +15 km nord de Vitry;48.9232;2.89261;"pas 5 km ; 38 km de Vitry à vol d'oiseau";Grille régulière, config_collecte.json > grille
G+035+020;grille;Grille +35 km est / +20 km nord de Vitry;48.96843;2.89261;"pas 5 km ; 40 km de Vitry à vol d'oiseau";Grille régulière, config_collecte.json > grille
G+035+025;grille;Grille +35 km est / +25 km nord de Vitry;49.01366;2.89261;"pas 5 km ; 43 km de Vitry à vol d'oiseau";Grille régulière, config_collecte.json > grille
G+035+030;grille;Grille +35 km est / +30 km nord de Vitry;49.05889;2.89261;"pas 5 km ; 46 km de Vitry à vol d'oiseau";Grille régulière, config_collecte.json > grille
G+035+035;grille;Grille +35 km est / +35 km nord de Vitry;49.10413;2.89261;"pas 5 km ; 49 km de Vitry à vol d'oiseau";Grille régulière, config_collecte.json > grille
G+035+040;grille;Grille +35 km est / +40 km nord de Vitry;49.14936;2.89261;"pas 5 km ; 53 km de Vitry à vol d'oiseau";Grille régulière, config_collecte.json > grille
G+035+045;grille;Grille +35 km est / +45 km nord de Vitry;49.19459;2.89261;"pas 5 km ; 57 km de Vitry à vol d'oiseau";Grille régulière, config_collecte.json > grille
G+040-040;grille;Grille +40 km est / -40 km nord de Vitry;48.42564;2.96078;"pas 5 km ; 57 km de Vitry à vol d'oiseau";Grille régulière, config_collecte.json > grille
G+040-035;grille;Grille +40 km est / -35 km nord de Vitry;48.47087;2.96078;"pas 5 km ; 53 km de Vitry à vol d'oiseau";Grille régulière, config_collecte.json > grille
G+040-030;grille;Grille +40 km est / -30 km nord de Vitry;48.51611;2.96078;"pas 5 km ; 50 km de Vitry à vol d'oiseau";Grille régulière, config_collecte.json > grille
G+040-025;grille;Grille +40 km est / -25 km nord de Vitry;48.56134;2.96078;"pas 5 km ; 47 km de Vitry à vol d'oiseau";Grille régulière, config_collecte.json > grille
G+040-020;grille;Grille +40 km est / -20 km nord de Vitry;48.60657;2.96078;"pas 5 km ; 45 km de Vitry à vol d'oiseau";Grille régulière, config_collecte.json > grille
G+040-015;grille;Grille +40 km est / -15 km nord de Vitry;48.6518;2.96078;"pas 5 km ; 43 km de Vitry à vol d'oiseau";Grille régulière, config_collecte.json > grille
G+040-010;grille;Grille +40 km est / -10 km nord de Vitry;48.69704;2.96078;"pas 5 km ; 41 km de Vitry à vol d'oiseau";Grille régulière, config_collecte.json > grille
G+040-005;grille;Grille +40 km est / -5 km nord de Vitry;48.74227;2.96078;"pas 5 km ; 40 km de Vitry à vol d'oiseau";Grille régulière, config_collecte.json > grille
G+040+000;grille;Grille +40 km est / +0 km nord de Vitry;48.7875;2.96078;"pas 5 km ; 40 km de Vitry à vol d'oiseau";Grille régulière, config_collecte.json > grille
G+040+005;grille;Grille +40 km est / +5 km nord de Vitry;48.83273;2.96078;"pas 5 km ; 40 km de Vitry à vol d'oiseau";Grille régulière, config_collecte.json > grille
G+040+010;grille;Grille +40 km est / +10 km nord de Vitry;48.87796;2.96078;"pas 5 km ; 41 km de Vitry à vol d'oiseau";Grille régulière, config_collecte.json > grille
G+040+015;grille;Grille +40 km est / +15 km nord de Vitry;48.9232;2.96078;"pas 5 km ; 43 km de Vitry à vol d'oiseau";Grille régulière, config_collecte.json > grille
G+040+020;grille;Grille +40 km est / +20 km nord de Vitry;48.96843;2.96078;"pas 5 km ; 45 km de Vitry à vol d'oiseau";Grille régulière, config_collecte.json > grille
G+040+025;grille;Grille +40 km est / +25 km nord de Vitry;49.01366;2.96078;"pas 5 km ; 47 km de Vitry à vol d'oiseau";Grille régulière, config_collecte.json > grille
G+040+030;grille;Grille +40 km est / +30 km nord de Vitry;49.05889;2.96078;"pas 5 km ; 50 km de Vitry à vol d'oiseau";Grille régulière, config_collecte.json > grille
G+040+035;grille;Grille +40 km est / +35 km nord de Vitry;49.10413;2.96078;"pas 5 km ; 53 km de Vitry à vol d'oiseau";Grille régulière, config_collecte.json > grille
G+040+040;grille;Grille +40 km est / +40 km nord de Vitry;49.14936;2.96078;"pas 5 km ; 57 km de Vitry à vol d'oiseau";Grille régulière, config_collecte.json > grille
G+045-035;grille;Grille +45 km est / -35 km nord de Vitry;48.47087;3.02895;"pas 5 km ; 57 km de Vitry à vol d'oiseau";Grille régulière, config_collecte.json > grille
G+045-030;grille;Grille +45 km est / -30 km nord de Vitry;48.51611;3.02895;"pas 5 km ; 54 km de Vitry à vol d'oiseau";Grille régulière, config_collecte.json > grille
G+045-025;grille;Grille +45 km est / -25 km nord de Vitry;48.56134;3.02895;"pas 5 km ; 51 km de Vitry à vol d'oiseau";Grille régulière, config_collecte.json > grille
G+045-020;grille;Grille +45 km est / -20 km nord de Vitry;48.60657;3.02895;"pas 5 km ; 49 km de Vitry à vol d'oiseau";Grille régulière, config_collecte.json > grille
G+045-015;grille;Grille +45 km est / -15 km nord de Vitry;48.6518;3.02895;"pas 5 km ; 47 km de Vitry à vol d'oiseau";Grille régulière, config_collecte.json > grille
G+045-010;grille;Grille +45 km est / -10 km nord de Vitry;48.69704;3.02895;"pas 5 km ; 46 km de Vitry à vol d'oiseau";Grille régulière, config_collecte.json > grille
G+045-005;grille;Grille +45 km est / -5 km nord de Vitry;48.74227;3.02895;"pas 5 km ; 45 km de Vitry à vol d'oiseau";Grille régulière, config_collecte.json > grille
G+045+000;grille;Grille +45 km est / +0 km nord de Vitry;48.7875;3.02895;"pas 5 km ; 45 km de Vitry à vol d'oiseau";Grille régulière, config_collecte.json > grille
G+045+005;grille;Grille +45 km est / +5 km nord de Vitry;48.83273;3.02895;"pas 5 km ; 45 km de Vitry à vol d'oiseau";Grille régulière, config_collecte.json > grille
G+045+010;grille;Grille +45 km est / +10 km nord de Vitry;48.87796;3.02895;"pas 5 km ; 46 km de Vitry à vol d'oiseau";Grille régulière, config_collecte.json > grille
G+045+015;grille;Grille +45 km est / +15 km nord de Vitry;48.9232;3.02895;"pas 5 km ; 47 km de Vitry à vol d'oiseau";Grille régulière, config_collecte.json > grille
G+045+020;grille;Grille +45 km est / +20 km nord de Vitry;48.96843;3.02895;"pas 5 km ; 49 km de Vitry à vol d'oiseau";Grille régulière, config_collecte.json > grille
G+045+025;grille;Grille +45 km est / +25 km nord de Vitry;49.01366;3.02895;"pas 5 km ; 51 km de Vitry à vol d'oiseau";Grille régulière, config_collecte.json > grille
G+045+030;grille;Grille +45 km est / +30 km nord de Vitry;49.05889;3.02895;"pas 5 km ; 54 km de Vitry à vol d'oiseau";Grille régulière, config_collecte.json > grille
G+045+035;grille;Grille +45 km est / +35 km nord de Vitry;49.10413;3.02895;"pas 5 km ; 57 km de Vitry à vol d'oiseau";Grille régulière, config_collecte.json > grille
G+050-030;grille;Grille +50 km est / -30 km nord de Vitry;48.51611;3.09712;"pas 5 km ; 58 km de Vitry à vol d'oiseau";Grille régulière, config_collecte.json > grille
G+050-025;grille;Grille +50 km est / -25 km nord de Vitry;48.56134;3.09712;"pas 5 km ; 56 km de Vitry à vol d'oiseau";Grille régulière, config_collecte.json > grille
G+050-020;grille;Grille +50 km est / -20 km nord de Vitry;48.60657;3.09712;"pas 5 km ; 54 km de Vitry à vol d'oiseau";Grille régulière, config_collecte.json > grille
G+050-015;grille;Grille +50 km est / -15 km nord de Vitry;48.6518;3.09712;"pas 5 km ; 52 km de Vitry à vol d'oiseau";Grille régulière, config_collecte.json > grille
G+050-010;grille;Grille +50 km est / -10 km nord de Vitry;48.69704;3.09712;"pas 5 km ; 51 km de Vitry à vol d'oiseau";Grille régulière, config_collecte.json > grille
G+050-005;grille;Grille +50 km est / -5 km nord de Vitry;48.74227;3.09712;"pas 5 km ; 50 km de Vitry à vol d'oiseau";Grille régulière, config_collecte.json > grille
G+050+000;grille;Grille +50 km est / +0 km nord de Vitry;48.7875;3.09712;"pas 5 km ; 50 km de Vitry à vol d'oiseau";Grille régulière, config_collecte.json > grille
G+050+005;grille;Grille +50 km est / +5 km nord de Vitry;48.83273;3.09712;"pas 5 km ; 50 km de Vitry à vol d'oiseau";Grille régulière, config_collecte.json > grille
G+050+010;grille;Grille +50 km est / +10 km nord de Vitry;48.87796;3.09712;"pas 5 km ; 51 km de Vitry à vol d'oiseau";Grille régulière, config_collecte.json > grille
G+050+015;grille;Grille +50 km est / +15 km nord de Vitry;48.9232;3.09712;"pas 5 km ; 52 km de Vitry à vol d'oiseau";Grille régulière, config_collecte.json > grille
G+050+020;grille;Grille +50 km est / +20 km nord de Vitry;48.96843;3.09712;"pas 5 km ; 54 km de Vitry à vol d'oiseau";Grille régulière, config_collecte.json > grille
G+050+025;grille;Grille +50 km est / +25 km nord de Vitry;49.01366;3.09712;"pas 5 km ; 56 km de Vitry à vol d'oiseau";Grille régulière, config_collecte.json > grille
G+050+030;grille;Grille +50 km est / +30 km nord de Vitry;49.05889;3.09712;"pas 5 km ; 58 km de Vitry à vol d'oiseau";Grille régulière, config_collecte.json > grille
G+055-020;grille;Grille +55 km est / -20 km nord de Vitry;48.60657;3.1653;"pas 5 km ; 59 km de Vitry à vol d'oiseau";Grille régulière, config_collecte.json > grille
G+055-015;grille;Grille +55 km est / -15 km nord de Vitry;48.6518;3.1653;"pas 5 km ; 57 km de Vitry à vol d'oiseau";Grille régulière, config_collecte.json > grille
G+055-010;grille;Grille +55 km est / -10 km nord de Vitry;48.69704;3.1653;"pas 5 km ; 56 km de Vitry à vol d'oiseau";Grille régulière, config_collecte.json > grille
G+055-005;grille;Grille +55 km est / -5 km nord de Vitry;48.74227;3.1653;"pas 5 km ; 55 km de Vitry à vol d'oiseau";Grille régulière, config_collecte.json > grille
G+055+000;grille;Grille +55 km est / +0 km nord de Vitry;48.7875;3.1653;"pas 5 km ; 55 km de Vitry à vol d'oiseau";Grille régulière, config_collecte.json > grille
G+055+005;grille;Grille +55 km est / +5 km nord de Vitry;48.83273;3.1653;"pas 5 km ; 55 km de Vitry à vol d'oiseau";Grille régulière, config_collecte.json > grille
G+055+010;grille;Grille +55 km est / +10 km nord de Vitry;48.87796;3.1653;"pas 5 km ; 56 km de Vitry à vol d'oiseau";Grille régulière, config_collecte.json > grille
G+055+015;grille;Grille +55 km est / +15 km nord de Vitry;48.9232;3.1653;"pas 5 km ; 57 km de Vitry à vol d'oiseau";Grille régulière, config_collecte.json > grille
G+055+020;grille;Grille +55 km est / +20 km nord de Vitry;48.96843;3.1653;"pas 5 km ; 59 km de Vitry à vol d'oiseau";Grille régulière, config_collecte.json > grille
G+060+000;grille;Grille +60 km est / +0 km nord de Vitry;48.7875;3.23347;"pas 5 km ; 60 km de Vitry à vol d'oiseau";Grille régulière, config_collecte.json > grille
G-300+000;grille;Grille -300 km est / +0 km nord de Vitry;48.7875;-1.67494;"pas 20 km ; 300 km de Vitry à vol d'oiseau";Grille régulière, config_collecte.json > grille
G-280-100;grille;Grille -280 km est / -100 km nord de Vitry;47.88285;-1.40225;"pas 20 km ; 297 km de Vitry à vol d'oiseau";Grille régulière, config_collecte.json > grille
G-280-080;grille;Grille -280 km est / -80 km nord de Vitry;48.06378;-1.40225;"pas 20 km ; 291 km de Vitry à vol d'oiseau";Grille régulière, config_collecte.json > grille
G-280-060;grille;Grille -280 km est / -60 km nord de Vitry;48.24471;-1.40225;"pas 20 km ; 286 km de Vitry à vol d'oiseau";Grille régulière, config_collecte.json > grille
G-280-040;grille;Grille -280 km est / -40 km nord de Vitry;48.42564;-1.40225;"pas 20 km ; 283 km de Vitry à vol d'oiseau";Grille régulière, config_collecte.json > grille
G-280-020;grille;Grille -280 km est / -20 km nord de Vitry;48.60657;-1.40225;"pas 20 km ; 281 km de Vitry à vol d'oiseau";Grille régulière, config_collecte.json > grille
G-280+000;grille;Grille -280 km est / +0 km nord de Vitry;48.7875;-1.40225;"pas 20 km ; 280 km de Vitry à vol d'oiseau";Grille régulière, config_collecte.json > grille
G-280+020;grille;Grille -280 km est / +20 km nord de Vitry;48.96843;-1.40225;"pas 20 km ; 281 km de Vitry à vol d'oiseau";Grille régulière, config_collecte.json > grille
G-280+040;grille;Grille -280 km est / +40 km nord de Vitry;49.14936;-1.40225;"pas 20 km ; 283 km de Vitry à vol d'oiseau";Grille régulière, config_collecte.json > grille
G-280+060;grille;Grille -280 km est / +60 km nord de Vitry;49.33029;-1.40225;"pas 20 km ; 286 km de Vitry à vol d'oiseau";Grille régulière, config_collecte.json > grille
G-280+080;grille;Grille -280 km est / +80 km nord de Vitry;49.51122;-1.40225;"pas 20 km ; 291 km de Vitry à vol d'oiseau";Grille régulière, config_collecte.json > grille
G-280+100;grille;Grille -280 km est / +100 km nord de Vitry;49.69215;-1.40225;"pas 20 km ; 297 km de Vitry à vol d'oiseau";Grille régulière, config_collecte.json > grille
G-260-140;grille;Grille -260 km est / -140 km nord de Vitry;47.52099;-1.12956;"pas 20 km ; 295 km de Vitry à vol d'oiseau";Grille régulière, config_collecte.json > grille
G-260-120;grille;Grille -260 km est / -120 km nord de Vitry;47.70192;-1.12956;"pas 20 km ; 286 km de Vitry à vol d'oiseau";Grille régulière, config_collecte.json > grille
G-260-100;grille;Grille -260 km est / -100 km nord de Vitry;47.88285;-1.12956;"pas 20 km ; 279 km de Vitry à vol d'oiseau";Grille régulière, config_collecte.json > grille
G-260-080;grille;Grille -260 km est / -80 km nord de Vitry;48.06378;-1.12956;"pas 20 km ; 272 km de Vitry à vol d'oiseau";Grille régulière, config_collecte.json > grille
G-260-060;grille;Grille -260 km est / -60 km nord de Vitry;48.24471;-1.12956;"pas 20 km ; 267 km de Vitry à vol d'oiseau";Grille régulière, config_collecte.json > grille
G-260-040;grille;Grille -260 km est / -40 km nord de Vitry;48.42564;-1.12956;"pas 20 km ; 263 km de Vitry à vol d'oiseau";Grille régulière, config_collecte.json > grille
G-260-020;grille;Grille -260 km est / -20 km nord de Vitry;48.60657;-1.12956;"pas 20 km ; 261 km de Vitry à vol d'oiseau";Grille régulière, config_collecte.json > grille
G-260+000;grille;Grille -260 km est / +0 km nord de Vitry;48.7875;-1.12956;"pas 20 km ; 260 km de Vitry à vol d'oiseau";Grille régulière, config_collecte.json > grille
G-260+020;grille;Grille -260 km est / +20 km nord de Vitry;48.96843;-1.12956;"pas 20 km ; 261 km de Vitry à vol d'oiseau";Grille régulière, config_collecte.json > grille
G-260+040;grille;Grille -260 km est / +40 km nord de Vitry;49.14936;-1.12956;"pas 20 km ; 263 km de Vitry à vol d'oiseau";Grille régulière, config_collecte.json > grille
G-260+060;grille;Grille -260 km est / +60 km nord de Vitry;49.33029;-1.12956;"pas 20 km ; 267 km de Vitry à vol d'oiseau";Grille régulière, config_collecte.json > grille
G-260+080;grille;Grille -260 km est / +80 km nord de Vitry;49.51122;-1.12956;"pas 20 km ; 272 km de Vitry à vol d'oiseau";Grille régulière, config_collecte.json > grille
G-260+100;grille;Grille -260 km est / +100 km nord de Vitry;49.69215;-1.12956;"pas 20 km ; 279 km de Vitry à vol d'oiseau";Grille régulière, config_collecte.json > grille
G-260+120;grille;Grille -260 km est / +120 km nord de Vitry;49.87308;-1.12956;"pas 20 km ; 286 km de Vitry à vol d'oiseau";Grille régulière, config_collecte.json > grille
G-260+140;grille;Grille -260 km est / +140 km nord de Vitry;50.05401;-1.12956;"pas 20 km ; 295 km de Vitry à vol d'oiseau";Grille régulière, config_collecte.json > grille
G-240-180;grille;Grille -240 km est / -180 km nord de Vitry;47.15913;-0.85687;"pas 20 km ; 300 km de Vitry à vol d'oiseau";Grille régulière, config_collecte.json > grille
G-240-160;grille;Grille -240 km est / -160 km nord de Vitry;47.34006;-0.85687;"pas 20 km ; 288 km de Vitry à vol d'oiseau";Grille régulière, config_collecte.json > grille
G-240-140;grille;Grille -240 km est / -140 km nord de Vitry;47.52099;-0.85687;"pas 20 km ; 278 km de Vitry à vol d'oiseau";Grille régulière, config_collecte.json > grille
G-240-120;grille;Grille -240 km est / -120 km nord de Vitry;47.70192;-0.85687;"pas 20 km ; 268 km de Vitry à vol d'oiseau";Grille régulière, config_collecte.json > grille
G-240-100;grille;Grille -240 km est / -100 km nord de Vitry;47.88285;-0.85687;"pas 20 km ; 260 km de Vitry à vol d'oiseau";Grille régulière, config_collecte.json > grille
G-240-080;grille;Grille -240 km est / -80 km nord de Vitry;48.06378;-0.85687;"pas 20 km ; 253 km de Vitry à vol d'oiseau";Grille régulière, config_collecte.json > grille
G-240-060;grille;Grille -240 km est / -60 km nord de Vitry;48.24471;-0.85687;"pas 20 km ; 247 km de Vitry à vol d'oiseau";Grille régulière, config_collecte.json > grille
G-240-040;grille;Grille -240 km est / -40 km nord de Vitry;48.42564;-0.85687;"pas 20 km ; 243 km de Vitry à vol d'oiseau";Grille régulière, config_collecte.json > grille
G-240-020;grille;Grille -240 km est / -20 km nord de Vitry;48.60657;-0.85687;"pas 20 km ; 241 km de Vitry à vol d'oiseau";Grille régulière, config_collecte.json > grille
G-240+000;grille;Grille -240 km est / +0 km nord de Vitry;48.7875;-0.85687;"pas 20 km ; 240 km de Vitry à vol d'oiseau";Grille régulière, config_collecte.json > grille
G-240+020;grille;Grille -240 km est / +20 km nord de Vitry;48.96843;-0.85687;"pas 20 km ; 241 km de Vitry à vol d'oiseau";Grille régulière, config_collecte.json > grille
G-240+040;grille;Grille -240 km est / +40 km nord de Vitry;49.14936;-0.85687;"pas 20 km ; 243 km de Vitry à vol d'oiseau";Grille régulière, config_collecte.json > grille
G-240+060;grille;Grille -240 km est / +60 km nord de Vitry;49.33029;-0.85687;"pas 20 km ; 247 km de Vitry à vol d'oiseau";Grille régulière, config_collecte.json > grille
G-240+080;grille;Grille -240 km est / +80 km nord de Vitry;49.51122;-0.85687;"pas 20 km ; 253 km de Vitry à vol d'oiseau";Grille régulière, config_collecte.json > grille
G-240+100;grille;Grille -240 km est / +100 km nord de Vitry;49.69215;-0.85687;"pas 20 km ; 260 km de Vitry à vol d'oiseau";Grille régulière, config_collecte.json > grille
G-240+120;grille;Grille -240 km est / +120 km nord de Vitry;49.87308;-0.85687;"pas 20 km ; 268 km de Vitry à vol d'oiseau";Grille régulière, config_collecte.json > grille
G-240+140;grille;Grille -240 km est / +140 km nord de Vitry;50.05401;-0.85687;"pas 20 km ; 278 km de Vitry à vol d'oiseau";Grille régulière, config_collecte.json > grille
G-240+160;grille;Grille -240 km est / +160 km nord de Vitry;50.23494;-0.85687;"pas 20 km ; 288 km de Vitry à vol d'oiseau";Grille régulière, config_collecte.json > grille
G-240+180;grille;Grille -240 km est / +180 km nord de Vitry;50.41587;-0.85687;"pas 20 km ; 300 km de Vitry à vol d'oiseau";Grille régulière, config_collecte.json > grille
G-220-200;grille;Grille -220 km est / -200 km nord de Vitry;46.9782;-0.58418;"pas 20 km ; 297 km de Vitry à vol d'oiseau";Grille régulière, config_collecte.json > grille
G-220-180;grille;Grille -220 km est / -180 km nord de Vitry;47.15913;-0.58418;"pas 20 km ; 284 km de Vitry à vol d'oiseau";Grille régulière, config_collecte.json > grille
G-220-160;grille;Grille -220 km est / -160 km nord de Vitry;47.34006;-0.58418;"pas 20 km ; 272 km de Vitry à vol d'oiseau";Grille régulière, config_collecte.json > grille
G-220-140;grille;Grille -220 km est / -140 km nord de Vitry;47.52099;-0.58418;"pas 20 km ; 261 km de Vitry à vol d'oiseau";Grille régulière, config_collecte.json > grille
G-220-120;grille;Grille -220 km est / -120 km nord de Vitry;47.70192;-0.58418;"pas 20 km ; 251 km de Vitry à vol d'oiseau";Grille régulière, config_collecte.json > grille
G-220-100;grille;Grille -220 km est / -100 km nord de Vitry;47.88285;-0.58418;"pas 20 km ; 242 km de Vitry à vol d'oiseau";Grille régulière, config_collecte.json > grille
G-220-080;grille;Grille -220 km est / -80 km nord de Vitry;48.06378;-0.58418;"pas 20 km ; 234 km de Vitry à vol d'oiseau";Grille régulière, config_collecte.json > grille
G-220-060;grille;Grille -220 km est / -60 km nord de Vitry;48.24471;-0.58418;"pas 20 km ; 228 km de Vitry à vol d'oiseau";Grille régulière, config_collecte.json > grille
G-220-040;grille;Grille -220 km est / -40 km nord de Vitry;48.42564;-0.58418;"pas 20 km ; 224 km de Vitry à vol d'oiseau";Grille régulière, config_collecte.json > grille
G-220-020;grille;Grille -220 km est / -20 km nord de Vitry;48.60657;-0.58418;"pas 20 km ; 221 km de Vitry à vol d'oiseau";Grille régulière, config_collecte.json > grille
G-220+000;grille;Grille -220 km est / +0 km nord de Vitry;48.7875;-0.58418;"pas 20 km ; 220 km de Vitry à vol d'oiseau";Grille régulière, config_collecte.json > grille
G-220+020;grille;Grille -220 km est / +20 km nord de Vitry;48.96843;-0.58418;"pas 20 km ; 221 km de Vitry à vol d'oiseau";Grille régulière, config_collecte.json > grille
G-220+040;grille;Grille -220 km est / +40 km nord de Vitry;49.14936;-0.58418;"pas 20 km ; 224 km de Vitry à vol d'oiseau";Grille régulière, config_collecte.json > grille
G-220+060;grille;Grille -220 km est / +60 km nord de Vitry;49.33029;-0.58418;"pas 20 km ; 228 km de Vitry à vol d'oiseau";Grille régulière, config_collecte.json > grille
G-220+080;grille;Grille -220 km est / +80 km nord de Vitry;49.51122;-0.58418;"pas 20 km ; 234 km de Vitry à vol d'oiseau";Grille régulière, config_collecte.json > grille
G-220+100;grille;Grille -220 km est / +100 km nord de Vitry;49.69215;-0.58418;"pas 20 km ; 242 km de Vitry à vol d'oiseau";Grille régulière, config_collecte.json > grille
G-220+120;grille;Grille -220 km est / +120 km nord de Vitry;49.87308;-0.58418;"pas 20 km ; 251 km de Vitry à vol d'oiseau";Grille régulière, config_collecte.json > grille
G-220+140;grille;Grille -220 km est / +140 km nord de Vitry;50.05401;-0.58418;"pas 20 km ; 261 km de Vitry à vol d'oiseau";Grille régulière, config_collecte.json > grille
G-220+160;grille;Grille -220 km est / +160 km nord de Vitry;50.23494;-0.58418;"pas 20 km ; 272 km de Vitry à vol d'oiseau";Grille régulière, config_collecte.json > grille
G-220+180;grille;Grille -220 km est / +180 km nord de Vitry;50.41587;-0.58418;"pas 20 km ; 284 km de Vitry à vol d'oiseau";Grille régulière, config_collecte.json > grille
G-220+200;grille;Grille -220 km est / +200 km nord de Vitry;50.5968;-0.58418;"pas 20 km ; 297 km de Vitry à vol d'oiseau";Grille régulière, config_collecte.json > grille
G-200-220;grille;Grille -200 km est / -220 km nord de Vitry;46.79727;-0.31149;"pas 20 km ; 297 km de Vitry à vol d'oiseau";Grille régulière, config_collecte.json > grille
G-200-200;grille;Grille -200 km est / -200 km nord de Vitry;46.9782;-0.31149;"pas 20 km ; 283 km de Vitry à vol d'oiseau";Grille régulière, config_collecte.json > grille
G-200-180;grille;Grille -200 km est / -180 km nord de Vitry;47.15913;-0.31149;"pas 20 km ; 269 km de Vitry à vol d'oiseau";Grille régulière, config_collecte.json > grille
G-200-160;grille;Grille -200 km est / -160 km nord de Vitry;47.34006;-0.31149;"pas 20 km ; 256 km de Vitry à vol d'oiseau";Grille régulière, config_collecte.json > grille
G-200-140;grille;Grille -200 km est / -140 km nord de Vitry;47.52099;-0.31149;"pas 20 km ; 244 km de Vitry à vol d'oiseau";Grille régulière, config_collecte.json > grille
G-200-120;grille;Grille -200 km est / -120 km nord de Vitry;47.70192;-0.31149;"pas 20 km ; 233 km de Vitry à vol d'oiseau";Grille régulière, config_collecte.json > grille
G-200-100;grille;Grille -200 km est / -100 km nord de Vitry;47.88285;-0.31149;"pas 20 km ; 224 km de Vitry à vol d'oiseau";Grille régulière, config_collecte.json > grille
G-200-080;grille;Grille -200 km est / -80 km nord de Vitry;48.06378;-0.31149;"pas 20 km ; 215 km de Vitry à vol d'oiseau";Grille régulière, config_collecte.json > grille
G-200-060;grille;Grille -200 km est / -60 km nord de Vitry;48.24471;-0.31149;"pas 20 km ; 209 km de Vitry à vol d'oiseau";Grille régulière, config_collecte.json > grille
G-200-040;grille;Grille -200 km est / -40 km nord de Vitry;48.42564;-0.31149;"pas 20 km ; 204 km de Vitry à vol d'oiseau";Grille régulière, config_collecte.json > grille
G-200-020;grille;Grille -200 km est / -20 km nord de Vitry;48.60657;-0.31149;"pas 20 km ; 201 km de Vitry à vol d'oiseau";Grille régulière, config_collecte.json > grille
G-200+000;grille;Grille -200 km est / +0 km nord de Vitry;48.7875;-0.31149;"pas 20 km ; 200 km de Vitry à vol d'oiseau";Grille régulière, config_collecte.json > grille
G-200+020;grille;Grille -200 km est / +20 km nord de Vitry;48.96843;-0.31149;"pas 20 km ; 201 km de Vitry à vol d'oiseau";Grille régulière, config_collecte.json > grille
G-200+040;grille;Grille -200 km est / +40 km nord de Vitry;49.14936;-0.31149;"pas 20 km ; 204 km de Vitry à vol d'oiseau";Grille régulière, config_collecte.json > grille
G-200+060;grille;Grille -200 km est / +60 km nord de Vitry;49.33029;-0.31149;"pas 20 km ; 209 km de Vitry à vol d'oiseau";Grille régulière, config_collecte.json > grille
G-200+080;grille;Grille -200 km est / +80 km nord de Vitry;49.51122;-0.31149;"pas 20 km ; 215 km de Vitry à vol d'oiseau";Grille régulière, config_collecte.json > grille
G-200+100;grille;Grille -200 km est / +100 km nord de Vitry;49.69215;-0.31149;"pas 20 km ; 224 km de Vitry à vol d'oiseau";Grille régulière, config_collecte.json > grille
G-200+120;grille;Grille -200 km est / +120 km nord de Vitry;49.87308;-0.31149;"pas 20 km ; 233 km de Vitry à vol d'oiseau";Grille régulière, config_collecte.json > grille
G-200+140;grille;Grille -200 km est / +140 km nord de Vitry;50.05401;-0.31149;"pas 20 km ; 244 km de Vitry à vol d'oiseau";Grille régulière, config_collecte.json > grille
G-200+160;grille;Grille -200 km est / +160 km nord de Vitry;50.23494;-0.31149;"pas 20 km ; 256 km de Vitry à vol d'oiseau";Grille régulière, config_collecte.json > grille
G-200+180;grille;Grille -200 km est / +180 km nord de Vitry;50.41587;-0.31149;"pas 20 km ; 269 km de Vitry à vol d'oiseau";Grille régulière, config_collecte.json > grille
G-200+200;grille;Grille -200 km est / +200 km nord de Vitry;50.5968;-0.31149;"pas 20 km ; 283 km de Vitry à vol d'oiseau";Grille régulière, config_collecte.json > grille
G-200+220;grille;Grille -200 km est / +220 km nord de Vitry;50.77773;-0.31149;"pas 20 km ; 297 km de Vitry à vol d'oiseau";Grille régulière, config_collecte.json > grille
G-180-240;grille;Grille -180 km est / -240 km nord de Vitry;46.61634;-0.0388;"pas 20 km ; 300 km de Vitry à vol d'oiseau";Grille régulière, config_collecte.json > grille
G-180-220;grille;Grille -180 km est / -220 km nord de Vitry;46.79727;-0.0388;"pas 20 km ; 284 km de Vitry à vol d'oiseau";Grille régulière, config_collecte.json > grille
G-180-200;grille;Grille -180 km est / -200 km nord de Vitry;46.9782;-0.0388;"pas 20 km ; 269 km de Vitry à vol d'oiseau";Grille régulière, config_collecte.json > grille
G-180-180;grille;Grille -180 km est / -180 km nord de Vitry;47.15913;-0.0388;"pas 20 km ; 255 km de Vitry à vol d'oiseau";Grille régulière, config_collecte.json > grille
G-180-160;grille;Grille -180 km est / -160 km nord de Vitry;47.34006;-0.0388;"pas 20 km ; 241 km de Vitry à vol d'oiseau";Grille régulière, config_collecte.json > grille
G-180-140;grille;Grille -180 km est / -140 km nord de Vitry;47.52099;-0.0388;"pas 20 km ; 228 km de Vitry à vol d'oiseau";Grille régulière, config_collecte.json > grille
G-180-120;grille;Grille -180 km est / -120 km nord de Vitry;47.70192;-0.0388;"pas 20 km ; 216 km de Vitry à vol d'oiseau";Grille régulière, config_collecte.json > grille
G-180-100;grille;Grille -180 km est / -100 km nord de Vitry;47.88285;-0.0388;"pas 20 km ; 206 km de Vitry à vol d'oiseau";Grille régulière, config_collecte.json > grille
G-180-080;grille;Grille -180 km est / -80 km nord de Vitry;48.06378;-0.0388;"pas 20 km ; 197 km de Vitry à vol d'oiseau";Grille régulière, config_collecte.json > grille
G-180-060;grille;Grille -180 km est / -60 km nord de Vitry;48.24471;-0.0388;"pas 20 km ; 190 km de Vitry à vol d'oiseau";Grille régulière, config_collecte.json > grille
G-180-040;grille;Grille -180 km est / -40 km nord de Vitry;48.42564;-0.0388;"pas 20 km ; 184 km de Vitry à vol d'oiseau";Grille régulière, config_collecte.json > grille
G-180-020;grille;Grille -180 km est / -20 km nord de Vitry;48.60657;-0.0388;"pas 20 km ; 181 km de Vitry à vol d'oiseau";Grille régulière, config_collecte.json > grille
G-180+000;grille;Grille -180 km est / +0 km nord de Vitry;48.7875;-0.0388;"pas 20 km ; 180 km de Vitry à vol d'oiseau";Grille régulière, config_collecte.json > grille
G-180+020;grille;Grille -180 km est / +20 km nord de Vitry;48.96843;-0.0388;"pas 20 km ; 181 km de Vitry à vol d'oiseau";Grille régulière, config_collecte.json > grille
G-180+040;grille;Grille -180 km est / +40 km nord de Vitry;49.14936;-0.0388;"pas 20 km ; 184 km de Vitry à vol d'oiseau";Grille régulière, config_collecte.json > grille
G-180+060;grille;Grille -180 km est / +60 km nord de Vitry;49.33029;-0.0388;"pas 20 km ; 190 km de Vitry à vol d'oiseau";Grille régulière, config_collecte.json > grille
G-180+080;grille;Grille -180 km est / +80 km nord de Vitry;49.51122;-0.0388;"pas 20 km ; 197 km de Vitry à vol d'oiseau";Grille régulière, config_collecte.json > grille
G-180+100;grille;Grille -180 km est / +100 km nord de Vitry;49.69215;-0.0388;"pas 20 km ; 206 km de Vitry à vol d'oiseau";Grille régulière, config_collecte.json > grille
G-180+120;grille;Grille -180 km est / +120 km nord de Vitry;49.87308;-0.0388;"pas 20 km ; 216 km de Vitry à vol d'oiseau";Grille régulière, config_collecte.json > grille
G-180+140;grille;Grille -180 km est / +140 km nord de Vitry;50.05401;-0.0388;"pas 20 km ; 228 km de Vitry à vol d'oiseau";Grille régulière, config_collecte.json > grille
G-180+160;grille;Grille -180 km est / +160 km nord de Vitry;50.23494;-0.0388;"pas 20 km ; 241 km de Vitry à vol d'oiseau";Grille régulière, config_collecte.json > grille
G-180+180;grille;Grille -180 km est / +180 km nord de Vitry;50.41587;-0.0388;"pas 20 km ; 255 km de Vitry à vol d'oiseau";Grille régulière, config_collecte.json > grille
G-180+200;grille;Grille -180 km est / +200 km nord de Vitry;50.5968;-0.0388;"pas 20 km ; 269 km de Vitry à vol d'oiseau";Grille régulière, config_collecte.json > grille
G-180+220;grille;Grille -180 km est / +220 km nord de Vitry;50.77773;-0.0388;"pas 20 km ; 284 km de Vitry à vol d'oiseau";Grille régulière, config_collecte.json > grille
G-180+240;grille;Grille -180 km est / +240 km nord de Vitry;50.95866;-0.0388;"pas 20 km ; 300 km de Vitry à vol d'oiseau";Grille régulière, config_collecte.json > grille
G-160-240;grille;Grille -160 km est / -240 km nord de Vitry;46.61634;0.23389;"pas 20 km ; 288 km de Vitry à vol d'oiseau";Grille régulière, config_collecte.json > grille
G-160-220;grille;Grille -160 km est / -220 km nord de Vitry;46.79727;0.23389;"pas 20 km ; 272 km de Vitry à vol d'oiseau";Grille régulière, config_collecte.json > grille
G-160-200;grille;Grille -160 km est / -200 km nord de Vitry;46.9782;0.23389;"pas 20 km ; 256 km de Vitry à vol d'oiseau";Grille régulière, config_collecte.json > grille
G-160-180;grille;Grille -160 km est / -180 km nord de Vitry;47.15913;0.23389;"pas 20 km ; 241 km de Vitry à vol d'oiseau";Grille régulière, config_collecte.json > grille
G-160-160;grille;Grille -160 km est / -160 km nord de Vitry;47.34006;0.23389;"pas 20 km ; 226 km de Vitry à vol d'oiseau";Grille régulière, config_collecte.json > grille
G-160-140;grille;Grille -160 km est / -140 km nord de Vitry;47.52099;0.23389;"pas 20 km ; 213 km de Vitry à vol d'oiseau";Grille régulière, config_collecte.json > grille
G-160-120;grille;Grille -160 km est / -120 km nord de Vitry;47.70192;0.23389;"pas 20 km ; 200 km de Vitry à vol d'oiseau";Grille régulière, config_collecte.json > grille
G-160-100;grille;Grille -160 km est / -100 km nord de Vitry;47.88285;0.23389;"pas 20 km ; 189 km de Vitry à vol d'oiseau";Grille régulière, config_collecte.json > grille
G-160-080;grille;Grille -160 km est / -80 km nord de Vitry;48.06378;0.23389;"pas 20 km ; 179 km de Vitry à vol d'oiseau";Grille régulière, config_collecte.json > grille
G-160-060;grille;Grille -160 km est / -60 km nord de Vitry;48.24471;0.23389;"pas 20 km ; 171 km de Vitry à vol d'oiseau";Grille régulière, config_collecte.json > grille
G-160-040;grille;Grille -160 km est / -40 km nord de Vitry;48.42564;0.23389;"pas 20 km ; 165 km de Vitry à vol d'oiseau";Grille régulière, config_collecte.json > grille
G-160-020;grille;Grille -160 km est / -20 km nord de Vitry;48.60657;0.23389;"pas 20 km ; 161 km de Vitry à vol d'oiseau";Grille régulière, config_collecte.json > grille
G-160+000;grille;Grille -160 km est / +0 km nord de Vitry;48.7875;0.23389;"pas 20 km ; 160 km de Vitry à vol d'oiseau";Grille régulière, config_collecte.json > grille
G-160+020;grille;Grille -160 km est / +20 km nord de Vitry;48.96843;0.23389;"pas 20 km ; 161 km de Vitry à vol d'oiseau";Grille régulière, config_collecte.json > grille
G-160+040;grille;Grille -160 km est / +40 km nord de Vitry;49.14936;0.23389;"pas 20 km ; 165 km de Vitry à vol d'oiseau";Grille régulière, config_collecte.json > grille
G-160+060;grille;Grille -160 km est / +60 km nord de Vitry;49.33029;0.23389;"pas 20 km ; 171 km de Vitry à vol d'oiseau";Grille régulière, config_collecte.json > grille
G-160+080;grille;Grille -160 km est / +80 km nord de Vitry;49.51122;0.23389;"pas 20 km ; 179 km de Vitry à vol d'oiseau";Grille régulière, config_collecte.json > grille
G-160+100;grille;Grille -160 km est / +100 km nord de Vitry;49.69215;0.23389;"pas 20 km ; 189 km de Vitry à vol d'oiseau";Grille régulière, config_collecte.json > grille
G-160+120;grille;Grille -160 km est / +120 km nord de Vitry;49.87308;0.23389;"pas 20 km ; 200 km de Vitry à vol d'oiseau";Grille régulière, config_collecte.json > grille
G-160+140;grille;Grille -160 km est / +140 km nord de Vitry;50.05401;0.23389;"pas 20 km ; 213 km de Vitry à vol d'oiseau";Grille régulière, config_collecte.json > grille
G-160+160;grille;Grille -160 km est / +160 km nord de Vitry;50.23494;0.23389;"pas 20 km ; 226 km de Vitry à vol d'oiseau";Grille régulière, config_collecte.json > grille
G-160+180;grille;Grille -160 km est / +180 km nord de Vitry;50.41587;0.23389;"pas 20 km ; 241 km de Vitry à vol d'oiseau";Grille régulière, config_collecte.json > grille
G-160+200;grille;Grille -160 km est / +200 km nord de Vitry;50.5968;0.23389;"pas 20 km ; 256 km de Vitry à vol d'oiseau";Grille régulière, config_collecte.json > grille
G-160+220;grille;Grille -160 km est / +220 km nord de Vitry;50.77773;0.23389;"pas 20 km ; 272 km de Vitry à vol d'oiseau";Grille régulière, config_collecte.json > grille
G-160+240;grille;Grille -160 km est / +240 km nord de Vitry;50.95866;0.23389;"pas 20 km ; 288 km de Vitry à vol d'oiseau";Grille régulière, config_collecte.json > grille
G-140-260;grille;Grille -140 km est / -260 km nord de Vitry;46.43541;0.50658;"pas 20 km ; 295 km de Vitry à vol d'oiseau";Grille régulière, config_collecte.json > grille
G-140-240;grille;Grille -140 km est / -240 km nord de Vitry;46.61634;0.50658;"pas 20 km ; 278 km de Vitry à vol d'oiseau";Grille régulière, config_collecte.json > grille
G-140-220;grille;Grille -140 km est / -220 km nord de Vitry;46.79727;0.50658;"pas 20 km ; 261 km de Vitry à vol d'oiseau";Grille régulière, config_collecte.json > grille
G-140-200;grille;Grille -140 km est / -200 km nord de Vitry;46.9782;0.50658;"pas 20 km ; 244 km de Vitry à vol d'oiseau";Grille régulière, config_collecte.json > grille
G-140-180;grille;Grille -140 km est / -180 km nord de Vitry;47.15913;0.50658;"pas 20 km ; 228 km de Vitry à vol d'oiseau";Grille régulière, config_collecte.json > grille
G-140-160;grille;Grille -140 km est / -160 km nord de Vitry;47.34006;0.50658;"pas 20 km ; 213 km de Vitry à vol d'oiseau";Grille régulière, config_collecte.json > grille
G-140-140;grille;Grille -140 km est / -140 km nord de Vitry;47.52099;0.50658;"pas 20 km ; 198 km de Vitry à vol d'oiseau";Grille régulière, config_collecte.json > grille
G-140-120;grille;Grille -140 km est / -120 km nord de Vitry;47.70192;0.50658;"pas 20 km ; 184 km de Vitry à vol d'oiseau";Grille régulière, config_collecte.json > grille
G-140-100;grille;Grille -140 km est / -100 km nord de Vitry;47.88285;0.50658;"pas 20 km ; 172 km de Vitry à vol d'oiseau";Grille régulière, config_collecte.json > grille
G-140-080;grille;Grille -140 km est / -80 km nord de Vitry;48.06378;0.50658;"pas 20 km ; 161 km de Vitry à vol d'oiseau";Grille régulière, config_collecte.json > grille
G-140-060;grille;Grille -140 km est / -60 km nord de Vitry;48.24471;0.50658;"pas 20 km ; 152 km de Vitry à vol d'oiseau";Grille régulière, config_collecte.json > grille
G-140-040;grille;Grille -140 km est / -40 km nord de Vitry;48.42564;0.50658;"pas 20 km ; 146 km de Vitry à vol d'oiseau";Grille régulière, config_collecte.json > grille
G-140-020;grille;Grille -140 km est / -20 km nord de Vitry;48.60657;0.50658;"pas 20 km ; 141 km de Vitry à vol d'oiseau";Grille régulière, config_collecte.json > grille
G-140+000;grille;Grille -140 km est / +0 km nord de Vitry;48.7875;0.50658;"pas 20 km ; 140 km de Vitry à vol d'oiseau";Grille régulière, config_collecte.json > grille
G-140+020;grille;Grille -140 km est / +20 km nord de Vitry;48.96843;0.50658;"pas 20 km ; 141 km de Vitry à vol d'oiseau";Grille régulière, config_collecte.json > grille
G-140+040;grille;Grille -140 km est / +40 km nord de Vitry;49.14936;0.50658;"pas 20 km ; 146 km de Vitry à vol d'oiseau";Grille régulière, config_collecte.json > grille
G-140+060;grille;Grille -140 km est / +60 km nord de Vitry;49.33029;0.50658;"pas 20 km ; 152 km de Vitry à vol d'oiseau";Grille régulière, config_collecte.json > grille
G-140+080;grille;Grille -140 km est / +80 km nord de Vitry;49.51122;0.50658;"pas 20 km ; 161 km de Vitry à vol d'oiseau";Grille régulière, config_collecte.json > grille
G-140+100;grille;Grille -140 km est / +100 km nord de Vitry;49.69215;0.50658;"pas 20 km ; 172 km de Vitry à vol d'oiseau";Grille régulière, config_collecte.json > grille
G-140+120;grille;Grille -140 km est / +120 km nord de Vitry;49.87308;0.50658;"pas 20 km ; 184 km de Vitry à vol d'oiseau";Grille régulière, config_collecte.json > grille
G-140+140;grille;Grille -140 km est / +140 km nord de Vitry;50.05401;0.50658;"pas 20 km ; 198 km de Vitry à vol d'oiseau";Grille régulière, config_collecte.json > grille
G-140+160;grille;Grille -140 km est / +160 km nord de Vitry;50.23494;0.50658;"pas 20 km ; 213 km de Vitry à vol d'oiseau";Grille régulière, config_collecte.json > grille
G-140+180;grille;Grille -140 km est / +180 km nord de Vitry;50.41587;0.50658;"pas 20 km ; 228 km de Vitry à vol d'oiseau";Grille régulière, config_collecte.json > grille
G-140+200;grille;Grille -140 km est / +200 km nord de Vitry;50.5968;0.50658;"pas 20 km ; 244 km de Vitry à vol d'oiseau";Grille régulière, config_collecte.json > grille
G-140+220;grille;Grille -140 km est / +220 km nord de Vitry;50.77773;0.50658;"pas 20 km ; 261 km de Vitry à vol d'oiseau";Grille régulière, config_collecte.json > grille
G-140+240;grille;Grille -140 km est / +240 km nord de Vitry;50.95866;0.50658;"pas 20 km ; 278 km de Vitry à vol d'oiseau";Grille régulière, config_collecte.json > grille
G-140+260;grille;Grille -140 km est / +260 km nord de Vitry;51.13959;0.50658;"pas 20 km ; 295 km de Vitry à vol d'oiseau";Grille régulière, config_collecte.json > grille
G-120-260;grille;Grille -120 km est / -260 km nord de Vitry;46.43541;0.77927;"pas 20 km ; 286 km de Vitry à vol d'oiseau";Grille régulière, config_collecte.json > grille
G-120-240;grille;Grille -120 km est / -240 km nord de Vitry;46.61634;0.77927;"pas 20 km ; 268 km de Vitry à vol d'oiseau";Grille régulière, config_collecte.json > grille
G-120-220;grille;Grille -120 km est / -220 km nord de Vitry;46.79727;0.77927;"pas 20 km ; 251 km de Vitry à vol d'oiseau";Grille régulière, config_collecte.json > grille
G-120-200;grille;Grille -120 km est / -200 km nord de Vitry;46.9782;0.77927;"pas 20 km ; 233 km de Vitry à vol d'oiseau";Grille régulière, config_collecte.json > grille
G-120-180;grille;Grille -120 km est / -180 km nord de Vitry;47.15913;0.77927;"pas 20 km ; 216 km de Vitry à vol d'oiseau";Grille régulière, config_collecte.json > grille
G-120-160;grille;Grille -120 km est / -160 km nord de Vitry;47.34006;0.77927;"pas 20 km ; 200 km de Vitry à vol d'oiseau";Grille régulière, config_collecte.json > grille
G-120-140;grille;Grille -120 km est / -140 km nord de Vitry;47.52099;0.77927;"pas 20 km ; 184 km de Vitry à vol d'oiseau";Grille régulière, config_collecte.json > grille
G-120-120;grille;Grille -120 km est / -120 km nord de Vitry;47.70192;0.77927;"pas 20 km ; 170 km de Vitry à vol d'oiseau";Grille régulière, config_collecte.json > grille
G-120-100;grille;Grille -120 km est / -100 km nord de Vitry;47.88285;0.77927;"pas 20 km ; 156 km de Vitry à vol d'oiseau";Grille régulière, config_collecte.json > grille
G-120-080;grille;Grille -120 km est / -80 km nord de Vitry;48.06378;0.77927;"pas 20 km ; 144 km de Vitry à vol d'oiseau";Grille régulière, config_collecte.json > grille
G-120-060;grille;Grille -120 km est / -60 km nord de Vitry;48.24471;0.77927;"pas 20 km ; 134 km de Vitry à vol d'oiseau";Grille régulière, config_collecte.json > grille
G-120-040;grille;Grille -120 km est / -40 km nord de Vitry;48.42564;0.77927;"pas 20 km ; 126 km de Vitry à vol d'oiseau";Grille régulière, config_collecte.json > grille
G-120-020;grille;Grille -120 km est / -20 km nord de Vitry;48.60657;0.77927;"pas 20 km ; 122 km de Vitry à vol d'oiseau";Grille régulière, config_collecte.json > grille
G-120+000;grille;Grille -120 km est / +0 km nord de Vitry;48.7875;0.77927;"pas 20 km ; 120 km de Vitry à vol d'oiseau";Grille régulière, config_collecte.json > grille
G-120+020;grille;Grille -120 km est / +20 km nord de Vitry;48.96843;0.77927;"pas 20 km ; 122 km de Vitry à vol d'oiseau";Grille régulière, config_collecte.json > grille
G-120+040;grille;Grille -120 km est / +40 km nord de Vitry;49.14936;0.77927;"pas 20 km ; 126 km de Vitry à vol d'oiseau";Grille régulière, config_collecte.json > grille
G-120+060;grille;Grille -120 km est / +60 km nord de Vitry;49.33029;0.77927;"pas 20 km ; 134 km de Vitry à vol d'oiseau";Grille régulière, config_collecte.json > grille
G-120+080;grille;Grille -120 km est / +80 km nord de Vitry;49.51122;0.77927;"pas 20 km ; 144 km de Vitry à vol d'oiseau";Grille régulière, config_collecte.json > grille
G-120+100;grille;Grille -120 km est / +100 km nord de Vitry;49.69215;0.77927;"pas 20 km ; 156 km de Vitry à vol d'oiseau";Grille régulière, config_collecte.json > grille
G-120+120;grille;Grille -120 km est / +120 km nord de Vitry;49.87308;0.77927;"pas 20 km ; 170 km de Vitry à vol d'oiseau";Grille régulière, config_collecte.json > grille
G-120+140;grille;Grille -120 km est / +140 km nord de Vitry;50.05401;0.77927;"pas 20 km ; 184 km de Vitry à vol d'oiseau";Grille régulière, config_collecte.json > grille
G-120+160;grille;Grille -120 km est / +160 km nord de Vitry;50.23494;0.77927;"pas 20 km ; 200 km de Vitry à vol d'oiseau";Grille régulière, config_collecte.json > grille
G-120+180;grille;Grille -120 km est / +180 km nord de Vitry;50.41587;0.77927;"pas 20 km ; 216 km de Vitry à vol d'oiseau";Grille régulière, config_collecte.json > grille
G-120+200;grille;Grille -120 km est / +200 km nord de Vitry;50.5968;0.77927;"pas 20 km ; 233 km de Vitry à vol d'oiseau";Grille régulière, config_collecte.json > grille
G-120+220;grille;Grille -120 km est / +220 km nord de Vitry;50.77773;0.77927;"pas 20 km ; 251 km de Vitry à vol d'oiseau";Grille régulière, config_collecte.json > grille
G-120+240;grille;Grille -120 km est / +240 km nord de Vitry;50.95866;0.77927;"pas 20 km ; 268 km de Vitry à vol d'oiseau";Grille régulière, config_collecte.json > grille
G-120+260;grille;Grille -120 km est / +260 km nord de Vitry;51.13959;0.77927;"pas 20 km ; 286 km de Vitry à vol d'oiseau";Grille régulière, config_collecte.json > grille
G-100-280;grille;Grille -100 km est / -280 km nord de Vitry;46.25448;1.05195;"pas 20 km ; 297 km de Vitry à vol d'oiseau";Grille régulière, config_collecte.json > grille
G-100-260;grille;Grille -100 km est / -260 km nord de Vitry;46.43541;1.05195;"pas 20 km ; 279 km de Vitry à vol d'oiseau";Grille régulière, config_collecte.json > grille
G-100-240;grille;Grille -100 km est / -240 km nord de Vitry;46.61634;1.05195;"pas 20 km ; 260 km de Vitry à vol d'oiseau";Grille régulière, config_collecte.json > grille
G-100-220;grille;Grille -100 km est / -220 km nord de Vitry;46.79727;1.05195;"pas 20 km ; 242 km de Vitry à vol d'oiseau";Grille régulière, config_collecte.json > grille
G-100-200;grille;Grille -100 km est / -200 km nord de Vitry;46.9782;1.05195;"pas 20 km ; 224 km de Vitry à vol d'oiseau";Grille régulière, config_collecte.json > grille
G-100-180;grille;Grille -100 km est / -180 km nord de Vitry;47.15913;1.05195;"pas 20 km ; 206 km de Vitry à vol d'oiseau";Grille régulière, config_collecte.json > grille
G-100-160;grille;Grille -100 km est / -160 km nord de Vitry;47.34006;1.05195;"pas 20 km ; 189 km de Vitry à vol d'oiseau";Grille régulière, config_collecte.json > grille
G-100-140;grille;Grille -100 km est / -140 km nord de Vitry;47.52099;1.05195;"pas 20 km ; 172 km de Vitry à vol d'oiseau";Grille régulière, config_collecte.json > grille
G-100-120;grille;Grille -100 km est / -120 km nord de Vitry;47.70192;1.05195;"pas 20 km ; 156 km de Vitry à vol d'oiseau";Grille régulière, config_collecte.json > grille
G-100-100;grille;Grille -100 km est / -100 km nord de Vitry;47.88285;1.05195;"pas 20 km ; 141 km de Vitry à vol d'oiseau";Grille régulière, config_collecte.json > grille
G-100-080;grille;Grille -100 km est / -80 km nord de Vitry;48.06378;1.05195;"pas 20 km ; 128 km de Vitry à vol d'oiseau";Grille régulière, config_collecte.json > grille
G-100-060;grille;Grille -100 km est / -60 km nord de Vitry;48.24471;1.05195;"pas 20 km ; 117 km de Vitry à vol d'oiseau";Grille régulière, config_collecte.json > grille
G-100-040;grille;Grille -100 km est / -40 km nord de Vitry;48.42564;1.05195;"pas 20 km ; 108 km de Vitry à vol d'oiseau";Grille régulière, config_collecte.json > grille
G-100-020;grille;Grille -100 km est / -20 km nord de Vitry;48.60657;1.05195;"pas 20 km ; 102 km de Vitry à vol d'oiseau";Grille régulière, config_collecte.json > grille
G-100+000;grille;Grille -100 km est / +0 km nord de Vitry;48.7875;1.05195;"pas 20 km ; 100 km de Vitry à vol d'oiseau";Grille régulière, config_collecte.json > grille
G-100+020;grille;Grille -100 km est / +20 km nord de Vitry;48.96843;1.05195;"pas 20 km ; 102 km de Vitry à vol d'oiseau";Grille régulière, config_collecte.json > grille
G-100+040;grille;Grille -100 km est / +40 km nord de Vitry;49.14936;1.05195;"pas 20 km ; 108 km de Vitry à vol d'oiseau";Grille régulière, config_collecte.json > grille
G-100+060;grille;Grille -100 km est / +60 km nord de Vitry;49.33029;1.05195;"pas 20 km ; 117 km de Vitry à vol d'oiseau";Grille régulière, config_collecte.json > grille
G-100+080;grille;Grille -100 km est / +80 km nord de Vitry;49.51122;1.05195;"pas 20 km ; 128 km de Vitry à vol d'oiseau";Grille régulière, config_collecte.json > grille
G-100+100;grille;Grille -100 km est / +100 km nord de Vitry;49.69215;1.05195;"pas 20 km ; 141 km de Vitry à vol d'oiseau";Grille régulière, config_collecte.json > grille
G-100+120;grille;Grille -100 km est / +120 km nord de Vitry;49.87308;1.05195;"pas 20 km ; 156 km de Vitry à vol d'oiseau";Grille régulière, config_collecte.json > grille
G-100+140;grille;Grille -100 km est / +140 km nord de Vitry;50.05401;1.05195;"pas 20 km ; 172 km de Vitry à vol d'oiseau";Grille régulière, config_collecte.json > grille
G-100+160;grille;Grille -100 km est / +160 km nord de Vitry;50.23494;1.05195;"pas 20 km ; 189 km de Vitry à vol d'oiseau";Grille régulière, config_collecte.json > grille
G-100+180;grille;Grille -100 km est / +180 km nord de Vitry;50.41587;1.05195;"pas 20 km ; 206 km de Vitry à vol d'oiseau";Grille régulière, config_collecte.json > grille
G-100+200;grille;Grille -100 km est / +200 km nord de Vitry;50.5968;1.05195;"pas 20 km ; 224 km de Vitry à vol d'oiseau";Grille régulière, config_collecte.json > grille
G-100+220;grille;Grille -100 km est / +220 km nord de Vitry;50.77773;1.05195;"pas 20 km ; 242 km de Vitry à vol d'oiseau";Grille régulière, config_collecte.json > grille
G-100+240;grille;Grille -100 km est / +240 km nord de Vitry;50.95866;1.05195;"pas 20 km ; 260 km de Vitry à vol d'oiseau";Grille régulière, config_collecte.json > grille
G-100+260;grille;Grille -100 km est / +260 km nord de Vitry;51.13959;1.05195;"pas 20 km ; 279 km de Vitry à vol d'oiseau";Grille régulière, config_collecte.json > grille
G-100+280;grille;Grille -100 km est / +280 km nord de Vitry;51.32052;1.05195;"pas 20 km ; 297 km de Vitry à vol d'oiseau";Grille régulière, config_collecte.json > grille
G-080-280;grille;Grille -80 km est / -280 km nord de Vitry;46.25448;1.32464;"pas 20 km ; 291 km de Vitry à vol d'oiseau";Grille régulière, config_collecte.json > grille
G-080-260;grille;Grille -80 km est / -260 km nord de Vitry;46.43541;1.32464;"pas 20 km ; 272 km de Vitry à vol d'oiseau";Grille régulière, config_collecte.json > grille
G-080-240;grille;Grille -80 km est / -240 km nord de Vitry;46.61634;1.32464;"pas 20 km ; 253 km de Vitry à vol d'oiseau";Grille régulière, config_collecte.json > grille
G-080-220;grille;Grille -80 km est / -220 km nord de Vitry;46.79727;1.32464;"pas 20 km ; 234 km de Vitry à vol d'oiseau";Grille régulière, config_collecte.json > grille
G-080-200;grille;Grille -80 km est / -200 km nord de Vitry;46.9782;1.32464;"pas 20 km ; 215 km de Vitry à vol d'oiseau";Grille régulière, config_collecte.json > grille
G-080-180;grille;Grille -80 km est / -180 km nord de Vitry;47.15913;1.32464;"pas 20 km ; 197 km de Vitry à vol d'oiseau";Grille régulière, config_collecte.json > grille
G-080-160;grille;Grille -80 km est / -160 km nord de Vitry;47.34006;1.32464;"pas 20 km ; 179 km de Vitry à vol d'oiseau";Grille régulière, config_collecte.json > grille
G-080-140;grille;Grille -80 km est / -140 km nord de Vitry;47.52099;1.32464;"pas 20 km ; 161 km de Vitry à vol d'oiseau";Grille régulière, config_collecte.json > grille
G-080-120;grille;Grille -80 km est / -120 km nord de Vitry;47.70192;1.32464;"pas 20 km ; 144 km de Vitry à vol d'oiseau";Grille régulière, config_collecte.json > grille
G-080-100;grille;Grille -80 km est / -100 km nord de Vitry;47.88285;1.32464;"pas 20 km ; 128 km de Vitry à vol d'oiseau";Grille régulière, config_collecte.json > grille
G-080-080;grille;Grille -80 km est / -80 km nord de Vitry;48.06378;1.32464;"pas 20 km ; 113 km de Vitry à vol d'oiseau";Grille régulière, config_collecte.json > grille
G-080-060;grille;Grille -80 km est / -60 km nord de Vitry;48.24471;1.32464;"pas 20 km ; 100 km de Vitry à vol d'oiseau";Grille régulière, config_collecte.json > grille
G-080-040;grille;Grille -80 km est / -40 km nord de Vitry;48.42564;1.32464;"pas 20 km ; 89 km de Vitry à vol d'oiseau";Grille régulière, config_collecte.json > grille
G-080-020;grille;Grille -80 km est / -20 km nord de Vitry;48.60657;1.32464;"pas 20 km ; 82 km de Vitry à vol d'oiseau";Grille régulière, config_collecte.json > grille
G-080+000;grille;Grille -80 km est / +0 km nord de Vitry;48.7875;1.32464;"pas 20 km ; 80 km de Vitry à vol d'oiseau";Grille régulière, config_collecte.json > grille
G-080+020;grille;Grille -80 km est / +20 km nord de Vitry;48.96843;1.32464;"pas 20 km ; 82 km de Vitry à vol d'oiseau";Grille régulière, config_collecte.json > grille
G-080+040;grille;Grille -80 km est / +40 km nord de Vitry;49.14936;1.32464;"pas 20 km ; 89 km de Vitry à vol d'oiseau";Grille régulière, config_collecte.json > grille
G-080+060;grille;Grille -80 km est / +60 km nord de Vitry;49.33029;1.32464;"pas 20 km ; 100 km de Vitry à vol d'oiseau";Grille régulière, config_collecte.json > grille
G-080+080;grille;Grille -80 km est / +80 km nord de Vitry;49.51122;1.32464;"pas 20 km ; 113 km de Vitry à vol d'oiseau";Grille régulière, config_collecte.json > grille
G-080+100;grille;Grille -80 km est / +100 km nord de Vitry;49.69215;1.32464;"pas 20 km ; 128 km de Vitry à vol d'oiseau";Grille régulière, config_collecte.json > grille
G-080+120;grille;Grille -80 km est / +120 km nord de Vitry;49.87308;1.32464;"pas 20 km ; 144 km de Vitry à vol d'oiseau";Grille régulière, config_collecte.json > grille
G-080+140;grille;Grille -80 km est / +140 km nord de Vitry;50.05401;1.32464;"pas 20 km ; 161 km de Vitry à vol d'oiseau";Grille régulière, config_collecte.json > grille
G-080+160;grille;Grille -80 km est / +160 km nord de Vitry;50.23494;1.32464;"pas 20 km ; 179 km de Vitry à vol d'oiseau";Grille régulière, config_collecte.json > grille
G-080+180;grille;Grille -80 km est / +180 km nord de Vitry;50.41587;1.32464;"pas 20 km ; 197 km de Vitry à vol d'oiseau";Grille régulière, config_collecte.json > grille
G-080+200;grille;Grille -80 km est / +200 km nord de Vitry;50.5968;1.32464;"pas 20 km ; 215 km de Vitry à vol d'oiseau";Grille régulière, config_collecte.json > grille
G-080+220;grille;Grille -80 km est / +220 km nord de Vitry;50.77773;1.32464;"pas 20 km ; 234 km de Vitry à vol d'oiseau";Grille régulière, config_collecte.json > grille
G-080+240;grille;Grille -80 km est / +240 km nord de Vitry;50.95866;1.32464;"pas 20 km ; 253 km de Vitry à vol d'oiseau";Grille régulière, config_collecte.json > grille
G-080+260;grille;Grille -80 km est / +260 km nord de Vitry;51.13959;1.32464;"pas 20 km ; 272 km de Vitry à vol d'oiseau";Grille régulière, config_collecte.json > grille
G-080+280;grille;Grille -80 km est / +280 km nord de Vitry;51.32052;1.32464;"pas 20 km ; 291 km de Vitry à vol d'oiseau";Grille régulière, config_collecte.json > grille
G-060-280;grille;Grille -60 km est / -280 km nord de Vitry;46.25448;1.59733;"pas 20 km ; 286 km de Vitry à vol d'oiseau";Grille régulière, config_collecte.json > grille
G-060-260;grille;Grille -60 km est / -260 km nord de Vitry;46.43541;1.59733;"pas 20 km ; 267 km de Vitry à vol d'oiseau";Grille régulière, config_collecte.json > grille
G-060-240;grille;Grille -60 km est / -240 km nord de Vitry;46.61634;1.59733;"pas 20 km ; 247 km de Vitry à vol d'oiseau";Grille régulière, config_collecte.json > grille
G-060-220;grille;Grille -60 km est / -220 km nord de Vitry;46.79727;1.59733;"pas 20 km ; 228 km de Vitry à vol d'oiseau";Grille régulière, config_collecte.json > grille
G-060-200;grille;Grille -60 km est / -200 km nord de Vitry;46.9782;1.59733;"pas 20 km ; 209 km de Vitry à vol d'oiseau";Grille régulière, config_collecte.json > grille
G-060-180;grille;Grille -60 km est / -180 km nord de Vitry;47.15913;1.59733;"pas 20 km ; 190 km de Vitry à vol d'oiseau";Grille régulière, config_collecte.json > grille
G-060-160;grille;Grille -60 km est / -160 km nord de Vitry;47.34006;1.59733;"pas 20 km ; 171 km de Vitry à vol d'oiseau";Grille régulière, config_collecte.json > grille
G-060-140;grille;Grille -60 km est / -140 km nord de Vitry;47.52099;1.59733;"pas 20 km ; 152 km de Vitry à vol d'oiseau";Grille régulière, config_collecte.json > grille
G-060-120;grille;Grille -60 km est / -120 km nord de Vitry;47.70192;1.59733;"pas 20 km ; 134 km de Vitry à vol d'oiseau";Grille régulière, config_collecte.json > grille
G-060-100;grille;Grille -60 km est / -100 km nord de Vitry;47.88285;1.59733;"pas 20 km ; 117 km de Vitry à vol d'oiseau";Grille régulière, config_collecte.json > grille
G-060-080;grille;Grille -60 km est / -80 km nord de Vitry;48.06378;1.59733;"pas 20 km ; 100 km de Vitry à vol d'oiseau";Grille régulière, config_collecte.json > grille
G-060-060;grille;Grille -60 km est / -60 km nord de Vitry;48.24471;1.59733;"pas 20 km ; 85 km de Vitry à vol d'oiseau";Grille régulière, config_collecte.json > grille
G-060-040;grille;Grille -60 km est / -40 km nord de Vitry;48.42564;1.59733;"pas 20 km ; 72 km de Vitry à vol d'oiseau";Grille régulière, config_collecte.json > grille
G-060-020;grille;Grille -60 km est / -20 km nord de Vitry;48.60657;1.59733;"pas 20 km ; 63 km de Vitry à vol d'oiseau";Grille régulière, config_collecte.json > grille
G-060+020;grille;Grille -60 km est / +20 km nord de Vitry;48.96843;1.59733;"pas 20 km ; 63 km de Vitry à vol d'oiseau";Grille régulière, config_collecte.json > grille
G-060+040;grille;Grille -60 km est / +40 km nord de Vitry;49.14936;1.59733;"pas 20 km ; 72 km de Vitry à vol d'oiseau";Grille régulière, config_collecte.json > grille
G-060+060;grille;Grille -60 km est / +60 km nord de Vitry;49.33029;1.59733;"pas 20 km ; 85 km de Vitry à vol d'oiseau";Grille régulière, config_collecte.json > grille
G-060+080;grille;Grille -60 km est / +80 km nord de Vitry;49.51122;1.59733;"pas 20 km ; 100 km de Vitry à vol d'oiseau";Grille régulière, config_collecte.json > grille
G-060+100;grille;Grille -60 km est / +100 km nord de Vitry;49.69215;1.59733;"pas 20 km ; 117 km de Vitry à vol d'oiseau";Grille régulière, config_collecte.json > grille
G-060+120;grille;Grille -60 km est / +120 km nord de Vitry;49.87308;1.59733;"pas 20 km ; 134 km de Vitry à vol d'oiseau";Grille régulière, config_collecte.json > grille
G-060+140;grille;Grille -60 km est / +140 km nord de Vitry;50.05401;1.59733;"pas 20 km ; 152 km de Vitry à vol d'oiseau";Grille régulière, config_collecte.json > grille
G-060+160;grille;Grille -60 km est / +160 km nord de Vitry;50.23494;1.59733;"pas 20 km ; 171 km de Vitry à vol d'oiseau";Grille régulière, config_collecte.json > grille
G-060+180;grille;Grille -60 km est / +180 km nord de Vitry;50.41587;1.59733;"pas 20 km ; 190 km de Vitry à vol d'oiseau";Grille régulière, config_collecte.json > grille
G-060+200;grille;Grille -60 km est / +200 km nord de Vitry;50.5968;1.59733;"pas 20 km ; 209 km de Vitry à vol d'oiseau";Grille régulière, config_collecte.json > grille
G-060+220;grille;Grille -60 km est / +220 km nord de Vitry;50.77773;1.59733;"pas 20 km ; 228 km de Vitry à vol d'oiseau";Grille régulière, config_collecte.json > grille
G-060+240;grille;Grille -60 km est / +240 km nord de Vitry;50.95866;1.59733;"pas 20 km ; 247 km de Vitry à vol d'oiseau";Grille régulière, config_collecte.json > grille
G-060+260;grille;Grille -60 km est / +260 km nord de Vitry;51.13959;1.59733;"pas 20 km ; 267 km de Vitry à vol d'oiseau";Grille régulière, config_collecte.json > grille
G-060+280;grille;Grille -60 km est / +280 km nord de Vitry;51.32052;1.59733;"pas 20 km ; 286 km de Vitry à vol d'oiseau";Grille régulière, config_collecte.json > grille
G-040-280;grille;Grille -40 km est / -280 km nord de Vitry;46.25448;1.87002;"pas 20 km ; 283 km de Vitry à vol d'oiseau";Grille régulière, config_collecte.json > grille
G-040-260;grille;Grille -40 km est / -260 km nord de Vitry;46.43541;1.87002;"pas 20 km ; 263 km de Vitry à vol d'oiseau";Grille régulière, config_collecte.json > grille
G-040-240;grille;Grille -40 km est / -240 km nord de Vitry;46.61634;1.87002;"pas 20 km ; 243 km de Vitry à vol d'oiseau";Grille régulière, config_collecte.json > grille
G-040-220;grille;Grille -40 km est / -220 km nord de Vitry;46.79727;1.87002;"pas 20 km ; 224 km de Vitry à vol d'oiseau";Grille régulière, config_collecte.json > grille
G-040-200;grille;Grille -40 km est / -200 km nord de Vitry;46.9782;1.87002;"pas 20 km ; 204 km de Vitry à vol d'oiseau";Grille régulière, config_collecte.json > grille
G-040-180;grille;Grille -40 km est / -180 km nord de Vitry;47.15913;1.87002;"pas 20 km ; 184 km de Vitry à vol d'oiseau";Grille régulière, config_collecte.json > grille
G-040-160;grille;Grille -40 km est / -160 km nord de Vitry;47.34006;1.87002;"pas 20 km ; 165 km de Vitry à vol d'oiseau";Grille régulière, config_collecte.json > grille
G-040-140;grille;Grille -40 km est / -140 km nord de Vitry;47.52099;1.87002;"pas 20 km ; 146 km de Vitry à vol d'oiseau";Grille régulière, config_collecte.json > grille
G-040-120;grille;Grille -40 km est / -120 km nord de Vitry;47.70192;1.87002;"pas 20 km ; 126 km de Vitry à vol d'oiseau";Grille régulière, config_collecte.json > grille
G-040-100;grille;Grille -40 km est / -100 km nord de Vitry;47.88285;1.87002;"pas 20 km ; 108 km de Vitry à vol d'oiseau";Grille régulière, config_collecte.json > grille
G-040-080;grille;Grille -40 km est / -80 km nord de Vitry;48.06378;1.87002;"pas 20 km ; 89 km de Vitry à vol d'oiseau";Grille régulière, config_collecte.json > grille
G-040-060;grille;Grille -40 km est / -60 km nord de Vitry;48.24471;1.87002;"pas 20 km ; 72 km de Vitry à vol d'oiseau";Grille régulière, config_collecte.json > grille
G-040+060;grille;Grille -40 km est / +60 km nord de Vitry;49.33029;1.87002;"pas 20 km ; 72 km de Vitry à vol d'oiseau";Grille régulière, config_collecte.json > grille
G-040+080;grille;Grille -40 km est / +80 km nord de Vitry;49.51122;1.87002;"pas 20 km ; 89 km de Vitry à vol d'oiseau";Grille régulière, config_collecte.json > grille
G-040+100;grille;Grille -40 km est / +100 km nord de Vitry;49.69215;1.87002;"pas 20 km ; 108 km de Vitry à vol d'oiseau";Grille régulière, config_collecte.json > grille
G-040+120;grille;Grille -40 km est / +120 km nord de Vitry;49.87308;1.87002;"pas 20 km ; 126 km de Vitry à vol d'oiseau";Grille régulière, config_collecte.json > grille
G-040+140;grille;Grille -40 km est / +140 km nord de Vitry;50.05401;1.87002;"pas 20 km ; 146 km de Vitry à vol d'oiseau";Grille régulière, config_collecte.json > grille
G-040+160;grille;Grille -40 km est / +160 km nord de Vitry;50.23494;1.87002;"pas 20 km ; 165 km de Vitry à vol d'oiseau";Grille régulière, config_collecte.json > grille
G-040+180;grille;Grille -40 km est / +180 km nord de Vitry;50.41587;1.87002;"pas 20 km ; 184 km de Vitry à vol d'oiseau";Grille régulière, config_collecte.json > grille
G-040+200;grille;Grille -40 km est / +200 km nord de Vitry;50.5968;1.87002;"pas 20 km ; 204 km de Vitry à vol d'oiseau";Grille régulière, config_collecte.json > grille
G-040+220;grille;Grille -40 km est / +220 km nord de Vitry;50.77773;1.87002;"pas 20 km ; 224 km de Vitry à vol d'oiseau";Grille régulière, config_collecte.json > grille
G-040+240;grille;Grille -40 km est / +240 km nord de Vitry;50.95866;1.87002;"pas 20 km ; 243 km de Vitry à vol d'oiseau";Grille régulière, config_collecte.json > grille
G-040+260;grille;Grille -40 km est / +260 km nord de Vitry;51.13959;1.87002;"pas 20 km ; 263 km de Vitry à vol d'oiseau";Grille régulière, config_collecte.json > grille
G-040+280;grille;Grille -40 km est / +280 km nord de Vitry;51.32052;1.87002;"pas 20 km ; 283 km de Vitry à vol d'oiseau";Grille régulière, config_collecte.json > grille
G-020-280;grille;Grille -20 km est / -280 km nord de Vitry;46.25448;2.14271;"pas 20 km ; 281 km de Vitry à vol d'oiseau";Grille régulière, config_collecte.json > grille
G-020-260;grille;Grille -20 km est / -260 km nord de Vitry;46.43541;2.14271;"pas 20 km ; 261 km de Vitry à vol d'oiseau";Grille régulière, config_collecte.json > grille
G-020-240;grille;Grille -20 km est / -240 km nord de Vitry;46.61634;2.14271;"pas 20 km ; 241 km de Vitry à vol d'oiseau";Grille régulière, config_collecte.json > grille
G-020-220;grille;Grille -20 km est / -220 km nord de Vitry;46.79727;2.14271;"pas 20 km ; 221 km de Vitry à vol d'oiseau";Grille régulière, config_collecte.json > grille
G-020-200;grille;Grille -20 km est / -200 km nord de Vitry;46.9782;2.14271;"pas 20 km ; 201 km de Vitry à vol d'oiseau";Grille régulière, config_collecte.json > grille
G-020-180;grille;Grille -20 km est / -180 km nord de Vitry;47.15913;2.14271;"pas 20 km ; 181 km de Vitry à vol d'oiseau";Grille régulière, config_collecte.json > grille
G-020-160;grille;Grille -20 km est / -160 km nord de Vitry;47.34006;2.14271;"pas 20 km ; 161 km de Vitry à vol d'oiseau";Grille régulière, config_collecte.json > grille
G-020-140;grille;Grille -20 km est / -140 km nord de Vitry;47.52099;2.14271;"pas 20 km ; 141 km de Vitry à vol d'oiseau";Grille régulière, config_collecte.json > grille
G-020-120;grille;Grille -20 km est / -120 km nord de Vitry;47.70192;2.14271;"pas 20 km ; 122 km de Vitry à vol d'oiseau";Grille régulière, config_collecte.json > grille
G-020-100;grille;Grille -20 km est / -100 km nord de Vitry;47.88285;2.14271;"pas 20 km ; 102 km de Vitry à vol d'oiseau";Grille régulière, config_collecte.json > grille
G-020-080;grille;Grille -20 km est / -80 km nord de Vitry;48.06378;2.14271;"pas 20 km ; 82 km de Vitry à vol d'oiseau";Grille régulière, config_collecte.json > grille
G-020-060;grille;Grille -20 km est / -60 km nord de Vitry;48.24471;2.14271;"pas 20 km ; 63 km de Vitry à vol d'oiseau";Grille régulière, config_collecte.json > grille
G-020+060;grille;Grille -20 km est / +60 km nord de Vitry;49.33029;2.14271;"pas 20 km ; 63 km de Vitry à vol d'oiseau";Grille régulière, config_collecte.json > grille
G-020+080;grille;Grille -20 km est / +80 km nord de Vitry;49.51122;2.14271;"pas 20 km ; 82 km de Vitry à vol d'oiseau";Grille régulière, config_collecte.json > grille
G-020+100;grille;Grille -20 km est / +100 km nord de Vitry;49.69215;2.14271;"pas 20 km ; 102 km de Vitry à vol d'oiseau";Grille régulière, config_collecte.json > grille
G-020+120;grille;Grille -20 km est / +120 km nord de Vitry;49.87308;2.14271;"pas 20 km ; 122 km de Vitry à vol d'oiseau";Grille régulière, config_collecte.json > grille
G-020+140;grille;Grille -20 km est / +140 km nord de Vitry;50.05401;2.14271;"pas 20 km ; 141 km de Vitry à vol d'oiseau";Grille régulière, config_collecte.json > grille
G-020+160;grille;Grille -20 km est / +160 km nord de Vitry;50.23494;2.14271;"pas 20 km ; 161 km de Vitry à vol d'oiseau";Grille régulière, config_collecte.json > grille
G-020+180;grille;Grille -20 km est / +180 km nord de Vitry;50.41587;2.14271;"pas 20 km ; 181 km de Vitry à vol d'oiseau";Grille régulière, config_collecte.json > grille
G-020+200;grille;Grille -20 km est / +200 km nord de Vitry;50.5968;2.14271;"pas 20 km ; 201 km de Vitry à vol d'oiseau";Grille régulière, config_collecte.json > grille
G-020+220;grille;Grille -20 km est / +220 km nord de Vitry;50.77773;2.14271;"pas 20 km ; 221 km de Vitry à vol d'oiseau";Grille régulière, config_collecte.json > grille
G-020+240;grille;Grille -20 km est / +240 km nord de Vitry;50.95866;2.14271;"pas 20 km ; 241 km de Vitry à vol d'oiseau";Grille régulière, config_collecte.json > grille
G-020+260;grille;Grille -20 km est / +260 km nord de Vitry;51.13959;2.14271;"pas 20 km ; 261 km de Vitry à vol d'oiseau";Grille régulière, config_collecte.json > grille
G-020+280;grille;Grille -20 km est / +280 km nord de Vitry;51.32052;2.14271;"pas 20 km ; 281 km de Vitry à vol d'oiseau";Grille régulière, config_collecte.json > grille
G+000-300;grille;Grille +0 km est / -300 km nord de Vitry;46.07355;2.4154;"pas 20 km ; 300 km de Vitry à vol d'oiseau";Grille régulière, config_collecte.json > grille
G+000-280;grille;Grille +0 km est / -280 km nord de Vitry;46.25448;2.4154;"pas 20 km ; 280 km de Vitry à vol d'oiseau";Grille régulière, config_collecte.json > grille
G+000-260;grille;Grille +0 km est / -260 km nord de Vitry;46.43541;2.4154;"pas 20 km ; 260 km de Vitry à vol d'oiseau";Grille régulière, config_collecte.json > grille
G+000-240;grille;Grille +0 km est / -240 km nord de Vitry;46.61634;2.4154;"pas 20 km ; 240 km de Vitry à vol d'oiseau";Grille régulière, config_collecte.json > grille
G+000-220;grille;Grille +0 km est / -220 km nord de Vitry;46.79727;2.4154;"pas 20 km ; 220 km de Vitry à vol d'oiseau";Grille régulière, config_collecte.json > grille
G+000-200;grille;Grille +0 km est / -200 km nord de Vitry;46.9782;2.4154;"pas 20 km ; 200 km de Vitry à vol d'oiseau";Grille régulière, config_collecte.json > grille
G+000-180;grille;Grille +0 km est / -180 km nord de Vitry;47.15913;2.4154;"pas 20 km ; 180 km de Vitry à vol d'oiseau";Grille régulière, config_collecte.json > grille
G+000-160;grille;Grille +0 km est / -160 km nord de Vitry;47.34006;2.4154;"pas 20 km ; 160 km de Vitry à vol d'oiseau";Grille régulière, config_collecte.json > grille
G+000-140;grille;Grille +0 km est / -140 km nord de Vitry;47.52099;2.4154;"pas 20 km ; 140 km de Vitry à vol d'oiseau";Grille régulière, config_collecte.json > grille
G+000-120;grille;Grille +0 km est / -120 km nord de Vitry;47.70192;2.4154;"pas 20 km ; 120 km de Vitry à vol d'oiseau";Grille régulière, config_collecte.json > grille
G+000-100;grille;Grille +0 km est / -100 km nord de Vitry;47.88285;2.4154;"pas 20 km ; 100 km de Vitry à vol d'oiseau";Grille régulière, config_collecte.json > grille
G+000-080;grille;Grille +0 km est / -80 km nord de Vitry;48.06378;2.4154;"pas 20 km ; 80 km de Vitry à vol d'oiseau";Grille régulière, config_collecte.json > grille
G+000+080;grille;Grille +0 km est / +80 km nord de Vitry;49.51122;2.4154;"pas 20 km ; 80 km de Vitry à vol d'oiseau";Grille régulière, config_collecte.json > grille
G+000+100;grille;Grille +0 km est / +100 km nord de Vitry;49.69215;2.4154;"pas 20 km ; 100 km de Vitry à vol d'oiseau";Grille régulière, config_collecte.json > grille
G+000+120;grille;Grille +0 km est / +120 km nord de Vitry;49.87308;2.4154;"pas 20 km ; 120 km de Vitry à vol d'oiseau";Grille régulière, config_collecte.json > grille
G+000+140;grille;Grille +0 km est / +140 km nord de Vitry;50.05401;2.4154;"pas 20 km ; 140 km de Vitry à vol d'oiseau";Grille régulière, config_collecte.json > grille
G+000+160;grille;Grille +0 km est / +160 km nord de Vitry;50.23494;2.4154;"pas 20 km ; 160 km de Vitry à vol d'oiseau";Grille régulière, config_collecte.json > grille
G+000+180;grille;Grille +0 km est / +180 km nord de Vitry;50.41587;2.4154;"pas 20 km ; 180 km de Vitry à vol d'oiseau";Grille régulière, config_collecte.json > grille
G+000+200;grille;Grille +0 km est / +200 km nord de Vitry;50.5968;2.4154;"pas 20 km ; 200 km de Vitry à vol d'oiseau";Grille régulière, config_collecte.json > grille
G+000+220;grille;Grille +0 km est / +220 km nord de Vitry;50.77773;2.4154;"pas 20 km ; 220 km de Vitry à vol d'oiseau";Grille régulière, config_collecte.json > grille
G+000+240;grille;Grille +0 km est / +240 km nord de Vitry;50.95866;2.4154;"pas 20 km ; 240 km de Vitry à vol d'oiseau";Grille régulière, config_collecte.json > grille
G+000+260;grille;Grille +0 km est / +260 km nord de Vitry;51.13959;2.4154;"pas 20 km ; 260 km de Vitry à vol d'oiseau";Grille régulière, config_collecte.json > grille
G+000+280;grille;Grille +0 km est / +280 km nord de Vitry;51.32052;2.4154;"pas 20 km ; 280 km de Vitry à vol d'oiseau";Grille régulière, config_collecte.json > grille
G+000+300;grille;Grille +0 km est / +300 km nord de Vitry;51.50145;2.4154;"pas 20 km ; 300 km de Vitry à vol d'oiseau";Grille régulière, config_collecte.json > grille
G+020-280;grille;Grille +20 km est / -280 km nord de Vitry;46.25448;2.68809;"pas 20 km ; 281 km de Vitry à vol d'oiseau";Grille régulière, config_collecte.json > grille
G+020-260;grille;Grille +20 km est / -260 km nord de Vitry;46.43541;2.68809;"pas 20 km ; 261 km de Vitry à vol d'oiseau";Grille régulière, config_collecte.json > grille
G+020-240;grille;Grille +20 km est / -240 km nord de Vitry;46.61634;2.68809;"pas 20 km ; 241 km de Vitry à vol d'oiseau";Grille régulière, config_collecte.json > grille
G+020-220;grille;Grille +20 km est / -220 km nord de Vitry;46.79727;2.68809;"pas 20 km ; 221 km de Vitry à vol d'oiseau";Grille régulière, config_collecte.json > grille
G+020-200;grille;Grille +20 km est / -200 km nord de Vitry;46.9782;2.68809;"pas 20 km ; 201 km de Vitry à vol d'oiseau";Grille régulière, config_collecte.json > grille
G+020-180;grille;Grille +20 km est / -180 km nord de Vitry;47.15913;2.68809;"pas 20 km ; 181 km de Vitry à vol d'oiseau";Grille régulière, config_collecte.json > grille
G+020-160;grille;Grille +20 km est / -160 km nord de Vitry;47.34006;2.68809;"pas 20 km ; 161 km de Vitry à vol d'oiseau";Grille régulière, config_collecte.json > grille
G+020-140;grille;Grille +20 km est / -140 km nord de Vitry;47.52099;2.68809;"pas 20 km ; 141 km de Vitry à vol d'oiseau";Grille régulière, config_collecte.json > grille
G+020-120;grille;Grille +20 km est / -120 km nord de Vitry;47.70192;2.68809;"pas 20 km ; 122 km de Vitry à vol d'oiseau";Grille régulière, config_collecte.json > grille
G+020-100;grille;Grille +20 km est / -100 km nord de Vitry;47.88285;2.68809;"pas 20 km ; 102 km de Vitry à vol d'oiseau";Grille régulière, config_collecte.json > grille
G+020-080;grille;Grille +20 km est / -80 km nord de Vitry;48.06378;2.68809;"pas 20 km ; 82 km de Vitry à vol d'oiseau";Grille régulière, config_collecte.json > grille
G+020-060;grille;Grille +20 km est / -60 km nord de Vitry;48.24471;2.68809;"pas 20 km ; 63 km de Vitry à vol d'oiseau";Grille régulière, config_collecte.json > grille
G+020+060;grille;Grille +20 km est / +60 km nord de Vitry;49.33029;2.68809;"pas 20 km ; 63 km de Vitry à vol d'oiseau";Grille régulière, config_collecte.json > grille
G+020+080;grille;Grille +20 km est / +80 km nord de Vitry;49.51122;2.68809;"pas 20 km ; 82 km de Vitry à vol d'oiseau";Grille régulière, config_collecte.json > grille
G+020+100;grille;Grille +20 km est / +100 km nord de Vitry;49.69215;2.68809;"pas 20 km ; 102 km de Vitry à vol d'oiseau";Grille régulière, config_collecte.json > grille
G+020+120;grille;Grille +20 km est / +120 km nord de Vitry;49.87308;2.68809;"pas 20 km ; 122 km de Vitry à vol d'oiseau";Grille régulière, config_collecte.json > grille
G+020+140;grille;Grille +20 km est / +140 km nord de Vitry;50.05401;2.68809;"pas 20 km ; 141 km de Vitry à vol d'oiseau";Grille régulière, config_collecte.json > grille
G+020+160;grille;Grille +20 km est / +160 km nord de Vitry;50.23494;2.68809;"pas 20 km ; 161 km de Vitry à vol d'oiseau";Grille régulière, config_collecte.json > grille
G+020+180;grille;Grille +20 km est / +180 km nord de Vitry;50.41587;2.68809;"pas 20 km ; 181 km de Vitry à vol d'oiseau";Grille régulière, config_collecte.json > grille
G+020+200;grille;Grille +20 km est / +200 km nord de Vitry;50.5968;2.68809;"pas 20 km ; 201 km de Vitry à vol d'oiseau";Grille régulière, config_collecte.json > grille
G+020+220;grille;Grille +20 km est / +220 km nord de Vitry;50.77773;2.68809;"pas 20 km ; 221 km de Vitry à vol d'oiseau";Grille régulière, config_collecte.json > grille
G+020+240;grille;Grille +20 km est / +240 km nord de Vitry;50.95866;2.68809;"pas 20 km ; 241 km de Vitry à vol d'oiseau";Grille régulière, config_collecte.json > grille
G+020+260;grille;Grille +20 km est / +260 km nord de Vitry;51.13959;2.68809;"pas 20 km ; 261 km de Vitry à vol d'oiseau";Grille régulière, config_collecte.json > grille
G+020+280;grille;Grille +20 km est / +280 km nord de Vitry;51.32052;2.68809;"pas 20 km ; 281 km de Vitry à vol d'oiseau";Grille régulière, config_collecte.json > grille
G+040-280;grille;Grille +40 km est / -280 km nord de Vitry;46.25448;2.96078;"pas 20 km ; 283 km de Vitry à vol d'oiseau";Grille régulière, config_collecte.json > grille
G+040-260;grille;Grille +40 km est / -260 km nord de Vitry;46.43541;2.96078;"pas 20 km ; 263 km de Vitry à vol d'oiseau";Grille régulière, config_collecte.json > grille
G+040-240;grille;Grille +40 km est / -240 km nord de Vitry;46.61634;2.96078;"pas 20 km ; 243 km de Vitry à vol d'oiseau";Grille régulière, config_collecte.json > grille
G+040-220;grille;Grille +40 km est / -220 km nord de Vitry;46.79727;2.96078;"pas 20 km ; 224 km de Vitry à vol d'oiseau";Grille régulière, config_collecte.json > grille
G+040-200;grille;Grille +40 km est / -200 km nord de Vitry;46.9782;2.96078;"pas 20 km ; 204 km de Vitry à vol d'oiseau";Grille régulière, config_collecte.json > grille
G+040-180;grille;Grille +40 km est / -180 km nord de Vitry;47.15913;2.96078;"pas 20 km ; 184 km de Vitry à vol d'oiseau";Grille régulière, config_collecte.json > grille
G+040-160;grille;Grille +40 km est / -160 km nord de Vitry;47.34006;2.96078;"pas 20 km ; 165 km de Vitry à vol d'oiseau";Grille régulière, config_collecte.json > grille
G+040-140;grille;Grille +40 km est / -140 km nord de Vitry;47.52099;2.96078;"pas 20 km ; 146 km de Vitry à vol d'oiseau";Grille régulière, config_collecte.json > grille
G+040-120;grille;Grille +40 km est / -120 km nord de Vitry;47.70192;2.96078;"pas 20 km ; 126 km de Vitry à vol d'oiseau";Grille régulière, config_collecte.json > grille
G+040-100;grille;Grille +40 km est / -100 km nord de Vitry;47.88285;2.96078;"pas 20 km ; 108 km de Vitry à vol d'oiseau";Grille régulière, config_collecte.json > grille
G+040-080;grille;Grille +40 km est / -80 km nord de Vitry;48.06378;2.96078;"pas 20 km ; 89 km de Vitry à vol d'oiseau";Grille régulière, config_collecte.json > grille
G+040-060;grille;Grille +40 km est / -60 km nord de Vitry;48.24471;2.96078;"pas 20 km ; 72 km de Vitry à vol d'oiseau";Grille régulière, config_collecte.json > grille
G+040+060;grille;Grille +40 km est / +60 km nord de Vitry;49.33029;2.96078;"pas 20 km ; 72 km de Vitry à vol d'oiseau";Grille régulière, config_collecte.json > grille
G+040+080;grille;Grille +40 km est / +80 km nord de Vitry;49.51122;2.96078;"pas 20 km ; 89 km de Vitry à vol d'oiseau";Grille régulière, config_collecte.json > grille
G+040+100;grille;Grille +40 km est / +100 km nord de Vitry;49.69215;2.96078;"pas 20 km ; 108 km de Vitry à vol d'oiseau";Grille régulière, config_collecte.json > grille
G+040+120;grille;Grille +40 km est / +120 km nord de Vitry;49.87308;2.96078;"pas 20 km ; 126 km de Vitry à vol d'oiseau";Grille régulière, config_collecte.json > grille
G+040+140;grille;Grille +40 km est / +140 km nord de Vitry;50.05401;2.96078;"pas 20 km ; 146 km de Vitry à vol d'oiseau";Grille régulière, config_collecte.json > grille
G+040+160;grille;Grille +40 km est / +160 km nord de Vitry;50.23494;2.96078;"pas 20 km ; 165 km de Vitry à vol d'oiseau";Grille régulière, config_collecte.json > grille
G+040+180;grille;Grille +40 km est / +180 km nord de Vitry;50.41587;2.96078;"pas 20 km ; 184 km de Vitry à vol d'oiseau";Grille régulière, config_collecte.json > grille
G+040+200;grille;Grille +40 km est / +200 km nord de Vitry;50.5968;2.96078;"pas 20 km ; 204 km de Vitry à vol d'oiseau";Grille régulière, config_collecte.json > grille
G+040+220;grille;Grille +40 km est / +220 km nord de Vitry;50.77773;2.96078;"pas 20 km ; 224 km de Vitry à vol d'oiseau";Grille régulière, config_collecte.json > grille
G+040+240;grille;Grille +40 km est / +240 km nord de Vitry;50.95866;2.96078;"pas 20 km ; 243 km de Vitry à vol d'oiseau";Grille régulière, config_collecte.json > grille
G+040+260;grille;Grille +40 km est / +260 km nord de Vitry;51.13959;2.96078;"pas 20 km ; 263 km de Vitry à vol d'oiseau";Grille régulière, config_collecte.json > grille
G+040+280;grille;Grille +40 km est / +280 km nord de Vitry;51.32052;2.96078;"pas 20 km ; 283 km de Vitry à vol d'oiseau";Grille régulière, config_collecte.json > grille
G+060-280;grille;Grille +60 km est / -280 km nord de Vitry;46.25448;3.23347;"pas 20 km ; 286 km de Vitry à vol d'oiseau";Grille régulière, config_collecte.json > grille
G+060-260;grille;Grille +60 km est / -260 km nord de Vitry;46.43541;3.23347;"pas 20 km ; 267 km de Vitry à vol d'oiseau";Grille régulière, config_collecte.json > grille
G+060-240;grille;Grille +60 km est / -240 km nord de Vitry;46.61634;3.23347;"pas 20 km ; 247 km de Vitry à vol d'oiseau";Grille régulière, config_collecte.json > grille
G+060-220;grille;Grille +60 km est / -220 km nord de Vitry;46.79727;3.23347;"pas 20 km ; 228 km de Vitry à vol d'oiseau";Grille régulière, config_collecte.json > grille
G+060-200;grille;Grille +60 km est / -200 km nord de Vitry;46.9782;3.23347;"pas 20 km ; 209 km de Vitry à vol d'oiseau";Grille régulière, config_collecte.json > grille
G+060-180;grille;Grille +60 km est / -180 km nord de Vitry;47.15913;3.23347;"pas 20 km ; 190 km de Vitry à vol d'oiseau";Grille régulière, config_collecte.json > grille
G+060-160;grille;Grille +60 km est / -160 km nord de Vitry;47.34006;3.23347;"pas 20 km ; 171 km de Vitry à vol d'oiseau";Grille régulière, config_collecte.json > grille
G+060-140;grille;Grille +60 km est / -140 km nord de Vitry;47.52099;3.23347;"pas 20 km ; 152 km de Vitry à vol d'oiseau";Grille régulière, config_collecte.json > grille
G+060-120;grille;Grille +60 km est / -120 km nord de Vitry;47.70192;3.23347;"pas 20 km ; 134 km de Vitry à vol d'oiseau";Grille régulière, config_collecte.json > grille
G+060-100;grille;Grille +60 km est / -100 km nord de Vitry;47.88285;3.23347;"pas 20 km ; 117 km de Vitry à vol d'oiseau";Grille régulière, config_collecte.json > grille
G+060-080;grille;Grille +60 km est / -80 km nord de Vitry;48.06378;3.23347;"pas 20 km ; 100 km de Vitry à vol d'oiseau";Grille régulière, config_collecte.json > grille
G+060-060;grille;Grille +60 km est / -60 km nord de Vitry;48.24471;3.23347;"pas 20 km ; 85 km de Vitry à vol d'oiseau";Grille régulière, config_collecte.json > grille
G+060-040;grille;Grille +60 km est / -40 km nord de Vitry;48.42564;3.23347;"pas 20 km ; 72 km de Vitry à vol d'oiseau";Grille régulière, config_collecte.json > grille
G+060-020;grille;Grille +60 km est / -20 km nord de Vitry;48.60657;3.23347;"pas 20 km ; 63 km de Vitry à vol d'oiseau";Grille régulière, config_collecte.json > grille
G+060+020;grille;Grille +60 km est / +20 km nord de Vitry;48.96843;3.23347;"pas 20 km ; 63 km de Vitry à vol d'oiseau";Grille régulière, config_collecte.json > grille
G+060+040;grille;Grille +60 km est / +40 km nord de Vitry;49.14936;3.23347;"pas 20 km ; 72 km de Vitry à vol d'oiseau";Grille régulière, config_collecte.json > grille
G+060+060;grille;Grille +60 km est / +60 km nord de Vitry;49.33029;3.23347;"pas 20 km ; 85 km de Vitry à vol d'oiseau";Grille régulière, config_collecte.json > grille
G+060+080;grille;Grille +60 km est / +80 km nord de Vitry;49.51122;3.23347;"pas 20 km ; 100 km de Vitry à vol d'oiseau";Grille régulière, config_collecte.json > grille
G+060+100;grille;Grille +60 km est / +100 km nord de Vitry;49.69215;3.23347;"pas 20 km ; 117 km de Vitry à vol d'oiseau";Grille régulière, config_collecte.json > grille
G+060+120;grille;Grille +60 km est / +120 km nord de Vitry;49.87308;3.23347;"pas 20 km ; 134 km de Vitry à vol d'oiseau";Grille régulière, config_collecte.json > grille
G+060+140;grille;Grille +60 km est / +140 km nord de Vitry;50.05401;3.23347;"pas 20 km ; 152 km de Vitry à vol d'oiseau";Grille régulière, config_collecte.json > grille
G+060+160;grille;Grille +60 km est / +160 km nord de Vitry;50.23494;3.23347;"pas 20 km ; 171 km de Vitry à vol d'oiseau";Grille régulière, config_collecte.json > grille
G+060+180;grille;Grille +60 km est / +180 km nord de Vitry;50.41587;3.23347;"pas 20 km ; 190 km de Vitry à vol d'oiseau";Grille régulière, config_collecte.json > grille
G+060+200;grille;Grille +60 km est / +200 km nord de Vitry;50.5968;3.23347;"pas 20 km ; 209 km de Vitry à vol d'oiseau";Grille régulière, config_collecte.json > grille
G+060+220;grille;Grille +60 km est / +220 km nord de Vitry;50.77773;3.23347;"pas 20 km ; 228 km de Vitry à vol d'oiseau";Grille régulière, config_collecte.json > grille
G+060+240;grille;Grille +60 km est / +240 km nord de Vitry;50.95866;3.23347;"pas 20 km ; 247 km de Vitry à vol d'oiseau";Grille régulière, config_collecte.json > grille
G+060+260;grille;Grille +60 km est / +260 km nord de Vitry;51.13959;3.23347;"pas 20 km ; 267 km de Vitry à vol d'oiseau";Grille régulière, config_collecte.json > grille
G+060+280;grille;Grille +60 km est / +280 km nord de Vitry;51.32052;3.23347;"pas 20 km ; 286 km de Vitry à vol d'oiseau";Grille régulière, config_collecte.json > grille
G+080-280;grille;Grille +80 km est / -280 km nord de Vitry;46.25448;3.50616;"pas 20 km ; 291 km de Vitry à vol d'oiseau";Grille régulière, config_collecte.json > grille
G+080-260;grille;Grille +80 km est / -260 km nord de Vitry;46.43541;3.50616;"pas 20 km ; 272 km de Vitry à vol d'oiseau";Grille régulière, config_collecte.json > grille
G+080-240;grille;Grille +80 km est / -240 km nord de Vitry;46.61634;3.50616;"pas 20 km ; 253 km de Vitry à vol d'oiseau";Grille régulière, config_collecte.json > grille
G+080-220;grille;Grille +80 km est / -220 km nord de Vitry;46.79727;3.50616;"pas 20 km ; 234 km de Vitry à vol d'oiseau";Grille régulière, config_collecte.json > grille
G+080-200;grille;Grille +80 km est / -200 km nord de Vitry;46.9782;3.50616;"pas 20 km ; 215 km de Vitry à vol d'oiseau";Grille régulière, config_collecte.json > grille
G+080-180;grille;Grille +80 km est / -180 km nord de Vitry;47.15913;3.50616;"pas 20 km ; 197 km de Vitry à vol d'oiseau";Grille régulière, config_collecte.json > grille
G+080-160;grille;Grille +80 km est / -160 km nord de Vitry;47.34006;3.50616;"pas 20 km ; 179 km de Vitry à vol d'oiseau";Grille régulière, config_collecte.json > grille
G+080-140;grille;Grille +80 km est / -140 km nord de Vitry;47.52099;3.50616;"pas 20 km ; 161 km de Vitry à vol d'oiseau";Grille régulière, config_collecte.json > grille
G+080-120;grille;Grille +80 km est / -120 km nord de Vitry;47.70192;3.50616;"pas 20 km ; 144 km de Vitry à vol d'oiseau";Grille régulière, config_collecte.json > grille
G+080-100;grille;Grille +80 km est / -100 km nord de Vitry;47.88285;3.50616;"pas 20 km ; 128 km de Vitry à vol d'oiseau";Grille régulière, config_collecte.json > grille
G+080-080;grille;Grille +80 km est / -80 km nord de Vitry;48.06378;3.50616;"pas 20 km ; 113 km de Vitry à vol d'oiseau";Grille régulière, config_collecte.json > grille
G+080-060;grille;Grille +80 km est / -60 km nord de Vitry;48.24471;3.50616;"pas 20 km ; 100 km de Vitry à vol d'oiseau";Grille régulière, config_collecte.json > grille
G+080-040;grille;Grille +80 km est / -40 km nord de Vitry;48.42564;3.50616;"pas 20 km ; 89 km de Vitry à vol d'oiseau";Grille régulière, config_collecte.json > grille
G+080-020;grille;Grille +80 km est / -20 km nord de Vitry;48.60657;3.50616;"pas 20 km ; 82 km de Vitry à vol d'oiseau";Grille régulière, config_collecte.json > grille
G+080+000;grille;Grille +80 km est / +0 km nord de Vitry;48.7875;3.50616;"pas 20 km ; 80 km de Vitry à vol d'oiseau";Grille régulière, config_collecte.json > grille
G+080+020;grille;Grille +80 km est / +20 km nord de Vitry;48.96843;3.50616;"pas 20 km ; 82 km de Vitry à vol d'oiseau";Grille régulière, config_collecte.json > grille
G+080+040;grille;Grille +80 km est / +40 km nord de Vitry;49.14936;3.50616;"pas 20 km ; 89 km de Vitry à vol d'oiseau";Grille régulière, config_collecte.json > grille
G+080+060;grille;Grille +80 km est / +60 km nord de Vitry;49.33029;3.50616;"pas 20 km ; 100 km de Vitry à vol d'oiseau";Grille régulière, config_collecte.json > grille
G+080+080;grille;Grille +80 km est / +80 km nord de Vitry;49.51122;3.50616;"pas 20 km ; 113 km de Vitry à vol d'oiseau";Grille régulière, config_collecte.json > grille
G+080+100;grille;Grille +80 km est / +100 km nord de Vitry;49.69215;3.50616;"pas 20 km ; 128 km de Vitry à vol d'oiseau";Grille régulière, config_collecte.json > grille
G+080+120;grille;Grille +80 km est / +120 km nord de Vitry;49.87308;3.50616;"pas 20 km ; 144 km de Vitry à vol d'oiseau";Grille régulière, config_collecte.json > grille
G+080+140;grille;Grille +80 km est / +140 km nord de Vitry;50.05401;3.50616;"pas 20 km ; 161 km de Vitry à vol d'oiseau";Grille régulière, config_collecte.json > grille
G+080+160;grille;Grille +80 km est / +160 km nord de Vitry;50.23494;3.50616;"pas 20 km ; 179 km de Vitry à vol d'oiseau";Grille régulière, config_collecte.json > grille
G+080+180;grille;Grille +80 km est / +180 km nord de Vitry;50.41587;3.50616;"pas 20 km ; 197 km de Vitry à vol d'oiseau";Grille régulière, config_collecte.json > grille
G+080+200;grille;Grille +80 km est / +200 km nord de Vitry;50.5968;3.50616;"pas 20 km ; 215 km de Vitry à vol d'oiseau";Grille régulière, config_collecte.json > grille
G+080+220;grille;Grille +80 km est / +220 km nord de Vitry;50.77773;3.50616;"pas 20 km ; 234 km de Vitry à vol d'oiseau";Grille régulière, config_collecte.json > grille
G+080+240;grille;Grille +80 km est / +240 km nord de Vitry;50.95866;3.50616;"pas 20 km ; 253 km de Vitry à vol d'oiseau";Grille régulière, config_collecte.json > grille
G+080+260;grille;Grille +80 km est / +260 km nord de Vitry;51.13959;3.50616;"pas 20 km ; 272 km de Vitry à vol d'oiseau";Grille régulière, config_collecte.json > grille
G+080+280;grille;Grille +80 km est / +280 km nord de Vitry;51.32052;3.50616;"pas 20 km ; 291 km de Vitry à vol d'oiseau";Grille régulière, config_collecte.json > grille
G+100-280;grille;Grille +100 km est / -280 km nord de Vitry;46.25448;3.77885;"pas 20 km ; 297 km de Vitry à vol d'oiseau";Grille régulière, config_collecte.json > grille
G+100-260;grille;Grille +100 km est / -260 km nord de Vitry;46.43541;3.77885;"pas 20 km ; 279 km de Vitry à vol d'oiseau";Grille régulière, config_collecte.json > grille
G+100-240;grille;Grille +100 km est / -240 km nord de Vitry;46.61634;3.77885;"pas 20 km ; 260 km de Vitry à vol d'oiseau";Grille régulière, config_collecte.json > grille
G+100-220;grille;Grille +100 km est / -220 km nord de Vitry;46.79727;3.77885;"pas 20 km ; 242 km de Vitry à vol d'oiseau";Grille régulière, config_collecte.json > grille
G+100-200;grille;Grille +100 km est / -200 km nord de Vitry;46.9782;3.77885;"pas 20 km ; 224 km de Vitry à vol d'oiseau";Grille régulière, config_collecte.json > grille
G+100-180;grille;Grille +100 km est / -180 km nord de Vitry;47.15913;3.77885;"pas 20 km ; 206 km de Vitry à vol d'oiseau";Grille régulière, config_collecte.json > grille
G+100-160;grille;Grille +100 km est / -160 km nord de Vitry;47.34006;3.77885;"pas 20 km ; 189 km de Vitry à vol d'oiseau";Grille régulière, config_collecte.json > grille
G+100-140;grille;Grille +100 km est / -140 km nord de Vitry;47.52099;3.77885;"pas 20 km ; 172 km de Vitry à vol d'oiseau";Grille régulière, config_collecte.json > grille
G+100-120;grille;Grille +100 km est / -120 km nord de Vitry;47.70192;3.77885;"pas 20 km ; 156 km de Vitry à vol d'oiseau";Grille régulière, config_collecte.json > grille
G+100-100;grille;Grille +100 km est / -100 km nord de Vitry;47.88285;3.77885;"pas 20 km ; 141 km de Vitry à vol d'oiseau";Grille régulière, config_collecte.json > grille
G+100-080;grille;Grille +100 km est / -80 km nord de Vitry;48.06378;3.77885;"pas 20 km ; 128 km de Vitry à vol d'oiseau";Grille régulière, config_collecte.json > grille
G+100-060;grille;Grille +100 km est / -60 km nord de Vitry;48.24471;3.77885;"pas 20 km ; 117 km de Vitry à vol d'oiseau";Grille régulière, config_collecte.json > grille
G+100-040;grille;Grille +100 km est / -40 km nord de Vitry;48.42564;3.77885;"pas 20 km ; 108 km de Vitry à vol d'oiseau";Grille régulière, config_collecte.json > grille
G+100-020;grille;Grille +100 km est / -20 km nord de Vitry;48.60657;3.77885;"pas 20 km ; 102 km de Vitry à vol d'oiseau";Grille régulière, config_collecte.json > grille
G+100+000;grille;Grille +100 km est / +0 km nord de Vitry;48.7875;3.77885;"pas 20 km ; 100 km de Vitry à vol d'oiseau";Grille régulière, config_collecte.json > grille
G+100+020;grille;Grille +100 km est / +20 km nord de Vitry;48.96843;3.77885;"pas 20 km ; 102 km de Vitry à vol d'oiseau";Grille régulière, config_collecte.json > grille
G+100+040;grille;Grille +100 km est / +40 km nord de Vitry;49.14936;3.77885;"pas 20 km ; 108 km de Vitry à vol d'oiseau";Grille régulière, config_collecte.json > grille
G+100+060;grille;Grille +100 km est / +60 km nord de Vitry;49.33029;3.77885;"pas 20 km ; 117 km de Vitry à vol d'oiseau";Grille régulière, config_collecte.json > grille
G+100+080;grille;Grille +100 km est / +80 km nord de Vitry;49.51122;3.77885;"pas 20 km ; 128 km de Vitry à vol d'oiseau";Grille régulière, config_collecte.json > grille
G+100+100;grille;Grille +100 km est / +100 km nord de Vitry;49.69215;3.77885;"pas 20 km ; 141 km de Vitry à vol d'oiseau";Grille régulière, config_collecte.json > grille
G+100+120;grille;Grille +100 km est / +120 km nord de Vitry;49.87308;3.77885;"pas 20 km ; 156 km de Vitry à vol d'oiseau";Grille régulière, config_collecte.json > grille
G+100+140;grille;Grille +100 km est / +140 km nord de Vitry;50.05401;3.77885;"pas 20 km ; 172 km de Vitry à vol d'oiseau";Grille régulière, config_collecte.json > grille
G+100+160;grille;Grille +100 km est / +160 km nord de Vitry;50.23494;3.77885;"pas 20 km ; 189 km de Vitry à vol d'oiseau";Grille régulière, config_collecte.json > grille
G+100+180;grille;Grille +100 km est / +180 km nord de Vitry;50.41587;3.77885;"pas 20 km ; 206 km de Vitry à vol d'oiseau";Grille régulière, config_collecte.json > grille
G+100+200;grille;Grille +100 km est / +200 km nord de Vitry;50.5968;3.77885;"pas 20 km ; 224 km de Vitry à vol d'oiseau";Grille régulière, config_collecte.json > grille
G+100+220;grille;Grille +100 km est / +220 km nord de Vitry;50.77773;3.77885;"pas 20 km ; 242 km de Vitry à vol d'oiseau";Grille régulière, config_collecte.json > grille
G+100+240;grille;Grille +100 km est / +240 km nord de Vitry;50.95866;3.77885;"pas 20 km ; 260 km de Vitry à vol d'oiseau";Grille régulière, config_collecte.json > grille
G+100+260;grille;Grille +100 km est / +260 km nord de Vitry;51.13959;3.77885;"pas 20 km ; 279 km de Vitry à vol d'oiseau";Grille régulière, config_collecte.json > grille
G+100+280;grille;Grille +100 km est / +280 km nord de Vitry;51.32052;3.77885;"pas 20 km ; 297 km de Vitry à vol d'oiseau";Grille régulière, config_collecte.json > grille
G+120-260;grille;Grille +120 km est / -260 km nord de Vitry;46.43541;4.05153;"pas 20 km ; 286 km de Vitry à vol d'oiseau";Grille régulière, config_collecte.json > grille
G+120-240;grille;Grille +120 km est / -240 km nord de Vitry;46.61634;4.05153;"pas 20 km ; 268 km de Vitry à vol d'oiseau";Grille régulière, config_collecte.json > grille
G+120-220;grille;Grille +120 km est / -220 km nord de Vitry;46.79727;4.05153;"pas 20 km ; 251 km de Vitry à vol d'oiseau";Grille régulière, config_collecte.json > grille
G+120-200;grille;Grille +120 km est / -200 km nord de Vitry;46.9782;4.05153;"pas 20 km ; 233 km de Vitry à vol d'oiseau";Grille régulière, config_collecte.json > grille
G+120-180;grille;Grille +120 km est / -180 km nord de Vitry;47.15913;4.05153;"pas 20 km ; 216 km de Vitry à vol d'oiseau";Grille régulière, config_collecte.json > grille
G+120-160;grille;Grille +120 km est / -160 km nord de Vitry;47.34006;4.05153;"pas 20 km ; 200 km de Vitry à vol d'oiseau";Grille régulière, config_collecte.json > grille
G+120-140;grille;Grille +120 km est / -140 km nord de Vitry;47.52099;4.05153;"pas 20 km ; 184 km de Vitry à vol d'oiseau";Grille régulière, config_collecte.json > grille
G+120-120;grille;Grille +120 km est / -120 km nord de Vitry;47.70192;4.05153;"pas 20 km ; 170 km de Vitry à vol d'oiseau";Grille régulière, config_collecte.json > grille
G+120-100;grille;Grille +120 km est / -100 km nord de Vitry;47.88285;4.05153;"pas 20 km ; 156 km de Vitry à vol d'oiseau";Grille régulière, config_collecte.json > grille
G+120-080;grille;Grille +120 km est / -80 km nord de Vitry;48.06378;4.05153;"pas 20 km ; 144 km de Vitry à vol d'oiseau";Grille régulière, config_collecte.json > grille
G+120-060;grille;Grille +120 km est / -60 km nord de Vitry;48.24471;4.05153;"pas 20 km ; 134 km de Vitry à vol d'oiseau";Grille régulière, config_collecte.json > grille
G+120-040;grille;Grille +120 km est / -40 km nord de Vitry;48.42564;4.05153;"pas 20 km ; 126 km de Vitry à vol d'oiseau";Grille régulière, config_collecte.json > grille
G+120-020;grille;Grille +120 km est / -20 km nord de Vitry;48.60657;4.05153;"pas 20 km ; 122 km de Vitry à vol d'oiseau";Grille régulière, config_collecte.json > grille
G+120+000;grille;Grille +120 km est / +0 km nord de Vitry;48.7875;4.05153;"pas 20 km ; 120 km de Vitry à vol d'oiseau";Grille régulière, config_collecte.json > grille
G+120+020;grille;Grille +120 km est / +20 km nord de Vitry;48.96843;4.05153;"pas 20 km ; 122 km de Vitry à vol d'oiseau";Grille régulière, config_collecte.json > grille
G+120+040;grille;Grille +120 km est / +40 km nord de Vitry;49.14936;4.05153;"pas 20 km ; 126 km de Vitry à vol d'oiseau";Grille régulière, config_collecte.json > grille
G+120+060;grille;Grille +120 km est / +60 km nord de Vitry;49.33029;4.05153;"pas 20 km ; 134 km de Vitry à vol d'oiseau";Grille régulière, config_collecte.json > grille
G+120+080;grille;Grille +120 km est / +80 km nord de Vitry;49.51122;4.05153;"pas 20 km ; 144 km de Vitry à vol d'oiseau";Grille régulière, config_collecte.json > grille
G+120+100;grille;Grille +120 km est / +100 km nord de Vitry;49.69215;4.05153;"pas 20 km ; 156 km de Vitry à vol d'oiseau";Grille régulière, config_collecte.json > grille
G+120+120;grille;Grille +120 km est / +120 km nord de Vitry;49.87308;4.05153;"pas 20 km ; 170 km de Vitry à vol d'oiseau";Grille régulière, config_collecte.json > grille
G+120+140;grille;Grille +120 km est / +140 km nord de Vitry;50.05401;4.05153;"pas 20 km ; 184 km de Vitry à vol d'oiseau";Grille régulière, config_collecte.json > grille
G+120+160;grille;Grille +120 km est / +160 km nord de Vitry;50.23494;4.05153;"pas 20 km ; 200 km de Vitry à vol d'oiseau";Grille régulière, config_collecte.json > grille
G+120+180;grille;Grille +120 km est / +180 km nord de Vitry;50.41587;4.05153;"pas 20 km ; 216 km de Vitry à vol d'oiseau";Grille régulière, config_collecte.json > grille
G+120+200;grille;Grille +120 km est / +200 km nord de Vitry;50.5968;4.05153;"pas 20 km ; 233 km de Vitry à vol d'oiseau";Grille régulière, config_collecte.json > grille
G+120+220;grille;Grille +120 km est / +220 km nord de Vitry;50.77773;4.05153;"pas 20 km ; 251 km de Vitry à vol d'oiseau";Grille régulière, config_collecte.json > grille
G+120+240;grille;Grille +120 km est / +240 km nord de Vitry;50.95866;4.05153;"pas 20 km ; 268 km de Vitry à vol d'oiseau";Grille régulière, config_collecte.json > grille
G+120+260;grille;Grille +120 km est / +260 km nord de Vitry;51.13959;4.05153;"pas 20 km ; 286 km de Vitry à vol d'oiseau";Grille régulière, config_collecte.json > grille
G+140-260;grille;Grille +140 km est / -260 km nord de Vitry;46.43541;4.32422;"pas 20 km ; 295 km de Vitry à vol d'oiseau";Grille régulière, config_collecte.json > grille
G+140-240;grille;Grille +140 km est / -240 km nord de Vitry;46.61634;4.32422;"pas 20 km ; 278 km de Vitry à vol d'oiseau";Grille régulière, config_collecte.json > grille
G+140-220;grille;Grille +140 km est / -220 km nord de Vitry;46.79727;4.32422;"pas 20 km ; 261 km de Vitry à vol d'oiseau";Grille régulière, config_collecte.json > grille
G+140-200;grille;Grille +140 km est / -200 km nord de Vitry;46.9782;4.32422;"pas 20 km ; 244 km de Vitry à vol d'oiseau";Grille régulière, config_collecte.json > grille
G+140-180;grille;Grille +140 km est / -180 km nord de Vitry;47.15913;4.32422;"pas 20 km ; 228 km de Vitry à vol d'oiseau";Grille régulière, config_collecte.json > grille
G+140-160;grille;Grille +140 km est / -160 km nord de Vitry;47.34006;4.32422;"pas 20 km ; 213 km de Vitry à vol d'oiseau";Grille régulière, config_collecte.json > grille
G+140-140;grille;Grille +140 km est / -140 km nord de Vitry;47.52099;4.32422;"pas 20 km ; 198 km de Vitry à vol d'oiseau";Grille régulière, config_collecte.json > grille
G+140-120;grille;Grille +140 km est / -120 km nord de Vitry;47.70192;4.32422;"pas 20 km ; 184 km de Vitry à vol d'oiseau";Grille régulière, config_collecte.json > grille
G+140-100;grille;Grille +140 km est / -100 km nord de Vitry;47.88285;4.32422;"pas 20 km ; 172 km de Vitry à vol d'oiseau";Grille régulière, config_collecte.json > grille
G+140-080;grille;Grille +140 km est / -80 km nord de Vitry;48.06378;4.32422;"pas 20 km ; 161 km de Vitry à vol d'oiseau";Grille régulière, config_collecte.json > grille
G+140-060;grille;Grille +140 km est / -60 km nord de Vitry;48.24471;4.32422;"pas 20 km ; 152 km de Vitry à vol d'oiseau";Grille régulière, config_collecte.json > grille
G+140-040;grille;Grille +140 km est / -40 km nord de Vitry;48.42564;4.32422;"pas 20 km ; 146 km de Vitry à vol d'oiseau";Grille régulière, config_collecte.json > grille
G+140-020;grille;Grille +140 km est / -20 km nord de Vitry;48.60657;4.32422;"pas 20 km ; 141 km de Vitry à vol d'oiseau";Grille régulière, config_collecte.json > grille
G+140+000;grille;Grille +140 km est / +0 km nord de Vitry;48.7875;4.32422;"pas 20 km ; 140 km de Vitry à vol d'oiseau";Grille régulière, config_collecte.json > grille
G+140+020;grille;Grille +140 km est / +20 km nord de Vitry;48.96843;4.32422;"pas 20 km ; 141 km de Vitry à vol d'oiseau";Grille régulière, config_collecte.json > grille
G+140+040;grille;Grille +140 km est / +40 km nord de Vitry;49.14936;4.32422;"pas 20 km ; 146 km de Vitry à vol d'oiseau";Grille régulière, config_collecte.json > grille
G+140+060;grille;Grille +140 km est / +60 km nord de Vitry;49.33029;4.32422;"pas 20 km ; 152 km de Vitry à vol d'oiseau";Grille régulière, config_collecte.json > grille
G+140+080;grille;Grille +140 km est / +80 km nord de Vitry;49.51122;4.32422;"pas 20 km ; 161 km de Vitry à vol d'oiseau";Grille régulière, config_collecte.json > grille
G+140+100;grille;Grille +140 km est / +100 km nord de Vitry;49.69215;4.32422;"pas 20 km ; 172 km de Vitry à vol d'oiseau";Grille régulière, config_collecte.json > grille
G+140+120;grille;Grille +140 km est / +120 km nord de Vitry;49.87308;4.32422;"pas 20 km ; 184 km de Vitry à vol d'oiseau";Grille régulière, config_collecte.json > grille
G+140+140;grille;Grille +140 km est / +140 km nord de Vitry;50.05401;4.32422;"pas 20 km ; 198 km de Vitry à vol d'oiseau";Grille régulière, config_collecte.json > grille
G+140+160;grille;Grille +140 km est / +160 km nord de Vitry;50.23494;4.32422;"pas 20 km ; 213 km de Vitry à vol d'oiseau";Grille régulière, config_collecte.json > grille
G+140+180;grille;Grille +140 km est / +180 km nord de Vitry;50.41587;4.32422;"pas 20 km ; 228 km de Vitry à vol d'oiseau";Grille régulière, config_collecte.json > grille
G+140+200;grille;Grille +140 km est / +200 km nord de Vitry;50.5968;4.32422;"pas 20 km ; 244 km de Vitry à vol d'oiseau";Grille régulière, config_collecte.json > grille
G+140+220;grille;Grille +140 km est / +220 km nord de Vitry;50.77773;4.32422;"pas 20 km ; 261 km de Vitry à vol d'oiseau";Grille régulière, config_collecte.json > grille
G+140+240;grille;Grille +140 km est / +240 km nord de Vitry;50.95866;4.32422;"pas 20 km ; 278 km de Vitry à vol d'oiseau";Grille régulière, config_collecte.json > grille
G+140+260;grille;Grille +140 km est / +260 km nord de Vitry;51.13959;4.32422;"pas 20 km ; 295 km de Vitry à vol d'oiseau";Grille régulière, config_collecte.json > grille
G+160-240;grille;Grille +160 km est / -240 km nord de Vitry;46.61634;4.59691;"pas 20 km ; 288 km de Vitry à vol d'oiseau";Grille régulière, config_collecte.json > grille
G+160-220;grille;Grille +160 km est / -220 km nord de Vitry;46.79727;4.59691;"pas 20 km ; 272 km de Vitry à vol d'oiseau";Grille régulière, config_collecte.json > grille
G+160-200;grille;Grille +160 km est / -200 km nord de Vitry;46.9782;4.59691;"pas 20 km ; 256 km de Vitry à vol d'oiseau";Grille régulière, config_collecte.json > grille
G+160-180;grille;Grille +160 km est / -180 km nord de Vitry;47.15913;4.59691;"pas 20 km ; 241 km de Vitry à vol d'oiseau";Grille régulière, config_collecte.json > grille
G+160-160;grille;Grille +160 km est / -160 km nord de Vitry;47.34006;4.59691;"pas 20 km ; 226 km de Vitry à vol d'oiseau";Grille régulière, config_collecte.json > grille
G+160-140;grille;Grille +160 km est / -140 km nord de Vitry;47.52099;4.59691;"pas 20 km ; 213 km de Vitry à vol d'oiseau";Grille régulière, config_collecte.json > grille
G+160-120;grille;Grille +160 km est / -120 km nord de Vitry;47.70192;4.59691;"pas 20 km ; 200 km de Vitry à vol d'oiseau";Grille régulière, config_collecte.json > grille
G+160-100;grille;Grille +160 km est / -100 km nord de Vitry;47.88285;4.59691;"pas 20 km ; 189 km de Vitry à vol d'oiseau";Grille régulière, config_collecte.json > grille
G+160-080;grille;Grille +160 km est / -80 km nord de Vitry;48.06378;4.59691;"pas 20 km ; 179 km de Vitry à vol d'oiseau";Grille régulière, config_collecte.json > grille
G+160-060;grille;Grille +160 km est / -60 km nord de Vitry;48.24471;4.59691;"pas 20 km ; 171 km de Vitry à vol d'oiseau";Grille régulière, config_collecte.json > grille
G+160-040;grille;Grille +160 km est / -40 km nord de Vitry;48.42564;4.59691;"pas 20 km ; 165 km de Vitry à vol d'oiseau";Grille régulière, config_collecte.json > grille
G+160-020;grille;Grille +160 km est / -20 km nord de Vitry;48.60657;4.59691;"pas 20 km ; 161 km de Vitry à vol d'oiseau";Grille régulière, config_collecte.json > grille
G+160+000;grille;Grille +160 km est / +0 km nord de Vitry;48.7875;4.59691;"pas 20 km ; 160 km de Vitry à vol d'oiseau";Grille régulière, config_collecte.json > grille
G+160+020;grille;Grille +160 km est / +20 km nord de Vitry;48.96843;4.59691;"pas 20 km ; 161 km de Vitry à vol d'oiseau";Grille régulière, config_collecte.json > grille
G+160+040;grille;Grille +160 km est / +40 km nord de Vitry;49.14936;4.59691;"pas 20 km ; 165 km de Vitry à vol d'oiseau";Grille régulière, config_collecte.json > grille
G+160+060;grille;Grille +160 km est / +60 km nord de Vitry;49.33029;4.59691;"pas 20 km ; 171 km de Vitry à vol d'oiseau";Grille régulière, config_collecte.json > grille
G+160+080;grille;Grille +160 km est / +80 km nord de Vitry;49.51122;4.59691;"pas 20 km ; 179 km de Vitry à vol d'oiseau";Grille régulière, config_collecte.json > grille
G+160+100;grille;Grille +160 km est / +100 km nord de Vitry;49.69215;4.59691;"pas 20 km ; 189 km de Vitry à vol d'oiseau";Grille régulière, config_collecte.json > grille
G+160+120;grille;Grille +160 km est / +120 km nord de Vitry;49.87308;4.59691;"pas 20 km ; 200 km de Vitry à vol d'oiseau";Grille régulière, config_collecte.json > grille
G+160+140;grille;Grille +160 km est / +140 km nord de Vitry;50.05401;4.59691;"pas 20 km ; 213 km de Vitry à vol d'oiseau";Grille régulière, config_collecte.json > grille
G+160+160;grille;Grille +160 km est / +160 km nord de Vitry;50.23494;4.59691;"pas 20 km ; 226 km de Vitry à vol d'oiseau";Grille régulière, config_collecte.json > grille
G+160+180;grille;Grille +160 km est / +180 km nord de Vitry;50.41587;4.59691;"pas 20 km ; 241 km de Vitry à vol d'oiseau";Grille régulière, config_collecte.json > grille
G+160+200;grille;Grille +160 km est / +200 km nord de Vitry;50.5968;4.59691;"pas 20 km ; 256 km de Vitry à vol d'oiseau";Grille régulière, config_collecte.json > grille
G+160+220;grille;Grille +160 km est / +220 km nord de Vitry;50.77773;4.59691;"pas 20 km ; 272 km de Vitry à vol d'oiseau";Grille régulière, config_collecte.json > grille
G+160+240;grille;Grille +160 km est / +240 km nord de Vitry;50.95866;4.59691;"pas 20 km ; 288 km de Vitry à vol d'oiseau";Grille régulière, config_collecte.json > grille
G+180-240;grille;Grille +180 km est / -240 km nord de Vitry;46.61634;4.8696;"pas 20 km ; 300 km de Vitry à vol d'oiseau";Grille régulière, config_collecte.json > grille
G+180-220;grille;Grille +180 km est / -220 km nord de Vitry;46.79727;4.8696;"pas 20 km ; 284 km de Vitry à vol d'oiseau";Grille régulière, config_collecte.json > grille
G+180-200;grille;Grille +180 km est / -200 km nord de Vitry;46.9782;4.8696;"pas 20 km ; 269 km de Vitry à vol d'oiseau";Grille régulière, config_collecte.json > grille
G+180-180;grille;Grille +180 km est / -180 km nord de Vitry;47.15913;4.8696;"pas 20 km ; 255 km de Vitry à vol d'oiseau";Grille régulière, config_collecte.json > grille
G+180-160;grille;Grille +180 km est / -160 km nord de Vitry;47.34006;4.8696;"pas 20 km ; 241 km de Vitry à vol d'oiseau";Grille régulière, config_collecte.json > grille
G+180-140;grille;Grille +180 km est / -140 km nord de Vitry;47.52099;4.8696;"pas 20 km ; 228 km de Vitry à vol d'oiseau";Grille régulière, config_collecte.json > grille
G+180-120;grille;Grille +180 km est / -120 km nord de Vitry;47.70192;4.8696;"pas 20 km ; 216 km de Vitry à vol d'oiseau";Grille régulière, config_collecte.json > grille
G+180-100;grille;Grille +180 km est / -100 km nord de Vitry;47.88285;4.8696;"pas 20 km ; 206 km de Vitry à vol d'oiseau";Grille régulière, config_collecte.json > grille
G+180-080;grille;Grille +180 km est / -80 km nord de Vitry;48.06378;4.8696;"pas 20 km ; 197 km de Vitry à vol d'oiseau";Grille régulière, config_collecte.json > grille
G+180-060;grille;Grille +180 km est / -60 km nord de Vitry;48.24471;4.8696;"pas 20 km ; 190 km de Vitry à vol d'oiseau";Grille régulière, config_collecte.json > grille
G+180-040;grille;Grille +180 km est / -40 km nord de Vitry;48.42564;4.8696;"pas 20 km ; 184 km de Vitry à vol d'oiseau";Grille régulière, config_collecte.json > grille
G+180-020;grille;Grille +180 km est / -20 km nord de Vitry;48.60657;4.8696;"pas 20 km ; 181 km de Vitry à vol d'oiseau";Grille régulière, config_collecte.json > grille
G+180+000;grille;Grille +180 km est / +0 km nord de Vitry;48.7875;4.8696;"pas 20 km ; 180 km de Vitry à vol d'oiseau";Grille régulière, config_collecte.json > grille
G+180+020;grille;Grille +180 km est / +20 km nord de Vitry;48.96843;4.8696;"pas 20 km ; 181 km de Vitry à vol d'oiseau";Grille régulière, config_collecte.json > grille
G+180+040;grille;Grille +180 km est / +40 km nord de Vitry;49.14936;4.8696;"pas 20 km ; 184 km de Vitry à vol d'oiseau";Grille régulière, config_collecte.json > grille
G+180+060;grille;Grille +180 km est / +60 km nord de Vitry;49.33029;4.8696;"pas 20 km ; 190 km de Vitry à vol d'oiseau";Grille régulière, config_collecte.json > grille
G+180+080;grille;Grille +180 km est / +80 km nord de Vitry;49.51122;4.8696;"pas 20 km ; 197 km de Vitry à vol d'oiseau";Grille régulière, config_collecte.json > grille
G+180+100;grille;Grille +180 km est / +100 km nord de Vitry;49.69215;4.8696;"pas 20 km ; 206 km de Vitry à vol d'oiseau";Grille régulière, config_collecte.json > grille
G+180+120;grille;Grille +180 km est / +120 km nord de Vitry;49.87308;4.8696;"pas 20 km ; 216 km de Vitry à vol d'oiseau";Grille régulière, config_collecte.json > grille
G+180+140;grille;Grille +180 km est / +140 km nord de Vitry;50.05401;4.8696;"pas 20 km ; 228 km de Vitry à vol d'oiseau";Grille régulière, config_collecte.json > grille
G+180+160;grille;Grille +180 km est / +160 km nord de Vitry;50.23494;4.8696;"pas 20 km ; 241 km de Vitry à vol d'oiseau";Grille régulière, config_collecte.json > grille
G+180+180;grille;Grille +180 km est / +180 km nord de Vitry;50.41587;4.8696;"pas 20 km ; 255 km de Vitry à vol d'oiseau";Grille régulière, config_collecte.json > grille
G+180+200;grille;Grille +180 km est / +200 km nord de Vitry;50.5968;4.8696;"pas 20 km ; 269 km de Vitry à vol d'oiseau";Grille régulière, config_collecte.json > grille
G+180+220;grille;Grille +180 km est / +220 km nord de Vitry;50.77773;4.8696;"pas 20 km ; 284 km de Vitry à vol d'oiseau";Grille régulière, config_collecte.json > grille
G+180+240;grille;Grille +180 km est / +240 km nord de Vitry;50.95866;4.8696;"pas 20 km ; 300 km de Vitry à vol d'oiseau";Grille régulière, config_collecte.json > grille
G+200-220;grille;Grille +200 km est / -220 km nord de Vitry;46.79727;5.14229;"pas 20 km ; 297 km de Vitry à vol d'oiseau";Grille régulière, config_collecte.json > grille
G+200-200;grille;Grille +200 km est / -200 km nord de Vitry;46.9782;5.14229;"pas 20 km ; 283 km de Vitry à vol d'oiseau";Grille régulière, config_collecte.json > grille
G+200-180;grille;Grille +200 km est / -180 km nord de Vitry;47.15913;5.14229;"pas 20 km ; 269 km de Vitry à vol d'oiseau";Grille régulière, config_collecte.json > grille
G+200-160;grille;Grille +200 km est / -160 km nord de Vitry;47.34006;5.14229;"pas 20 km ; 256 km de Vitry à vol d'oiseau";Grille régulière, config_collecte.json > grille
G+200-140;grille;Grille +200 km est / -140 km nord de Vitry;47.52099;5.14229;"pas 20 km ; 244 km de Vitry à vol d'oiseau";Grille régulière, config_collecte.json > grille
G+200-120;grille;Grille +200 km est / -120 km nord de Vitry;47.70192;5.14229;"pas 20 km ; 233 km de Vitry à vol d'oiseau";Grille régulière, config_collecte.json > grille
G+200-100;grille;Grille +200 km est / -100 km nord de Vitry;47.88285;5.14229;"pas 20 km ; 224 km de Vitry à vol d'oiseau";Grille régulière, config_collecte.json > grille
G+200-080;grille;Grille +200 km est / -80 km nord de Vitry;48.06378;5.14229;"pas 20 km ; 215 km de Vitry à vol d'oiseau";Grille régulière, config_collecte.json > grille
G+200-060;grille;Grille +200 km est / -60 km nord de Vitry;48.24471;5.14229;"pas 20 km ; 209 km de Vitry à vol d'oiseau";Grille régulière, config_collecte.json > grille
G+200-040;grille;Grille +200 km est / -40 km nord de Vitry;48.42564;5.14229;"pas 20 km ; 204 km de Vitry à vol d'oiseau";Grille régulière, config_collecte.json > grille
G+200-020;grille;Grille +200 km est / -20 km nord de Vitry;48.60657;5.14229;"pas 20 km ; 201 km de Vitry à vol d'oiseau";Grille régulière, config_collecte.json > grille
G+200+000;grille;Grille +200 km est / +0 km nord de Vitry;48.7875;5.14229;"pas 20 km ; 200 km de Vitry à vol d'oiseau";Grille régulière, config_collecte.json > grille
G+200+020;grille;Grille +200 km est / +20 km nord de Vitry;48.96843;5.14229;"pas 20 km ; 201 km de Vitry à vol d'oiseau";Grille régulière, config_collecte.json > grille
G+200+040;grille;Grille +200 km est / +40 km nord de Vitry;49.14936;5.14229;"pas 20 km ; 204 km de Vitry à vol d'oiseau";Grille régulière, config_collecte.json > grille
G+200+060;grille;Grille +200 km est / +60 km nord de Vitry;49.33029;5.14229;"pas 20 km ; 209 km de Vitry à vol d'oiseau";Grille régulière, config_collecte.json > grille
G+200+080;grille;Grille +200 km est / +80 km nord de Vitry;49.51122;5.14229;"pas 20 km ; 215 km de Vitry à vol d'oiseau";Grille régulière, config_collecte.json > grille
G+200+100;grille;Grille +200 km est / +100 km nord de Vitry;49.69215;5.14229;"pas 20 km ; 224 km de Vitry à vol d'oiseau";Grille régulière, config_collecte.json > grille
G+200+120;grille;Grille +200 km est / +120 km nord de Vitry;49.87308;5.14229;"pas 20 km ; 233 km de Vitry à vol d'oiseau";Grille régulière, config_collecte.json > grille
G+200+140;grille;Grille +200 km est / +140 km nord de Vitry;50.05401;5.14229;"pas 20 km ; 244 km de Vitry à vol d'oiseau";Grille régulière, config_collecte.json > grille
G+200+160;grille;Grille +200 km est / +160 km nord de Vitry;50.23494;5.14229;"pas 20 km ; 256 km de Vitry à vol d'oiseau";Grille régulière, config_collecte.json > grille
G+200+180;grille;Grille +200 km est / +180 km nord de Vitry;50.41587;5.14229;"pas 20 km ; 269 km de Vitry à vol d'oiseau";Grille régulière, config_collecte.json > grille
G+200+200;grille;Grille +200 km est / +200 km nord de Vitry;50.5968;5.14229;"pas 20 km ; 283 km de Vitry à vol d'oiseau";Grille régulière, config_collecte.json > grille
G+200+220;grille;Grille +200 km est / +220 km nord de Vitry;50.77773;5.14229;"pas 20 km ; 297 km de Vitry à vol d'oiseau";Grille régulière, config_collecte.json > grille
G+220-200;grille;Grille +220 km est / -200 km nord de Vitry;46.9782;5.41498;"pas 20 km ; 297 km de Vitry à vol d'oiseau";Grille régulière, config_collecte.json > grille
G+220-180;grille;Grille +220 km est / -180 km nord de Vitry;47.15913;5.41498;"pas 20 km ; 284 km de Vitry à vol d'oiseau";Grille régulière, config_collecte.json > grille
G+220-160;grille;Grille +220 km est / -160 km nord de Vitry;47.34006;5.41498;"pas 20 km ; 272 km de Vitry à vol d'oiseau";Grille régulière, config_collecte.json > grille
G+220-140;grille;Grille +220 km est / -140 km nord de Vitry;47.52099;5.41498;"pas 20 km ; 261 km de Vitry à vol d'oiseau";Grille régulière, config_collecte.json > grille
G+220-120;grille;Grille +220 km est / -120 km nord de Vitry;47.70192;5.41498;"pas 20 km ; 251 km de Vitry à vol d'oiseau";Grille régulière, config_collecte.json > grille
G+220-100;grille;Grille +220 km est / -100 km nord de Vitry;47.88285;5.41498;"pas 20 km ; 242 km de Vitry à vol d'oiseau";Grille régulière, config_collecte.json > grille
G+220-080;grille;Grille +220 km est / -80 km nord de Vitry;48.06378;5.41498;"pas 20 km ; 234 km de Vitry à vol d'oiseau";Grille régulière, config_collecte.json > grille
G+220-060;grille;Grille +220 km est / -60 km nord de Vitry;48.24471;5.41498;"pas 20 km ; 228 km de Vitry à vol d'oiseau";Grille régulière, config_collecte.json > grille
G+220-040;grille;Grille +220 km est / -40 km nord de Vitry;48.42564;5.41498;"pas 20 km ; 224 km de Vitry à vol d'oiseau";Grille régulière, config_collecte.json > grille
G+220-020;grille;Grille +220 km est / -20 km nord de Vitry;48.60657;5.41498;"pas 20 km ; 221 km de Vitry à vol d'oiseau";Grille régulière, config_collecte.json > grille
G+220+000;grille;Grille +220 km est / +0 km nord de Vitry;48.7875;5.41498;"pas 20 km ; 220 km de Vitry à vol d'oiseau";Grille régulière, config_collecte.json > grille
G+220+020;grille;Grille +220 km est / +20 km nord de Vitry;48.96843;5.41498;"pas 20 km ; 221 km de Vitry à vol d'oiseau";Grille régulière, config_collecte.json > grille
G+220+040;grille;Grille +220 km est / +40 km nord de Vitry;49.14936;5.41498;"pas 20 km ; 224 km de Vitry à vol d'oiseau";Grille régulière, config_collecte.json > grille
G+220+060;grille;Grille +220 km est / +60 km nord de Vitry;49.33029;5.41498;"pas 20 km ; 228 km de Vitry à vol d'oiseau";Grille régulière, config_collecte.json > grille
G+220+080;grille;Grille +220 km est / +80 km nord de Vitry;49.51122;5.41498;"pas 20 km ; 234 km de Vitry à vol d'oiseau";Grille régulière, config_collecte.json > grille
G+220+100;grille;Grille +220 km est / +100 km nord de Vitry;49.69215;5.41498;"pas 20 km ; 242 km de Vitry à vol d'oiseau";Grille régulière, config_collecte.json > grille
G+220+120;grille;Grille +220 km est / +120 km nord de Vitry;49.87308;5.41498;"pas 20 km ; 251 km de Vitry à vol d'oiseau";Grille régulière, config_collecte.json > grille
G+220+140;grille;Grille +220 km est / +140 km nord de Vitry;50.05401;5.41498;"pas 20 km ; 261 km de Vitry à vol d'oiseau";Grille régulière, config_collecte.json > grille
G+220+160;grille;Grille +220 km est / +160 km nord de Vitry;50.23494;5.41498;"pas 20 km ; 272 km de Vitry à vol d'oiseau";Grille régulière, config_collecte.json > grille
G+220+180;grille;Grille +220 km est / +180 km nord de Vitry;50.41587;5.41498;"pas 20 km ; 284 km de Vitry à vol d'oiseau";Grille régulière, config_collecte.json > grille
G+220+200;grille;Grille +220 km est / +200 km nord de Vitry;50.5968;5.41498;"pas 20 km ; 297 km de Vitry à vol d'oiseau";Grille régulière, config_collecte.json > grille
G+240-180;grille;Grille +240 km est / -180 km nord de Vitry;47.15913;5.68767;"pas 20 km ; 300 km de Vitry à vol d'oiseau";Grille régulière, config_collecte.json > grille
G+240-160;grille;Grille +240 km est / -160 km nord de Vitry;47.34006;5.68767;"pas 20 km ; 288 km de Vitry à vol d'oiseau";Grille régulière, config_collecte.json > grille
G+240-140;grille;Grille +240 km est / -140 km nord de Vitry;47.52099;5.68767;"pas 20 km ; 278 km de Vitry à vol d'oiseau";Grille régulière, config_collecte.json > grille
G+240-120;grille;Grille +240 km est / -120 km nord de Vitry;47.70192;5.68767;"pas 20 km ; 268 km de Vitry à vol d'oiseau";Grille régulière, config_collecte.json > grille
G+240-100;grille;Grille +240 km est / -100 km nord de Vitry;47.88285;5.68767;"pas 20 km ; 260 km de Vitry à vol d'oiseau";Grille régulière, config_collecte.json > grille
G+240-080;grille;Grille +240 km est / -80 km nord de Vitry;48.06378;5.68767;"pas 20 km ; 253 km de Vitry à vol d'oiseau";Grille régulière, config_collecte.json > grille
G+240-060;grille;Grille +240 km est / -60 km nord de Vitry;48.24471;5.68767;"pas 20 km ; 247 km de Vitry à vol d'oiseau";Grille régulière, config_collecte.json > grille
G+240-040;grille;Grille +240 km est / -40 km nord de Vitry;48.42564;5.68767;"pas 20 km ; 243 km de Vitry à vol d'oiseau";Grille régulière, config_collecte.json > grille
G+240-020;grille;Grille +240 km est / -20 km nord de Vitry;48.60657;5.68767;"pas 20 km ; 241 km de Vitry à vol d'oiseau";Grille régulière, config_collecte.json > grille
G+240+000;grille;Grille +240 km est / +0 km nord de Vitry;48.7875;5.68767;"pas 20 km ; 240 km de Vitry à vol d'oiseau";Grille régulière, config_collecte.json > grille
G+240+020;grille;Grille +240 km est / +20 km nord de Vitry;48.96843;5.68767;"pas 20 km ; 241 km de Vitry à vol d'oiseau";Grille régulière, config_collecte.json > grille
G+240+040;grille;Grille +240 km est / +40 km nord de Vitry;49.14936;5.68767;"pas 20 km ; 243 km de Vitry à vol d'oiseau";Grille régulière, config_collecte.json > grille
G+240+060;grille;Grille +240 km est / +60 km nord de Vitry;49.33029;5.68767;"pas 20 km ; 247 km de Vitry à vol d'oiseau";Grille régulière, config_collecte.json > grille
G+240+080;grille;Grille +240 km est / +80 km nord de Vitry;49.51122;5.68767;"pas 20 km ; 253 km de Vitry à vol d'oiseau";Grille régulière, config_collecte.json > grille
G+240+100;grille;Grille +240 km est / +100 km nord de Vitry;49.69215;5.68767;"pas 20 km ; 260 km de Vitry à vol d'oiseau";Grille régulière, config_collecte.json > grille
G+240+120;grille;Grille +240 km est / +120 km nord de Vitry;49.87308;5.68767;"pas 20 km ; 268 km de Vitry à vol d'oiseau";Grille régulière, config_collecte.json > grille
G+240+140;grille;Grille +240 km est / +140 km nord de Vitry;50.05401;5.68767;"pas 20 km ; 278 km de Vitry à vol d'oiseau";Grille régulière, config_collecte.json > grille
G+240+160;grille;Grille +240 km est / +160 km nord de Vitry;50.23494;5.68767;"pas 20 km ; 288 km de Vitry à vol d'oiseau";Grille régulière, config_collecte.json > grille
G+240+180;grille;Grille +240 km est / +180 km nord de Vitry;50.41587;5.68767;"pas 20 km ; 300 km de Vitry à vol d'oiseau";Grille régulière, config_collecte.json > grille
G+260-140;grille;Grille +260 km est / -140 km nord de Vitry;47.52099;5.96036;"pas 20 km ; 295 km de Vitry à vol d'oiseau";Grille régulière, config_collecte.json > grille
G+260-120;grille;Grille +260 km est / -120 km nord de Vitry;47.70192;5.96036;"pas 20 km ; 286 km de Vitry à vol d'oiseau";Grille régulière, config_collecte.json > grille
G+260-100;grille;Grille +260 km est / -100 km nord de Vitry;47.88285;5.96036;"pas 20 km ; 279 km de Vitry à vol d'oiseau";Grille régulière, config_collecte.json > grille
G+260-080;grille;Grille +260 km est / -80 km nord de Vitry;48.06378;5.96036;"pas 20 km ; 272 km de Vitry à vol d'oiseau";Grille régulière, config_collecte.json > grille
G+260-060;grille;Grille +260 km est / -60 km nord de Vitry;48.24471;5.96036;"pas 20 km ; 267 km de Vitry à vol d'oiseau";Grille régulière, config_collecte.json > grille
G+260-040;grille;Grille +260 km est / -40 km nord de Vitry;48.42564;5.96036;"pas 20 km ; 263 km de Vitry à vol d'oiseau";Grille régulière, config_collecte.json > grille
G+260-020;grille;Grille +260 km est / -20 km nord de Vitry;48.60657;5.96036;"pas 20 km ; 261 km de Vitry à vol d'oiseau";Grille régulière, config_collecte.json > grille
G+260+000;grille;Grille +260 km est / +0 km nord de Vitry;48.7875;5.96036;"pas 20 km ; 260 km de Vitry à vol d'oiseau";Grille régulière, config_collecte.json > grille
G+260+020;grille;Grille +260 km est / +20 km nord de Vitry;48.96843;5.96036;"pas 20 km ; 261 km de Vitry à vol d'oiseau";Grille régulière, config_collecte.json > grille
G+260+040;grille;Grille +260 km est / +40 km nord de Vitry;49.14936;5.96036;"pas 20 km ; 263 km de Vitry à vol d'oiseau";Grille régulière, config_collecte.json > grille
G+260+060;grille;Grille +260 km est / +60 km nord de Vitry;49.33029;5.96036;"pas 20 km ; 267 km de Vitry à vol d'oiseau";Grille régulière, config_collecte.json > grille
G+260+080;grille;Grille +260 km est / +80 km nord de Vitry;49.51122;5.96036;"pas 20 km ; 272 km de Vitry à vol d'oiseau";Grille régulière, config_collecte.json > grille
G+260+100;grille;Grille +260 km est / +100 km nord de Vitry;49.69215;5.96036;"pas 20 km ; 279 km de Vitry à vol d'oiseau";Grille régulière, config_collecte.json > grille
G+260+120;grille;Grille +260 km est / +120 km nord de Vitry;49.87308;5.96036;"pas 20 km ; 286 km de Vitry à vol d'oiseau";Grille régulière, config_collecte.json > grille
G+260+140;grille;Grille +260 km est / +140 km nord de Vitry;50.05401;5.96036;"pas 20 km ; 295 km de Vitry à vol d'oiseau";Grille régulière, config_collecte.json > grille
G+280-100;grille;Grille +280 km est / -100 km nord de Vitry;47.88285;6.23305;"pas 20 km ; 297 km de Vitry à vol d'oiseau";Grille régulière, config_collecte.json > grille
G+280-080;grille;Grille +280 km est / -80 km nord de Vitry;48.06378;6.23305;"pas 20 km ; 291 km de Vitry à vol d'oiseau";Grille régulière, config_collecte.json > grille
G+280-060;grille;Grille +280 km est / -60 km nord de Vitry;48.24471;6.23305;"pas 20 km ; 286 km de Vitry à vol d'oiseau";Grille régulière, config_collecte.json > grille
G+280-040;grille;Grille +280 km est / -40 km nord de Vitry;48.42564;6.23305;"pas 20 km ; 283 km de Vitry à vol d'oiseau";Grille régulière, config_collecte.json > grille
G+280-020;grille;Grille +280 km est / -20 km nord de Vitry;48.60657;6.23305;"pas 20 km ; 281 km de Vitry à vol d'oiseau";Grille régulière, config_collecte.json > grille
G+280+000;grille;Grille +280 km est / +0 km nord de Vitry;48.7875;6.23305;"pas 20 km ; 280 km de Vitry à vol d'oiseau";Grille régulière, config_collecte.json > grille
G+280+020;grille;Grille +280 km est / +20 km nord de Vitry;48.96843;6.23305;"pas 20 km ; 281 km de Vitry à vol d'oiseau";Grille régulière, config_collecte.json > grille
G+280+040;grille;Grille +280 km est / +40 km nord de Vitry;49.14936;6.23305;"pas 20 km ; 283 km de Vitry à vol d'oiseau";Grille régulière, config_collecte.json > grille
G+280+060;grille;Grille +280 km est / +60 km nord de Vitry;49.33029;6.23305;"pas 20 km ; 286 km de Vitry à vol d'oiseau";Grille régulière, config_collecte.json > grille
G+280+080;grille;Grille +280 km est / +80 km nord de Vitry;49.51122;6.23305;"pas 20 km ; 291 km de Vitry à vol d'oiseau";Grille régulière, config_collecte.json > grille
G+280+100;grille;Grille +280 km est / +100 km nord de Vitry;49.69215;6.23305;"pas 20 km ; 297 km de Vitry à vol d'oiseau";Grille régulière, config_collecte.json > grille
G+300+000;grille;Grille +300 km est / +0 km nord de Vitry;48.7875;6.50574;"pas 20 km ; 300 km de Vitry à vol d'oiseau";Grille régulière, config_collecte.json > grille
