horodatage_requete;origine_id;couche;destination;variante;depart_local;modele_trafic;statut;distance_m;forfait_m;distance_totale_m;duree_s;duree_sans_trafic_s
2026-09-26T10:22:04;E_A1;entree;VITRY;rapide;2026-09-28 08:00;BEST_GUESS;OK;48820;0;48820;3617;2558
2026-09-26T10:22:04;E_A1;entree;RIS;rapide;2026-09-28 08:00;BEST_GUESS;OK;65882;1380;67262;4765;3448
2026-09-26T10:22:04;E_A4;entree;VITRY;rapide;2026-09-28 08:00;BEST_GUESS;OK;73090;0;73090;3944;3052
2026-09-26T10:22:04;E_A4;entree;RIS;rapide;2026-09-28 08:00;BEST_GUESS;OK;92509;1380;93889;4440;3971
2026-09-26T10:22:04;E_A5;entree;VITRY;rapide;2026-09-28 08:00;BEST_GUESS;OK;82488;0;82488;4119;3626
2026-09-26T10:22:04;E_A5;entree;RIS;rapide;2026-09-28 08:00;BEST_GUESS;OK;70634;1380;72014;3089;2857
2026-09-26T10:22:04;E_A6;entree;VITRY;rapide;2026-09-28 08:00;BEST_GUESS;OK;93772;0;93772;4287;3537
2026-09-26T10:22:04;E_A6;entree;RIS;rapide;2026-09-28 08:00;BEST_GUESS;OK;72354;1380;73734;2776;2642
2026-09-26T10:22:04;E_A10;entree;VITRY;rapide;2026-09-28 08:00;BEST_GUESS;OK;62958;0;62958;3201;2617
2026-09-26T10:22:04;E_A10;entree;RIS;rapide;2026-09-28 08:00;BEST_GUESS;OK;59203;1380;60583;2584;2411
2026-09-26T10:22:04;E_A11;entree;VITRY;rapide;2026-09-28 08:00;BEST_GUESS;OK;62192;0;62192;3309;2733
2026-09-26T10:22:04;E_A11;entree;RIS;rapide;2026-09-28 08:00;BEST_GUESS;OK;58437;1380;59817;2705;2528
2026-09-26T10:22:04;E_A13;entree;VITRY;rapide;2026-09-28 08:00;BEST_GUESS;OK;92461;0;92461;4724;3779
2026-09-26T10:22:04;E_A13;entree;RIS;rapide;2026-09-28 08:00;BEST_GUESS;OK;99218;1380;100598;4981;4096
2026-09-26T10:22:04;E_A16;entree;VITRY;rapide;2026-09-28 08:00;BEST_GUESS;OK;69185;0;69185;4937;3564
2026-09-26T10:22:04;E_A16;entree;RIS;rapide;2026-09-28 08:00;BEST_GUESS;OK;89679;1380;91059;5950;4332
2026-09-26T10:22:04;IDF1;site;VITRY;rapide;2026-09-28 08:00;BEST_GUESS;OK;41890;0;41890;3861;2841
2026-09-26T10:22:04;IDF1;site;RIS;rapide;2026-09-28 08:00;BEST_GUESS;OK;58952;1380;60332;5001;3731
2026-09-26T10:22:04;IDF2;site;VITRY;rapide;2026-09-28 08:00;BEST_GUESS;OK;35448;0;35448;2780;2082
2026-09-26T10:22:04;IDF2;site;RIS;rapide;2026-09-28 08:00;BEST_GUESS;OK;14026;1380;15406;1298;1177
2026-09-26T10:22:04;IDF3;site;VITRY;rapide;2026-09-28 08:00;BEST_GUESS;OK;66563;0;66563;5047;3895
2026-09-26T10:22:04;IDF3;site;RIS;rapide;2026-09-28 08:00;BEST_GUESS;OK;90870;1380;92250;6142;4706
2026-09-26T10:22:04;IDF4;site;VITRY;rapide;2026-09-28 08:00;BEST_GUESS;OK;31174;0;31174;3017;2409
2026-09-26T10:22:04;IDF4;site;RIS;rapide;2026-09-28 08:00;BEST_GUESS;OK;48236;1380;49616;4173;3299
2026-09-26T10:22:04;IDF5;site;VITRY;rapide;2026-09-28 08:00;BEST_GUESS;OK;27596;0;27596;3520;2840
2026-09-26T10:22:04;IDF5;site;RIS;rapide;2026-09-28 08:00;BEST_GUESS;OK;48346;1380;49726;4392;3517
2026-09-26T10:22:04;IDF6;site;VITRY;rapide;2026-09-28 08:00;BEST_GUESS;OK;41449;0;41449;3544;2811
2026-09-26T10:22:04;IDF6;site;RIS;rapide;2026-09-28 08:00;BEST_GUESS;OK;57321;1380;58701;4249;3170
2026-09-26T10:22:04;IDF7;site;VITRY;rapide;2026-09-28 08:00;BEST_GUESS;OK;40735;0;40735;3434;2678
2026-09-26T10:22:04;IDF7;site;RIS;rapide;2026-09-28 08:00;BEST_GUESS;OK;56204;1380;57584;3997;3049
2026-09-26T10:22:04;IDF8;site;VITRY;rapide;2026-09-28 08:00;BEST_GUESS;OK;45059;0;45059;3450;2489
2026-09-26T10:22:04;IDF8;site;RIS;rapide;2026-09-28 08:00;BEST_GUESS;OK;64478;1380;65858;3991;3408
2026-09-26T10:22:04;IDF9;site;VITRY;rapide;2026-09-28 08:00;BEST_GUESS;OK;46751;0;46751;3820;2980
2026-09-26T10:22:04;IDF9;site;RIS;rapide;2026-09-28 08:00;BEST_GUESS;OK;53507;1380;54887;4074;3297
2026-09-26T10:22:04;IDF10;site;VITRY;rapide;2026-09-28 08:00;BEST_GUESS;OK;34363;0;34363;3422;2348
2026-09-26T10:22:04;IDF10;site;RIS;rapide;2026-09-28 08:00;BEST_GUESS;OK;51425;1380;52805;4556;3238
2026-09-26T10:22:04;IDF11;site;VITRY;rapide;2026-09-28 08:00;BEST_GUESS;OK;49468;0;49468;3288;2370
2026-09-26T10:22:04;IDF11;site;RIS;rapide;2026-09-28 08:00;BEST_GUESS;OK;68887;1380;70267;3835;3288
2026-09-26T10:22:04;IDF12;site;VITRY;rapide;2026-09-28 08:00;BEST_GUESS;OK;11529;0;11529;1246;1049
2026-09-26T10:22:04;IDF12;site;RIS;rapide;2026-09-28 08:00;BEST_GUESS;OK;14828;1380;16208;2087;1956
2026-09-26T10:22:04;IDF13;site;VITRY;rapide;2026-09-28 08:00;BEST_GUESS;OK;38905;0;38905;3151;2536
2026-09-26T10:22:04;IDF13;site;RIS;rapide;2026-09-28 08:00;BEST_GUESS;OK;32603;1380;33983;2246;2015
2026-09-26T10:22:04;IDF14;site;VITRY;rapide;2026-09-28 08:00;BEST_GUESS;OK;7704;0;7704;1387;1243
2026-09-26T10:22:04;IDF14;site;RIS;rapide;2026-09-28 08:00;BEST_GUESS;OK;10572;1380;11952;1373;1306
2026-09-26T10:22:04;IDF15;site;VITRY;rapide;2026-09-28 08:00;BEST_GUESS;OK;46693;0;46693;3316;2492
2026-09-26T10:22:04;IDF15;site;RIS;rapide;2026-09-28 08:00;BEST_GUESS;OK;53449;1380;54829;3557;2809
2026-09-26T10:22:04;HDF1;site;VITRY;rapide;2026-09-28 08:00;BEST_GUESS;OK;210106;0;210106;9808;9101
2026-09-26T10:22:04;HDF1;site;RIS;rapide;2026-09-28 08:00;BEST_GUESS;OK;227168;1380;228548;10942;9991
2026-09-26T10:22:04;HDF2;site;VITRY;rapide;2026-09-28 08:00;BEST_GUESS;OK;203649;0;203649;8746;7989
2026-09-26T10:22:04;HDF2;site;RIS;rapide;2026-09-28 08:00;BEST_GUESS;OK;220711;1380;222091;9872;8880
2026-09-26T10:22:04;HDF3;site;VITRY;rapide;2026-09-28 08:00;BEST_GUESS;OK;251636;0;251636;10654;10124
2026-09-26T10:22:04;HDF3;site;RIS;rapide;2026-09-28 08:00;BEST_GUESS;OK;268698;1380;270078;11814;11014
2026-09-26T10:22:04;HDF4;site;VITRY;rapide;2026-09-28 08:00;BEST_GUESS;OK;203647;0;203647;8805;8114
2026-09-26T10:22:04;HDF4;site;RIS;rapide;2026-09-28 08:00;BEST_GUESS;OK;220709;1380;222089;9932;9004
2026-09-26T10:22:04;HDF5;site;VITRY;rapide;2026-09-28 08:00;BEST_GUESS;OK;224457;0;224457;9452;8842
2026-09-26T10:22:04;HDF5;site;RIS;rapide;2026-09-28 08:00;BEST_GUESS;OK;241519;1380;242899;10616;9732
2026-09-26T10:22:04;NOR1;site;VITRY;rapide;2026-09-28 08:00;BEST_GUESS;OK;209946;0;209946;8156;7853
2026-09-26T10:22:04;NOR1;site;RIS;rapide;2026-09-28 08:00;BEST_GUESS;OK;216703;1380;218083;8472;8170
2026-09-26T10:22:04;NOR2;site;VITRY;rapide;2026-09-28 08:00;BEST_GUESS;OK;139338;0;139338;6114;5440
2026-09-26T10:22:04;NOR2;site;RIS;rapide;2026-09-28 08:00;BEST_GUESS;OK;146094;1380;147474;6388;5757
2026-09-26T10:22:04;NOR3;site;VITRY;rapide;2026-09-28 08:00;BEST_GUESS;OK;134270;0;134270;6294;5551
2026-09-26T10:22:04;NOR3;site;RIS;rapide;2026-09-28 08:00;BEST_GUESS;OK;141027;1380;142407;6569;5868
2026-09-26T10:22:04;CVL1;site;VITRY;rapide;2026-09-28 08:00;BEST_GUESS;OK;226354;0;226354;8337;8187
2026-09-26T10:22:04;CVL1;site;RIS;rapide;2026-09-28 08:00;BEST_GUESS;OK;222599;1380;223979;7972;7982
2026-09-26T10:22:04;CVL2;site;VITRY;rapide;2026-09-28 08:00;BEST_GUESS;OK;262174;0;262174;10351;10181
2026-09-26T10:22:04;CVL2;site;RIS;rapide;2026-09-28 08:00;BEST_GUESS;OK;258419;1380;259799;10022;9975
2026-09-26T10:22:04;CVL3;site;VITRY;rapide;2026-09-28 08:00;BEST_GUESS;OK;130619;0;130619;5683;5212
2026-09-26T10:22:04;CVL3;site;RIS;rapide;2026-09-28 08:00;BEST_GUESS;OK;126864;1380;128244;5183;5006
2026-09-26T10:22:04;GE1;site;VITRY;rapide;2026-09-28 08:00;BEST_GUESS;OK;185285;0;185285;7387;6915
2026-09-26T10:22:04;GE1;site;RIS;rapide;2026-09-28 08:00;BEST_GUESS;OK;204704;1380;206084;8054;7834
2026-09-26T10:22:04;BFC1;site;VITRY;rapide;2026-09-28 08:00;BEST_GUESS;OK;312203;0;312203;10672;10719
2026-09-26T10:22:04;BFC1;site;RIS;rapide;2026-09-28 08:00;BEST_GUESS;OK;290785;1380;292165;9645;9824
2026-09-26T10:22:06;E_A1;entree;RIS;acces_impose;2026-09-28 08:00;BEST_GUESS;OK;67584;1380;68964;4775;3457
2026-09-26T10:22:06;E_A1;entree;RIS;impose_ouest;2026-09-28 08:00;BEST_GUESS;OK;86345;1380;87725;5758;4305
2026-09-26T10:22:06;E_A4;entree;RIS;acces_impose;2026-09-28 08:00;BEST_GUESS;OK;95907;1380;97287;4494;3915
2026-09-26T10:22:06;E_A4;entree;RIS;impose_est;2026-09-28 08:00;BEST_GUESS;OK;95907;1380;97287;4494;3915
2026-09-26T10:22:07;E_A5;entree;RIS;acces_impose;2026-09-28 08:00;BEST_GUESS;OK;74032;1380;75412;3123;2802
2026-09-26T10:22:07;E_A5;entree;RIS;impose_est;2026-09-28 08:00;BEST_GUESS;OK;74032;1380;75412;3123;2802
2026-09-26T10:22:07;E_A6;entree;RIS;acces_impose;2026-09-28 08:00;BEST_GUESS;OK;72354;1380;73734;2776;2641
2026-09-26T10:22:07;E_A6;entree;RIS;impose_est;2026-09-28 08:00;BEST_GUESS;OK;86270;1380;87650;3603;3292
2026-09-26T10:22:07;E_A10;entree;RIS;acces_impose;2026-09-28 08:00;BEST_GUESS;OK;59203;1380;60583;2584;2411
2026-09-26T10:22:08;E_A10;entree;RIS;impose_ouest;2026-09-28 08:00;BEST_GUESS;OK;59203;1380;60583;2584;2411
2026-09-26T10:22:08;E_A11;entree;RIS;acces_impose;2026-09-28 08:00;BEST_GUESS;OK;58437;1380;59817;2705;2527
2026-09-26T10:22:08;E_A11;entree;RIS;impose_ouest;2026-09-28 08:00;BEST_GUESS;OK;58437;1380;59817;2705;2527
2026-09-26T10:22:08;E_A13;entree;RIS;acces_impose;2026-09-28 08:00;BEST_GUESS;OK;100919;1380;102299;4991;4105
2026-09-26T10:22:08;E_A13;entree;RIS;impose_ouest;2026-09-28 08:00;BEST_GUESS;OK;115696;1380;117076;5551;4740
2026-09-26T10:22:09;E_A16;entree;RIS;acces_impose;2026-09-28 08:00;BEST_GUESS;OK;91380;1380;92760;5965;4341
2026-09-26T10:22:09;E_A16;entree;RIS;impose_ouest;2026-09-28 08:00;BEST_GUESS;OK;106157;1380;107537;6548;4977
2026-09-26T10:22:09;IDF1;site;RIS;acces_impose;2026-09-28 08:00;BEST_GUESS;OK;60653;1380;62033;5010;3740
2026-09-26T10:22:09;IDF1;site;RIS;impose_ouest;2026-09-28 08:00;BEST_GUESS;OK;79415;1380;80795;5971;4588
2026-09-26T10:22:09;IDF2;site;RIS;acces_impose;2026-09-28 08:00;BEST_GUESS;OK;14026;1380;15406;1298;1177
2026-09-26T10:22:10;IDF2;site;RIS;impose_ouest;2026-09-28 08:00;BEST_GUESS;OK;23176;1380;24556;1808;1590
2026-09-26T10:22:10;IDF3;site;RIS;acces_impose;2026-09-28 08:00;BEST_GUESS;OK;92571;1380;93951;6160;4715
2026-09-26T10:22:10;IDF3;site;RIS;impose_ouest;2026-09-28 08:00;BEST_GUESS;OK;107348;1380;108728;6711;5350
2026-09-26T10:22:10;IDF4;site;RIS;acces_impose;2026-09-28 08:00;BEST_GUESS;OK;49937;1380;51317;4179;3308
2026-09-26T10:22:10;IDF4;site;RIS;impose_ouest;2026-09-28 08:00;BEST_GUESS;OK;68699;1380;70079;5243;4155
2026-09-26T10:22:11;IDF5;site;RIS;acces_impose;2026-09-28 08:00;BEST_GUESS;OK;50047;1380;51427;4403;3526
2026-09-26T10:22:11;IDF5;site;RIS;impose_ouest;2026-09-28 08:00;BEST_GUESS;OK;68809;1380;70189;5432;4374
2026-09-26T10:22:11;IDF6;site;RIS;acces_impose;2026-09-28 08:00;BEST_GUESS;OK;59022;1380;60402;4258;3179
2026-09-26T10:22:11;IDF6;site;RIS;impose_ouest;2026-09-28 08:00;BEST_GUESS;OK;73799;1380;75179;4892;3814
2026-09-26T10:22:12;IDF7;site;RIS;acces_impose;2026-09-28 08:00;BEST_GUESS;OK;57906;1380;59286;3998;3058
2026-09-26T10:22:12;IDF7;site;RIS;impose_ouest;2026-09-28 08:00;BEST_GUESS;OK;72682;1380;74062;4647;3693
2026-09-26T10:22:12;IDF8;site;RIS;acces_impose;2026-09-28 08:00;BEST_GUESS;OK;67876;1380;69256;4036;3352
2026-09-26T10:22:12;IDF8;site;RIS;impose_est;2026-09-28 08:00;BEST_GUESS;OK;67876;1380;69256;4036;3352
2026-09-26T10:22:12;IDF9;site;RIS;acces_impose;2026-09-28 08:00;BEST_GUESS;OK;55209;1380;56589;4075;3306
2026-09-26T10:22:13;IDF9;site;RIS;impose_ouest;2026-09-28 08:00;BEST_GUESS;OK;69985;1380;71365;4734;3941
2026-09-26T10:22:13;IDF10;site;RIS;acces_impose;2026-09-28 08:00;BEST_GUESS;OK;53126;1380;54506;4566;3247
2026-09-26T10:22:13;IDF10;site;RIS;impose_ouest;2026-09-28 08:00;BEST_GUESS;OK;71888;1380;73268;5590;4094
2026-09-26T10:22:13;IDF11;site;RIS;acces_impose;2026-09-28 08:00;BEST_GUESS;OK;72285;1380;73665;3881;3233
2026-09-26T10:22:13;IDF11;site;RIS;impose_est;2026-09-28 08:00;BEST_GUESS;OK;72285;1380;73665;3881;3233
2026-09-26T10:22:14;IDF12;site;RIS;acces_impose;2026-09-28 08:00;BEST_GUESS;OK;34869;1380;36249;2635;2106
2026-09-26T10:22:14;IDF12;site;RIS;impose_est;2026-09-28 08:00;BEST_GUESS;OK;32483;1380;33863;2618;2372
2026-09-26T10:22:14;IDF13;site;RIS;acces_impose;2026-09-28 08:00;BEST_GUESS;OK;36001;1380;37381;2275;1960
2026-09-26T10:22:14;IDF13;site;RIS;impose_est;2026-09-28 08:00;BEST_GUESS;OK;36001;1380;37381;2275;1960
2026-09-26T10:22:14;IDF14;site;RIS;acces_impose;2026-09-28 08:00;BEST_GUESS;OK;16078;1380;17458;1982;1912
2026-09-26T10:22:15;IDF14;site;RIS;impose_est;2026-09-28 08:00;BEST_GUESS;OK;33504;1380;34884;2244;2057
2026-09-26T10:22:15;IDF15;site;RIS;acces_impose;2026-09-28 08:00;BEST_GUESS;OK;55151;1380;56531;3556;2819
2026-09-26T10:22:15;IDF15;site;RIS;impose_ouest;2026-09-28 08:00;BEST_GUESS;OK;69927;1380;71307;4252;3454
2026-09-26T10:22:15;HDF1;site;RIS;acces_impose;2026-09-28 08:00;BEST_GUESS;OK;228870;1380;230250;10953;10000
2026-09-26T10:22:16;HDF1;site;RIS;impose_est;2026-09-28 08:00;BEST_GUESS;OK;224950;1380;226330;10686;10145
2026-09-26T10:22:16;HDF2;site;RIS;acces_impose;2026-09-28 08:00;BEST_GUESS;OK;222412;1380;223792;9880;8889
2026-09-26T10:22:16;HDF2;site;RIS;impose_ouest;2026-09-28 08:00;BEST_GUESS;OK;241174;1380;242554;10752;9736
2026-09-26T10:22:16;HDF3;site;RIS;acces_impose;2026-09-28 08:00;BEST_GUESS;OK;270399;1380;271779;11831;11024
2026-09-26T10:22:17;HDF3;site;RIS;impose_ouest;2026-09-28 08:00;BEST_GUESS;OK;289161;1380;290541;12694;11871
2026-09-26T10:22:17;HDF4;site;RIS;acces_impose;2026-09-28 08:00;BEST_GUESS;OK;222410;1380;223790;9941;9013
2026-09-26T10:22:17;HDF4;site;RIS;impose_ouest;2026-09-28 08:00;BEST_GUESS;OK;241172;1380;242552;10813;9861
2026-09-26T10:22:18;HDF5;site;RIS;acces_impose;2026-09-28 08:00;BEST_GUESS;OK;243220;1380;244600;10625;9741
2026-09-26T10:22:18;HDF5;site;RIS;impose_ouest;2026-09-28 08:00;BEST_GUESS;OK;261982;1380;263362;11494;10588
2026-09-26T10:22:18;NOR1;site;RIS;acces_impose;2026-09-28 08:00;BEST_GUESS;OK;218404;1380;219784;8478;8179
2026-09-26T10:22:19;NOR1;site;RIS;impose_ouest;2026-09-28 08:00;BEST_GUESS;OK;233181;1380;234561;8994;8814
2026-09-26T10:22:19;NOR2;site;RIS;acces_impose;2026-09-28 08:00;BEST_GUESS;OK;147795;1380;149175;6399;5767
2026-09-26T10:22:19;NOR2;site;RIS;impose_ouest;2026-09-28 08:00;BEST_GUESS;OK;162572;1380;163952;6970;6402
2026-09-26T10:22:19;NOR3;site;RIS;acces_impose;2026-09-28 08:00;BEST_GUESS;OK;142728;1380;144108;6580;5877
2026-09-26T10:22:20;NOR3;site;RIS;impose_ouest;2026-09-28 08:00;BEST_GUESS;OK;157505;1380;158885;7116;6512
2026-09-26T10:22:20;CVL1;site;RIS;acces_impose;2026-09-28 08:00;BEST_GUESS;OK;222599;1380;223979;7972;7981
2026-09-26T10:22:20;CVL1;site;RIS;impose_ouest;2026-09-28 08:00;BEST_GUESS;OK;222599;1380;223979;7972;7981
2026-09-26T10:22:21;CVL2;site;RIS;acces_impose;2026-09-28 08:00;BEST_GUESS;OK;258419;1380;259799;10022;9975
2026-09-26T10:22:21;CVL2;site;RIS;impose_ouest;2026-09-28 08:00;BEST_GUESS;OK;258419;1380;259799;10022;9975
2026-09-26T10:22:21;CVL3;site;RIS;acces_impose;2026-09-28 08:00;BEST_GUESS;OK;126864;1380;128244;5183;5006
2026-09-26T10:22:21;CVL3;site;RIS;impose_ouest;2026-09-28 08:00;BEST_GUESS;OK;126864;1380;128244;5183;5006
2026-09-26T10:22:22;GE1;site;RIS;acces_impose;2026-09-28 08:00;BEST_GUESS;OK;208102;1380;209482;8043;7779
2026-09-26T10:22:22;GE1;site;RIS;impose_est;2026-09-28 08:00;BEST_GUESS;OK;208102;1380;209482;8043;7779
2026-09-26T10:22:22;BFC1;site;RIS;acces_impose;2026-09-28 08:00;BEST_GUESS;OK;290785;1380;292165;9645;9823
2026-09-26T10:22:22;BFC1;site;RIS;impose_est;2026-09-28 08:00;BEST_GUESS;OK;304701;1380;306081;10315;10474
2026-09-26T10:22:23;E_A1;entree;VITRY;rapide;2026-09-28 09:00;BEST_GUESS;OK;48820;0;48820;3463;2558
2026-09-26T10:22:23;E_A1;entree;RIS;rapide;2026-09-28 09:00;BEST_GUESS;OK;65882;1380;67262;4676;3448
2026-09-26T10:22:23;E_A4;entree;VITRY;rapide;2026-09-28 09:00;BEST_GUESS;OK;73090;0;73090;3586;3052
2026-09-26T10:22:23;E_A4;entree;RIS;rapide;2026-09-28 09:00;BEST_GUESS;OK;92509;1380;93889;4260;3971
2026-09-26T10:22:23;E_A5;entree;VITRY;rapide;2026-09-28 09:00;BEST_GUESS;OK;82488;0;82488;3754;3626
2026-09-26T10:22:23;E_A5;entree;RIS;rapide;2026-09-28 09:00;BEST_GUESS;OK;70634;1380;72014;2905;2857
2026-09-26T10:22:23;E_A6;entree;VITRY;rapide;2026-09-28 09:00;BEST_GUESS;OK;93772;0;93772;3757;3537
2026-09-26T10:22:23;E_A6;entree;RIS;rapide;2026-09-28 09:00;BEST_GUESS;OK;72354;1380;73734;2647;2642
2026-09-26T10:22:23;E_A10;entree;VITRY;rapide;2026-09-28 09:00;BEST_GUESS;OK;62958;0;62958;2955;2617
2026-09-26T10:22:23;E_A10;entree;RIS;rapide;2026-09-28 09:00;BEST_GUESS;OK;59203;1380;60583;2469;2411
2026-09-26T10:22:23;E_A11;entree;VITRY;rapide;2026-09-28 09:00;BEST_GUESS;OK;62192;0;62192;3083;2733
2026-09-26T10:22:23;E_A11;entree;RIS;rapide;2026-09-28 09:00;BEST_GUESS;OK;58437;1380;59817;2614;2528
2026-09-26T10:22:23;E_A13;entree;VITRY;rapide;2026-09-28 09:00;BEST_GUESS;OK;92461;0;92461;4152;3779
2026-09-26T10:22:23;E_A13;entree;RIS;rapide;2026-09-28 09:00;BEST_GUESS;OK;99218;1380;100598;4463;4096
2026-09-26T10:22:23;E_A16;entree;VITRY;rapide;2026-09-28 09:00;BEST_GUESS;OK;69185;0;69185;4597;3564
2026-09-26T10:22:23;E_A16;entree;RIS;rapide;2026-09-28 09:00;BEST_GUESS;OK;89679;1380;91059;5469;4332
2026-09-26T10:22:23;IDF1;site;VITRY;rapide;2026-09-28 09:00;BEST_GUESS;OK;41890;0;41890;3772;2841
2026-09-26T10:22:23;IDF1;site;RIS;rapide;2026-09-28 09:00;BEST_GUESS;OK;58952;1380;60332;4975;3731
2026-09-26T10:22:23;IDF2;site;VITRY;rapide;2026-09-28 09:00;BEST_GUESS;OK;35448;0;35448;2502;2082
2026-09-26T10:22:23;IDF2;site;RIS;rapide;2026-09-28 09:00;BEST_GUESS;OK;14026;1380;15406;1253;1177
2026-09-26T10:22:23;IDF3;site;VITRY;rapide;2026-09-28 09:00;BEST_GUESS;OK;66563;0;66563;4779;3895
2026-09-26T10:22:23;IDF3;site;RIS;rapide;2026-09-28 09:00;BEST_GUESS;OK;90870;1380;92250;5696;4706
2026-09-26T10:22:23;IDF4;site;VITRY;rapide;2026-09-28 09:00;BEST_GUESS;OK;31174;0;31174;2975;2409
2026-09-26T10:22:23;IDF4;site;RIS;rapide;2026-09-28 09:00;BEST_GUESS;OK;48236;1380;49616;4169;3299
2026-09-26T10:22:23;IDF5;site;VITRY;rapide;2026-09-28 09:00;BEST_GUESS;OK;27596;0;27596;3564;2840
2026-09-26T10:22:23;IDF5;site;RIS;rapide;2026-09-28 09:00;BEST_GUESS;OK;48346;1380;49726;4458;3517
2026-09-26T10:22:23;IDF6;site;VITRY;rapide;2026-09-28 09:00;BEST_GUESS;OK;41449;0;41449;3469;2811
2026-09-26T10:22:23;IDF6;site;RIS;rapide;2026-09-28 09:00;BEST_GUESS;OK;57321;1380;58701;4022;3170
2026-09-26T10:22:23;IDF7;site;VITRY;rapide;2026-09-28 09:00;BEST_GUESS;OK;40735;0;40735;3337;2678
2026-09-26T10:22:23;IDF7;site;RIS;rapide;2026-09-28 09:00;BEST_GUESS;OK;56204;1380;57584;3847;3049
2026-09-26T10:22:23;IDF8;site;VITRY;rapide;2026-09-28 09:00;BEST_GUESS;OK;45059;0;45059;3093;2489
2026-09-26T10:22:23;IDF8;site;RIS;rapide;2026-09-28 09:00;BEST_GUESS;OK;64478;1380;65858;3791;3408
2026-09-26T10:22:23;IDF9;site;VITRY;rapide;2026-09-28 09:00;BEST_GUESS;OK;46751;0;46751;3617;2980
2026-09-26T10:22:23;IDF9;site;RIS;rapide;2026-09-28 09:00;BEST_GUESS;OK;53507;1380;54887;3906;3297
2026-09-26T10:22:23;IDF10;site;VITRY;rapide;2026-09-28 09:00;BEST_GUESS;OK;34363;0;34363;3208;2348
2026-09-26T10:22:23;IDF10;site;RIS;rapide;2026-09-28 09:00;BEST_GUESS;OK;51425;1380;52805;4409;3238
2026-09-26T10:22:23;IDF11;site;VITRY;rapide;2026-09-28 09:00;BEST_GUESS;OK;49468;0;49468;2961;2370
2026-09-26T10:22:23;IDF11;site;RIS;rapide;2026-09-28 09:00;BEST_GUESS;OK;68887;1380;70267;3648;3288
2026-09-26T10:22:23;IDF12;site;VITRY;rapide;2026-09-28 09:00;BEST_GUESS;OK;11529;0;11529;1271;1049
2026-09-26T10:22:23;IDF12;site;RIS;rapide;2026-09-28 09:00;BEST_GUESS;OK;14828;1380;16208;2046;1956
2026-09-26T10:22:23;IDF13;site;VITRY;rapide;2026-09-28 09:00;BEST_GUESS;OK;38905;0;38905;2763;2536
2026-09-26T10:22:23;IDF13;site;RIS;rapide;2026-09-28 09:00;BEST_GUESS;OK;32603;1380;33983;2240;2015
2026-09-26T10:22:23;IDF14;site;VITRY;rapide;2026-09-28 09:00;BEST_GUESS;OK;7704;0;7704;1347;1243
2026-09-26T10:22:23;IDF14;site;RIS;rapide;2026-09-28 09:00;BEST_GUESS;OK;10572;1380;11952;1365;1306
2026-09-26T10:22:23;IDF15;site;VITRY;rapide;2026-09-28 09:00;BEST_GUESS;OK;46693;0;46693;3020;2492
2026-09-26T10:22:23;IDF15;site;RIS;rapide;2026-09-28 09:00;BEST_GUESS;OK;53449;1380;54829;3299;2809
2026-09-26T10:22:23;HDF1;site;VITRY;rapide;2026-09-28 09:00;BEST_GUESS;OK;210106;0;210106;9647;9101
2026-09-26T10:22:23;HDF1;site;RIS;rapide;2026-09-28 09:00;BEST_GUESS;OK;227168;1380;228548;10903;9991
2026-09-26T10:22:23;HDF2;site;VITRY;rapide;2026-09-28 09:00;BEST_GUESS;OK;203649;0;203649;8580;7989
2026-09-26T10:22:23;HDF2;site;RIS;rapide;2026-09-28 09:00;BEST_GUESS;OK;220710;1380;222090;9720;8880
2026-09-26T10:22:23;HDF3;site;VITRY;rapide;2026-09-28 09:00;BEST_GUESS;OK;251636;0;251636;10514;10124
2026-09-26T10:22:23;HDF3;site;RIS;rapide;2026-09-28 09:00;BEST_GUESS;OK;268698;1380;270078;11721;11014
2026-09-26T10:22:23;HDF4;site;VITRY;rapide;2026-09-28 09:00;BEST_GUESS;OK;203647;0;203647;8642;8114
2026-09-26T10:22:23;HDF4;site;RIS;rapide;2026-09-28 09:00;BEST_GUESS;OK;220709;1380;222089;9789;9004
2026-09-26T10:22:23;HDF5;site;VITRY;rapide;2026-09-28 09:00;BEST_GUESS;OK;224457;0;224457;9254;8842
2026-09-26T10:22:23;HDF5;site;RIS;rapide;2026-09-28 09:00;BEST_GUESS;OK;241519;1380;242899;10531;9732
2026-09-26T10:22:23;NOR1;site;VITRY;rapide;2026-09-28 09:00;BEST_GUESS;OK;209946;0;209946;8124;7853
2026-09-26T10:22:23;NOR1;site;RIS;rapide;2026-09-28 09:00;BEST_GUESS;OK;216703;1380;218083;8510;8170
2026-09-26T10:22:23;NOR2;site;VITRY;rapide;2026-09-28 09:00;BEST_GUESS;OK;139338;0;139338;5712;5440
2026-09-26T10:22:23;NOR2;site;RIS;rapide;2026-09-28 09:00;BEST_GUESS;OK;146094;1380;147474;6049;5757
2026-09-26T10:22:23;NOR3;site;VITRY;rapide;2026-09-28 09:00;BEST_GUESS;OK;134270;0;134270;5877;5551
2026-09-26T10:22:23;NOR3;site;RIS;rapide;2026-09-28 09:00;BEST_GUESS;OK;141027;1380;142407;6212;5868
2026-09-26T10:22:23;CVL1;site;VITRY;rapide;2026-09-28 09:00;BEST_GUESS;OK;226354;0;226354;8303;8187
2026-09-26T10:22:23;CVL1;site;RIS;rapide;2026-09-28 09:00;BEST_GUESS;OK;222599;1380;223979;7947;7982
2026-09-26T10:22:23;CVL2;site;VITRY;rapide;2026-09-28 09:00;BEST_GUESS;OK;262174;0;262174;10404;10181
2026-09-26T10:22:23;CVL2;site;RIS;rapide;2026-09-28 09:00;BEST_GUESS;OK;258419;1380;259799;9977;9975
2026-09-26T10:22:23;CVL3;site;VITRY;rapide;2026-09-28 09:00;BEST_GUESS;OK;130619;0;130619;5396;5212
2026-09-26T10:22:23;CVL3;site;RIS;rapide;2026-09-28 09:00;BEST_GUESS;OK;126864;1380;128244;5050;5006
2026-09-26T10:22:23;GE1;site;VITRY;rapide;2026-09-28 09:00;BEST_GUESS;OK;185285;0;185285;7302;6915
2026-09-26T10:22:23;GE1;site;RIS;rapide;2026-09-28 09:00;BEST_GUESS;OK;204704;1380;206084;7922;7834
2026-09-26T10:22:23;BFC1;site;VITRY;rapide;2026-09-28 09:00;BEST_GUESS;OK;312203;0;312203;10697;10719
2026-09-26T10:22:23;BFC1;site;RIS;rapide;2026-09-28 09:00;BEST_GUESS;OK;290785;1380;292165;9633;9824
2026-09-26T10:22:24;E_A1;entree;RIS;acces_impose;2026-09-28 09:00;BEST_GUESS;OK;67584;1380;68964;4683;3457
2026-09-26T10:22:24;E_A1;entree;RIS;impose_ouest;2026-09-28 09:00;BEST_GUESS;OK;86345;1380;87725;5566;4305
2026-09-26T10:22:24;E_A4;entree;RIS;acces_impose;2026-09-28 09:00;BEST_GUESS;OK;95907;1380;97287;4254;3915
2026-09-26T10:22:24;E_A4;entree;RIS;impose_est;2026-09-28 09:00;BEST_GUESS;OK;95907;1380;97287;4254;3915
2026-09-26T10:22:25;E_A5;entree;RIS;acces_impose;2026-09-28 09:00;BEST_GUESS;OK;74032;1380;75412;2904;2802
2026-09-26T10:22:25;E_A5;entree;RIS;impose_est;2026-09-28 09:00;BEST_GUESS;OK;74032;1380;75412;2904;2802
2026-09-26T10:22:25;E_A6;entree;RIS;acces_impose;2026-09-28 09:00;BEST_GUESS;OK;72354;1380;73734;2647;2641
2026-09-26T10:22:25;E_A6;entree;RIS;impose_est;2026-09-28 09:00;BEST_GUESS;OK;86270;1380;87650;3340;3292
2026-09-26T10:22:25;E_A10;entree;RIS;acces_impose;2026-09-28 09:00;BEST_GUESS;OK;59203;1380;60583;2469;2411
2026-09-26T10:22:25;E_A10;entree;RIS;impose_ouest;2026-09-28 09:00;BEST_GUESS;OK;59203;1380;60583;2469;2411
2026-09-26T10:22:26;E_A11;entree;RIS;acces_impose;2026-09-28 09:00;BEST_GUESS;OK;58437;1380;59817;2614;2527
2026-09-26T10:22:26;E_A11;entree;RIS;impose_ouest;2026-09-28 09:00;BEST_GUESS;OK;58437;1380;59817;2614;2527
2026-09-26T10:22:26;E_A13;entree;RIS;acces_impose;2026-09-28 09:00;BEST_GUESS;OK;100919;1380;102299;4470;4105
2026-09-26T10:22:26;E_A13;entree;RIS;impose_ouest;2026-09-28 09:00;BEST_GUESS;OK;115696;1380;117076;4980;4740
2026-09-26T10:22:27;E_A16;entree;RIS;acces_impose;2026-09-28 09:00;BEST_GUESS;OK;91380;1380;92760;5476;4341
2026-09-26T10:22:27;E_A16;entree;RIS;impose_ouest;2026-09-28 09:00;BEST_GUESS;OK;106157;1380;107537;5993;4977
2026-09-26T10:22:27;IDF1;site;RIS;acces_impose;2026-09-28 09:00;BEST_GUESS;OK;60653;1380;62033;4981;3740
2026-09-26T10:22:27;IDF1;site;RIS;impose_ouest;2026-09-28 09:00;BEST_GUESS;OK;79415;1380;80795;5868;4588
2026-09-26T10:22:27;IDF2;site;RIS;acces_impose;2026-09-28 09:00;BEST_GUESS;OK;14026;1380;15406;1253;1177
2026-09-26T10:22:27;IDF2;site;RIS;impose_ouest;2026-09-28 09:00;BEST_GUESS;OK;23176;1380;24556;1782;1590
2026-09-26T10:22:28;IDF3;site;RIS;acces_impose;2026-09-28 09:00;BEST_GUESS;OK;92571;1380;93951;5704;4715
2026-09-26T10:22:28;IDF3;site;RIS;impose_ouest;2026-09-28 09:00;BEST_GUESS;OK;107348;1380;108728;6248;5350
2026-09-26T10:22:28;IDF4;site;RIS;acces_impose;2026-09-28 09:00;BEST_GUESS;OK;49937;1380;51317;4180;3308
2026-09-26T10:22:28;IDF4;site;RIS;impose_ouest;2026-09-28 09:00;BEST_GUESS;OK;68699;1380;70079;5070;4155
2026-09-26T10:22:28;IDF5;site;RIS;acces_impose;2026-09-28 09:00;BEST_GUESS;OK;50047;1380;51427;4465;3526
2026-09-26T10:22:29;IDF5;site;RIS;impose_ouest;2026-09-28 09:00;BEST_GUESS;OK;68809;1380;70189;5349;4374
2026-09-26T10:22:29;IDF6;site;RIS;acces_impose;2026-09-28 09:00;BEST_GUESS;OK;59022;1380;60402;4033;3179
2026-09-26T10:22:29;IDF6;site;RIS;impose_ouest;2026-09-28 09:00;BEST_GUESS;OK;73799;1380;75179;4541;3814
2026-09-26T10:22:29;IDF7;site;RIS;acces_impose;2026-09-28 09:00;BEST_GUESS;OK;57906;1380;59286;3858;3058
2026-09-26T10:22:29;IDF7;site;RIS;impose_ouest;2026-09-28 09:00;BEST_GUESS;OK;72682;1380;74062;4368;3693
2026-09-26T10:22:30;IDF8;site;RIS;acces_impose;2026-09-28 09:00;BEST_GUESS;OK;67876;1380;69256;3789;3352
2026-09-26T10:22:30;IDF8;site;RIS;impose_est;2026-09-28 09:00;BEST_GUESS;OK;67876;1380;69256;3789;3352
2026-09-26T10:22:30;IDF9;site;RIS;acces_impose;2026-09-28 09:00;BEST_GUESS;OK;55209;1380;56589;3917;3306
2026-09-26T10:22:30;IDF9;site;RIS;impose_ouest;2026-09-28 09:00;BEST_GUESS;OK;69985;1380;71365;4417;3941
2026-09-26T10:22:30;IDF10;site;RIS;acces_impose;2026-09-28 09:00;BEST_GUESS;OK;53126;1380;54506;4416;3247
2026-09-26T10:22:31;IDF10;site;RIS;impose_ouest;2026-09-28 09:00;BEST_GUESS;OK;71888;1380;73268;5300;4094
2026-09-26T10:22:31;IDF11;site;RIS;acces_impose;2026-09-28 09:00;BEST_GUESS;OK;72285;1380;73665;3645;3233
2026-09-26T10:22:31;IDF11;site;RIS;impose_est;2026-09-28 09:00;BEST_GUESS;OK;72285;1380;73665;3645;3233
2026-09-26T10:22:31;IDF12;site;RIS;acces_impose;2026-09-28 09:00;BEST_GUESS;OK;34869;1380;36249;2600;2106
2026-09-26T10:22:31;IDF12;site;RIS;impose_est;2026-09-28 09:00;BEST_GUESS;OK;32483;1380;33863;2499;2372
2026-09-26T10:22:32;IDF13;site;RIS;acces_impose;2026-09-28 09:00;BEST_GUESS;OK;36001;1380;37381;2259;1960
2026-09-26T10:22:32;IDF13;site;RIS;impose_est;2026-09-28 09:00;BEST_GUESS;OK;36001;1380;37381;2259;1960
2026-09-26T10:22:32;IDF14;site;RIS;acces_impose;2026-09-28 09:00;BEST_GUESS;OK;16078;1380;17458;1968;1912
2026-09-26T10:22:32;IDF14;site;RIS;impose_est;2026-09-28 09:00;BEST_GUESS;OK;33504;1380;34884;2201;2057
2026-09-26T10:22:32;IDF15;site;RIS;acces_impose;2026-09-28 09:00;BEST_GUESS;OK;55151;1380;56531;3309;2819
2026-09-26T10:22:33;IDF15;site;RIS;impose_ouest;2026-09-28 09:00;BEST_GUESS;OK;69927;1380;71307;3826;3454
2026-09-26T10:22:33;HDF1;site;RIS;acces_impose;2026-09-28 09:00;BEST_GUESS;OK;228870;1380;230250;10915;10000
2026-09-26T10:22:33;HDF1;site;RIS;impose_est;2026-09-28 09:00;BEST_GUESS;OK;224950;1380;226330;10606;10145
2026-09-26T10:22:33;HDF2;site;RIS;acces_impose;2026-09-28 09:00;BEST_GUESS;OK;222412;1380;223792;9739;8889
2026-09-26T10:22:34;HDF2;site;RIS;impose_ouest;2026-09-28 09:00;BEST_GUESS;OK;241174;1380;242554;10619;9736
2026-09-26T10:22:34;HDF3;site;RIS;acces_impose;2026-09-28 09:00;BEST_GUESS;OK;270399;1380;271779;11732;11024
2026-09-26T10:22:34;HDF3;site;RIS;impose_ouest;2026-09-28 09:00;BEST_GUESS;OK;289161;1380;290541;12619;11871
2026-09-26T10:22:35;HDF4;site;RIS;acces_impose;2026-09-28 09:00;BEST_GUESS;OK;222410;1380;223790;9810;9013
2026-09-26T10:22:35;HDF4;site;RIS;impose_ouest;2026-09-28 09:00;BEST_GUESS;OK;241172;1380;242552;10688;9861
2026-09-26T10:22:35;HDF5;site;RIS;acces_impose;2026-09-28 09:00;BEST_GUESS;OK;243220;1380;244600;10549;9741
2026-09-26T10:22:35;HDF5;site;RIS;impose_ouest;2026-09-28 09:00;BEST_GUESS;OK;261982;1380;263362;11427;10588
2026-09-26T10:22:36;NOR1;site;RIS;acces_impose;2026-09-28 09:00;BEST_GUESS;OK;218404;1380;219784;8526;8179
2026-09-26T10:22:36;NOR1;site;RIS;impose_ouest;2026-09-28 09:00;BEST_GUESS;OK;233181;1380;234561;9040;8814
2026-09-26T10:22:36;NOR2;site;RIS;acces_impose;2026-09-28 09:00;BEST_GUESS;OK;147795;1380;149175;6058;5767
2026-09-26T10:22:37;NOR2;site;RIS;impose_ouest;2026-09-28 09:00;BEST_GUESS;OK;162572;1380;163952;6583;6402
2026-09-26T10:22:37;NOR3;site;RIS;acces_impose;2026-09-28 09:00;BEST_GUESS;OK;142728;1380;144108;6220;5877
2026-09-26T10:22:37;NOR3;site;RIS;impose_ouest;2026-09-28 09:00;BEST_GUESS;OK;157505;1380;158885;6747;6512
2026-09-26T10:22:37;CVL1;site;RIS;acces_impose;2026-09-28 09:00;BEST_GUESS;OK;222599;1380;223979;7947;7981
2026-09-26T10:22:38;CVL1;site;RIS;impose_ouest;2026-09-28 09:00;BEST_GUESS;OK;222599;1380;223979;7947;7981
2026-09-26T10:22:38;CVL2;site;RIS;acces_impose;2026-09-28 09:00;BEST_GUESS;OK;258419;1380;259799;9977;9975
2026-09-26T10:22:38;CVL2;site;RIS;impose_ouest;2026-09-28 09:00;BEST_GUESS;OK;258419;1380;259799;9977;9975
2026-09-26T10:22:38;CVL3;site;RIS;acces_impose;2026-09-28 09:00;BEST_GUESS;OK;126864;1380;128244;5050;5006
2026-09-26T10:22:39;CVL3;site;RIS;impose_ouest;2026-09-28 09:00;BEST_GUESS;OK;126864;1380;128244;5050;5006
2026-09-26T10:22:39;GE1;site;RIS;acces_impose;2026-09-28 09:00;BEST_GUESS;OK;208102;1380;209482;7883;7779
2026-09-26T10:22:39;GE1;site;RIS;impose_est;2026-09-28 09:00;BEST_GUESS;OK;208102;1380;209482;7883;7779
2026-09-26T10:22:39;BFC1;site;RIS;acces_impose;2026-09-28 09:00;BEST_GUESS;OK;290785;1380;292165;9633;9823
2026-09-26T10:22:40;BFC1;site;RIS;impose_est;2026-09-28 09:00;BEST_GUESS;OK;304701;1380;306081;10299;10474
2026-09-26T10:22:40;E_A1;entree;VITRY;rapide;2026-09-28 10:00;BEST_GUESS;OK;48820;0;48820;3301;2558
2026-09-26T10:22:40;E_A1;entree;RIS;rapide;2026-09-28 10:00;BEST_GUESS;OK;65882;1380;67262;4464;3448
2026-09-26T10:22:40;E_A4;entree;VITRY;rapide;2026-09-28 10:00;BEST_GUESS;OK;73090;0;73090;3494;3052
2026-09-26T10:22:40;E_A4;entree;RIS;rapide;2026-09-28 10:00;BEST_GUESS;OK;92509;1380;93889;4141;3971
2026-09-26T10:22:40;E_A5;entree;VITRY;rapide;2026-09-28 10:00;BEST_GUESS;OK;82488;0;82488;3724;3626
2026-09-26T10:22:40;E_A5;entree;RIS;rapide;2026-09-28 10:00;BEST_GUESS;OK;70634;1380;72014;2887;2857
2026-09-26T10:22:40;E_A6;entree;VITRY;rapide;2026-09-28 10:00;BEST_GUESS;OK;93772;0;93772;3675;3537
2026-09-26T10:22:40;E_A6;entree;RIS;rapide;2026-09-28 10:00;BEST_GUESS;OK;72354;1380;73734;2644;2642
2026-09-26T10:22:40;E_A10;entree;VITRY;rapide;2026-09-28 10:00;BEST_GUESS;OK;62958;0;62958;2772;2617
2026-09-26T10:22:40;E_A10;entree;RIS;rapide;2026-09-28 10:00;BEST_GUESS;OK;59203;1380;60583;2447;2411
2026-09-26T10:22:40;E_A11;entree;VITRY;rapide;2026-09-28 10:00;BEST_GUESS;OK;62192;0;62192;2908;2733
2026-09-26T10:22:40;E_A11;entree;RIS;rapide;2026-09-28 10:00;BEST_GUESS;OK;58437;1380;59817;2574;2528
2026-09-26T10:22:40;E_A13;entree;VITRY;rapide;2026-09-28 10:00;BEST_GUESS;OK;92461;0;92461;4012;3779
2026-09-26T10:22:40;E_A13;entree;RIS;rapide;2026-09-28 10:00;BEST_GUESS;OK;99218;1380;100598;4383;4096
2026-09-26T10:22:40;E_A16;entree;VITRY;rapide;2026-09-28 10:00;BEST_GUESS;OK;69185;0;69185;4317;3564
2026-09-26T10:22:40;E_A16;entree;RIS;rapide;2026-09-28 10:00;BEST_GUESS;OK;89679;1380;91059;4981;4332
2026-09-26T10:22:40;IDF1;site;VITRY;rapide;2026-09-28 10:00;BEST_GUESS;OK;41890;0;41890;3621;2841
2026-09-26T10:22:40;IDF1;site;RIS;rapide;2026-09-28 10:00;BEST_GUESS;OK;58952;1380;60332;4784;3731
2026-09-26T10:22:40;IDF2;site;VITRY;rapide;2026-09-28 10:00;BEST_GUESS;OK;35448;0;35448;2282;2082
2026-09-26T10:22:40;IDF2;site;RIS;rapide;2026-09-28 10:00;BEST_GUESS;OK;14026;1380;15406;1211;1177
2026-09-26T10:22:40;IDF3;site;VITRY;rapide;2026-09-28 10:00;BEST_GUESS;OK;66563;0;66563;4596;3895
2026-09-26T10:22:40;IDF3;site;RIS;rapide;2026-09-28 10:00;BEST_GUESS;OK;90870;1380;92250;5320;4706
2026-09-26T10:22:40;IDF4;site;VITRY;rapide;2026-09-28 10:00;BEST_GUESS;OK;31174;0;31174;2915;2409
2026-09-26T10:22:40;IDF4;site;RIS;rapide;2026-09-28 10:00;BEST_GUESS;OK;48236;1380;49616;4033;3299
2026-09-26T10:22:40;IDF5;site;VITRY;rapide;2026-09-28 10:00;BEST_GUESS;OK;27596;0;27596;3326;2840
2026-09-26T10:22:40;IDF5;site;RIS;rapide;2026-09-28 10:00;BEST_GUESS;OK;48346;1380;49726;4331;3517
2026-09-26T10:22:40;IDF6;site;VITRY;rapide;2026-09-28 10:00;BEST_GUESS;OK;41449;0;41449;3373;2811
2026-09-26T10:22:40;IDF6;site;RIS;rapide;2026-09-28 10:00;BEST_GUESS;OK;57321;1380;58701;3714;3170
2026-09-26T10:22:40;IDF7;site;VITRY;rapide;2026-09-28 10:00;BEST_GUESS;OK;40735;0;40735;3237;2678
2026-09-26T10:22:40;IDF7;site;RIS;rapide;2026-09-28 10:00;BEST_GUESS;OK;56204;1380;57584;3568;3049
2026-09-26T10:22:40;IDF8;site;VITRY;rapide;2026-09-28 10:00;BEST_GUESS;OK;45059;0;45059;2970;2489
2026-09-26T10:22:40;IDF8;site;RIS;rapide;2026-09-28 10:00;BEST_GUESS;OK;64478;1380;65858;3591;3408
2026-09-26T10:22:40;IDF9;site;VITRY;rapide;2026-09-28 10:00;BEST_GUESS;OK;46751;0;46751;3348;2980
2026-09-26T10:22:40;IDF9;site;RIS;rapide;2026-09-28 10:00;BEST_GUESS;OK;53507;1380;54887;3700;3297
2026-09-26T10:22:40;IDF10;site;VITRY;rapide;2026-09-28 10:00;BEST_GUESS;OK;34363;0;34363;3114;2348
2026-09-26T10:22:40;IDF10;site;RIS;rapide;2026-09-28 10:00;BEST_GUESS;OK;51425;1380;52805;4281;3238
2026-09-26T10:22:40;IDF11;site;VITRY;rapide;2026-09-28 10:00;BEST_GUESS;OK;49468;0;49468;2843;2370
2026-09-26T10:22:40;IDF11;site;RIS;rapide;2026-09-28 10:00;BEST_GUESS;OK;68887;1380;70267;3460;3288
2026-09-26T10:22:40;IDF12;site;VITRY;rapide;2026-09-28 10:00;BEST_GUESS;OK;11528;0;11528;1114;1049
2026-09-26T10:22:40;IDF12;site;RIS;rapide;2026-09-28 10:00;BEST_GUESS;OK;14828;1380;16208;2058;1956
2026-09-26T10:22:40;IDF13;site;VITRY;rapide;2026-09-28 10:00;BEST_GUESS;OK;38905;0;38905;2641;2536
2026-09-26T10:22:40;IDF13;site;RIS;rapide;2026-09-28 10:00;BEST_GUESS;OK;32603;1380;33983;2144;2015
2026-09-26T10:22:40;IDF14;site;VITRY;rapide;2026-09-28 10:00;BEST_GUESS;OK;7704;0;7704;1271;1243
2026-09-26T10:22:40;IDF14;site;RIS;rapide;2026-09-28 10:00;BEST_GUESS;OK;10572;1380;11952;1410;1306
2026-09-26T10:22:40;IDF15;site;VITRY;rapide;2026-09-28 10:00;BEST_GUESS;OK;46693;0;46693;2647;2492
2026-09-26T10:22:40;IDF15;site;RIS;rapide;2026-09-28 10:00;BEST_GUESS;OK;53449;1380;54829;2992;2809
2026-09-26T10:22:40;HDF1;site;VITRY;rapide;2026-09-28 10:00;BEST_GUESS;OK;210106;0;210106;9592;9101
2026-09-26T10:22:40;HDF1;site;RIS;rapide;2026-09-28 10:00;BEST_GUESS;OK;227168;1380;228548;10677;9991
2026-09-26T10:22:40;HDF2;site;VITRY;rapide;2026-09-28 10:00;BEST_GUESS;OK;203649;0;203649;8647;7989
2026-09-26T10:22:40;HDF2;site;RIS;rapide;2026-09-28 10:00;BEST_GUESS;OK;220711;1380;222091;9705;8880
2026-09-26T10:22:40;HDF3;site;VITRY;rapide;2026-09-28 10:00;BEST_GUESS;OK;251636;0;251636;10472;10124
2026-09-26T10:22:40;HDF3;site;RIS;rapide;2026-09-28 10:00;BEST_GUESS;OK;268698;1380;270078;11606;11014
2026-09-26T10:22:40;HDF4;site;VITRY;rapide;2026-09-28 10:00;BEST_GUESS;OK;203647;0;203647;8579;8114
2026-09-26T10:22:40;HDF4;site;RIS;rapide;2026-09-28 10:00;BEST_GUESS;OK;220709;1380;222089;9633;9004
2026-09-26T10:22:40;HDF5;site;VITRY;rapide;2026-09-28 10:00;BEST_GUESS;OK;224456;0;224456;9250;8841
2026-09-26T10:22:40;HDF5;site;RIS;rapide;2026-09-28 10:00;BEST_GUESS;OK;241519;1380;242899;10338;9732
2026-09-26T10:22:40;NOR1;site;VITRY;rapide;2026-09-28 10:00;BEST_GUESS;OK;209946;0;209946;8239;7853
2026-09-26T10:22:40;NOR1;site;RIS;rapide;2026-09-28 10:00;BEST_GUESS;OK;216703;1380;218083;8600;8170
2026-09-26T10:22:40;NOR2;site;VITRY;rapide;2026-09-28 10:00;BEST_GUESS;OK;139338;0;139338;5675;5440
2026-09-26T10:22:40;NOR2;site;RIS;rapide;2026-09-28 10:00;BEST_GUESS;OK;146094;1380;147474;6061;5757
2026-09-26T10:22:40;NOR3;site;VITRY;rapide;2026-09-28 10:00;BEST_GUESS;OK;134270;0;134270;5820;5551
2026-09-26T10:22:40;NOR3;site;RIS;rapide;2026-09-28 10:00;BEST_GUESS;OK;141026;1380;142406;6203;5867
2026-09-26T10:22:40;CVL1;site;VITRY;rapide;2026-09-28 10:00;BEST_GUESS;OK;226354;0;226354;8434;8187
2026-09-26T10:22:40;CVL1;site;RIS;rapide;2026-09-28 10:00;BEST_GUESS;OK;222599;1380;223979;7967;7982
2026-09-26T10:22:40;CVL2;site;VITRY;rapide;2026-09-28 10:00;BEST_GUESS;OK;262174;0;262174;10487;10181
2026-09-26T10:22:40;CVL2;site;RIS;rapide;2026-09-28 10:00;BEST_GUESS;OK;258419;1380;259799;10037;9975
2026-09-26T10:22:40;CVL3;site;VITRY;rapide;2026-09-28 10:00;BEST_GUESS;OK;130619;0;130619;5386;5212
2026-09-26T10:22:40;CVL3;site;RIS;rapide;2026-09-28 10:00;BEST_GUESS;OK;126864;1380;128244;5012;5006
2026-09-26T10:22:40;GE1;site;VITRY;rapide;2026-09-28 10:00;BEST_GUESS;OK;185285;0;185285;7380;6915
2026-09-26T10:22:40;GE1;site;RIS;rapide;2026-09-28 10:00;BEST_GUESS;OK;204704;1380;206084;8047;7834
2026-09-26T10:22:40;BFC1;site;VITRY;rapide;2026-09-28 10:00;BEST_GUESS;OK;312203;0;312203;10761;10719
2026-09-26T10:22:40;BFC1;site;RIS;rapide;2026-09-28 10:00;BEST_GUESS;OK;290785;1380;292165;9619;9824
2026-09-26T10:22:40;E_A1;entree;RIS;acces_impose;2026-09-28 10:00;BEST_GUESS;OK;67584;1380;68964;4480;3457
2026-09-26T10:22:40;E_A1;entree;RIS;impose_ouest;2026-09-28 10:00;BEST_GUESS;OK;86345;1380;87725;5341;4305
2026-09-26T10:22:41;E_A4;entree;RIS;acces_impose;2026-09-28 10:00;BEST_GUESS;OK;95907;1380;97287;4106;3915
2026-09-26T10:22:41;E_A4;entree;RIS;impose_est;2026-09-28 10:00;BEST_GUESS;OK;95907;1380;97287;4106;3915
2026-09-26T10:22:41;E_A5;entree;RIS;acces_impose;2026-09-28 10:00;BEST_GUESS;OK;74032;1380;75412;2859;2802
2026-09-26T10:22:41;E_A5;entree;RIS;impose_est;2026-09-28 10:00;BEST_GUESS;OK;74032;1380;75412;2859;2802
2026-09-26T10:22:42;E_A6;entree;RIS;acces_impose;2026-09-28 10:00;BEST_GUESS;OK;72354;1380;73734;2644;2641
2026-09-26T10:22:42;E_A6;entree;RIS;impose_est;2026-09-28 10:00;BEST_GUESS;OK;86270;1380;87650;3311;3292
2026-09-26T10:22:42;E_A10;entree;RIS;acces_impose;2026-09-28 10:00;BEST_GUESS;OK;59203;1380;60583;2447;2411
2026-09-26T10:22:42;E_A10;entree;RIS;impose_ouest;2026-09-28 10:00;BEST_GUESS;OK;59203;1380;60583;2447;2411
2026-09-26T10:22:42;E_A11;entree;RIS;acces_impose;2026-09-28 10:00;BEST_GUESS;OK;58437;1380;59817;2574;2527
2026-09-26T10:22:42;E_A11;entree;RIS;impose_ouest;2026-09-28 10:00;BEST_GUESS;OK;58437;1380;59817;2574;2527
2026-09-26T10:22:43;E_A13;entree;RIS;acces_impose;2026-09-28 10:00;BEST_GUESS;OK;100919;1380;102299;4399;4105
2026-09-26T10:22:43;E_A13;entree;RIS;impose_ouest;2026-09-28 10:00;BEST_GUESS;OK;115696;1380;117076;4935;4740
2026-09-26T10:22:43;E_A16;entree;RIS;acces_impose;2026-09-28 10:00;BEST_GUESS;OK;91380;1380;92760;4997;4341
2026-09-26T10:22:43;E_A16;entree;RIS;impose_ouest;2026-09-28 10:00;BEST_GUESS;OK;106157;1380;107537;5511;4977
2026-09-26T10:22:44;IDF1;site;RIS;acces_impose;2026-09-28 10:00;BEST_GUESS;OK;60653;1380;62033;4801;3740
2026-09-26T10:22:44;IDF1;site;RIS;impose_ouest;2026-09-28 10:00;BEST_GUESS;OK;79415;1380;80795;5666;4588
2026-09-26T10:22:44;IDF2;site;RIS;acces_impose;2026-09-28 10:00;BEST_GUESS;OK;14026;1380;15406;1211;1177
2026-09-26T10:22:44;IDF2;site;RIS;impose_ouest;2026-09-28 10:00;BEST_GUESS;OK;23176;1380;24556;1642;1590
2026-09-26T10:22:44;IDF3;site;RIS;acces_impose;2026-09-28 10:00;BEST_GUESS;OK;92571;1380;93951;5337;4715
2026-09-26T10:22:45;IDF3;site;RIS;impose_ouest;2026-09-28 10:00;BEST_GUESS;OK;107348;1380;108728;5858;5350
2026-09-26T10:22:45;IDF4;site;RIS;acces_impose;2026-09-28 10:00;BEST_GUESS;OK;49937;1380;51317;4045;3308
2026-09-26T10:22:45;IDF4;site;RIS;impose_ouest;2026-09-28 10:00;BEST_GUESS;OK;68699;1380;70079;4915;4155
2026-09-26T10:22:45;IDF5;site;RIS;acces_impose;2026-09-28 10:00;BEST_GUESS;OK;50047;1380;51427;4348;3526
2026-09-26T10:22:45;IDF5;site;RIS;impose_ouest;2026-09-28 10:00;BEST_GUESS;OK;68809;1380;70189;5207;4374
2026-09-26T10:22:46;IDF6;site;RIS;acces_impose;2026-09-28 10:00;BEST_GUESS;OK;59022;1380;60402;3726;3179
2026-09-26T10:22:46;IDF6;site;RIS;impose_ouest;2026-09-28 10:00;BEST_GUESS;OK;73799;1380;75179;4248;3814
2026-09-26T10:22:46;IDF7;site;RIS;acces_impose;2026-09-28 10:00;BEST_GUESS;OK;57906;1380;59286;3579;3058
2026-09-26T10:22:46;IDF7;site;RIS;impose_ouest;2026-09-28 10:00;BEST_GUESS;OK;72682;1380;74062;4091;3693
2026-09-26T10:22:46;IDF8;site;RIS;acces_impose;2026-09-28 10:00;BEST_GUESS;OK;67876;1380;69256;3559;3352
2026-09-26T10:22:47;IDF8;site;RIS;impose_est;2026-09-28 10:00;BEST_GUESS;OK;67876;1380;69256;3559;3352
2026-09-26T10:22:47;IDF9;site;RIS;acces_impose;2026-09-28 10:00;BEST_GUESS;OK;55209;1380;56589;3712;3306
2026-09-26T10:22:47;IDF9;site;RIS;impose_ouest;2026-09-28 10:00;BEST_GUESS;OK;69985;1380;71365;4232;3941
2026-09-26T10:22:47;IDF10;site;RIS;acces_impose;2026-09-28 10:00;BEST_GUESS;OK;53126;1380;54506;4298;3247
2026-09-26T10:22:47;IDF10;site;RIS;impose_ouest;2026-09-28 10:00;BEST_GUESS;OK;71888;1380;73268;5157;4094
2026-09-26T10:22:48;IDF11;site;RIS;acces_impose;2026-09-28 10:00;BEST_GUESS;OK;72285;1380;73665;3430;3233
2026-09-26T10:22:48;IDF11;site;RIS;impose_est;2026-09-28 10:00;BEST_GUESS;OK;72285;1380;73665;3430;3233
2026-09-26T10:22:48;IDF12;site;RIS;acces_impose;2026-09-28 10:00;BEST_GUESS;OK;34869;1380;36249;2424;2106
2026-09-26T10:22:48;IDF12;site;RIS;impose_est;2026-09-28 10:00;BEST_GUESS;OK;32483;1380;33863;2402;2372
2026-09-26T10:22:48;IDF13;site;RIS;acces_impose;2026-09-28 10:00;BEST_GUESS;OK;36001;1380;37381;2128;1960
2026-09-26T10:22:49;IDF13;site;RIS;impose_est;2026-09-28 10:00;BEST_GUESS;OK;36001;1380;37381;2128;1960
2026-09-26T10:22:49;IDF14;site;RIS;acces_impose;2026-09-28 10:00;BEST_GUESS;OK;16078;1380;17458;2023;1912
2026-09-26T10:22:49;IDF14;site;RIS;impose_est;2026-09-28 10:00;BEST_GUESS;OK;33504;1380;34884;2151;2057
2026-09-26T10:22:49;IDF15;site;RIS;acces_impose;2026-09-28 10:00;BEST_GUESS;OK;55151;1380;56531;3001;2819
2026-09-26T10:22:49;IDF15;site;RIS;impose_ouest;2026-09-28 10:00;BEST_GUESS;OK;69927;1380;71307;3544;3454
2026-09-26T10:22:50;HDF1;site;RIS;acces_impose;2026-09-28 10:00;BEST_GUESS;OK;228870;1380;230250;10683;10000
2026-09-26T10:22:50;HDF1;site;RIS;impose_est;2026-09-28 10:00;BEST_GUESS;OK;224950;1380;226330;10567;10145
2026-09-26T10:22:50;HDF2;site;RIS;acces_impose;2026-09-28 10:00;BEST_GUESS;OK;222412;1380;223792;9714;8889
2026-09-26T10:22:51;HDF2;site;RIS;impose_ouest;2026-09-28 10:00;BEST_GUESS;OK;241174;1380;242554;10619;9736
2026-09-26T10:22:51;HDF3;site;RIS;acces_impose;2026-09-28 10:00;BEST_GUESS;OK;270399;1380;271779;11617;11024
2026-09-26T10:22:51;HDF3;site;RIS;impose_ouest;2026-09-28 10:00;BEST_GUESS;OK;289161;1380;290541;12508;11871
2026-09-26T10:22:51;HDF4;site;RIS;acces_impose;2026-09-28 10:00;BEST_GUESS;OK;222410;1380;223790;9641;9013
2026-09-26T10:22:52;HDF4;site;RIS;impose_ouest;2026-09-28 10:00;BEST_GUESS;OK;241172;1380;242552;10550;9861
2026-09-26T10:22:52;HDF5;site;RIS;acces_impose;2026-09-28 10:00;BEST_GUESS;OK;243220;1380;244600;10346;9741
2026-09-26T10:22:52;HDF5;site;RIS;impose_ouest;2026-09-28 10:00;BEST_GUESS;OK;261982;1380;263362;11226;10588
2026-09-26T10:22:53;NOR1;site;RIS;acces_impose;2026-09-28 10:00;BEST_GUESS;OK;218404;1380;219784;8612;8179
2026-09-26T10:22:53;NOR1;site;RIS;impose_ouest;2026-09-28 10:00;BEST_GUESS;OK;233181;1380;234561;9072;8814
2026-09-26T10:22:53;NOR2;site;RIS;acces_impose;2026-09-28 10:00;BEST_GUESS;OK;147795;1380;149175;6078;5767
2026-09-26T10:22:53;NOR2;site;RIS;impose_ouest;2026-09-28 10:00;BEST_GUESS;OK;162572;1380;163952;6567;6402
2026-09-26T10:22:54;NOR3;site;RIS;acces_impose;2026-09-28 10:00;BEST_GUESS;OK;142728;1380;144108;6224;5877
2026-09-26T10:22:54;NOR3;site;RIS;impose_ouest;2026-09-28 10:00;BEST_GUESS;OK;157505;1380;158885;6711;6512
2026-09-26T10:22:54;CVL1;site;RIS;acces_impose;2026-09-28 10:00;BEST_GUESS;OK;222599;1380;223979;7967;7981
2026-09-26T10:22:54;CVL1;site;RIS;impose_ouest;2026-09-28 10:00;BEST_GUESS;OK;222599;1380;223979;7967;7981
2026-09-26T10:22:55;CVL2;site;RIS;acces_impose;2026-09-28 10:00;BEST_GUESS;OK;258419;1380;259799;10037;9975
2026-09-26T10:22:55;CVL2;site;RIS;impose_ouest;2026-09-28 10:00;BEST_GUESS;OK;258419;1380;259799;10037;9975
2026-09-26T10:22:55;CVL3;site;RIS;acces_impose;2026-09-28 10:00;BEST_GUESS;OK;126864;1380;128244;5012;5006
2026-09-26T10:22:55;CVL3;site;RIS;impose_ouest;2026-09-28 10:00;BEST_GUESS;OK;126864;1380;128244;5012;5006
2026-09-26T10:22:56;GE1;site;RIS;acces_impose;2026-09-28 10:00;BEST_GUESS;OK;208102;1380;209482;7993;7779
2026-09-26T10:22:56;GE1;site;RIS;impose_est;2026-09-28 10:00;BEST_GUESS;OK;208102;1380;209482;7993;7779
2026-09-26T10:22:56;BFC1;site;RIS;acces_impose;2026-09-28 10:00;BEST_GUESS;OK;290785;1380;292165;9619;9823
2026-09-26T10:22:56;BFC1;site;RIS;impose_est;2026-09-28 10:00;BEST_GUESS;OK;304701;1380;306081;10286;10474
2026-09-26T10:22:57;E_A1;entree;VITRY;rapide;2026-09-28 11:00;BEST_GUESS;OK;48820;0;48820;3128;2558
2026-09-26T10:22:57;E_A1;entree;RIS;rapide;2026-09-28 11:00;BEST_GUESS;OK;65882;1380;67262;4353;3448
2026-09-26T10:22:57;E_A4;entree;VITRY;rapide;2026-09-28 11:00;BEST_GUESS;OK;73090;0;73090;3533;3052
2026-09-26T10:22:57;E_A4;entree;RIS;rapide;2026-09-28 11:00;BEST_GUESS;OK;92509;1380;93889;4188;3971
2026-09-26T10:22:57;E_A5;entree;VITRY;rapide;2026-09-28 11:00;BEST_GUESS;OK;82488;0;82488;3724;3626
2026-09-26T10:22:57;E_A5;entree;RIS;rapide;2026-09-28 11:00;BEST_GUESS;OK;70634;1380;72014;2866;2857
2026-09-26T10:22:57;E_A6;entree;VITRY;rapide;2026-09-28 11:00;BEST_GUESS;OK;93772;0;93772;3712;3537
2026-09-26T10:22:57;E_A6;entree;RIS;rapide;2026-09-28 11:00;BEST_GUESS;OK;72354;1380;73734;2644;2642
2026-09-26T10:22:57;E_A10;entree;VITRY;rapide;2026-09-28 11:00;BEST_GUESS;OK;62958;0;62958;2817;2617
2026-09-26T10:22:57;E_A10;entree;RIS;rapide;2026-09-28 11:00;BEST_GUESS;OK;59203;1380;60583;2418;2411
2026-09-26T10:22:57;E_A11;entree;VITRY;rapide;2026-09-28 11:00;BEST_GUESS;OK;62192;0;62192;2987;2733
2026-09-26T10:22:57;E_A11;entree;RIS;rapide;2026-09-28 11:00;BEST_GUESS;OK;58437;1380;59817;2579;2528
2026-09-26T10:22:57;E_A13;entree;VITRY;rapide;2026-09-28 11:00;BEST_GUESS;OK;92461;0;92461;4089;3779
2026-09-26T10:22:57;E_A13;entree;RIS;rapide;2026-09-28 11:00;BEST_GUESS;OK;99218;1380;100598;4453;4096
2026-09-26T10:22:57;E_A16;entree;VITRY;rapide;2026-09-28 11:00;BEST_GUESS;OK;69185;0;69185;4198;3564
2026-09-26T10:22:57;E_A16;entree;RIS;rapide;2026-09-28 11:00;BEST_GUESS;OK;89679;1380;91059;4985;4332
2026-09-26T10:22:57;IDF1;site;VITRY;rapide;2026-09-28 11:00;BEST_GUESS;OK;41890;0;41890;3464;2841
2026-09-26T10:22:57;IDF1;site;RIS;rapide;2026-09-28 11:00;BEST_GUESS;OK;58952;1380;60332;4678;3731
2026-09-26T10:22:57;IDF2;site;VITRY;rapide;2026-09-28 11:00;BEST_GUESS;OK;35448;0;35448;2285;2082
2026-09-26T10:22:57;IDF2;site;RIS;rapide;2026-09-28 11:00;BEST_GUESS;OK;14026;1380;15406;1202;1177
2026-09-26T10:22:57;IDF3;site;VITRY;rapide;2026-09-28 11:00;BEST_GUESS;OK;66563;0;66563;4504;3895
2026-09-26T10:22:57;IDF3;site;RIS;rapide;2026-09-28 11:00;BEST_GUESS;OK;90869;1380;92249;5356;4705
2026-09-26T10:22:57;IDF4;site;VITRY;rapide;2026-09-28 11:00;BEST_GUESS;OK;31174;0;31174;2784;2409
2026-09-26T10:22:57;IDF4;site;RIS;rapide;2026-09-28 11:00;BEST_GUESS;OK;48236;1380;49616;4077;3299
2026-09-26T10:22:57;IDF5;site;VITRY;rapide;2026-09-28 11:00;BEST_GUESS;OK;27596;0;27596;3300;2840
2026-09-26T10:22:57;IDF5;site;RIS;rapide;2026-09-28 11:00;BEST_GUESS;OK;48345;1380;49725;4272;3517
2026-09-26T10:22:57;IDF6;site;VITRY;rapide;2026-09-28 11:00;BEST_GUESS;OK;41449;0;41449;3194;2811
2026-09-26T10:22:57;IDF6;site;RIS;rapide;2026-09-28 11:00;BEST_GUESS;OK;57321;1380;58701;3785;3170
2026-09-26T10:22:57;IDF7;site;VITRY;rapide;2026-09-28 11:00;BEST_GUESS;OK;40735;0;40735;3054;2678
2026-09-26T10:22:57;IDF7;site;RIS;rapide;2026-09-28 11:00;BEST_GUESS;OK;56204;1380;57584;3618;3049
2026-09-26T10:22:57;IDF8;site;VITRY;rapide;2026-09-28 11:00;BEST_GUESS;OK;45059;0;45059;2951;2489
2026-09-26T10:22:57;IDF8;site;RIS;rapide;2026-09-28 11:00;BEST_GUESS;OK;64478;1380;65858;3627;3408
2026-09-26T10:22:57;IDF9;site;VITRY;rapide;2026-09-28 11:00;BEST_GUESS;OK;46751;0;46751;3436;2980
2026-09-26T10:22:57;IDF9;site;RIS;rapide;2026-09-28 11:00;BEST_GUESS;OK;53507;1380;54887;3815;3297
2026-09-26T10:22:57;IDF10;site;VITRY;rapide;2026-09-28 11:00;BEST_GUESS;OK;34363;0;34363;2952;2348
2026-09-26T10:22:57;IDF10;site;RIS;rapide;2026-09-28 11:00;BEST_GUESS;OK;51425;1380;52805;4192;3238
2026-09-26T10:22:57;IDF11;site;VITRY;rapide;2026-09-28 11:00;BEST_GUESS;OK;49468;0;49468;2832;2370
2026-09-26T10:22:57;IDF11;site;RIS;rapide;2026-09-28 11:00;BEST_GUESS;OK;68887;1380;70267;3516;3288
2026-09-26T10:22:57;IDF12;site;VITRY;rapide;2026-09-28 11:00;BEST_GUESS;OK;11529;0;11529;1098;1049
2026-09-26T10:22:57;IDF12;site;RIS;rapide;2026-09-28 11:00;BEST_GUESS;OK;14828;1380;16208;2025;1956
2026-09-26T10:22:57;IDF13;site;VITRY;rapide;2026-09-28 11:00;BEST_GUESS;OK;38905;0;38905;2643;2536
2026-09-26T10:22:57;IDF13;site;RIS;rapide;2026-09-28 11:00;BEST_GUESS;OK;32603;1380;33983;2097;2015
2026-09-26T10:22:57;IDF14;site;VITRY;rapide;2026-09-28 11:00;BEST_GUESS;OK;7704;0;7704;1281;1243
2026-09-26T10:22:57;IDF14;site;RIS;rapide;2026-09-28 11:00;BEST_GUESS;OK;10572;1380;11952;1385;1306
2026-09-26T10:22:57;IDF15;site;VITRY;rapide;2026-09-28 11:00;BEST_GUESS;OK;46693;0;46693;2653;2493
2026-09-26T10:22:57;IDF15;site;RIS;rapide;2026-09-28 11:00;BEST_GUESS;OK;53449;1380;54829;3024;2810
2026-09-26T10:22:57;HDF1;site;VITRY;rapide;2026-09-28 11:00;BEST_GUESS;OK;210106;0;210106;9637;9101
2026-09-26T10:22:57;HDF1;site;RIS;rapide;2026-09-28 11:00;BEST_GUESS;OK;227168;1380;228548;10663;9991
2026-09-26T10:22:57;HDF2;site;VITRY;rapide;2026-09-28 11:00;BEST_GUESS;OK;203649;0;203649;8332;7989
2026-09-26T10:22:57;HDF2;site;RIS;rapide;2026-09-28 11:00;BEST_GUESS;OK;220711;1380;222091;9447;8880
2026-09-26T10:22:57;HDF3;site;VITRY;rapide;2026-09-28 11:00;BEST_GUESS;OK;251636;0;251636;10563;10124
2026-09-26T10:22:57;HDF3;site;RIS;rapide;2026-09-28 11:00;BEST_GUESS;OK;268698;1380;270078;11625;11014
2026-09-26T10:22:57;HDF4;site;VITRY;rapide;2026-09-28 11:00;BEST_GUESS;OK;203646;0;203646;8474;8114
2026-09-26T10:22:57;HDF4;site;RIS;rapide;2026-09-28 11:00;BEST_GUESS;OK;220709;1380;222089;9599;9004
2026-09-26T10:22:57;HDF5;site;VITRY;rapide;2026-09-28 11:00;BEST_GUESS;OK;224457;0;224457;9198;8842
2026-09-26T10:22:57;HDF5;site;RIS;rapide;2026-09-28 11:00;BEST_GUESS;OK;241519;1380;242899;10320;9732
2026-09-26T10:22:57;NOR1;site;VITRY;rapide;2026-09-28 11:00;BEST_GUESS;OK;209946;0;209946;8146;7853
2026-09-26T10:22:57;NOR1;site;RIS;rapide;2026-09-28 11:00;BEST_GUESS;OK;216703;1380;218083;8488;8170
2026-09-26T10:22:57;NOR2;site;VITRY;rapide;2026-09-28 11:00;BEST_GUESS;OK;139337;0;139337;5774;5439
2026-09-26T10:22:57;NOR2;site;RIS;rapide;2026-09-28 11:00;BEST_GUESS;OK;146094;1380;147474;6091;5757
2026-09-26T10:22:57;NOR3;site;VITRY;rapide;2026-09-28 11:00;BEST_GUESS;OK;134270;0;134270;5895;5551
2026-09-26T10:22:57;NOR3;site;RIS;rapide;2026-09-28 11:00;BEST_GUESS;OK;141027;1380;142407;6211;5868
2026-09-26T10:22:57;CVL1;site;VITRY;rapide;2026-09-28 11:00;BEST_GUESS;OK;226354;0;226354;8368;8187
2026-09-26T10:22:57;CVL1;site;RIS;rapide;2026-09-28 11:00;BEST_GUESS;OK;222599;1380;223979;7952;7982
2026-09-26T10:22:57;CVL2;site;VITRY;rapide;2026-09-28 11:00;BEST_GUESS;OK;262174;0;262174;10478;10181
2026-09-26T10:22:57;CVL2;site;RIS;rapide;2026-09-28 11:00;BEST_GUESS;OK;258419;1380;259799;10048;9975
2026-09-26T10:22:57;CVL3;site;VITRY;rapide;2026-09-28 11:00;BEST_GUESS;OK;130619;0;130619;5470;5212
2026-09-26T10:22:57;CVL3;site;RIS;rapide;2026-09-28 11:00;BEST_GUESS;OK;126864;1380;128244;5033;5006
2026-09-26T10:22:57;GE1;site;VITRY;rapide;2026-09-28 11:00;BEST_GUESS;OK;185285;0;185285;7158;6915
2026-09-26T10:22:57;GE1;site;RIS;rapide;2026-09-28 11:00;BEST_GUESS;OK;204704;1380;206084;8040;7834
2026-09-26T10:22:57;BFC1;site;VITRY;rapide;2026-09-28 11:00;BEST_GUESS;OK;312203;0;312203;10749;10719
2026-09-26T10:22:57;BFC1;site;RIS;rapide;2026-09-28 11:00;BEST_GUESS;OK;290785;1380;292165;9644;9824
2026-09-26T10:22:58;E_A1;entree;RIS;acces_impose;2026-09-28 11:00;BEST_GUESS;OK;67584;1380;68964;4366;3457
2026-09-26T10:22:58;E_A1;entree;RIS;impose_ouest;2026-09-28 11:00;BEST_GUESS;OK;86345;1380;87725;5251;4305
2026-09-26T10:22:59;E_A4;entree;RIS;acces_impose;2026-09-28 11:00;BEST_GUESS;OK;95907;1380;97287;4140;3915
2026-09-26T10:22:59;E_A4;entree;RIS;impose_est;2026-09-28 11:00;BEST_GUESS;OK;95907;1380;97287;4140;3915
2026-09-26T10:22:59;E_A5;entree;RIS;acces_impose;2026-09-28 11:00;BEST_GUESS;OK;74032;1380;75412;2827;2802
2026-09-26T10:22:59;E_A5;entree;RIS;impose_est;2026-09-28 11:00;BEST_GUESS;OK;74032;1380;75412;2827;2802
2026-09-26T10:22:59;E_A6;entree;RIS;acces_impose;2026-09-28 11:00;BEST_GUESS;OK;72354;1380;73734;2644;2641
2026-09-26T10:23:00;E_A6;entree;RIS;impose_est;2026-09-28 11:00;BEST_GUESS;OK;86270;1380;87650;3310;3292
2026-09-26T10:23:00;E_A10;entree;RIS;acces_impose;2026-09-28 11:00;BEST_GUESS;OK;59203;1380;60583;2418;2411
2026-09-26T10:23:00;E_A10;entree;RIS;impose_ouest;2026-09-28 11:00;BEST_GUESS;OK;59203;1380;60583;2418;2411
2026-09-26T10:23:00;E_A11;entree;RIS;acces_impose;2026-09-28 11:00;BEST_GUESS;OK;58437;1380;59817;2579;2527
2026-09-26T10:23:00;E_A11;entree;RIS;impose_ouest;2026-09-28 11:00;BEST_GUESS;OK;58437;1380;59817;2579;2527
2026-09-26T10:23:00;E_A13;entree;RIS;acces_impose;2026-09-28 11:00;BEST_GUESS;OK;100919;1380;102299;4466;4105
2026-09-26T10:23:01;E_A13;entree;RIS;impose_ouest;2026-09-28 11:00;BEST_GUESS;OK;115696;1380;117076;4959;4740
2026-09-26T10:23:01;E_A16;entree;RIS;acces_impose;2026-09-28 11:00;BEST_GUESS;OK;91380;1380;92760;4997;4341
2026-09-26T10:23:01;E_A16;entree;RIS;impose_ouest;2026-09-28 11:00;BEST_GUESS;OK;106157;1380;107537;5456;4977
2026-09-26T10:23:01;IDF1;site;RIS;acces_impose;2026-09-28 11:00;BEST_GUESS;OK;60653;1380;62033;4689;3740
2026-09-26T10:23:02;IDF1;site;RIS;impose_ouest;2026-09-28 11:00;BEST_GUESS;OK;79415;1380;80795;5577;4588
2026-09-26T10:23:02;IDF2;site;RIS;acces_impose;2026-09-28 11:00;BEST_GUESS;OK;14026;1380;15406;1202;1177
2026-09-26T10:23:02;IDF2;site;RIS;impose_ouest;2026-09-28 11:00;BEST_GUESS;OK;23176;1380;24556;1621;1590
2026-09-26T10:23:02;IDF3;site;RIS;acces_impose;2026-09-28 11:00;BEST_GUESS;OK;92571;1380;93951;5370;4715
2026-09-26T10:23:02;IDF3;site;RIS;impose_ouest;2026-09-28 11:00;BEST_GUESS;OK;107348;1380;108728;5848;5350
2026-09-26T10:23:03;IDF4;site;RIS;acces_impose;2026-09-28 11:00;BEST_GUESS;OK;49937;1380;51317;4089;3308
2026-09-26T10:23:03;IDF4;site;RIS;impose_ouest;2026-09-28 11:00;BEST_GUESS;OK;68699;1380;70079;4975;4155
2026-09-26T10:23:03;IDF5;site;RIS;acces_impose;2026-09-28 11:00;BEST_GUESS;OK;50047;1380;51427;4285;3526
2026-09-26T10:23:03;IDF5;site;RIS;impose_ouest;2026-09-28 11:00;BEST_GUESS;OK;68809;1380;70189;5170;4374
2026-09-26T10:23:03;IDF6;site;RIS;acces_impose;2026-09-28 11:00;BEST_GUESS;OK;59022;1380;60402;3797;3179
2026-09-26T10:23:04;IDF6;site;RIS;impose_ouest;2026-09-28 11:00;BEST_GUESS;OK;73799;1380;75179;4278;3814
2026-09-26T10:23:04;IDF7;site;RIS;acces_impose;2026-09-28 11:00;BEST_GUESS;OK;57906;1380;59286;3629;3058
2026-09-26T10:23:04;IDF7;site;RIS;impose_ouest;2026-09-28 11:00;BEST_GUESS;OK;72682;1380;74062;4137;3693
2026-09-26T10:23:04;IDF8;site;RIS;acces_impose;2026-09-28 11:00;BEST_GUESS;OK;67876;1380;69256;3581;3352
2026-09-26T10:23:04;IDF8;site;RIS;impose_est;2026-09-28 11:00;BEST_GUESS;OK;67876;1380;69256;3581;3352
2026-09-26T10:23:05;IDF9;site;RIS;acces_impose;2026-09-28 11:00;BEST_GUESS;OK;55209;1380;56589;3826;3306
2026-09-26T10:23:05;IDF9;site;RIS;impose_ouest;2026-09-28 11:00;BEST_GUESS;OK;69985;1380;71365;4300;3941
2026-09-26T10:23:05;IDF10;site;RIS;acces_impose;2026-09-28 11:00;BEST_GUESS;OK;53126;1380;54506;4203;3247
2026-09-26T10:23:05;IDF10;site;RIS;impose_ouest;2026-09-28 11:00;BEST_GUESS;OK;71888;1380;73268;5088;4094
2026-09-26T10:23:05;IDF11;site;RIS;acces_impose;2026-09-28 11:00;BEST_GUESS;OK;72285;1380;73665;3470;3233
2026-09-26T10:23:06;IDF11;site;RIS;impose_est;2026-09-28 11:00;BEST_GUESS;OK;72285;1380;73665;3470;3233
2026-09-26T10:23:06;IDF12;site;RIS;acces_impose;2026-09-28 11:00;BEST_GUESS;OK;34869;1380;36249;2440;2106
2026-09-26T10:23:06;IDF12;site;RIS;impose_est;2026-09-28 11:00;BEST_GUESS;OK;32483;1380;33863;2382;2372
2026-09-26T10:23:06;IDF13;site;RIS;acces_impose;2026-09-28 11:00;BEST_GUESS;OK;36001;1380;37381;2057;1960
2026-09-26T10:23:06;IDF13;site;RIS;impose_est;2026-09-28 11:00;BEST_GUESS;OK;36001;1380;37381;2057;1960
2026-09-26T10:23:07;IDF14;site;RIS;acces_impose;2026-09-28 11:00;BEST_GUESS;OK;16078;1380;17458;2012;1912
2026-09-26T10:23:07;IDF14;site;RIS;impose_est;2026-09-28 11:00;BEST_GUESS;OK;33504;1380;34884;2129;2057
2026-09-26T10:23:07;IDF15;site;RIS;acces_impose;2026-09-28 11:00;BEST_GUESS;OK;55151;1380;56531;3044;2819
2026-09-26T10:23:07;IDF15;site;RIS;impose_ouest;2026-09-28 11:00;BEST_GUESS;OK;69927;1380;71307;3593;3454
2026-09-26T10:23:07;HDF1;site;RIS;acces_impose;2026-09-28 11:00;BEST_GUESS;OK;228870;1380;230250;10678;10000
2026-09-26T10:23:08;HDF1;site;RIS;impose_est;2026-09-28 11:00;BEST_GUESS;OK;224950;1380;226330;10444;10145
2026-09-26T10:23:08;HDF2;site;RIS;acces_impose;2026-09-28 11:00;BEST_GUESS;OK;222412;1380;223792;9457;8889
2026-09-26T10:23:08;HDF2;site;RIS;impose_ouest;2026-09-28 11:00;BEST_GUESS;OK;241174;1380;242554;10449;9736
2026-09-26T10:23:08;HDF3;site;RIS;acces_impose;2026-09-28 11:00;BEST_GUESS;OK;270399;1380;271779;11642;11024
2026-09-26T10:23:09;HDF3;site;RIS;impose_ouest;2026-09-28 11:00;BEST_GUESS;OK;289161;1380;290541;12616;11871
2026-09-26T10:23:09;HDF4;site;RIS;acces_impose;2026-09-28 11:00;BEST_GUESS;OK;222410;1380;223790;9608;9013
2026-09-26T10:23:09;HDF4;site;RIS;impose_ouest;2026-09-28 11:00;BEST_GUESS;OK;241172;1380;242552;10603;9861
2026-09-26T10:23:10;HDF5;site;RIS;acces_impose;2026-09-28 11:00;BEST_GUESS;OK;243220;1380;244600;10331;9741
2026-09-26T10:23:10;HDF5;site;RIS;impose_ouest;2026-09-28 11:00;BEST_GUESS;OK;261982;1380;263362;11360;10588
2026-09-26T10:23:10;NOR1;site;RIS;acces_impose;2026-09-28 11:00;BEST_GUESS;OK;218404;1380;219784;8501;8179
2026-09-26T10:23:10;NOR1;site;RIS;impose_ouest;2026-09-28 11:00;BEST_GUESS;OK;233181;1380;234561;9041;8814
2026-09-26T10:23:11;NOR2;site;RIS;acces_impose;2026-09-28 11:00;BEST_GUESS;OK;147795;1380;149175;6099;5767
2026-09-26T10:23:11;NOR2;site;RIS;impose_ouest;2026-09-28 11:00;BEST_GUESS;OK;162572;1380;163952;6588;6402
2026-09-26T10:23:11;NOR3;site;RIS;acces_impose;2026-09-28 11:00;BEST_GUESS;OK;142728;1380;144108;6219;5877
2026-09-26T10:23:11;NOR3;site;RIS;impose_ouest;2026-09-28 11:00;BEST_GUESS;OK;157505;1380;158885;6733;6512
2026-09-26T10:23:12;CVL1;site;RIS;acces_impose;2026-09-28 11:00;BEST_GUESS;OK;222599;1380;223979;7952;7981
2026-09-26T10:23:12;CVL1;site;RIS;impose_ouest;2026-09-28 11:00;BEST_GUESS;OK;222599;1380;223979;7952;7981
2026-09-26T10:23:12;CVL2;site;RIS;acces_impose;2026-09-28 11:00;BEST_GUESS;OK;258419;1380;259799;10048;9975
2026-09-26T10:23:12;CVL2;site;RIS;impose_ouest;2026-09-28 11:00;BEST_GUESS;OK;258419;1380;259799;10048;9975
2026-09-26T10:23:13;CVL3;site;RIS;acces_impose;2026-09-28 11:00;BEST_GUESS;OK;126864;1380;128244;5033;5006
2026-09-26T10:23:13;CVL3;site;RIS;impose_ouest;2026-09-28 11:00;BEST_GUESS;OK;126864;1380;128244;5033;5006
2026-09-26T10:23:13;GE1;site;RIS;acces_impose;2026-09-28 11:00;BEST_GUESS;OK;208102;1380;209482;7969;7779
2026-09-26T10:23:13;GE1;site;RIS;impose_est;2026-09-28 11:00;BEST_GUESS;OK;208102;1380;209482;7969;7779
2026-09-26T10:23:14;BFC1;site;RIS;acces_impose;2026-09-28 11:00;BEST_GUESS;OK;290785;1380;292165;9644;9823
2026-09-26T10:23:16;BFC1;site;RIS;impose_est;2026-09-28 11:00;BEST_GUESS;OK;304701;1380;306081;10320;10474
2026-09-26T10:23:16;E_A1;entree;VITRY;rapide;2026-09-28 12:00;BEST_GUESS;OK;48820;0;48820;3050;2558
2026-09-26T10:23:16;E_A1;entree;RIS;rapide;2026-09-28 12:00;BEST_GUESS;OK;65882;1380;67262;4152;3448
2026-09-26T10:23:16;E_A4;entree;VITRY;rapide;2026-09-28 12:00;BEST_GUESS;OK;73090;0;73090;3313;3052
2026-09-26T10:23:16;E_A4;entree;RIS;rapide;2026-09-28 12:00;BEST_GUESS;OK;92509;1380;93889;4163;3971
2026-09-26T10:23:16;E_A5;entree;VITRY;rapide;2026-09-28 12:00;BEST_GUESS;OK;82488;0;82488;3705;3626
2026-09-26T10:23:16;E_A5;entree;RIS;rapide;2026-09-28 12:00;BEST_GUESS;OK;70634;1380;72014;2860;2857
2026-09-26T10:23:16;E_A6;entree;VITRY;rapide;2026-09-28 12:00;BEST_GUESS;OK;93772;0;93772;3762;3537
2026-09-26T10:23:16;E_A6;entree;RIS;rapide;2026-09-28 12:00;BEST_GUESS;OK;72354;1380;73734;2626;2642
2026-09-26T10:23:16;E_A10;entree;VITRY;rapide;2026-09-28 12:00;BEST_GUESS;OK;62958;0;62958;2913;2617
2026-09-26T10:23:16;E_A10;entree;RIS;rapide;2026-09-28 12:00;BEST_GUESS;OK;59203;1380;60583;2447;2411
2026-09-26T10:23:16;E_A11;entree;VITRY;rapide;2026-09-28 12:00;BEST_GUESS;OK;62192;0;62192;3059;2733
2026-09-26T10:23:16;E_A11;entree;RIS;rapide;2026-09-28 12:00;BEST_GUESS;OK;58437;1380;59817;2589;2528
2026-09-26T10:23:16;E_A13;entree;VITRY;rapide;2026-09-28 12:00;BEST_GUESS;OK;92461;0;92461;4010;3779
2026-09-26T10:23:16;E_A13;entree;RIS;rapide;2026-09-28 12:00;BEST_GUESS;OK;99218;1380;100598;4336;4096
2026-09-26T10:23:16;E_A16;entree;VITRY;rapide;2026-09-28 12:00;BEST_GUESS;OK;69185;0;69185;4061;3564
2026-09-26T10:23:16;E_A16;entree;RIS;rapide;2026-09-28 12:00;BEST_GUESS;OK;89679;1380;91059;4739;4332
2026-09-26T10:23:16;IDF1;site;VITRY;rapide;2026-09-28 12:00;BEST_GUESS;OK;41890;0;41890;3362;2841
2026-09-26T10:23:16;IDF1;site;RIS;rapide;2026-09-28 12:00;BEST_GUESS;OK;58952;1380;60332;4498;3731
2026-09-26T10:23:16;IDF2;site;VITRY;rapide;2026-09-28 12:00;BEST_GUESS;OK;35448;0;35448;2339;2082
2026-09-26T10:23:16;IDF2;site;RIS;rapide;2026-09-28 12:00;BEST_GUESS;OK;14026;1380;15406;1209;1177
2026-09-26T10:23:16;IDF3;site;VITRY;rapide;2026-09-28 12:00;BEST_GUESS;OK;66563;0;66563;4383;3895
2026-09-26T10:23:16;IDF3;site;RIS;rapide;2026-09-28 12:00;BEST_GUESS;OK;90870;1380;92250;5130;4706
2026-09-26T10:23:16;IDF4;site;VITRY;rapide;2026-09-28 12:00;BEST_GUESS;OK;31174;0;31174;2780;2409
2026-09-26T10:23:16;IDF4;site;RIS;rapide;2026-09-28 12:00;BEST_GUESS;OK;48236;1380;49616;3878;3299
2026-09-26T10:23:16;IDF5;site;VITRY;rapide;2026-09-28 12:00;BEST_GUESS;OK;27596;0;27596;3197;2840
2026-09-26T10:23:16;IDF5;site;RIS;rapide;2026-09-28 12:00;BEST_GUESS;OK;48346;1380;49726;4130;3517
2026-09-26T10:23:16;IDF6;site;VITRY;rapide;2026-09-28 12:00;BEST_GUESS;OK;41449;0;41449;3210;2811
2026-09-26T10:23:16;IDF6;site;RIS;rapide;2026-09-28 12:00;BEST_GUESS;OK;57321;1380;58701;3602;3170
2026-09-26T10:23:16;IDF7;site;VITRY;rapide;2026-09-28 12:00;BEST_GUESS;OK;40735;0;40735;3088;2678
2026-09-26T10:23:16;IDF7;site;RIS;rapide;2026-09-28 12:00;BEST_GUESS;OK;56204;1380;57584;3479;3049
2026-09-26T10:23:16;IDF8;site;VITRY;rapide;2026-09-28 12:00;BEST_GUESS;OK;45059;0;45059;2785;2489
2026-09-26T10:23:16;IDF8;site;RIS;rapide;2026-09-28 12:00;BEST_GUESS;OK;64478;1380;65858;3624;3407
2026-09-26T10:23:16;IDF9;site;VITRY;rapide;2026-09-28 12:00;BEST_GUESS;OK;46751;0;46751;3372;2980
2026-09-26T10:23:16;IDF9;site;RIS;rapide;2026-09-28 12:00;BEST_GUESS;OK;53507;1380;54887;3665;3297
2026-09-26T10:23:16;IDF10;site;VITRY;rapide;2026-09-28 12:00;BEST_GUESS;OK;34363;0;34363;2873;2347
2026-09-26T10:23:16;IDF10;site;RIS;rapide;2026-09-28 12:00;BEST_GUESS;OK;51425;1380;52805;3976;3238
2026-09-26T10:23:16;IDF11;site;VITRY;rapide;2026-09-28 12:00;BEST_GUESS;OK;49468;0;49468;2695;2370
2026-09-26T10:23:16;IDF11;site;RIS;rapide;2026-09-28 12:00;BEST_GUESS;OK;68887;1380;70267;3529;3288
2026-09-26T10:23:16;IDF12;site;VITRY;rapide;2026-09-28 12:00;BEST_GUESS;OK;11529;0;11529;1114;1049
2026-09-26T10:23:16;IDF12;site;RIS;rapide;2026-09-28 12:00;BEST_GUESS;OK;14828;1380;16208;2025;1956
2026-09-26T10:23:16;IDF13;site;VITRY;rapide;2026-09-28 12:00;BEST_GUESS;OK;38905;0;38905;2642;2536
2026-09-26T10:23:16;IDF13;site;RIS;rapide;2026-09-28 12:00;BEST_GUESS;OK;32603;1380;33983;2114;2015
2026-09-26T10:23:16;IDF14;site;VITRY;rapide;2026-09-28 12:00;BEST_GUESS;OK;7704;0;7704;1284;1243
2026-09-26T10:23:16;IDF14;site;RIS;rapide;2026-09-28 12:00;BEST_GUESS;OK;10572;1380;11952;1384;1306
2026-09-26T10:23:16;IDF15;site;VITRY;rapide;2026-09-28 12:00;BEST_GUESS;OK;46693;0;46693;2690;2492
2026-09-26T10:23:16;IDF15;site;RIS;rapide;2026-09-28 12:00;BEST_GUESS;OK;53449;1380;54829;3003;2809
2026-09-26T10:23:16;HDF1;site;VITRY;rapide;2026-09-28 12:00;BEST_GUESS;OK;210106;0;210106;9484;9101
2026-09-26T10:23:16;HDF1;site;RIS;rapide;2026-09-28 12:00;BEST_GUESS;OK;227168;1380;228548;10658;9991
2026-09-26T10:23:16;HDF2;site;VITRY;rapide;2026-09-28 12:00;BEST_GUESS;OK;203649;0;203649;8224;7989
2026-09-26T10:23:16;HDF2;site;RIS;rapide;2026-09-28 12:00;BEST_GUESS;OK;220711;1380;222091;9401;8880
2026-09-26T10:23:16;HDF3;site;VITRY;rapide;2026-09-28 12:00;BEST_GUESS;OK;251635;0;251635;10615;10124
2026-09-26T10:23:16;HDF3;site;RIS;rapide;2026-09-28 12:00;BEST_GUESS;OK;268698;1380;270078;11747;11014
2026-09-26T10:23:16;HDF4;site;VITRY;rapide;2026-09-28 12:00;BEST_GUESS;OK;203647;0;203647;8414;8114
2026-09-26T10:23:16;HDF4;site;RIS;rapide;2026-09-28 12:00;BEST_GUESS;OK;220709;1380;222089;9610;9004
2026-09-26T10:23:16;HDF5;site;VITRY;rapide;2026-09-28 12:00;BEST_GUESS;OK;224457;0;224457;9162;8842
2026-09-26T10:23:16;HDF5;site;RIS;rapide;2026-09-28 12:00;BEST_GUESS;OK;241518;1380;242898;10321;9732
2026-09-26T10:23:16;NOR1;site;VITRY;rapide;2026-09-28 12:00;BEST_GUESS;OK;209946;0;209946;8158;7853
2026-09-26T10:23:16;NOR1;site;RIS;rapide;2026-09-28 12:00;BEST_GUESS;OK;216703;1380;218083;8515;8170
2026-09-26T10:23:16;NOR2;site;VITRY;rapide;2026-09-28 12:00;BEST_GUESS;OK;139338;0;139338;5648;5440
2026-09-26T10:23:16;NOR2;site;RIS;rapide;2026-09-28 12:00;BEST_GUESS;OK;146094;1380;147474;6016;5757
2026-09-26T10:23:16;NOR3;site;VITRY;rapide;2026-09-28 12:00;BEST_GUESS;OK;134270;0;134270;5821;5551
2026-09-26T10:23:16;NOR3;site;RIS;rapide;2026-09-28 12:00;BEST_GUESS;OK;141026;1380;142406;6211;5867
2026-09-26T10:23:16;CVL1;site;VITRY;rapide;2026-09-28 12:00;BEST_GUESS;OK;226354;0;226354;8365;8187
2026-09-26T10:23:16;CVL1;site;RIS;rapide;2026-09-28 12:00;BEST_GUESS;OK;222599;1380;223979;8073;7982
2026-09-26T10:23:16;CVL2;site;VITRY;rapide;2026-09-28 12:00;BEST_GUESS;OK;262174;0;262174;10510;10181
2026-09-26T10:23:16;CVL2;site;RIS;rapide;2026-09-28 12:00;BEST_GUESS;OK;258419;1380;259799;10012;9975
2026-09-26T10:23:16;CVL3;site;VITRY;rapide;2026-09-28 12:00;BEST_GUESS;OK;130619;0;130619;5488;5212
2026-09-26T10:23:16;CVL3;site;RIS;rapide;2026-09-28 12:00;BEST_GUESS;OK;126864;1380;128244;5070;5006
2026-09-26T10:23:16;GE1;site;VITRY;rapide;2026-09-28 12:00;BEST_GUESS;OK;185285;0;185285;7041;6915
2026-09-26T10:23:16;GE1;site;RIS;rapide;2026-09-28 12:00;BEST_GUESS;OK;204704;1380;206084;8051;7834
2026-09-26T10:23:16;BFC1;site;VITRY;rapide;2026-09-28 12:00;BEST_GUESS;OK;312203;0;312203;10704;10719
2026-09-26T10:23:16;BFC1;site;RIS;rapide;2026-09-28 12:00;BEST_GUESS;OK;290785;1380;292165;9622;9824
2026-09-26T10:23:16;E_A1;entree;RIS;acces_impose;2026-09-28 12:00;BEST_GUESS;OK;67584;1380;68964;4162;3457
2026-09-26T10:23:16;E_A1;entree;RIS;impose_ouest;2026-09-28 12:00;BEST_GUESS;OK;86345;1380;87725;5054;4305
2026-09-26T10:23:17;E_A4;entree;RIS;acces_impose;2026-09-28 12:00;BEST_GUESS;OK;95907;1380;97287;4097;3915
2026-09-26T10:23:17;E_A4;entree;RIS;impose_est;2026-09-28 12:00;BEST_GUESS;OK;95907;1380;97287;4097;3915
2026-09-26T10:23:17;E_A5;entree;RIS;acces_impose;2026-09-28 12:00;BEST_GUESS;OK;74032;1380;75412;2803;2802
2026-09-26T10:23:17;E_A5;entree;RIS;impose_est;2026-09-28 12:00;BEST_GUESS;OK;74032;1380;75412;2803;2802
2026-09-26T10:23:17;E_A6;entree;RIS;acces_impose;2026-09-28 12:00;BEST_GUESS;OK;72354;1380;73734;2626;2641
2026-09-26T10:23:18;E_A6;entree;RIS;impose_est;2026-09-28 12:00;BEST_GUESS;OK;86270;1380;87650;3293;3292
2026-09-26T10:23:18;E_A10;entree;RIS;acces_impose;2026-09-28 12:00;BEST_GUESS;OK;59203;1380;60583;2447;2411
2026-09-26T10:23:18;E_A10;entree;RIS;impose_ouest;2026-09-28 12:00;BEST_GUESS;OK;59203;1380;60583;2447;2411
2026-09-26T10:23:18;E_A11;entree;RIS;acces_impose;2026-09-28 12:00;BEST_GUESS;OK;58437;1380;59817;2589;2527
2026-09-26T10:23:18;E_A11;entree;RIS;impose_ouest;2026-09-28 12:00;BEST_GUESS;OK;58437;1380;59817;2589;2527
2026-09-26T10:23:19;E_A13;entree;RIS;acces_impose;2026-09-28 12:00;BEST_GUESS;OK;100919;1380;102299;4348;4105
2026-09-26T10:23:19;E_A13;entree;RIS;impose_ouest;2026-09-28 12:00;BEST_GUESS;OK;115696;1380;117076;4860;4740
2026-09-26T10:23:19;E_A16;entree;RIS;acces_impose;2026-09-28 12:00;BEST_GUESS;OK;91380;1380;92760;4752;4341
2026-09-26T10:23:19;E_A16;entree;RIS;impose_ouest;2026-09-28 12:00;BEST_GUESS;OK;106157;1380;107537;5301;4977
2026-09-26T10:23:19;IDF1;site;RIS;acces_impose;2026-09-28 12:00;BEST_GUESS;OK;60653;1380;62033;4511;3740
2026-09-26T10:23:20;IDF1;site;RIS;impose_ouest;2026-09-28 12:00;BEST_GUESS;OK;79415;1380;80795;5404;4588
2026-09-26T10:23:20;IDF2;site;RIS;acces_impose;2026-09-28 12:00;BEST_GUESS;OK;14026;1380;15406;1209;1177
2026-09-26T10:23:20;IDF2;site;RIS;impose_ouest;2026-09-28 12:00;BEST_GUESS;OK;23176;1380;24556;1638;1590
2026-09-26T10:23:20;IDF3;site;RIS;acces_impose;2026-09-28 12:00;BEST_GUESS;OK;92571;1380;93951;5139;4715
2026-09-26T10:23:20;IDF3;site;RIS;impose_ouest;2026-09-28 12:00;BEST_GUESS;OK;107348;1380;108728;5688;5350
2026-09-26T10:23:21;IDF4;site;RIS;acces_impose;2026-09-28 12:00;BEST_GUESS;OK;49937;1380;51317;3887;3308
2026-09-26T10:23:21;IDF4;site;RIS;impose_ouest;2026-09-28 12:00;BEST_GUESS;OK;68699;1380;70079;4785;4155
2026-09-26T10:23:21;IDF5;site;RIS;acces_impose;2026-09-28 12:00;BEST_GUESS;OK;50047;1380;51427;4138;3526
2026-09-26T10:23:21;IDF5;site;RIS;impose_ouest;2026-09-28 12:00;BEST_GUESS;OK;68809;1380;70189;5032;4374
2026-09-26T10:23:21;IDF6;site;RIS;acces_impose;2026-09-28 12:00;BEST_GUESS;OK;59022;1380;60402;3610;3179
2026-09-26T10:23:22;IDF6;site;RIS;impose_ouest;2026-09-28 12:00;BEST_GUESS;OK;73799;1380;75179;4158;3814
2026-09-26T10:23:22;IDF7;site;RIS;acces_impose;2026-09-28 12:00;BEST_GUESS;OK;57906;1380;59286;3485;3058
2026-09-26T10:23:22;IDF7;site;RIS;impose_ouest;2026-09-28 12:00;BEST_GUESS;OK;72682;1380;74062;4021;3693
2026-09-26T10:23:22;IDF8;site;RIS;acces_impose;2026-09-28 12:00;BEST_GUESS;OK;67876;1380;69256;3561;3352
2026-09-26T10:23:22;IDF8;site;RIS;impose_est;2026-09-28 12:00;BEST_GUESS;OK;67876;1380;69256;3561;3352
2026-09-26T10:23:23;IDF9;site;RIS;acces_impose;2026-09-28 12:00;BEST_GUESS;OK;55209;1380;56589;3674;3306
2026-09-26T10:23:23;IDF9;site;RIS;impose_ouest;2026-09-28 12:00;BEST_GUESS;OK;69985;1380;71365;4217;3941
2026-09-26T10:23:23;IDF10;site;RIS;acces_impose;2026-09-28 12:00;BEST_GUESS;OK;53126;1380;54506;3985;3247
2026-09-26T10:23:23;IDF10;site;RIS;impose_ouest;2026-09-28 12:00;BEST_GUESS;OK;71888;1380;73268;4879;4094
2026-09-26T10:23:23;IDF11;site;RIS;acces_impose;2026-09-28 12:00;BEST_GUESS;OK;72285;1380;73665;3468;3233
2026-09-26T10:23:24;IDF11;site;RIS;impose_est;2026-09-28 12:00;BEST_GUESS;OK;72285;1380;73665;3468;3233
2026-09-26T10:23:24;IDF12;site;RIS;acces_impose;2026-09-28 12:00;BEST_GUESS;OK;34869;1380;36249;2404;2106
2026-09-26T10:23:24;IDF12;site;RIS;impose_est;2026-09-28 12:00;BEST_GUESS;OK;32483;1380;33863;2387;2372
2026-09-26T10:23:24;IDF13;site;RIS;acces_impose;2026-09-28 12:00;BEST_GUESS;OK;36001;1380;37381;2063;1960
2026-09-26T10:23:24;IDF13;site;RIS;impose_est;2026-09-28 12:00;BEST_GUESS;OK;36001;1380;37381;2063;1960
2026-09-26T10:23:25;IDF14;site;RIS;acces_impose;2026-09-28 12:00;BEST_GUESS;OK;16078;1380;17458;2018;1912
2026-09-26T10:23:25;IDF14;site;RIS;impose_est;2026-09-28 12:00;BEST_GUESS;OK;33504;1380;34884;2119;2057
2026-09-26T10:23:25;IDF15;site;RIS;acces_impose;2026-09-28 12:00;BEST_GUESS;OK;55151;1380;56531;3010;2819
2026-09-26T10:23:25;IDF15;site;RIS;impose_ouest;2026-09-28 12:00;BEST_GUESS;OK;69927;1380;71307;3547;3454
2026-09-26T10:23:26;HDF1;site;RIS;acces_impose;2026-09-28 12:00;BEST_GUESS;OK;228870;1380;230250;10674;10000
2026-09-26T10:23:26;HDF1;site;RIS;impose_est;2026-09-28 12:00;BEST_GUESS;OK;224950;1380;226330;10455;10145
2026-09-26T10:23:26;HDF2;site;RIS;acces_impose;2026-09-28 12:00;BEST_GUESS;OK;222412;1380;223792;9424;8889
2026-09-26T10:23:26;HDF2;site;RIS;impose_ouest;2026-09-28 12:00;BEST_GUESS;OK;241174;1380;242554;10347;9736
2026-09-26T10:23:27;HDF3;site;RIS;acces_impose;2026-09-28 12:00;BEST_GUESS;OK;270399;1380;271779;11761;11024
2026-09-26T10:23:27;HDF3;site;RIS;impose_ouest;2026-09-28 12:00;BEST_GUESS;OK;289161;1380;290541;12712;11871
2026-09-26T10:23:27;HDF4;site;RIS;acces_impose;2026-09-28 12:00;BEST_GUESS;OK;222410;1380;223790;9631;9013
2026-09-26T10:23:27;HDF4;site;RIS;impose_ouest;2026-09-28 12:00;BEST_GUESS;OK;241172;1380;242552;10560;9861
2026-09-26T10:23:28;HDF5;site;RIS;acces_impose;2026-09-28 12:00;BEST_GUESS;OK;243220;1380;244600;10341;9741
2026-09-26T10:23:28;HDF5;site;RIS;impose_ouest;2026-09-28 12:00;BEST_GUESS;OK;261982;1380;263362;11274;10588
2026-09-26T10:23:28;NOR1;site;RIS;acces_impose;2026-09-28 12:00;BEST_GUESS;OK;218404;1380;219784;8533;8179
2026-09-26T10:23:28;NOR1;site;RIS;impose_ouest;2026-09-28 12:00;BEST_GUESS;OK;233181;1380;234561;9088;8814
2026-09-26T10:23:29;NOR2;site;RIS;acces_impose;2026-09-28 12:00;BEST_GUESS;OK;147795;1380;149175;6025;5767
2026-09-26T10:23:29;NOR2;site;RIS;impose_ouest;2026-09-28 12:00;BEST_GUESS;OK;162572;1380;163952;6661;6402
2026-09-26T10:23:29;NOR3;site;RIS;acces_impose;2026-09-28 12:00;BEST_GUESS;OK;142728;1380;144108;6223;5877
2026-09-26T10:23:29;NOR3;site;RIS;impose_ouest;2026-09-28 12:00;BEST_GUESS;OK;157505;1380;158885;6833;6512
2026-09-26T10:23:30;CVL1;site;RIS;acces_impose;2026-09-28 12:00;BEST_GUESS;OK;222599;1380;223979;8073;7981
2026-09-26T10:23:30;CVL1;site;RIS;impose_ouest;2026-09-28 12:00;BEST_GUESS;OK;222599;1380;223979;8073;7981
2026-09-26T10:23:30;CVL2;site;RIS;acces_impose;2026-09-28 12:00;BEST_GUESS;OK;258419;1380;259799;10012;9975
2026-09-26T10:23:30;CVL2;site;RIS;impose_ouest;2026-09-28 12:00;BEST_GUESS;OK;258419;1380;259799;10012;9975
2026-09-26T10:23:31;CVL3;site;RIS;acces_impose;2026-09-28 12:00;BEST_GUESS;OK;126864;1380;128244;5070;5006
2026-09-26T10:23:31;CVL3;site;RIS;impose_ouest;2026-09-28 12:00;BEST_GUESS;OK;126864;1380;128244;5070;5006
2026-09-26T10:23:31;GE1;site;RIS;acces_impose;2026-09-28 12:00;BEST_GUESS;OK;208102;1380;209482;7993;7779
2026-09-26T10:23:31;GE1;site;RIS;impose_est;2026-09-28 12:00;BEST_GUESS;OK;208102;1380;209482;7993;7779
2026-09-26T10:23:32;BFC1;site;RIS;acces_impose;2026-09-28 12:00;BEST_GUESS;OK;290785;1380;292165;9622;9823
2026-09-26T10:23:32;BFC1;site;RIS;impose_est;2026-09-28 12:00;BEST_GUESS;OK;304701;1380;306081;10323;10474
2026-09-26T10:23:32;E_A1;entree;VITRY;rapide;2026-09-28 13:00;BEST_GUESS;OK;48820;0;48820;3016;2558
2026-09-26T10:23:32;E_A1;entree;RIS;rapide;2026-09-28 13:00;BEST_GUESS;OK;65882;1380;67262;4083;3448
2026-09-26T10:23:32;E_A4;entree;VITRY;rapide;2026-09-28 13:00;BEST_GUESS;OK;73090;0;73090;3188;3052
2026-09-26T10:23:32;E_A4;entree;RIS;rapide;2026-09-28 13:00;BEST_GUESS;OK;92509;1380;93889;4208;3971
2026-09-26T10:23:32;E_A5;entree;VITRY;rapide;2026-09-28 13:00;BEST_GUESS;OK;82488;0;82488;3649;3626
2026-09-26T10:23:32;E_A5;entree;RIS;rapide;2026-09-28 13:00;BEST_GUESS;OK;70634;1380;72014;2861;2857
2026-09-26T10:23:32;E_A6;entree;VITRY;rapide;2026-09-28 13:00;BEST_GUESS;OK;93772;0;93772;3703;3537
2026-09-26T10:23:32;E_A6;entree;RIS;rapide;2026-09-28 13:00;BEST_GUESS;OK;72354;1380;73734;2629;2642
2026-09-26T10:23:32;E_A10;entree;VITRY;rapide;2026-09-28 13:00;BEST_GUESS;OK;62958;0;62958;2903;2617
2026-09-26T10:23:32;E_A10;entree;RIS;rapide;2026-09-28 13:00;BEST_GUESS;OK;59203;1380;60583;2464;2411
2026-09-26T10:23:32;E_A11;entree;VITRY;rapide;2026-09-28 13:00;BEST_GUESS;OK;62192;0;62192;3043;2733
2026-09-26T10:23:32;E_A11;entree;RIS;rapide;2026-09-28 13:00;BEST_GUESS;OK;58437;1380;59817;2617;2528
2026-09-26T10:23:32;E_A13;entree;VITRY;rapide;2026-09-28 13:00;BEST_GUESS;OK;92461;0;92461;3976;3779
2026-09-26T10:23:32;E_A13;entree;RIS;rapide;2026-09-28 13:00;BEST_GUESS;OK;99218;1380;100598;4324;4096
2026-09-26T10:23:32;E_A16;entree;VITRY;rapide;2026-09-28 13:00;BEST_GUESS;OK;69184;0;69184;3980;3563
2026-09-26T10:23:32;E_A16;entree;RIS;rapide;2026-09-28 13:00;BEST_GUESS;OK;89679;1380;91059;4757;4332
2026-09-26T10:23:32;IDF1;site;VITRY;rapide;2026-09-28 13:00;BEST_GUESS;OK;41890;0;41890;3328;2841
2026-09-26T10:23:32;IDF1;site;RIS;rapide;2026-09-28 13:00;BEST_GUESS;OK;58952;1380;60332;4393;3731
2026-09-26T10:23:32;IDF2;site;VITRY;rapide;2026-09-28 13:00;BEST_GUESS;OK;35448;0;35448;2373;2082
2026-09-26T10:23:32;IDF2;site;RIS;rapide;2026-09-28 13:00;BEST_GUESS;OK;14026;1380;15406;1212;1177
2026-09-26T10:23:32;IDF3;site;VITRY;rapide;2026-09-28 13:00;BEST_GUESS;OK;66563;0;66563;4309;3895
2026-09-26T10:23:32;IDF3;site;RIS;rapide;2026-09-28 13:00;BEST_GUESS;OK;90870;1380;92250;5114;4706
2026-09-26T10:23:32;IDF4;site;VITRY;rapide;2026-09-28 13:00;BEST_GUESS;OK;31174;0;31174;2784;2409
2026-09-26T10:23:32;IDF4;site;RIS;rapide;2026-09-28 13:00;BEST_GUESS;OK;48236;1380;49616;3846;3299
2026-09-26T10:23:32;IDF5;site;VITRY;rapide;2026-09-28 13:00;BEST_GUESS;OK;27596;0;27596;3190;2840
2026-09-26T10:23:32;IDF5;site;RIS;rapide;2026-09-28 13:00;BEST_GUESS;OK;48345;1380;49725;4096;3517
2026-09-26T10:23:32;IDF6;site;VITRY;rapide;2026-09-28 13:00;BEST_GUESS;OK;41449;0;41449;3244;2811
2026-09-26T10:23:32;IDF6;site;RIS;rapide;2026-09-28 13:00;BEST_GUESS;OK;57321;1380;58701;3620;3170
2026-09-26T10:23:32;IDF7;site;VITRY;rapide;2026-09-28 13:00;BEST_GUESS;OK;40735;0;40735;3091;2678
2026-09-26T10:23:32;IDF7;site;RIS;rapide;2026-09-28 13:00;BEST_GUESS;OK;56204;1380;57584;3470;3049
2026-09-26T10:23:32;IDF8;site;VITRY;rapide;2026-09-28 13:00;BEST_GUESS;OK;45059;0;45059;2604;2489
2026-09-26T10:23:32;IDF8;site;RIS;rapide;2026-09-28 13:00;BEST_GUESS;OK;64478;1380;65858;3638;3408
2026-09-26T10:23:32;IDF9;site;VITRY;rapide;2026-09-28 13:00;BEST_GUESS;OK;46751;0;46751;3329;2980
2026-09-26T10:23:32;IDF9;site;RIS;rapide;2026-09-28 13:00;BEST_GUESS;OK;53507;1380;54887;3697;3297
2026-09-26T10:23:32;IDF10;site;VITRY;rapide;2026-09-28 13:00;BEST_GUESS;OK;34363;0;34363;2847;2348
2026-09-26T10:23:32;IDF10;site;RIS;rapide;2026-09-28 13:00;BEST_GUESS;OK;51425;1380;52805;3905;3238
2026-09-26T10:23:32;IDF11;site;VITRY;rapide;2026-09-28 13:00;BEST_GUESS;OK;49467;0;49467;2505;2370
2026-09-26T10:23:32;IDF11;site;RIS;rapide;2026-09-28 13:00;BEST_GUESS;OK;68887;1380;70267;3524;3288
2026-09-26T10:23:32;IDF12;site;VITRY;rapide;2026-09-28 13:00;BEST_GUESS;OK;11529;0;11529;1080;1049
2026-09-26T10:23:32;IDF12;site;RIS;rapide;2026-09-28 13:00;BEST_GUESS;OK;14828;1380;16208;1991;1956
2026-09-26T10:23:32;IDF13;site;VITRY;rapide;2026-09-28 13:00;BEST_GUESS;OK;38905;0;38905;2587;2536
2026-09-26T10:23:32;IDF13;site;RIS;rapide;2026-09-28 13:00;BEST_GUESS;OK;32603;1380;33983;2078;2015
2026-09-26T10:23:32;IDF14;site;VITRY;rapide;2026-09-28 13:00;BEST_GUESS;OK;7704;0;7704;1300;1243
2026-09-26T10:23:32;IDF14;site;RIS;rapide;2026-09-28 13:00;BEST_GUESS;OK;10572;1380;11952;1371;1306
2026-09-26T10:23:32;IDF15;site;VITRY;rapide;2026-09-28 13:00;BEST_GUESS;OK;46693;0;46693;2658;2492
2026-09-26T10:23:32;IDF15;site;RIS;rapide;2026-09-28 13:00;BEST_GUESS;OK;53449;1380;54829;3055;2809
2026-09-26T10:23:32;HDF1;site;VITRY;rapide;2026-09-28 13:00;BEST_GUESS;OK;210106;0;210106;9660;9101
2026-09-26T10:23:32;HDF1;site;RIS;rapide;2026-09-28 13:00;BEST_GUESS;OK;227168;1380;228548;10865;9991
2026-09-26T10:23:32;HDF2;site;VITRY;rapide;2026-09-28 13:00;BEST_GUESS;OK;203649;0;203649;8464;7989
2026-09-26T10:23:32;HDF2;site;RIS;rapide;2026-09-28 13:00;BEST_GUESS;OK;220711;1380;222091;9589;8880
2026-09-26T10:23:32;HDF3;site;VITRY;rapide;2026-09-28 13:00;BEST_GUESS;OK;251636;0;251636;10758;10124
2026-09-26T10:23:32;HDF3;site;RIS;rapide;2026-09-28 13:00;BEST_GUESS;OK;268698;1380;270078;12081;11014
2026-09-26T10:23:32;HDF4;site;VITRY;rapide;2026-09-28 13:00;BEST_GUESS;OK;203647;0;203647;8623;8114
2026-09-26T10:23:32;HDF4;site;RIS;rapide;2026-09-28 13:00;BEST_GUESS;OK;220708;1380;222088;9766;9005
2026-09-26T10:23:32;HDF5;site;VITRY;rapide;2026-09-28 13:00;BEST_GUESS;OK;224457;0;224457;9302;8842
2026-09-26T10:23:32;HDF5;site;RIS;rapide;2026-09-28 13:00;BEST_GUESS;OK;241519;1380;242899;10490;9732
2026-09-26T10:23:32;NOR1;site;VITRY;rapide;2026-09-28 13:00;BEST_GUESS;OK;209946;0;209946;8191;7853
2026-09-26T10:23:32;NOR1;site;RIS;rapide;2026-09-28 13:00;BEST_GUESS;OK;216703;1380;218083;8579;8170
2026-09-26T10:23:32;NOR2;site;VITRY;rapide;2026-09-28 13:00;BEST_GUESS;OK;139338;0;139338;5686;5440
2026-09-26T10:23:32;NOR2;site;RIS;rapide;2026-09-28 13:00;BEST_GUESS;OK;146094;1380;147474;6035;5757
2026-09-26T10:23:32;NOR3;site;VITRY;rapide;2026-09-28 13:00;BEST_GUESS;OK;134270;0;134270;5822;5551
2026-09-26T10:23:32;NOR3;site;RIS;rapide;2026-09-28 13:00;BEST_GUESS;OK;141026;1380;142406;6170;5867
2026-09-26T10:23:32;CVL1;site;VITRY;rapide;2026-09-28 13:00;BEST_GUESS;OK;226354;0;226354;8514;8187
2026-09-26T10:23:32;CVL1;site;RIS;rapide;2026-09-28 13:00;BEST_GUESS;OK;222599;1380;223979;7949;7982
2026-09-26T10:23:32;CVL2;site;VITRY;rapide;2026-09-28 13:00;BEST_GUESS;OK;262174;0;262174;10549;10181
2026-09-26T10:23:32;CVL2;site;RIS;rapide;2026-09-28 13:00;BEST_GUESS;OK;258419;1380;259799;10067;9975
2026-09-26T10:23:32;CVL3;site;VITRY;rapide;2026-09-28 13:00;BEST_GUESS;OK;130619;0;130619;5473;5212
2026-09-26T10:23:32;CVL3;site;RIS;rapide;2026-09-28 13:00;BEST_GUESS;OK;126864;1380;128244;5119;5006
2026-09-26T10:23:32;GE1;site;VITRY;rapide;2026-09-28 13:00;BEST_GUESS;OK;185285;0;185285;7059;6915
2026-09-26T10:23:32;GE1;site;RIS;rapide;2026-09-28 13:00;BEST_GUESS;OK;204704;1380;206084;7965;7834
2026-09-26T10:23:32;BFC1;site;VITRY;rapide;2026-09-28 13:00;BEST_GUESS;OK;312203;0;312203;10743;10719
2026-09-26T10:23:32;BFC1;site;RIS;rapide;2026-09-28 13:00;BEST_GUESS;OK;290785;1380;292165;9653;9824
2026-09-26T10:23:33;E_A1;entree;RIS;acces_impose;2026-09-28 13:00;BEST_GUESS;OK;67584;1380;68964;4100;3457
2026-09-26T10:23:33;E_A1;entree;RIS;impose_ouest;2026-09-28 13:00;BEST_GUESS;OK;86345;1380;87725;5073;4305
2026-09-26T10:23:33;E_A4;entree;RIS;acces_impose;2026-09-28 13:00;BEST_GUESS;OK;95907;1380;97287;4153;3915
2026-09-26T10:23:33;E_A4;entree;RIS;impose_est;2026-09-28 13:00;BEST_GUESS;OK;95907;1380;97287;4153;3915
2026-09-26T10:23:34;E_A5;entree;RIS;acces_impose;2026-09-28 13:00;BEST_GUESS;OK;74032;1380;75412;2806;2802
2026-09-26T10:23:34;E_A5;entree;RIS;impose_est;2026-09-28 13:00;BEST_GUESS;OK;74032;1380;75412;2806;2802
2026-09-26T10:23:34;E_A6;entree;RIS;acces_impose;2026-09-28 13:00;BEST_GUESS;OK;72354;1380;73734;2629;2641
2026-09-26T10:23:34;E_A6;entree;RIS;impose_est;2026-09-28 13:00;BEST_GUESS;OK;86270;1380;87650;3303;3292
2026-09-26T10:23:34;E_A10;entree;RIS;acces_impose;2026-09-28 13:00;BEST_GUESS;OK;59203;1380;60583;2464;2411
2026-09-26T10:23:35;E_A10;entree;RIS;impose_ouest;2026-09-28 13:00;BEST_GUESS;OK;59203;1380;60583;2464;2411
2026-09-26T10:23:35;E_A11;entree;RIS;acces_impose;2026-09-28 13:00;BEST_GUESS;OK;58437;1380;59817;2617;2527
2026-09-26T10:23:35;E_A11;entree;RIS;impose_ouest;2026-09-28 13:00;BEST_GUESS;OK;58437;1380;59817;2617;2527
2026-09-26T10:23:35;E_A13;entree;RIS;acces_impose;2026-09-28 13:00;BEST_GUESS;OK;100919;1380;102299;4341;4105
2026-09-26T10:23:35;E_A13;entree;RIS;impose_ouest;2026-09-28 13:00;BEST_GUESS;OK;115696;1380;117076;4922;4740
2026-09-26T10:23:36;E_A16;entree;RIS;acces_impose;2026-09-28 13:00;BEST_GUESS;OK;91380;1380;92760;4774;4341
2026-09-26T10:23:36;E_A16;entree;RIS;impose_ouest;2026-09-28 13:00;BEST_GUESS;OK;106157;1380;107537;5323;4977
2026-09-26T10:23:36;IDF1;site;RIS;acces_impose;2026-09-28 13:00;BEST_GUESS;OK;60653;1380;62033;4409;3740
2026-09-26T10:23:36;IDF1;site;RIS;impose_ouest;2026-09-28 13:00;BEST_GUESS;OK;79415;1380;80795;5382;4588
2026-09-26T10:23:36;IDF2;site;RIS;acces_impose;2026-09-28 13:00;BEST_GUESS;OK;14026;1380;15406;1212;1177
2026-09-26T10:23:37;IDF2;site;RIS;impose_ouest;2026-09-28 13:00;BEST_GUESS;OK;23176;1380;24556;1654;1590
2026-09-26T10:23:37;IDF3;site;RIS;acces_impose;2026-09-28 13:00;BEST_GUESS;OK;92571;1380;93951;5131;4715
2026-09-26T10:23:37;IDF3;site;RIS;impose_ouest;2026-09-28 13:00;BEST_GUESS;OK;107348;1380;108728;5674;5350
2026-09-26T10:23:37;IDF4;site;RIS;acces_impose;2026-09-28 13:00;BEST_GUESS;OK;49937;1380;51317;3863;3308
2026-09-26T10:23:37;IDF4;site;RIS;impose_ouest;2026-09-28 13:00;BEST_GUESS;OK;68699;1380;70079;4849;4155
2026-09-26T10:23:38;IDF5;site;RIS;acces_impose;2026-09-28 13:00;BEST_GUESS;OK;50047;1380;51427;4112;3526
2026-09-26T10:23:38;IDF5;site;RIS;impose_ouest;2026-09-28 13:00;BEST_GUESS;OK;68809;1380;70189;5085;4374
2026-09-26T10:23:38;IDF6;site;RIS;acces_impose;2026-09-28 13:00;BEST_GUESS;OK;59022;1380;60402;3636;3179
2026-09-26T10:23:38;IDF6;site;RIS;impose_ouest;2026-09-28 13:00;BEST_GUESS;OK;73799;1380;75179;4237;3814
2026-09-26T10:23:38;IDF7;site;RIS;acces_impose;2026-09-28 13:00;BEST_GUESS;OK;57906;1380;59286;3485;3058
2026-09-26T10:23:39;IDF7;site;RIS;impose_ouest;2026-09-28 13:00;BEST_GUESS;OK;72682;1380;74062;4111;3693
2026-09-26T10:23:39;IDF8;site;RIS;acces_impose;2026-09-28 13:00;BEST_GUESS;OK;67876;1380;69256;3584;3352
2026-09-26T10:23:39;IDF8;site;RIS;impose_est;2026-09-28 13:00;BEST_GUESS;OK;67876;1380;69256;3584;3352
2026-09-26T10:23:39;IDF9;site;RIS;acces_impose;2026-09-28 13:00;BEST_GUESS;OK;55209;1380;56589;3714;3306
2026-09-26T10:23:39;IDF9;site;RIS;impose_ouest;2026-09-28 13:00;BEST_GUESS;OK;69985;1380;71365;4308;3941
2026-09-26T10:23:40;IDF10;site;RIS;acces_impose;2026-09-28 13:00;BEST_GUESS;OK;53126;1380;54506;3922;3247
2026-09-26T10:23:40;IDF10;site;RIS;impose_ouest;2026-09-28 13:00;BEST_GUESS;OK;71888;1380;73268;4901;4094
2026-09-26T10:23:40;IDF11;site;RIS;acces_impose;2026-09-28 13:00;BEST_GUESS;OK;72285;1380;73665;3469;3233
2026-09-26T10:23:40;IDF11;site;RIS;impose_est;2026-09-28 13:00;BEST_GUESS;OK;72285;1380;73665;3469;3233
2026-09-26T10:23:40;IDF12;site;RIS;acces_impose;2026-09-28 13:00;BEST_GUESS;OK;34869;1380;36249;2411;2106
2026-09-26T10:23:41;IDF12;site;RIS;impose_est;2026-09-28 13:00;BEST_GUESS;OK;32483;1380;33863;2367;2372
2026-09-26T10:23:41;IDF13;site;RIS;acces_impose;2026-09-28 13:00;BEST_GUESS;OK;36001;1380;37381;2009;1960
2026-09-26T10:23:41;IDF13;site;RIS;impose_est;2026-09-28 13:00;BEST_GUESS;OK;36001;1380;37381;2009;1960
2026-09-26T10:23:41;IDF14;site;RIS;acces_impose;2026-09-28 13:00;BEST_GUESS;OK;16078;1380;17458;1995;1912
2026-09-26T10:23:41;IDF14;site;RIS;impose_est;2026-09-28 13:00;BEST_GUESS;OK;33504;1380;34884;2101;2057
2026-09-26T10:23:42;IDF15;site;RIS;acces_impose;2026-09-28 13:00;BEST_GUESS;OK;55151;1380;56531;3067;2819
2026-09-26T10:23:42;IDF15;site;RIS;impose_ouest;2026-09-28 13:00;BEST_GUESS;OK;69927;1380;71307;3643;3454
2026-09-26T10:23:42;HDF1;site;RIS;acces_impose;2026-09-28 13:00;BEST_GUESS;OK;228870;1380;230250;10874;10000
2026-09-26T10:23:42;HDF1;site;RIS;impose_est;2026-09-28 13:00;BEST_GUESS;OK;224950;1380;226330;10688;10145
2026-09-26T10:23:42;HDF2;site;RIS;acces_impose;2026-09-28 13:00;BEST_GUESS;OK;222412;1380;223792;9603;8889
2026-09-26T10:23:43;HDF2;site;RIS;impose_ouest;2026-09-28 13:00;BEST_GUESS;OK;241174;1380;242554;10605;9736
2026-09-26T10:23:43;HDF3;site;RIS;acces_impose;2026-09-28 13:00;BEST_GUESS;OK;270399;1380;271779;12095;11024
2026-09-26T10:23:43;HDF3;site;RIS;impose_ouest;2026-09-28 13:00;BEST_GUESS;OK;289161;1380;290541;13226;11871
2026-09-26T10:23:44;HDF4;site;RIS;acces_impose;2026-09-28 13:00;BEST_GUESS;OK;222410;1380;223790;9776;9013
2026-09-26T10:23:44;HDF4;site;RIS;impose_ouest;2026-09-28 13:00;BEST_GUESS;OK;241172;1380;242552;10774;9861
2026-09-26T10:23:44;HDF5;site;RIS;acces_impose;2026-09-28 13:00;BEST_GUESS;OK;243220;1380;244600;10501;9741
2026-09-26T10:23:45;HDF5;site;RIS;impose_ouest;2026-09-28 13:00;BEST_GUESS;OK;261982;1380;263362;11505;10588
2026-09-26T10:23:45;NOR1;site;RIS;acces_impose;2026-09-28 13:00;BEST_GUESS;OK;218404;1380;219784;8593;8179
2026-09-26T10:23:45;NOR1;site;RIS;impose_ouest;2026-09-28 13:00;BEST_GUESS;OK;233181;1380;234561;9077;8814
2026-09-26T10:23:45;NOR2;site;RIS;acces_impose;2026-09-28 13:00;BEST_GUESS;OK;147795;1380;149175;6056;5767
2026-09-26T10:23:46;NOR2;site;RIS;impose_ouest;2026-09-28 13:00;BEST_GUESS;OK;162572;1380;163952;6567;6402
2026-09-26T10:23:46;NOR3;site;RIS;acces_impose;2026-09-28 13:00;BEST_GUESS;OK;142728;1380;144108;6192;5877
2026-09-26T10:23:47;NOR3;site;RIS;impose_ouest;2026-09-28 13:00;BEST_GUESS;OK;157505;1380;158885;6699;6512
2026-09-26T10:23:47;CVL1;site;RIS;acces_impose;2026-09-28 13:00;BEST_GUESS;OK;222599;1380;223979;7949;7981
2026-09-26T10:23:47;CVL1;site;RIS;impose_ouest;2026-09-28 13:00;BEST_GUESS;OK;222599;1380;223979;7949;7981
2026-09-26T10:23:47;CVL2;site;RIS;acces_impose;2026-09-28 13:00;BEST_GUESS;OK;258419;1380;259799;10067;9975
2026-09-26T10:23:48;CVL2;site;RIS;impose_ouest;2026-09-28 13:00;BEST_GUESS;OK;258419;1380;259799;10067;9975
2026-09-26T10:23:48;CVL3;site;RIS;acces_impose;2026-09-28 13:00;BEST_GUESS;OK;126864;1380;128244;5119;5006
2026-09-26T10:23:48;CVL3;site;RIS;impose_ouest;2026-09-28 13:00;BEST_GUESS;OK;126864;1380;128244;5119;5006
2026-09-26T10:23:48;GE1;site;RIS;acces_impose;2026-09-28 13:00;BEST_GUESS;OK;208102;1380;209482;7894;7779
2026-09-26T10:23:48;GE1;site;RIS;impose_est;2026-09-28 13:00;BEST_GUESS;OK;208102;1380;209482;7894;7779
2026-09-26T10:23:49;BFC1;site;RIS;acces_impose;2026-09-28 13:00;BEST_GUESS;OK;290785;1380;292165;9653;9823
2026-09-26T10:23:49;BFC1;site;RIS;impose_est;2026-09-28 13:00;BEST_GUESS;OK;304701;1380;306081;10407;10474
2026-09-26T10:23:49;E_A1;entree;VITRY;rapide;2026-09-28 14:00;BEST_GUESS;OK;48820;0;48820;2998;2558
2026-09-26T10:23:49;E_A1;entree;RIS;rapide;2026-09-28 14:00;BEST_GUESS;OK;65882;1380;67262;4104;3448
2026-09-26T10:23:49;E_A4;entree;VITRY;rapide;2026-09-28 14:00;BEST_GUESS;OK;73090;0;73090;3236;3052
2026-09-26T10:23:49;E_A4;entree;RIS;rapide;2026-09-28 14:00;BEST_GUESS;OK;92509;1380;93889;4155;3971
2026-09-26T10:23:49;E_A5;entree;VITRY;rapide;2026-09-28 14:00;BEST_GUESS;OK;82488;0;82488;3656;3626
2026-09-26T10:23:49;E_A5;entree;RIS;rapide;2026-09-28 14:00;BEST_GUESS;OK;70634;1380;72014;2905;2857
2026-09-26T10:23:49;E_A6;entree;VITRY;rapide;2026-09-28 14:00;BEST_GUESS;OK;93772;0;93772;3758;3537
2026-09-26T10:23:49;E_A6;entree;RIS;rapide;2026-09-28 14:00;BEST_GUESS;OK;72354;1380;73734;2659;2642
2026-09-26T10:23:49;E_A10;entree;VITRY;rapide;2026-09-28 14:00;BEST_GUESS;OK;62958;0;62958;2993;2617
2026-09-26T10:23:49;E_A10;entree;RIS;rapide;2026-09-28 14:00;BEST_GUESS;OK;59203;1380;60583;2501;2411
2026-09-26T10:23:49;E_A11;entree;VITRY;rapide;2026-09-28 14:00;BEST_GUESS;OK;62192;0;62192;3160;2733
2026-09-26T10:23:49;E_A11;entree;RIS;rapide;2026-09-28 14:00;BEST_GUESS;OK;58437;1380;59817;2659;2528
2026-09-26T10:23:49;E_A13;entree;VITRY;rapide;2026-09-28 14:00;BEST_GUESS;OK;92461;0;92461;4059;3779
2026-09-26T10:23:49;E_A13;entree;RIS;rapide;2026-09-28 14:00;BEST_GUESS;OK;99218;1380;100598;4439;4096
2026-09-26T10:23:49;E_A16;entree;VITRY;rapide;2026-09-28 14:00;BEST_GUESS;OK;69185;0;69185;4035;3564
2026-09-26T10:23:49;E_A16;entree;RIS;rapide;2026-09-28 14:00;BEST_GUESS;OK;89679;1380;91059;4827;4332
2026-09-26T10:23:49;IDF1;site;VITRY;rapide;2026-09-28 14:00;BEST_GUESS;OK;41890;0;41890;3325;2841
2026-09-26T10:23:49;IDF1;site;RIS;rapide;2026-09-28 14:00;BEST_GUESS;OK;58952;1380;60332;4443;3731
2026-09-26T10:23:49;IDF2;site;VITRY;rapide;2026-09-28 14:00;BEST_GUESS;OK;35448;0;35448;2299;2082
2026-09-26T10:23:49;IDF2;site;RIS;rapide;2026-09-28 14:00;BEST_GUESS;OK;14026;1380;15406;1238;1177
2026-09-26T10:23:49;IDF3;site;VITRY;rapide;2026-09-28 14:00;BEST_GUESS;OK;66563;0;66563;4360;3895
2026-09-26T10:23:49;IDF3;site;RIS;rapide;2026-09-28 14:00;BEST_GUESS;OK;90870;1380;92250;5206;4706
2026-09-26T10:23:49;IDF4;site;VITRY;rapide;2026-09-28 14:00;BEST_GUESS;OK;31174;0;31174;2735;2409
2026-09-26T10:23:49;IDF4;site;RIS;rapide;2026-09-28 14:00;BEST_GUESS;OK;48236;1380;49616;3849;3299
2026-09-26T10:23:49;IDF5;site;VITRY;rapide;2026-09-28 14:00;BEST_GUESS;OK;27596;0;27596;3071;2840
2026-09-26T10:23:49;IDF5;site;RIS;rapide;2026-09-28 14:00;BEST_GUESS;OK;48346;1380;49726;4069;3517
2026-09-26T10:23:49;IDF6;site;VITRY;rapide;2026-09-28 14:00;BEST_GUESS;OK;41449;0;41449;3275;2811
2026-09-26T10:23:49;IDF6;site;RIS;rapide;2026-09-28 14:00;BEST_GUESS;OK;57321;1380;58701;3677;3170
2026-09-26T10:23:49;IDF7;site;VITRY;rapide;2026-09-28 14:00;BEST_GUESS;OK;40735;0;40735;3133;2678
2026-09-26T10:23:49;IDF7;site;RIS;rapide;2026-09-28 14:00;BEST_GUESS;OK;56204;1380;57584;3527;3049
2026-09-26T10:23:49;IDF8;site;VITRY;rapide;2026-09-28 14:00;BEST_GUESS;OK;45059;0;45059;2649;2489
2026-09-26T10:23:49;IDF8;site;RIS;rapide;2026-09-28 14:00;BEST_GUESS;OK;64478;1380;65858;3594;3408
2026-09-26T10:23:49;IDF9;site;VITRY;rapide;2026-09-28 14:00;BEST_GUESS;OK;46751;0;46751;3390;2980
2026-09-26T10:23:49;IDF9;site;RIS;rapide;2026-09-28 14:00;BEST_GUESS;OK;53507;1380;54887;3766;3297
2026-09-26T10:23:49;IDF10;site;VITRY;rapide;2026-09-28 14:00;BEST_GUESS;OK;34363;0;34363;2808;2348
2026-09-26T10:23:49;IDF10;site;RIS;rapide;2026-09-28 14:00;BEST_GUESS;OK;51425;1380;52805;3912;3238
2026-09-26T10:23:49;IDF11;site;VITRY;rapide;2026-09-28 14:00;BEST_GUESS;OK;49468;0;49468;2521;2370
2026-09-26T10:23:49;IDF11;site;RIS;rapide;2026-09-28 14:00;BEST_GUESS;OK;68887;1380;70267;3483;3288
2026-09-26T10:23:49;IDF12;site;VITRY;rapide;2026-09-28 14:00;BEST_GUESS;OK;11529;0;11529;1064;1049
2026-09-26T10:23:49;IDF12;site;RIS;rapide;2026-09-28 14:00;BEST_GUESS;OK;14828;1380;16208;2007;1956
2026-09-26T10:23:49;IDF13;site;VITRY;rapide;2026-09-28 14:00;BEST_GUESS;OK;38905;0;38905;2572;2536
2026-09-26T10:23:49;IDF13;site;RIS;rapide;2026-09-28 14:00;BEST_GUESS;OK;32603;1380;33983;2119;2015
2026-09-26T10:23:49;IDF14;site;VITRY;rapide;2026-09-28 14:00;BEST_GUESS;OK;7704;0;7704;1274;1243
2026-09-26T10:23:49;IDF14;site;RIS;rapide;2026-09-28 14:00;BEST_GUESS;OK;10572;1380;11952;1380;1306
2026-09-26T10:23:49;IDF15;site;VITRY;rapide;2026-09-28 14:00;BEST_GUESS;OK;46693;0;46693;2689;2492
2026-09-26T10:23:49;IDF15;site;RIS;rapide;2026-09-28 14:00;BEST_GUESS;OK;53449;1380;54829;3035;2809
2026-09-26T10:23:49;HDF1;site;VITRY;rapide;2026-09-28 14:00;BEST_GUESS;OK;210106;0;210106;9985;9101
2026-09-26T10:23:49;HDF1;site;RIS;rapide;2026-09-28 14:00;BEST_GUESS;OK;227168;1380;228548;11396;9991
2026-09-26T10:23:49;HDF2;site;VITRY;rapide;2026-09-28 14:00;BEST_GUESS;OK;203649;0;203649;8680;7989
2026-09-26T10:23:49;HDF2;site;RIS;rapide;2026-09-28 14:00;BEST_GUESS;OK;220711;1380;222091;10165;8880
2026-09-26T10:23:49;HDF3;site;VITRY;rapide;2026-09-28 14:00;BEST_GUESS;OK;251636;0;251636;11190;10124
2026-09-26T10:23:49;HDF3;site;RIS;rapide;2026-09-28 14:00;BEST_GUESS;OK;268698;1380;270078;12645;11014
2026-09-26T10:23:49;HDF4;site;VITRY;rapide;2026-09-28 14:00;BEST_GUESS;OK;203647;0;203647;8876;8114
2026-09-26T10:23:49;HDF4;site;RIS;rapide;2026-09-28 14:00;BEST_GUESS;OK;220709;1380;222089;10345;9004
2026-09-26T10:23:49;HDF5;site;VITRY;rapide;2026-09-28 14:00;BEST_GUESS;OK;224457;0;224457;9683;8842
2026-09-26T10:23:49;HDF5;site;RIS;rapide;2026-09-28 14:00;BEST_GUESS;OK;241519;1380;242899;11064;9732
2026-09-26T10:23:49;NOR1;site;VITRY;rapide;2026-09-28 14:00;BEST_GUESS;OK;209946;0;209946;8453;7853
2026-09-26T10:23:49;NOR1;site;RIS;rapide;2026-09-28 14:00;BEST_GUESS;OK;216703;1380;218083;8917;8170
2026-09-26T10:23:49;NOR2;site;VITRY;rapide;2026-09-28 14:00;BEST_GUESS;OK;139338;0;139338;5792;5440
2026-09-26T10:23:49;NOR2;site;RIS;rapide;2026-09-28 14:00;BEST_GUESS;OK;146094;1380;147474;6144;5756
2026-09-26T10:23:49;NOR3;site;VITRY;rapide;2026-09-28 14:00;BEST_GUESS;OK;134270;0;134270;5973;5551
2026-09-26T10:23:49;NOR3;site;RIS;rapide;2026-09-28 14:00;BEST_GUESS;OK;141027;1380;142407;6326;5868
2026-09-26T10:23:49;CVL1;site;VITRY;rapide;2026-09-28 14:00;BEST_GUESS;OK;226354;0;226354;8565;8187
2026-09-26T10:23:49;CVL1;site;RIS;rapide;2026-09-28 14:00;BEST_GUESS;OK;222599;1380;223979;8104;7982
2026-09-26T10:23:49;CVL2;site;VITRY;rapide;2026-09-28 14:00;BEST_GUESS;OK;262174;0;262174;10752;10181
2026-09-26T10:23:49;CVL2;site;RIS;rapide;2026-09-28 14:00;BEST_GUESS;OK;258419;1380;259799;10294;9975
2026-09-26T10:23:49;CVL3;site;VITRY;rapide;2026-09-28 14:00;BEST_GUESS;OK;130619;0;130619;5640;5212
2026-09-26T10:23:49;CVL3;site;RIS;rapide;2026-09-28 14:00;BEST_GUESS;OK;126863;1380;128243;5109;5005
2026-09-26T10:23:49;GE1;site;VITRY;rapide;2026-09-28 14:00;BEST_GUESS;OK;185285;0;185285;7059;6915
2026-09-26T10:23:49;GE1;site;RIS;rapide;2026-09-28 14:00;BEST_GUESS;OK;204704;1380;206084;8182;7834
2026-09-26T10:23:49;BFC1;site;VITRY;rapide;2026-09-28 14:00;BEST_GUESS;OK;312203;0;312203;11075;10719
2026-09-26T10:23:49;BFC1;site;RIS;rapide;2026-09-28 14:00;BEST_GUESS;OK;290785;1380;292165;9809;9824
2026-09-26T10:23:50;E_A1;entree;RIS;acces_impose;2026-09-28 14:00;BEST_GUESS;OK;67584;1380;68964;4120;3457
2026-09-26T10:23:50;E_A1;entree;RIS;impose_ouest;2026-09-28 14:00;BEST_GUESS;OK;86345;1380;87725;5064;4305
2026-09-26T10:23:50;E_A4;entree;RIS;acces_impose;2026-09-28 14:00;BEST_GUESS;OK;95907;1380;97287;4083;3915
2026-09-26T10:23:50;E_A4;entree;RIS;impose_est;2026-09-28 14:00;BEST_GUESS;OK;95907;1380;97287;4083;3915
2026-09-26T10:23:50;E_A5;entree;RIS;acces_impose;2026-09-28 14:00;BEST_GUESS;OK;74032;1380;75412;2830;2802
2026-09-26T10:23:51;E_A5;entree;RIS;impose_est;2026-09-28 14:00;BEST_GUESS;OK;74032;1380;75412;2830;2802
2026-09-26T10:23:51;E_A6;entree;RIS;acces_impose;2026-09-28 14:00;BEST_GUESS;OK;72354;1380;73734;2659;2641
2026-09-26T10:23:51;E_A6;entree;RIS;impose_est;2026-09-28 14:00;BEST_GUESS;OK;86270;1380;87650;3366;3292
2026-09-26T10:23:51;E_A10;entree;RIS;acces_impose;2026-09-28 14:00;BEST_GUESS;OK;59203;1380;60583;2501;2411
2026-09-26T10:23:51;E_A10;entree;RIS;impose_ouest;2026-09-28 14:00;BEST_GUESS;OK;59203;1380;60583;2501;2411
2026-09-26T10:23:52;E_A11;entree;RIS;acces_impose;2026-09-28 14:00;BEST_GUESS;OK;58437;1380;59817;2659;2527
2026-09-26T10:23:52;E_A11;entree;RIS;impose_ouest;2026-09-28 14:00;BEST_GUESS;OK;58437;1380;59817;2659;2527
2026-09-26T10:23:52;E_A13;entree;RIS;acces_impose;2026-09-28 14:00;BEST_GUESS;OK;100919;1380;102299;4453;4105
2026-09-26T10:23:52;E_A13;entree;RIS;impose_ouest;2026-09-28 14:00;BEST_GUESS;OK;115696;1380;117076;4908;4740
2026-09-26T10:23:52;E_A16;entree;RIS;acces_impose;2026-09-28 14:00;BEST_GUESS;OK;91380;1380;92760;4841;4341
2026-09-26T10:23:53;E_A16;entree;RIS;impose_ouest;2026-09-28 14:00;BEST_GUESS;OK;106157;1380;107537;5325;4977
2026-09-26T10:23:53;IDF1;site;RIS;acces_impose;2026-09-28 14:00;BEST_GUESS;OK;60653;1380;62033;4457;3740
2026-09-26T10:23:53;IDF1;site;RIS;impose_ouest;2026-09-28 14:00;BEST_GUESS;OK;79415;1380;80795;5408;4588
2026-09-26T10:23:54;IDF2;site;RIS;acces_impose;2026-09-28 14:00;BEST_GUESS;OK;14026;1380;15406;1238;1177
2026-09-26T10:23:54;IDF2;site;RIS;impose_ouest;2026-09-28 14:00;BEST_GUESS;OK;23176;1380;24556;1744;1590
2026-09-26T10:23:54;IDF3;site;RIS;acces_impose;2026-09-28 14:00;BEST_GUESS;OK;92571;1380;93951;5217;4715
2026-09-26T10:23:55;IDF3;site;RIS;impose_ouest;2026-09-28 14:00;BEST_GUESS;OK;107348;1380;108728;5710;5350
2026-09-26T10:23:55;IDF4;site;RIS;acces_impose;2026-09-28 14:00;BEST_GUESS;OK;49937;1380;51317;3864;3308
2026-09-26T10:23:55;IDF4;site;RIS;impose_ouest;2026-09-28 14:00;BEST_GUESS;OK;68699;1380;70079;4807;4155
2026-09-26T10:23:55;IDF5;site;RIS;acces_impose;2026-09-28 14:00;BEST_GUESS;OK;50047;1380;51427;4084;3526
2026-09-26T10:23:55;IDF5;site;RIS;impose_ouest;2026-09-28 14:00;BEST_GUESS;OK;68809;1380;70189;5030;4374
2026-09-26T10:23:56;IDF6;site;RIS;acces_impose;2026-09-28 14:00;BEST_GUESS;OK;59022;1380;60402;3692;3179
2026-09-26T10:23:56;IDF6;site;RIS;impose_ouest;2026-09-28 14:00;BEST_GUESS;OK;73799;1380;75179;4142;3814
2026-09-26T10:23:56;IDF7;site;RIS;acces_impose;2026-09-28 14:00;BEST_GUESS;OK;57906;1380;59286;3542;3058
2026-09-26T10:23:56;IDF7;site;RIS;impose_ouest;2026-09-28 14:00;BEST_GUESS;OK;72682;1380;74062;4000;3693
2026-09-26T10:23:56;IDF8;site;RIS;acces_impose;2026-09-28 14:00;BEST_GUESS;OK;67876;1380;69256;3521;3352
2026-09-26T10:23:57;IDF8;site;RIS;impose_est;2026-09-28 14:00;BEST_GUESS;OK;67876;1380;69256;3521;3352
2026-09-26T10:23:57;IDF9;site;RIS;acces_impose;2026-09-28 14:00;BEST_GUESS;OK;55209;1380;56589;3781;3306
2026-09-26T10:23:57;IDF9;site;RIS;impose_ouest;2026-09-28 14:00;BEST_GUESS;OK;69985;1380;71365;4235;3941
2026-09-26T10:23:57;IDF10;site;RIS;acces_impose;2026-09-28 14:00;BEST_GUESS;OK;53126;1380;54506;3926;3247
2026-09-26T10:23:57;IDF10;site;RIS;impose_ouest;2026-09-28 14:00;BEST_GUESS;OK;71888;1380;73268;4871;4094
2026-09-26T10:23:58;IDF11;site;RIS;acces_impose;2026-09-28 14:00;BEST_GUESS;OK;72285;1380;73665;3412;3233
2026-09-26T10:23:58;IDF11;site;RIS;impose_est;2026-09-28 14:00;BEST_GUESS;OK;72285;1380;73665;3412;3233
2026-09-26T10:23:58;IDF12;site;RIS;acces_impose;2026-09-28 14:00;BEST_GUESS;OK;34869;1380;36249;2309;2106
2026-09-26T10:23:58;IDF12;site;RIS;impose_est;2026-09-28 14:00;BEST_GUESS;OK;32483;1380;33863;2400;2372
2026-09-26T10:23:58;IDF13;site;RIS;acces_impose;2026-09-28 14:00;BEST_GUESS;OK;36001;1380;37381;2047;1960
2026-09-26T10:23:59;IDF13;site;RIS;impose_est;2026-09-28 14:00;BEST_GUESS;OK;36001;1380;37381;2047;1960
2026-09-26T10:23:59;IDF14;site;RIS;acces_impose;2026-09-28 14:00;BEST_GUESS;OK;16078;1380;17458;2008;1912
2026-09-26T10:23:59;IDF14;site;RIS;impose_est;2026-09-28 14:00;BEST_GUESS;OK;33504;1380;34884;2174;2057
2026-09-26T10:23:59;IDF15;site;RIS;acces_impose;2026-09-28 14:00;BEST_GUESS;OK;55151;1380;56531;3055;2819
2026-09-26T10:23:59;IDF15;site;RIS;impose_ouest;2026-09-28 14:00;BEST_GUESS;OK;69927;1380;71307;3554;3454
2026-09-26T10:24:00;HDF1;site;RIS;acces_impose;2026-09-28 14:00;BEST_GUESS;OK;228870;1380;230250;11407;10000
2026-09-26T10:24:00;HDF1;site;RIS;impose_est;2026-09-28 14:00;BEST_GUESS;OK;224950;1380;226330;11072;10145
2026-09-26T10:24:00;HDF2;site;RIS;acces_impose;2026-09-28 14:00;BEST_GUESS;OK;222412;1380;223792;10168;8889
2026-09-26T10:24:01;HDF2;site;RIS;impose_ouest;2026-09-28 14:00;BEST_GUESS;OK;241174;1380;242554;11258;9736
2026-09-26T10:24:01;HDF3;site;RIS;acces_impose;2026-09-28 14:00;BEST_GUESS;OK;270399;1380;271779;12655;11024
2026-09-26T10:24:01;HDF3;site;RIS;impose_ouest;2026-09-28 14:00;BEST_GUESS;OK;289161;1380;290541;13833;11871
2026-09-26T10:24:02;HDF4;site;RIS;acces_impose;2026-09-28 14:00;BEST_GUESS;OK;222410;1380;223790;10348;9013
2026-09-26T10:24:02;HDF4;site;RIS;impose_ouest;2026-09-28 14:00;BEST_GUESS;OK;241172;1380;242552;11435;9861
2026-09-26T10:24:02;HDF5;site;RIS;acces_impose;2026-09-28 14:00;BEST_GUESS;OK;243220;1380;244600;11073;9741
2026-09-26T10:24:02;HDF5;site;RIS;impose_ouest;2026-09-28 14:00;BEST_GUESS;OK;261982;1380;263362;12215;10588
2026-09-26T10:24:03;NOR1;site;RIS;acces_impose;2026-09-28 14:00;BEST_GUESS;OK;218404;1380;219784;8924;8179
2026-09-26T10:24:03;NOR1;site;RIS;impose_ouest;2026-09-28 14:00;BEST_GUESS;OK;233181;1380;234561;9351;8814
2026-09-26T10:24:03;NOR2;site;RIS;acces_impose;2026-09-28 14:00;BEST_GUESS;OK;147795;1380;149175;6155;5767
2026-09-26T10:24:03;NOR2;site;RIS;impose_ouest;2026-09-28 14:00;BEST_GUESS;OK;162572;1380;163952;6690;6402
2026-09-26T10:24:04;NOR3;site;RIS;acces_impose;2026-09-28 14:00;BEST_GUESS;OK;142728;1380;144108;6337;5877
2026-09-26T10:24:04;NOR3;site;RIS;impose_ouest;2026-09-28 14:00;BEST_GUESS;OK;157505;1380;158885;6859;6512
2026-09-26T10:24:04;CVL1;site;RIS;acces_impose;2026-09-28 14:00;BEST_GUESS;OK;222599;1380;223979;8104;7981
2026-09-26T10:24:04;CVL1;site;RIS;impose_ouest;2026-09-28 14:00;BEST_GUESS;OK;222599;1380;223979;8104;7981
2026-09-26T10:24:05;CVL2;site;RIS;acces_impose;2026-09-28 14:00;BEST_GUESS;OK;258419;1380;259799;10294;9975
2026-09-26T10:24:05;CVL2;site;RIS;impose_ouest;2026-09-28 14:00;BEST_GUESS;OK;258419;1380;259799;10294;9975
2026-09-26T10:24:05;CVL3;site;RIS;acces_impose;2026-09-28 14:00;BEST_GUESS;OK;126864;1380;128244;5108;5006
2026-09-26T10:24:05;CVL3;site;RIS;impose_ouest;2026-09-28 14:00;BEST_GUESS;OK;126864;1380;128244;5108;5006
2026-09-26T10:24:06;GE1;site;RIS;acces_impose;2026-09-28 14:00;BEST_GUESS;OK;208102;1380;209482;8139;7779
2026-09-26T10:24:06;GE1;site;RIS;impose_est;2026-09-28 14:00;BEST_GUESS;OK;208102;1380;209482;8139;7779
2026-09-26T10:24:06;BFC1;site;RIS;acces_impose;2026-09-28 14:00;BEST_GUESS;OK;290785;1380;292165;9809;9823
2026-09-26T10:24:06;BFC1;site;RIS;impose_est;2026-09-28 14:00;BEST_GUESS;OK;304701;1380;306081;10652;10474
2026-09-26T10:24:07;E_A1;entree;VITRY;rapide;2026-09-28 15:00;BEST_GUESS;OK;48820;0;48820;3131;2558
2026-09-26T10:24:07;E_A1;entree;RIS;rapide;2026-09-28 15:00;BEST_GUESS;OK;65882;1380;67262;4425;3448
2026-09-26T10:24:07;E_A4;entree;VITRY;rapide;2026-09-28 15:00;BEST_GUESS;OK;73090;0;73090;3210;3052
2026-09-26T10:24:07;E_A4;entree;RIS;rapide;2026-09-28 15:00;BEST_GUESS;OK;92509;1380;93889;4310;3971
2026-09-26T10:24:07;E_A5;entree;VITRY;rapide;2026-09-28 15:00;BEST_GUESS;OK;82488;0;82488;3665;3626
2026-09-26T10:24:07;E_A5;entree;RIS;rapide;2026-09-28 15:00;BEST_GUESS;OK;70634;1380;72014;2890;2857
2026-09-26T10:24:07;E_A6;entree;VITRY;rapide;2026-09-28 15:00;BEST_GUESS;OK;93772;0;93772;3801;3537
2026-09-26T10:24:07;E_A6;entree;RIS;rapide;2026-09-28 15:00;BEST_GUESS;OK;72354;1380;73734;2693;2642
2026-09-26T10:24:07;E_A10;entree;VITRY;rapide;2026-09-28 15:00;BEST_GUESS;OK;62958;0;62958;3045;2617
2026-09-26T10:24:07;E_A10;entree;RIS;rapide;2026-09-28 15:00;BEST_GUESS;OK;59203;1380;60583;2557;2411
2026-09-26T10:24:07;E_A11;entree;VITRY;rapide;2026-09-28 15:00;BEST_GUESS;OK;62192;0;62192;3218;2733
2026-09-26T10:24:07;E_A11;entree;RIS;rapide;2026-09-28 15:00;BEST_GUESS;OK;58437;1380;59817;2731;2526
2026-09-26T10:24:07;E_A13;entree;VITRY;rapide;2026-09-28 15:00;BEST_GUESS;OK;92461;0;92461;4216;3778
2026-09-26T10:24:07;E_A13;entree;RIS;rapide;2026-09-28 15:00;BEST_GUESS;OK;99218;1380;100598;4624;4096
2026-09-26T10:24:07;E_A16;entree;VITRY;rapide;2026-09-28 15:00;BEST_GUESS;OK;69185;0;69185;4233;3564
2026-09-26T10:24:07;E_A16;entree;RIS;rapide;2026-09-28 15:00;BEST_GUESS;OK;89679;1380;91059;5138;4332
2026-09-26T10:24:07;IDF1;site;VITRY;rapide;2026-09-28 15:00;BEST_GUESS;OK;41890;0;41890;3462;2841
2026-09-26T10:24:07;IDF1;site;RIS;rapide;2026-09-28 15:00;BEST_GUESS;OK;58951;1380;60331;4757;3731
2026-09-26T10:24:07;IDF2;site;VITRY;rapide;2026-09-28 15:00;BEST_GUESS;OK;35448;0;35448;2306;2082
2026-09-26T10:24:07;IDF2;site;RIS;rapide;2026-09-28 15:00;BEST_GUESS;OK;14026;1380;15406;1232;1177
2026-09-26T10:24:07;IDF3;site;VITRY;rapide;2026-09-28 15:00;BEST_GUESS;OK;66563;0;66563;4610;3895
2026-09-26T10:24:07;IDF3;site;RIS;rapide;2026-09-28 15:00;BEST_GUESS;OK;90870;1380;92250;5538;4706
2026-09-26T10:24:07;IDF4;site;VITRY;rapide;2026-09-28 15:00;BEST_GUESS;OK;31174;0;31174;2760;2409
2026-09-26T10:24:07;IDF4;site;RIS;rapide;2026-09-28 15:00;BEST_GUESS;OK;48236;1380;49616;4040;3299
2026-09-26T10:24:07;IDF5;site;VITRY;rapide;2026-09-28 15:00;BEST_GUESS;OK;27596;0;27596;3115;2840
2026-09-26T10:24:07;IDF5;site;RIS;rapide;2026-09-28 15:00;BEST_GUESS;OK;48346;1380;49726;4252;3517
2026-09-26T10:24:07;IDF6;site;VITRY;rapide;2026-09-28 15:00;BEST_GUESS;OK;41449;0;41449;3267;2811
2026-09-26T10:24:07;IDF6;site;RIS;rapide;2026-09-28 15:00;BEST_GUESS;OK;57321;1380;58701;3714;3170
2026-09-26T10:24:07;IDF7;site;VITRY;rapide;2026-09-28 15:00;BEST_GUESS;OK;40735;0;40735;3136;2678
2026-09-26T10:24:07;IDF7;site;RIS;rapide;2026-09-28 15:00;BEST_GUESS;OK;56204;1380;57584;3568;3049
2026-09-26T10:24:07;IDF8;site;VITRY;rapide;2026-09-28 15:00;BEST_GUESS;OK;45059;0;45059;2605;2489
2026-09-26T10:24:07;IDF8;site;RIS;rapide;2026-09-28 15:00;BEST_GUESS;OK;64478;1380;65858;3705;3408
2026-09-26T10:24:07;IDF9;site;VITRY;rapide;2026-09-28 15:00;BEST_GUESS;OK;46751;0;46751;3498;2980
2026-09-26T10:24:07;IDF9;site;RIS;rapide;2026-09-28 15:00;BEST_GUESS;OK;53507;1380;54887;3867;3297
2026-09-26T10:24:07;IDF10;site;VITRY;rapide;2026-09-28 15:00;BEST_GUESS;OK;34363;0;34363;2928;2348
2026-09-26T10:24:07;IDF10;site;RIS;rapide;2026-09-28 15:00;BEST_GUESS;OK;51425;1380;52805;4211;3238
2026-09-26T10:24:07;IDF11;site;VITRY;rapide;2026-09-28 15:00;BEST_GUESS;OK;49468;0;49468;2500;2370
2026-09-26T10:24:07;IDF11;site;RIS;rapide;2026-09-28 15:00;BEST_GUESS;OK;68887;1380;70267;3596;3288
2026-09-26T10:24:07;IDF12;site;VITRY;rapide;2026-09-28 15:00;BEST_GUESS;OK;11529;0;11529;1074;1049
2026-09-26T10:24:07;IDF12;site;RIS;rapide;2026-09-28 15:00;BEST_GUESS;OK;14828;1380;16208;2029;1956
2026-09-26T10:24:07;IDF13;site;VITRY;rapide;2026-09-28 15:00;BEST_GUESS;OK;38905;0;38905;2560;2536
2026-09-26T10:24:07;IDF13;site;RIS;rapide;2026-09-28 15:00;BEST_GUESS;OK;32603;1380;33983;2119;2015
2026-09-26T10:24:07;IDF14;site;VITRY;rapide;2026-09-28 15:00;BEST_GUESS;OK;7703;0;7703;1256;1243
2026-09-26T10:24:07;IDF14;site;RIS;rapide;2026-09-28 15:00;BEST_GUESS;OK;10572;1380;11952;1360;1306
2026-09-26T10:24:07;IDF15;site;VITRY;rapide;2026-09-28 15:00;BEST_GUESS;OK;46693;0;46693;2810;2492
2026-09-26T10:24:07;IDF15;site;RIS;rapide;2026-09-28 15:00;BEST_GUESS;OK;53449;1380;54829;3172;2809
2026-09-26T10:24:07;HDF1;site;VITRY;rapide;2026-09-28 15:00;BEST_GUESS;OK;210106;0;210106;10099;9101
2026-09-26T10:24:07;HDF1;site;RIS;rapide;2026-09-28 15:00;BEST_GUESS;OK;227168;1380;228548;11662;9991
2026-09-26T10:24:07;HDF2;site;VITRY;rapide;2026-09-28 15:00;BEST_GUESS;OK;203649;0;203649;8948;7989
2026-09-26T10:24:07;HDF2;site;RIS;rapide;2026-09-28 15:00;BEST_GUESS;OK;220711;1380;222091;10534;8880
2026-09-26T10:24:07;HDF3;site;VITRY;rapide;2026-09-28 15:00;BEST_GUESS;OK;251636;0;251636;11284;10124
2026-09-26T10:24:07;HDF3;site;RIS;rapide;2026-09-28 15:00;BEST_GUESS;OK;268698;1380;270078;12662;11014
2026-09-26T10:24:07;HDF4;site;VITRY;rapide;2026-09-28 15:00;BEST_GUESS;OK;203647;0;203647;9126;8114
2026-09-26T10:24:07;HDF4;site;RIS;rapide;2026-09-28 15:00;BEST_GUESS;OK;220709;1380;222089;10684;9004
2026-09-26T10:24:07;HDF5;site;VITRY;rapide;2026-09-28 15:00;BEST_GUESS;OK;224456;0;224456;9844;8841
2026-09-26T10:24:07;HDF5;site;RIS;rapide;2026-09-28 15:00;BEST_GUESS;OK;241519;1380;242899;11373;9732
2026-09-26T10:24:07;NOR1;site;VITRY;rapide;2026-09-28 15:00;BEST_GUESS;OK;209946;0;209946;8639;7853
2026-09-26T10:24:07;NOR1;site;RIS;rapide;2026-09-28 15:00;BEST_GUESS;OK;216703;1380;218083;9065;8170
2026-09-26T10:24:07;NOR2;site;VITRY;rapide;2026-09-28 15:00;BEST_GUESS;OK;139338;0;139338;6088;5440
2026-09-26T10:24:07;NOR2;site;RIS;rapide;2026-09-28 15:00;BEST_GUESS;OK;146094;1380;147474;6559;5757
2026-09-26T10:24:07;NOR3;site;VITRY;rapide;2026-09-28 15:00;BEST_GUESS;OK;134270;0;134270;6241;5551
2026-09-26T10:24:07;NOR3;site;RIS;rapide;2026-09-28 15:00;BEST_GUESS;OK;141027;1380;142407;6694;5868
2026-09-26T10:24:07;CVL1;site;VITRY;rapide;2026-09-28 15:00;BEST_GUESS;OK;226354;0;226354;8711;8187
2026-09-26T10:24:07;CVL1;site;RIS;rapide;2026-09-28 15:00;BEST_GUESS;OK;222599;1380;223979;8250;7982
2026-09-26T10:24:07;CVL2;site;VITRY;rapide;2026-09-28 15:00;BEST_GUESS;OK;262174;0;262174;10818;10181
2026-09-26T10:24:07;CVL2;site;RIS;rapide;2026-09-28 15:00;BEST_GUESS;OK;258419;1380;259799;10345;9975
2026-09-26T10:24:07;CVL3;site;VITRY;rapide;2026-09-28 15:00;BEST_GUESS;OK;130619;0;130619;5764;5212
2026-09-26T10:24:07;CVL3;site;RIS;rapide;2026-09-28 15:00;BEST_GUESS;OK;126864;1380;128244;5258;5006
2026-09-26T10:24:07;GE1;site;VITRY;rapide;2026-09-28 15:00;BEST_GUESS;OK;185285;0;185285;7068;6915
2026-09-26T10:24:07;GE1;site;RIS;rapide;2026-09-28 15:00;BEST_GUESS;OK;204704;1380;206084;8326;7834
2026-09-26T10:24:07;BFC1;site;VITRY;rapide;2026-09-28 15:00;BEST_GUESS;OK;312203;0;312203;11165;10719
2026-09-26T10:24:07;BFC1;site;RIS;rapide;2026-09-28 15:00;BEST_GUESS;OK;290785;1380;292165;9832;9824
2026-09-26T10:24:07;E_A1;entree;RIS;acces_impose;2026-09-28 15:00;BEST_GUESS;OK;67584;1380;68964;4440;3457
2026-09-26T10:24:07;E_A1;entree;RIS;impose_ouest;2026-09-28 15:00;BEST_GUESS;OK;86345;1380;87725;5559;4305
2026-09-26T10:24:07;E_A4;entree;RIS;acces_impose;2026-09-28 15:00;BEST_GUESS;OK;95907;1380;97287;4249;3915
2026-09-26T10:24:07;E_A4;entree;RIS;impose_est;2026-09-28 15:00;BEST_GUESS;OK;95907;1380;97287;4249;3915
2026-09-26T10:24:08;E_A5;entree;RIS;acces_impose;2026-09-28 15:00;BEST_GUESS;OK;74032;1380;75412;2839;2802
2026-09-26T10:24:08;E_A5;entree;RIS;impose_est;2026-09-28 15:00;BEST_GUESS;OK;74032;1380;75412;2839;2802
2026-09-26T10:24:08;E_A6;entree;RIS;acces_impose;2026-09-28 15:00;BEST_GUESS;OK;72354;1380;73734;2693;2641
2026-09-26T10:24:08;E_A6;entree;RIS;impose_est;2026-09-28 15:00;BEST_GUESS;OK;86270;1380;87650;3416;3292
2026-09-26T10:24:08;E_A10;entree;RIS;acces_impose;2026-09-28 15:00;BEST_GUESS;OK;59203;1380;60583;2557;2411
2026-09-26T10:24:09;E_A10;entree;RIS;impose_ouest;2026-09-28 15:00;BEST_GUESS;OK;59203;1380;60583;2557;2411
2026-09-26T10:24:09;E_A11;entree;RIS;acces_impose;2026-09-28 15:00;BEST_GUESS;OK;58437;1380;59817;2730;2527
2026-09-26T10:24:09;E_A11;entree;RIS;impose_ouest;2026-09-28 15:00;BEST_GUESS;OK;58437;1380;59817;2730;2527
2026-09-26T10:24:09;E_A13;entree;RIS;acces_impose;2026-09-28 15:00;BEST_GUESS;OK;100919;1380;102299;4637;4105
2026-09-26T10:24:09;E_A13;entree;RIS;impose_ouest;2026-09-28 15:00;BEST_GUESS;OK;115696;1380;117076;5077;4740
2026-09-26T10:24:09;E_A16;entree;RIS;acces_impose;2026-09-28 15:00;BEST_GUESS;OK;91380;1380;92760;5151;4341
2026-09-26T10:24:10;E_A16;entree;RIS;impose_ouest;2026-09-28 15:00;BEST_GUESS;OK;106157;1380;107537;5581;4977
2026-09-26T10:24:10;IDF1;site;RIS;acces_impose;2026-09-28 15:00;BEST_GUESS;OK;60653;1380;62033;4770;3740
2026-09-26T10:24:10;IDF1;site;RIS;impose_ouest;2026-09-28 15:00;BEST_GUESS;OK;79415;1380;80795;5896;4588
2026-09-26T10:24:10;IDF2;site;RIS;acces_impose;2026-09-28 15:00;BEST_GUESS;OK;14026;1380;15406;1232;1177
2026-09-26T10:24:11;IDF2;site;RIS;impose_ouest;2026-09-28 15:00;BEST_GUESS;OK;23176;1380;24556;1720;1590
2026-09-26T10:24:11;IDF3;site;RIS;acces_impose;2026-09-28 15:00;BEST_GUESS;OK;92571;1380;93951;5544;4715
2026-09-26T10:24:11;IDF3;site;RIS;impose_ouest;2026-09-28 15:00;BEST_GUESS;OK;107348;1380;108728;5969;5350
2026-09-26T10:24:11;IDF4;site;RIS;acces_impose;2026-09-28 15:00;BEST_GUESS;OK;49937;1380;51317;4049;3308
2026-09-26T10:24:11;IDF4;site;RIS;impose_ouest;2026-09-28 15:00;BEST_GUESS;OK;68699;1380;70079;5122;4155
2026-09-26T10:24:12;IDF5;site;RIS;acces_impose;2026-09-28 15:00;BEST_GUESS;OK;50047;1380;51427;4262;3526
2026-09-26T10:24:12;IDF5;site;RIS;impose_ouest;2026-09-28 15:00;BEST_GUESS;OK;68809;1380;70189;5343;4374
2026-09-26T10:24:12;IDF6;site;RIS;acces_impose;2026-09-28 15:00;BEST_GUESS;OK;59022;1380;60402;3723;3179
2026-09-26T10:24:14;IDF6;site;RIS;impose_ouest;2026-09-28 15:00;BEST_GUESS;OK;73799;1380;75179;4192;3814
2026-09-26T10:24:14;IDF7;site;RIS;acces_impose;2026-09-28 15:00;BEST_GUESS;OK;57906;1380;59286;3577;3058
2026-09-26T10:24:14;IDF7;site;RIS;impose_ouest;2026-09-28 15:00;BEST_GUESS;OK;72682;1380;74062;4045;3693
2026-09-26T10:24:15;IDF8;site;RIS;acces_impose;2026-09-28 15:00;BEST_GUESS;OK;67876;1380;69256;3644;3352
2026-09-26T10:24:15;IDF8;site;RIS;impose_est;2026-09-28 15:00;BEST_GUESS;OK;67876;1380;69256;3644;3352
2026-09-26T10:24:15;IDF9;site;RIS;acces_impose;2026-09-28 15:00;BEST_GUESS;OK;55209;1380;56589;3876;3306
2026-09-26T10:24:15;IDF9;site;RIS;impose_ouest;2026-09-28 15:00;BEST_GUESS;OK;69985;1380;71365;4308;3941
2026-09-26T10:24:15;IDF10;site;RIS;acces_impose;2026-09-28 15:00;BEST_GUESS;OK;53126;1380;54506;4221;3247
2026-09-26T10:24:16;IDF10;site;RIS;impose_ouest;2026-09-28 15:00;BEST_GUESS;OK;71888;1380;73268;5297;4094
2026-09-26T10:24:16;IDF11;site;RIS;acces_impose;2026-09-28 15:00;BEST_GUESS;OK;72285;1380;73665;3542;3233
2026-09-26T10:24:16;IDF11;site;RIS;impose_est;2026-09-28 15:00;BEST_GUESS;OK;72285;1380;73665;3542;3233
2026-09-26T10:24:16;IDF12;site;RIS;acces_impose;2026-09-28 15:00;BEST_GUESS;OK;34869;1380;36249;2389;2106
2026-09-26T10:24:16;IDF12;site;RIS;impose_est;2026-09-28 15:00;BEST_GUESS;OK;32483;1380;33863;2402;2372
2026-09-26T10:24:17;IDF13;site;RIS;acces_impose;2026-09-28 15:00;BEST_GUESS;OK;36001;1380;37381;2046;1960
2026-09-26T10:24:17;IDF13;site;RIS;impose_est;2026-09-28 15:00;BEST_GUESS;OK;36001;1380;37381;2046;1960
2026-09-26T10:24:17;IDF14;site;RIS;acces_impose;2026-09-28 15:00;BEST_GUESS;OK;16078;1380;17458;1988;1912
2026-09-26T10:24:17;IDF14;site;RIS;impose_est;2026-09-28 15:00;BEST_GUESS;OK;33504;1380;34884;2153;2057
2026-09-26T10:24:17;IDF15;site;RIS;acces_impose;2026-09-28 15:00;BEST_GUESS;OK;55151;1380;56531;3183;2819
2026-09-26T10:24:18;IDF15;site;RIS;impose_ouest;2026-09-28 15:00;BEST_GUESS;OK;69927;1380;71307;3651;3454
2026-09-26T10:24:18;HDF1;site;RIS;acces_impose;2026-09-28 15:00;BEST_GUESS;OK;228870;1380;230250;11662;10000
2026-09-26T10:24:19;HDF1;site;RIS;impose_est;2026-09-28 15:00;BEST_GUESS;OK;224950;1380;226330;11233;10145
2026-09-26T10:24:19;HDF2;site;RIS;acces_impose;2026-09-28 15:00;BEST_GUESS;OK;222412;1380;223792;10539;8889
2026-09-26T10:24:19;HDF2;site;RIS;impose_ouest;2026-09-28 15:00;BEST_GUESS;OK;241174;1380;242554;11653;9736
2026-09-26T10:24:20;HDF3;site;RIS;acces_impose;2026-09-28 15:00;BEST_GUESS;OK;270399;1380;271779;12655;11024
2026-09-26T10:24:20;HDF3;site;RIS;impose_ouest;2026-09-28 15:00;BEST_GUESS;OK;289161;1380;290541;13637;11871
2026-09-26T10:24:20;HDF4;site;RIS;acces_impose;2026-09-28 15:00;BEST_GUESS;OK;222410;1380;223790;10684;9013
2026-09-26T10:24:20;HDF4;site;RIS;impose_ouest;2026-09-28 15:00;BEST_GUESS;OK;241172;1380;242552;11797;9861
2026-09-26T10:24:21;HDF5;site;RIS;acces_impose;2026-09-28 15:00;BEST_GUESS;OK;243220;1380;244600;11375;9741
2026-09-26T10:24:21;HDF5;site;RIS;impose_ouest;2026-09-28 15:00;BEST_GUESS;OK;261982;1380;263362;12445;10588
2026-09-26T10:24:21;NOR1;site;RIS;acces_impose;2026-09-28 15:00;BEST_GUESS;OK;218404;1380;219784;9075;8179
2026-09-26T10:24:22;NOR1;site;RIS;impose_ouest;2026-09-28 15:00;BEST_GUESS;OK;233181;1380;234561;9505;8814
2026-09-26T10:24:22;NOR2;site;RIS;acces_impose;2026-09-28 15:00;BEST_GUESS;OK;147795;1380;149175;6562;5767
2026-09-26T10:24:22;NOR2;site;RIS;impose_ouest;2026-09-28 15:00;BEST_GUESS;OK;162572;1380;163952;6944;6402
2026-09-26T10:24:22;NOR3;site;RIS;acces_impose;2026-09-28 15:00;BEST_GUESS;OK;142728;1380;144108;6697;5877
2026-09-26T10:24:23;NOR3;site;RIS;impose_ouest;2026-09-28 15:00;BEST_GUESS;OK;157505;1380;158885;7138;6512
2026-09-26T10:24:23;CVL1;site;RIS;acces_impose;2026-09-28 15:00;BEST_GUESS;OK;222599;1380;223979;8250;7981
2026-09-26T10:24:23;CVL1;site;RIS;impose_ouest;2026-09-28 15:00;BEST_GUESS;OK;222599;1380;223979;8250;7981
2026-09-26T10:24:23;CVL2;site;RIS;acces_impose;2026-09-28 15:00;BEST_GUESS;OK;258419;1380;259799;10345;9975
2026-09-26T10:24:24;CVL2;site;RIS;impose_ouest;2026-09-28 15:00;BEST_GUESS;OK;258419;1380;259799;10345;9975
2026-09-26T10:24:24;CVL3;site;RIS;acces_impose;2026-09-28 15:00;BEST_GUESS;OK;126864;1380;128244;5258;5006
2026-09-26T10:24:24;CVL3;site;RIS;impose_ouest;2026-09-28 15:00;BEST_GUESS;OK;126864;1380;128244;5258;5006
2026-09-26T10:24:24;GE1;site;RIS;acces_impose;2026-09-28 15:00;BEST_GUESS;OK;208102;1380;209482;8332;7779
2026-09-26T10:24:25;GE1;site;RIS;impose_est;2026-09-28 15:00;BEST_GUESS;OK;208102;1380;209482;8332;7779
2026-09-26T10:24:25;BFC1;site;RIS;acces_impose;2026-09-28 15:00;BEST_GUESS;OK;290785;1380;292165;9832;9823
2026-09-26T10:24:25;BFC1;site;RIS;impose_est;2026-09-28 15:00;BEST_GUESS;OK;304701;1380;306081;10793;10474
2026-09-26T10:24:25;E_A1;entree;VITRY;rapide;2026-09-28 16:00;BEST_GUESS;OK;48820;0;48820;3435;2558
2026-09-26T10:24:25;E_A1;entree;RIS;rapide;2026-09-28 16:00;BEST_GUESS;OK;65882;1380;67262;4830;3448
2026-09-26T10:24:25;E_A4;entree;VITRY;rapide;2026-09-28 16:00;BEST_GUESS;OK;73090;0;73090;3200;3052
2026-09-26T10:24:25;E_A4;entree;RIS;rapide;2026-09-28 16:00;BEST_GUESS;OK;92509;1380;93889;4451;3971
2026-09-26T10:24:25;E_A5;entree;VITRY;rapide;2026-09-28 16:00;BEST_GUESS;OK;82488;0;82488;3676;3626
2026-09-26T10:24:25;E_A5;entree;RIS;rapide;2026-09-28 16:00;BEST_GUESS;OK;70634;1380;72014;2957;2857
2026-09-26T10:24:25;E_A6;entree;VITRY;rapide;2026-09-28 16:00;BEST_GUESS;OK;93772;0;93772;4034;3537
2026-09-26T10:24:25;E_A6;entree;RIS;rapide;2026-09-28 16:00;BEST_GUESS;OK;72354;1380;73734;2728;2642
2026-09-26T10:24:25;E_A10;entree;VITRY;rapide;2026-09-28 16:00;BEST_GUESS;OK;62958;0;62958;3211;2617
2026-09-26T10:24:25;E_A10;entree;RIS;rapide;2026-09-28 16:00;BEST_GUESS;OK;59203;1380;60583;2783;2411
2026-09-26T10:24:25;E_A11;entree;VITRY;rapide;2026-09-28 16:00;BEST_GUESS;OK;62192;0;62192;3387;2733
2026-09-26T10:24:25;E_A11;entree;RIS;rapide;2026-09-28 16:00;BEST_GUESS;OK;58437;1380;59817;2946;2528
2026-09-26T10:24:25;E_A13;entree;VITRY;rapide;2026-09-28 16:00;BEST_GUESS;OK;92461;0;92461;4455;3779
2026-09-26T10:24:25;E_A13;entree;RIS;rapide;2026-09-28 16:00;BEST_GUESS;OK;99218;1380;100598;4803;4096
2026-09-26T10:24:25;E_A16;entree;VITRY;rapide;2026-09-28 16:00;BEST_GUESS;OK;69185;0;69185;4502;3564
2026-09-26T10:24:25;E_A16;entree;RIS;rapide;2026-09-28 16:00;BEST_GUESS;OK;89679;1380;91059;5277;4332
2026-09-26T10:24:25;IDF1;site;VITRY;rapide;2026-09-28 16:00;BEST_GUESS;OK;41890;0;41890;3843;2841
2026-09-26T10:24:25;IDF1;site;RIS;rapide;2026-09-28 16:00;BEST_GUESS;OK;58952;1380;60332;5250;3731
2026-09-26T10:24:25;IDF2;site;VITRY;rapide;2026-09-28 16:00;BEST_GUESS;OK;35448;0;35448;2493;2082
2026-09-26T10:24:25;IDF2;site;RIS;rapide;2026-09-28 16:00;BEST_GUESS;OK;14026;1380;15406;1247;1177
2026-09-26T10:24:25;IDF3;site;VITRY;rapide;2026-09-28 16:00;BEST_GUESS;OK;66563;0;66563;4837;3895
2026-09-26T10:24:25;IDF3;site;RIS;rapide;2026-09-28 16:00;BEST_GUESS;OK;90870;1380;92250;5699;4706
2026-09-26T10:24:25;IDF4;site;VITRY;rapide;2026-09-28 16:00;BEST_GUESS;OK;31174;0;31174;3036;2409
2026-09-26T10:24:25;IDF4;site;RIS;rapide;2026-09-28 16:00;BEST_GUESS;OK;48236;1380;49616;4451;3299
2026-09-26T10:24:25;IDF5;site;VITRY;rapide;2026-09-28 16:00;BEST_GUESS;OK;27596;0;27596;3261;2840
2026-09-26T10:24:25;IDF5;site;RIS;rapide;2026-09-28 16:00;BEST_GUESS;OK;48346;1380;49726;4525;3517
2026-09-26T10:24:25;IDF6;site;VITRY;rapide;2026-09-28 16:00;BEST_GUESS;OK;41449;0;41449;3544;2811
2026-09-26T10:24:25;IDF6;site;RIS;rapide;2026-09-28 16:00;BEST_GUESS;OK;57321;1380;58701;4068;3170
2026-09-26T10:24:25;IDF7;site;VITRY;rapide;2026-09-28 16:00;BEST_GUESS;OK;40735;0;40735;3378;2678
2026-09-26T10:24:25;IDF7;site;RIS;rapide;2026-09-28 16:00;BEST_GUESS;OK;56204;1380;57584;3890;3049
2026-09-26T10:24:25;IDF8;site;VITRY;rapide;2026-09-28 16:00;BEST_GUESS;OK;45059;0;45059;2639;2489
2026-09-26T10:24:25;IDF8;site;RIS;rapide;2026-09-28 16:00;BEST_GUESS;OK;64478;1380;65858;3873;3408
2026-09-26T10:24:25;IDF9;site;VITRY;rapide;2026-09-28 16:00;BEST_GUESS;OK;46751;0;46751;3719;2980
2026-09-26T10:24:25;IDF9;site;RIS;rapide;2026-09-28 16:00;BEST_GUESS;OK;53507;1380;54887;4114;3297
2026-09-26T10:24:25;IDF10;site;VITRY;rapide;2026-09-28 16:00;BEST_GUESS;OK;34363;0;34363;3209;2348
2026-09-26T10:24:25;IDF10;site;RIS;rapide;2026-09-28 16:00;BEST_GUESS;OK;51425;1380;52805;4624;3238
2026-09-26T10:24:25;IDF11;site;VITRY;rapide;2026-09-28 16:00;BEST_GUESS;OK;49468;0;49468;2501;2370
2026-09-26T10:24:25;IDF11;site;RIS;rapide;2026-09-28 16:00;BEST_GUESS;OK;68887;1380;70267;3729;3288
2026-09-26T10:24:25;IDF12;site;VITRY;rapide;2026-09-28 16:00;BEST_GUESS;OK;11529;0;11529;1107;1049
2026-09-26T10:24:25;IDF12;site;RIS;rapide;2026-09-28 16:00;BEST_GUESS;OK;14828;1380;16208;2101;1955
2026-09-26T10:24:25;IDF13;site;VITRY;rapide;2026-09-28 16:00;BEST_GUESS;OK;38905;0;38905;2607;2536
2026-09-26T10:24:25;IDF13;site;RIS;rapide;2026-09-28 16:00;BEST_GUESS;OK;32603;1380;33983;2189;2015
2026-09-26T10:24:25;IDF14;site;VITRY;rapide;2026-09-28 16:00;BEST_GUESS;OK;7704;0;7704;1269;1243
2026-09-26T10:24:25;IDF14;site;RIS;rapide;2026-09-28 16:00;BEST_GUESS;OK;10572;1380;11952;1381;1306
2026-09-26T10:24:25;IDF15;site;VITRY;rapide;2026-09-28 16:00;BEST_GUESS;OK;46693;0;46693;3070;2492
2026-09-26T10:24:25;IDF15;site;RIS;rapide;2026-09-28 16:00;BEST_GUESS;OK;53449;1380;54829;3476;2809
2026-09-26T10:24:25;HDF1;site;VITRY;rapide;2026-09-28 16:00;BEST_GUESS;OK;210106;0;210106;10017;9101
2026-09-26T10:24:25;HDF1;site;RIS;rapide;2026-09-28 16:00;BEST_GUESS;OK;227168;1380;228548;11226;9991
2026-09-26T10:24:25;HDF2;site;VITRY;rapide;2026-09-28 16:00;BEST_GUESS;OK;203649;0;203649;9011;7989
2026-09-26T10:24:25;HDF2;site;RIS;rapide;2026-09-28 16:00;BEST_GUESS;OK;220711;1380;222091;10300;8880
2026-09-26T10:24:25;HDF3;site;VITRY;rapide;2026-09-28 16:00;BEST_GUESS;OK;251636;0;251636;10985;10124
2026-09-26T10:24:25;HDF3;site;RIS;rapide;2026-09-28 16:00;BEST_GUESS;OK;268698;1380;270078;12120;11014
2026-09-26T10:24:25;HDF4;site;VITRY;rapide;2026-09-28 16:00;BEST_GUESS;OK;203647;0;203647;9162;8114
2026-09-26T10:24:25;HDF4;site;RIS;rapide;2026-09-28 16:00;BEST_GUESS;OK;220709;1380;222089;10449;9004
2026-09-26T10:24:25;HDF5;site;VITRY;rapide;2026-09-28 16:00;BEST_GUESS;OK;224457;0;224457;9774;8842
2026-09-26T10:24:25;HDF5;site;RIS;rapide;2026-09-28 16:00;BEST_GUESS;OK;241519;1380;242899;11002;9732
2026-09-26T10:24:25;NOR1;site;VITRY;rapide;2026-09-28 16:00;BEST_GUESS;OK;209946;0;209946;8610;7853
2026-09-26T10:24:25;NOR1;site;RIS;rapide;2026-09-28 16:00;BEST_GUESS;OK;216703;1380;218083;9117;8170
2026-09-26T10:24:25;NOR2;site;VITRY;rapide;2026-09-28 16:00;BEST_GUESS;OK;139338;0;139338;6206;5440
2026-09-26T10:24:25;NOR2;site;RIS;rapide;2026-09-28 16:00;BEST_GUESS;OK;146094;1380;147474;6722;5757
2026-09-26T10:24:25;NOR3;site;VITRY;rapide;2026-09-28 16:00;BEST_GUESS;OK;134270;0;134270;6341;5551
2026-09-26T10:24:25;NOR3;site;RIS;rapide;2026-09-28 16:00;BEST_GUESS;OK;141027;1380;142407;6874;5868
2026-09-26T10:24:25;CVL1;site;VITRY;rapide;2026-09-28 16:00;BEST_GUESS;OK;226354;0;226354;8640;8187
2026-09-26T10:24:25;CVL1;site;RIS;rapide;2026-09-28 16:00;BEST_GUESS;OK;222599;1380;223979;8316;7982
2026-09-26T10:24:25;CVL2;site;VITRY;rapide;2026-09-28 16:00;BEST_GUESS;OK;262174;0;262174;10541;10181
2026-09-26T10:24:25;CVL2;site;RIS;rapide;2026-09-28 16:00;BEST_GUESS;OK;258419;1380;259799;10159;9975
2026-09-26T10:24:25;CVL3;site;VITRY;rapide;2026-09-28 16:00;BEST_GUESS;OK;130619;0;130619;5797;5212
2026-09-26T10:24:25;CVL3;site;RIS;rapide;2026-09-28 16:00;BEST_GUESS;OK;126864;1380;128244;5341;5006
2026-09-26T10:24:25;GE1;site;VITRY;rapide;2026-09-28 16:00;BEST_GUESS;OK;185285;0;185285;7134;6915
2026-09-26T10:24:25;GE1;site;RIS;rapide;2026-09-28 16:00;BEST_GUESS;OK;204704;1380;206084;8223;7834
2026-09-26T10:24:25;BFC1;site;VITRY;rapide;2026-09-28 16:00;BEST_GUESS;OK;312203;0;312203;10937;10719
2026-09-26T10:24:25;BFC1;site;RIS;rapide;2026-09-28 16:00;BEST_GUESS;OK;290785;1380;292165;9770;9824
2026-09-26T10:24:26;E_A1;entree;RIS;acces_impose;2026-09-28 16:00;BEST_GUESS;OK;67584;1380;68964;4845;3457
2026-09-26T10:24:26;E_A1;entree;RIS;impose_ouest;2026-09-28 16:00;BEST_GUESS;OK;86345;1380;87725;5969;4305
2026-09-26T10:24:26;E_A4;entree;RIS;acces_impose;2026-09-28 16:00;BEST_GUESS;OK;95907;1380;97287;4448;3915
2026-09-26T10:24:27;E_A4;entree;RIS;impose_est;2026-09-28 16:00;BEST_GUESS;OK;95907;1380;97287;4448;3915
2026-09-26T10:24:27;E_A5;entree;RIS;acces_impose;2026-09-28 16:00;BEST_GUESS;OK;74032;1380;75412;2968;2802
2026-09-26T10:24:27;E_A5;entree;RIS;impose_est;2026-09-28 16:00;BEST_GUESS;OK;74032;1380;75412;2968;2802
2026-09-26T10:24:27;E_A6;entree;RIS;acces_impose;2026-09-28 16:00;BEST_GUESS;OK;72354;1380;73734;2728;2641
2026-09-26T10:24:27;E_A6;entree;RIS;impose_est;2026-09-28 16:00;BEST_GUESS;OK;86270;1380;87650;3576;3292
2026-09-26T10:24:27;E_A10;entree;RIS;acces_impose;2026-09-28 16:00;BEST_GUESS;OK;59203;1380;60583;2783;2411
2026-09-26T10:24:28;E_A10;entree;RIS;impose_ouest;2026-09-28 16:00;BEST_GUESS;OK;59203;1380;60583;2783;2411
2026-09-26T10:24:28;E_A11;entree;RIS;acces_impose;2026-09-28 16:00;BEST_GUESS;OK;58437;1380;59817;2946;2527
2026-09-26T10:24:28;E_A11;entree;RIS;impose_ouest;2026-09-28 16:00;BEST_GUESS;OK;58437;1380;59817;2946;2527
2026-09-26T10:24:28;E_A13;entree;RIS;acces_impose;2026-09-28 16:00;BEST_GUESS;OK;100919;1380;102299;4818;4105
2026-09-26T10:24:28;E_A13;entree;RIS;impose_ouest;2026-09-28 16:00;BEST_GUESS;OK;115696;1380;117076;5364;4740
2026-09-26T10:24:29;E_A16;entree;RIS;acces_impose;2026-09-28 16:00;BEST_GUESS;OK;91380;1380;92760;5289;4341
2026-09-26T10:24:29;E_A16;entree;RIS;impose_ouest;2026-09-28 16:00;BEST_GUESS;OK;106157;1380;107537;5749;4977
2026-09-26T10:24:29;IDF1;site;RIS;acces_impose;2026-09-28 16:00;BEST_GUESS;OK;60653;1380;62033;5262;3740
2026-09-26T10:24:29;IDF1;site;RIS;impose_ouest;2026-09-28 16:00;BEST_GUESS;OK;79415;1380;80795;6411;4588
2026-09-26T10:24:30;IDF2;site;RIS;acces_impose;2026-09-28 16:00;BEST_GUESS;OK;14026;1380;15406;1247;1177
2026-09-26T10:24:30;IDF2;site;RIS;impose_ouest;2026-09-28 16:00;BEST_GUESS;OK;23176;1380;24556;1855;1590
2026-09-26T10:24:30;IDF3;site;RIS;acces_impose;2026-09-28 16:00;BEST_GUESS;OK;92571;1380;93951;5709;4715
2026-09-26T10:24:30;IDF3;site;RIS;impose_ouest;2026-09-28 16:00;BEST_GUESS;OK;107348;1380;108728;6120;5350
2026-09-26T10:24:30;IDF4;site;RIS;acces_impose;2026-09-28 16:00;BEST_GUESS;OK;49937;1380;51317;4467;3308
2026-09-26T10:24:30;IDF4;site;RIS;impose_ouest;2026-09-28 16:00;BEST_GUESS;OK;68699;1380;70079;5602;4155
2026-09-26T10:24:31;IDF5;site;RIS;acces_impose;2026-09-28 16:00;BEST_GUESS;OK;50047;1380;51427;4540;3526
2026-09-26T10:24:31;IDF5;site;RIS;impose_ouest;2026-09-28 16:00;BEST_GUESS;OK;68809;1380;70189;5669;4374
2026-09-26T10:24:31;IDF6;site;RIS;acces_impose;2026-09-28 16:00;BEST_GUESS;OK;59022;1380;60402;4078;3179
2026-09-26T10:24:31;IDF6;site;RIS;impose_ouest;2026-09-28 16:00;BEST_GUESS;OK;73799;1380;75179;4581;3814
2026-09-26T10:24:32;IDF7;site;RIS;acces_impose;2026-09-28 16:00;BEST_GUESS;OK;57906;1380;59286;3899;3058
2026-09-26T10:24:32;IDF7;site;RIS;impose_ouest;2026-09-28 16:00;BEST_GUESS;OK;72682;1380;74062;4362;3693
2026-09-26T10:24:32;IDF8;site;RIS;acces_impose;2026-09-28 16:00;BEST_GUESS;OK;67876;1380;69256;3866;3352
2026-09-26T10:24:32;IDF8;site;RIS;impose_est;2026-09-28 16:00;BEST_GUESS;OK;67876;1380;69256;3866;3352
2026-09-26T10:24:32;IDF9;site;RIS;acces_impose;2026-09-28 16:00;BEST_GUESS;OK;55209;1380;56589;4124;3306
2026-09-26T10:24:33;IDF9;site;RIS;impose_ouest;2026-09-28 16:00;BEST_GUESS;OK;69985;1380;71365;4623;3941
2026-09-26T10:24:33;IDF10;site;RIS;acces_impose;2026-09-28 16:00;BEST_GUESS;OK;53126;1380;54506;4638;3247
2026-09-26T10:24:33;IDF10;site;RIS;impose_ouest;2026-09-28 16:00;BEST_GUESS;OK;71888;1380;73268;5756;4094
2026-09-26T10:24:33;IDF11;site;RIS;acces_impose;2026-09-28 16:00;BEST_GUESS;OK;72285;1380;73665;3722;3233
2026-09-26T10:24:33;IDF11;site;RIS;impose_est;2026-09-28 16:00;BEST_GUESS;OK;72285;1380;73665;3722;3233
2026-09-26T10:24:34;IDF12;site;RIS;acces_impose;2026-09-28 16:00;BEST_GUESS;OK;34869;1380;36249;2703;2106
2026-09-26T10:24:34;IDF12;site;RIS;impose_est;2026-09-28 16:00;BEST_GUESS;OK;32483;1380;33863;2553;2372
2026-09-26T10:24:34;IDF13;site;RIS;acces_impose;2026-09-28 16:00;BEST_GUESS;OK;36001;1380;37381;2186;1960
2026-09-26T10:24:34;IDF13;site;RIS;impose_est;2026-09-28 16:00;BEST_GUESS;OK;36001;1380;37381;2186;1960
2026-09-26T10:24:34;IDF14;site;RIS;acces_impose;2026-09-28 16:00;BEST_GUESS;OK;16078;1380;17458;2025;1912
2026-09-26T10:24:34;IDF14;site;RIS;impose_est;2026-09-28 16:00;BEST_GUESS;OK;33504;1380;34884;2271;2057
2026-09-26T10:24:35;IDF15;site;RIS;acces_impose;2026-09-28 16:00;BEST_GUESS;OK;55151;1380;56531;3485;2819
2026-09-26T10:24:35;IDF15;site;RIS;impose_ouest;2026-09-28 16:00;BEST_GUESS;OK;69927;1380;71307;3977;3454
2026-09-26T10:24:35;HDF1;site;RIS;acces_impose;2026-09-28 16:00;BEST_GUESS;OK;228870;1380;230250;11214;10000
2026-09-26T10:24:35;HDF1;site;RIS;impose_est;2026-09-28 16:00;BEST_GUESS;OK;224950;1380;226330;11008;10145
2026-09-26T10:24:36;HDF2;site;RIS;acces_impose;2026-09-28 16:00;BEST_GUESS;OK;222412;1380;223792;10290;8889
2026-09-26T10:24:36;HDF2;site;RIS;impose_ouest;2026-09-28 16:00;BEST_GUESS;OK;241174;1380;242554;11219;9736
2026-09-26T10:24:36;HDF3;site;RIS;acces_impose;2026-09-28 16:00;BEST_GUESS;OK;270399;1380;271779;12109;11024
2026-09-26T10:24:37;HDF3;site;RIS;impose_ouest;2026-09-28 16:00;BEST_GUESS;OK;289161;1380;290541;12935;11871
2026-09-26T10:24:37;HDF4;site;RIS;acces_impose;2026-09-28 16:00;BEST_GUESS;OK;222410;1380;223790;10436;9013
2026-09-26T10:24:37;HDF4;site;RIS;impose_ouest;2026-09-28 16:00;BEST_GUESS;OK;241172;1380;242552;11365;9861
2026-09-26T10:24:37;HDF5;site;RIS;acces_impose;2026-09-28 16:00;BEST_GUESS;OK;243220;1380;244600;10990;9741
2026-09-26T10:24:38;HDF5;site;RIS;impose_ouest;2026-09-28 16:00;BEST_GUESS;OK;261982;1380;263362;11887;10588
2026-09-26T10:24:38;NOR1;site;RIS;acces_impose;2026-09-28 16:00;BEST_GUESS;OK;218404;1380;219784;9109;8179
2026-09-26T10:24:38;NOR1;site;RIS;impose_ouest;2026-09-28 16:00;BEST_GUESS;OK;233181;1380;234561;9496;8814
2026-09-26T10:24:39;NOR2;site;RIS;acces_impose;2026-09-28 16:00;BEST_GUESS;OK;147795;1380;149175;6729;5767
2026-09-26T10:24:39;NOR2;site;RIS;impose_ouest;2026-09-28 16:00;BEST_GUESS;OK;162572;1380;163952;7090;6402
2026-09-26T10:24:39;NOR3;site;RIS;acces_impose;2026-09-28 16:00;BEST_GUESS;OK;142728;1380;144108;6880;5877
2026-09-26T10:24:39;NOR3;site;RIS;impose_ouest;2026-09-28 16:00;BEST_GUESS;OK;157505;1380;158885;7225;6512
2026-09-26T10:24:39;CVL1;site;RIS;acces_impose;2026-09-28 16:00;BEST_GUESS;OK;222599;1380;223979;8316;7981
2026-09-26T10:24:40;CVL1;site;RIS;impose_ouest;2026-09-28 16:00;BEST_GUESS;OK;222599;1380;223979;8316;7981
2026-09-26T10:24:40;CVL2;site;RIS;acces_impose;2026-09-28 16:00;BEST_GUESS;OK;258419;1380;259799;10159;9975
2026-09-26T10:24:40;CVL2;site;RIS;impose_ouest;2026-09-28 16:00;BEST_GUESS;OK;258419;1380;259799;10159;9975
2026-09-26T10:24:41;CVL3;site;RIS;acces_impose;2026-09-28 16:00;BEST_GUESS;OK;126864;1380;128244;5341;5006
2026-09-26T10:24:41;CVL3;site;RIS;impose_ouest;2026-09-28 16:00;BEST_GUESS;OK;126864;1380;128244;5341;5006
2026-09-26T10:24:41;GE1;site;RIS;acces_impose;2026-09-28 16:00;BEST_GUESS;OK;208102;1380;209482;8225;7779
2026-09-26T10:24:41;GE1;site;RIS;impose_est;2026-09-28 16:00;BEST_GUESS;OK;208102;1380;209482;8225;7779
2026-09-26T10:24:41;BFC1;site;RIS;acces_impose;2026-09-28 16:00;BEST_GUESS;OK;290785;1380;292165;9770;9823
2026-09-26T10:24:42;BFC1;site;RIS;impose_est;2026-09-28 16:00;BEST_GUESS;OK;304701;1380;306081;10563;10474
2026-09-26T10:24:42;E_A1;entree;VITRY;rapide;2026-09-28 17:00;BEST_GUESS;OK;48820;0;48820;3472;2558
2026-09-26T10:24:42;E_A1;entree;RIS;rapide;2026-09-28 17:00;BEST_GUESS;OK;65882;1380;67262;4997;3448
2026-09-26T10:24:42;E_A4;entree;VITRY;rapide;2026-09-28 17:00;BEST_GUESS;OK;73090;0;73090;3313;3052
2026-09-26T10:24:42;E_A4;entree;RIS;rapide;2026-09-28 17:00;BEST_GUESS;OK;92509;1380;93889;4450;3971
2026-09-26T10:24:42;E_A5;entree;VITRY;rapide;2026-09-28 17:00;BEST_GUESS;OK;82488;0;82488;3749;3626
2026-09-26T10:24:42;E_A5;entree;RIS;rapide;2026-09-28 17:00;BEST_GUESS;OK;70634;1380;72014;3067;2857
2026-09-26T10:24:42;E_A6;entree;VITRY;rapide;2026-09-28 17:00;BEST_GUESS;OK;93772;0;93772;4065;3536
2026-09-26T10:24:42;E_A6;entree;RIS;rapide;2026-09-28 17:00;BEST_GUESS;OK;72354;1380;73734;2740;2642
2026-09-26T10:24:42;E_A10;entree;VITRY;rapide;2026-09-28 17:00;BEST_GUESS;OK;62958;0;62958;3217;2617
2026-09-26T10:24:42;E_A10;entree;RIS;rapide;2026-09-28 17:00;BEST_GUESS;OK;59203;1380;60583;2775;2411
2026-09-26T10:24:42;E_A11;entree;VITRY;rapide;2026-09-28 17:00;BEST_GUESS;OK;62192;0;62192;3423;2733
2026-09-26T10:24:42;E_A11;entree;RIS;rapide;2026-09-28 17:00;BEST_GUESS;OK;58437;1380;59817;2961;2528
2026-09-26T10:24:42;E_A13;entree;VITRY;rapide;2026-09-28 17:00;BEST_GUESS;OK;92461;0;92461;4512;3779
2026-09-26T10:24:42;E_A13;entree;RIS;rapide;2026-09-28 17:00;BEST_GUESS;OK;99218;1380;100598;5041;4096
2026-09-26T10:24:42;E_A16;entree;VITRY;rapide;2026-09-28 17:00;BEST_GUESS;OK;69185;0;69185;4576;3564
2026-09-26T10:24:42;E_A16;entree;RIS;rapide;2026-09-28 17:00;BEST_GUESS;OK;89679;1380;91059;5458;4332
2026-09-26T10:24:42;IDF1;site;VITRY;rapide;2026-09-28 17:00;BEST_GUESS;OK;41890;0;41890;3871;2841
2026-09-26T10:24:42;IDF1;site;RIS;rapide;2026-09-28 17:00;BEST_GUESS;OK;58952;1380;60332;5271;3731
2026-09-26T10:24:42;IDF2;site;VITRY;rapide;2026-09-28 17:00;BEST_GUESS;OK;35448;0;35448;2636;2082
2026-09-26T10:24:42;IDF2;site;RIS;rapide;2026-09-28 17:00;BEST_GUESS;OK;14026;1380;15406;1311;1177
2026-09-26T10:24:42;IDF3;site;VITRY;rapide;2026-09-28 17:00;BEST_GUESS;OK;66563;0;66563;4844;3895
2026-09-26T10:24:42;IDF3;site;RIS;rapide;2026-09-28 17:00;BEST_GUESS;OK;90870;1380;92250;5813;4706
2026-09-26T10:24:42;IDF4;site;VITRY;rapide;2026-09-28 17:00;BEST_GUESS;OK;31174;0;31174;3287;2409
2026-09-26T10:24:42;IDF4;site;RIS;rapide;2026-09-28 17:00;BEST_GUESS;OK;48236;1380;49616;4826;3299
2026-09-26T10:24:42;IDF5;site;VITRY;rapide;2026-09-28 17:00;BEST_GUESS;OK;27596;0;27596;3425;2840
2026-09-26T10:24:42;IDF5;site;RIS;rapide;2026-09-28 17:00;BEST_GUESS;OK;48346;1380;49726;4876;3517
2026-09-26T10:24:42;IDF6;site;VITRY;rapide;2026-09-28 17:00;BEST_GUESS;OK;41449;0;41449;3803;2811
2026-09-26T10:24:42;IDF6;site;RIS;rapide;2026-09-28 17:00;BEST_GUESS;OK;57321;1380;58701;4328;3170
2026-09-26T10:24:42;IDF7;site;VITRY;rapide;2026-09-28 17:00;BEST_GUESS;OK;40735;0;40735;3638;2678
2026-09-26T10:24:42;IDF7;site;RIS;rapide;2026-09-28 17:00;BEST_GUESS;OK;56204;1380;57584;4114;3049
2026-09-26T10:24:42;IDF8;site;VITRY;rapide;2026-09-28 17:00;BEST_GUESS;OK;45059;0;45059;2725;2489
2026-09-26T10:24:42;IDF8;site;RIS;rapide;2026-09-28 17:00;BEST_GUESS;OK;64478;1380;65858;3893;3408
2026-09-26T10:24:42;IDF9;site;VITRY;rapide;2026-09-28 17:00;BEST_GUESS;OK;46751;0;46751;3831;2980
2026-09-26T10:24:42;IDF9;site;RIS;rapide;2026-09-28 17:00;BEST_GUESS;OK;53507;1380;54887;4388;3297
2026-09-26T10:24:42;IDF10;site;VITRY;rapide;2026-09-28 17:00;BEST_GUESS;OK;34363;0;34363;3283;2348
2026-09-26T10:24:42;IDF10;site;RIS;rapide;2026-09-28 17:00;BEST_GUESS;OK;51425;1380;52805;4822;3238
2026-09-26T10:24:42;IDF11;site;VITRY;rapide;2026-09-28 17:00;BEST_GUESS;OK;49468;0;49468;2614;2370
2026-09-26T10:24:42;IDF11;site;RIS;rapide;2026-09-28 17:00;BEST_GUESS;OK;68887;1380;70267;3784;3288
2026-09-26T10:24:42;IDF12;site;VITRY;rapide;2026-09-28 17:00;BEST_GUESS;OK;11528;0;11528;1121;1049
2026-09-26T10:24:42;IDF12;site;RIS;rapide;2026-09-28 17:00;BEST_GUESS;OK;14828;1380;16208;2224;1956
2026-09-26T10:24:42;IDF13;site;VITRY;rapide;2026-09-28 17:00;BEST_GUESS;OK;38905;0;38905;2677;2536
2026-09-26T10:24:42;IDF13;site;RIS;rapide;2026-09-28 17:00;BEST_GUESS;OK;32603;1380;33983;2294;2015
2026-09-26T10:24:42;IDF14;site;VITRY;rapide;2026-09-28 17:00;BEST_GUESS;OK;7704;0;7704;1332;1243
2026-09-26T10:24:42;IDF14;site;RIS;rapide;2026-09-28 17:00;BEST_GUESS;OK;10572;1380;11952;1440;1306
2026-09-26T10:24:42;IDF15;site;VITRY;rapide;2026-09-28 17:00;BEST_GUESS;OK;46693;0;46693;3161;2492
2026-09-26T10:24:42;IDF15;site;RIS;rapide;2026-09-28 17:00;BEST_GUESS;OK;53449;1380;54829;3709;2809
2026-09-26T10:24:42;HDF1;site;VITRY;rapide;2026-09-28 17:00;BEST_GUESS;OK;210106;0;210106;9711;9101
2026-09-26T10:24:42;HDF1;site;RIS;rapide;2026-09-28 17:00;BEST_GUESS;OK;227168;1380;228548;10714;9991
2026-09-26T10:24:42;HDF2;site;VITRY;rapide;2026-09-28 17:00;BEST_GUESS;OK;203649;0;203649;8733;7989
2026-09-26T10:24:42;HDF2;site;RIS;rapide;2026-09-28 17:00;BEST_GUESS;OK;220711;1380;222091;9733;8880
2026-09-26T10:24:42;HDF3;site;VITRY;rapide;2026-09-28 17:00;BEST_GUESS;OK;251636;0;251636;10714;10124
2026-09-26T10:24:42;HDF3;site;RIS;rapide;2026-09-28 17:00;BEST_GUESS;OK;268698;1380;270078;11643;11014
2026-09-26T10:24:42;HDF4;site;VITRY;rapide;2026-09-28 17:00;BEST_GUESS;OK;203647;0;203647;8880;8114
2026-09-26T10:24:42;HDF4;site;RIS;rapide;2026-09-28 17:00;BEST_GUESS;OK;220709;1380;222089;9875;9004
2026-09-26T10:24:42;HDF5;site;VITRY;rapide;2026-09-28 17:00;BEST_GUESS;OK;224457;0;224457;9540;8842
2026-09-26T10:24:42;HDF5;site;RIS;rapide;2026-09-28 17:00;BEST_GUESS;OK;241519;1380;242899;10550;9732
2026-09-26T10:24:42;NOR1;site;VITRY;rapide;2026-09-28 17:00;BEST_GUESS;OK;209946;0;209946;8317;7851
2026-09-26T10:24:42;NOR1;site;RIS;rapide;2026-09-28 17:00;BEST_GUESS;OK;216703;1380;218083;8660;8170
2026-09-26T10:24:42;NOR2;site;VITRY;rapide;2026-09-28 17:00;BEST_GUESS;OK;139338;0;139338;6044;5440
2026-09-26T10:24:42;NOR2;site;RIS;rapide;2026-09-28 17:00;BEST_GUESS;OK;146094;1380;147474;6507;5757
2026-09-26T10:24:42;NOR3;site;VITRY;rapide;2026-09-28 17:00;BEST_GUESS;OK;134270;0;134270;6248;5551
2026-09-26T10:24:42;NOR3;site;RIS;rapide;2026-09-28 17:00;BEST_GUESS;OK;141027;1380;142407;6687;5868
2026-09-26T10:24:42;CVL1;site;VITRY;rapide;2026-09-28 17:00;BEST_GUESS;OK;226354;0;226354;8331;8187
2026-09-26T10:24:42;CVL1;site;RIS;rapide;2026-09-28 17:00;BEST_GUESS;OK;222599;1380;223979;7981;7982
2026-09-26T10:24:42;CVL2;site;VITRY;rapide;2026-09-28 17:00;BEST_GUESS;OK;262174;0;262174;10220;10181
2026-09-26T10:24:42;CVL2;site;RIS;rapide;2026-09-28 17:00;BEST_GUESS;OK;258419;1380;259799;9893;9975
2026-09-26T10:24:42;CVL3;site;VITRY;rapide;2026-09-28 17:00;BEST_GUESS;OK;130619;0;130619;5645;5212
2026-09-26T10:24:42;CVL3;site;RIS;rapide;2026-09-28 17:00;BEST_GUESS;OK;126864;1380;128244;5331;5006
2026-09-26T10:24:42;GE1;site;VITRY;rapide;2026-09-28 17:00;BEST_GUESS;OK;185285;0;185285;7076;6915
2026-09-26T10:24:42;GE1;site;RIS;rapide;2026-09-28 17:00;BEST_GUESS;OK;204704;1380;206084;8119;7834
2026-09-26T10:24:42;BFC1;site;VITRY;rapide;2026-09-28 17:00;BEST_GUESS;OK;312203;0;312203;10704;10719
2026-09-26T10:24:42;BFC1;site;RIS;rapide;2026-09-28 17:00;BEST_GUESS;OK;290785;1380;292165;9753;9824
2026-09-26T10:24:42;E_A1;entree;RIS;acces_impose;2026-09-28 17:00;BEST_GUESS;OK;67584;1380;68964;4995;3457
2026-09-26T10:24:43;E_A1;entree;RIS;impose_ouest;2026-09-28 17:00;BEST_GUESS;OK;86345;1380;87725;5986;4305
2026-09-26T10:24:43;E_A4;entree;RIS;acces_impose;2026-09-28 17:00;BEST_GUESS;OK;95907;1380;97287;4447;3915
2026-09-26T10:24:43;E_A4;entree;RIS;impose_est;2026-09-28 17:00;BEST_GUESS;OK;95907;1380;97287;4447;3915
2026-09-26T10:24:43;E_A5;entree;RIS;acces_impose;2026-09-28 17:00;BEST_GUESS;OK;74032;1380;75412;3093;2802
2026-09-26T10:24:43;E_A5;entree;RIS;impose_est;2026-09-28 17:00;BEST_GUESS;OK;74032;1380;75412;3093;2802
2026-09-26T10:24:44;E_A6;entree;RIS;acces_impose;2026-09-28 17:00;BEST_GUESS;OK;72354;1380;73734;2740;2641
2026-09-26T10:24:44;E_A6;entree;RIS;impose_est;2026-09-28 17:00;BEST_GUESS;OK;86270;1380;87650;3676;3292
2026-09-26T10:24:44;E_A10;entree;RIS;acces_impose;2026-09-28 17:00;BEST_GUESS;OK;59203;1380;60583;2775;2411
2026-09-26T10:24:44;E_A10;entree;RIS;impose_ouest;2026-09-28 17:00;BEST_GUESS;OK;59203;1380;60583;2775;2411
2026-09-26T10:24:44;E_A11;entree;RIS;acces_impose;2026-09-28 17:00;BEST_GUESS;OK;58437;1380;59817;2961;2527
2026-09-26T10:24:45;E_A11;entree;RIS;impose_ouest;2026-09-28 17:00;BEST_GUESS;OK;58437;1380;59817;2961;2527
2026-09-26T10:24:45;E_A13;entree;RIS;acces_impose;2026-09-28 17:00;BEST_GUESS;OK;100919;1380;102299;5037;4105
2026-09-26T10:24:45;E_A13;entree;RIS;impose_ouest;2026-09-28 17:00;BEST_GUESS;OK;115696;1380;117076;5408;4740
2026-09-26T10:24:45;E_A16;entree;RIS;acces_impose;2026-09-28 17:00;BEST_GUESS;OK;91380;1380;92760;5451;4341
2026-09-26T10:24:45;E_A16;entree;RIS;impose_ouest;2026-09-28 17:00;BEST_GUESS;OK;106157;1380;107537;5838;4977
2026-09-26T10:24:46;IDF1;site;RIS;acces_impose;2026-09-28 17:00;BEST_GUESS;OK;60653;1380;62033;5266;3740
2026-09-26T10:24:46;IDF1;site;RIS;impose_ouest;2026-09-28 17:00;BEST_GUESS;OK;79415;1380;80795;6249;4588
2026-09-26T10:24:46;IDF2;site;RIS;acces_impose;2026-09-28 17:00;BEST_GUESS;OK;14026;1380;15406;1311;1177
2026-09-26T10:24:46;IDF2;site;RIS;impose_ouest;2026-09-28 17:00;BEST_GUESS;OK;23176;1380;24556;1864;1590
2026-09-26T10:24:46;IDF3;site;RIS;acces_impose;2026-09-28 17:00;BEST_GUESS;OK;92571;1380;93951;5805;4715
2026-09-26T10:24:47;IDF3;site;RIS;impose_ouest;2026-09-28 17:00;BEST_GUESS;OK;107348;1380;108728;6172;5350
2026-09-26T10:24:47;IDF4;site;RIS;acces_impose;2026-09-28 17:00;BEST_GUESS;OK;49937;1380;51317;4823;3308
2026-09-26T10:24:47;IDF4;site;RIS;impose_ouest;2026-09-28 17:00;BEST_GUESS;OK;68699;1380;70079;5821;4155
2026-09-26T10:24:47;IDF5;site;RIS;acces_impose;2026-09-28 17:00;BEST_GUESS;OK;50047;1380;51427;4874;3526
2026-09-26T10:24:47;IDF5;site;RIS;impose_ouest;2026-09-28 17:00;BEST_GUESS;OK;68809;1380;70189;5869;4374
2026-09-26T10:24:48;IDF6;site;RIS;acces_impose;2026-09-28 17:00;BEST_GUESS;OK;59022;1380;60402;4330;3179
2026-09-26T10:24:48;IDF6;site;RIS;impose_ouest;2026-09-28 17:00;BEST_GUESS;OK;73799;1380;75179;4741;3814
2026-09-26T10:24:48;IDF7;site;RIS;acces_impose;2026-09-28 17:00;BEST_GUESS;OK;57906;1380;59286;4113;3058
2026-09-26T10:24:48;IDF7;site;RIS;impose_ouest;2026-09-28 17:00;BEST_GUESS;OK;72682;1380;74062;4519;3693
2026-09-26T10:24:48;IDF8;site;RIS;acces_impose;2026-09-28 17:00;BEST_GUESS;OK;67876;1380;69256;3894;3352
2026-09-26T10:24:49;IDF8;site;RIS;impose_est;2026-09-28 17:00;BEST_GUESS;OK;67876;1380;69256;3894;3352
2026-09-26T10:24:49;IDF9;site;RIS;acces_impose;2026-09-28 17:00;BEST_GUESS;OK;55209;1380;56589;4389;3306
2026-09-26T10:24:49;IDF9;site;RIS;impose_ouest;2026-09-28 17:00;BEST_GUESS;OK;69985;1380;71365;4794;3941
2026-09-26T10:24:49;IDF10;site;RIS;acces_impose;2026-09-28 17:00;BEST_GUESS;OK;53126;1380;54506;4820;3247
2026-09-26T10:24:50;IDF10;site;RIS;impose_ouest;2026-09-28 17:00;BEST_GUESS;OK;71888;1380;73268;5817;4094
2026-09-26T10:24:50;IDF11;site;RIS;acces_impose;2026-09-28 17:00;BEST_GUESS;OK;72285;1380;73665;3785;3233
2026-09-26T10:24:50;IDF11;site;RIS;impose_est;2026-09-28 17:00;BEST_GUESS;OK;72285;1380;73665;3785;3233
2026-09-26T10:24:50;IDF12;site;RIS;acces_impose;2026-09-28 17:00;BEST_GUESS;OK;34869;1380;36249;2856;2106
2026-09-26T10:24:50;IDF12;site;RIS;impose_est;2026-09-28 17:00;BEST_GUESS;OK;32483;1380;33863;2736;2372
2026-09-26T10:24:51;IDF13;site;RIS;acces_impose;2026-09-28 17:00;BEST_GUESS;OK;36001;1380;37381;2291;1960
2026-09-26T10:24:51;IDF13;site;RIS;impose_est;2026-09-28 17:00;BEST_GUESS;OK;36001;1380;37381;2291;1960
2026-09-26T10:24:51;IDF14;site;RIS;acces_impose;2026-09-28 17:00;BEST_GUESS;OK;16078;1380;17458;2126;1912
2026-09-26T10:24:51;IDF14;site;RIS;impose_est;2026-09-28 17:00;BEST_GUESS;OK;33504;1380;34884;2365;2057
2026-09-26T10:24:53;IDF15;site;RIS;acces_impose;2026-09-28 17:00;BEST_GUESS;OK;55151;1380;56531;3709;2819
2026-09-26T10:24:53;IDF15;site;RIS;impose_ouest;2026-09-28 17:00;BEST_GUESS;OK;69927;1380;71307;4132;3454
2026-09-26T10:24:53;HDF1;site;RIS;acces_impose;2026-09-28 17:00;BEST_GUESS;OK;228870;1380;230250;10710;10000
2026-09-26T10:24:53;HDF1;site;RIS;impose_est;2026-09-28 17:00;BEST_GUESS;OK;224950;1380;226330;10423;10145
2026-09-26T10:24:53;HDF2;site;RIS;acces_impose;2026-09-28 17:00;BEST_GUESS;OK;222412;1380;223792;9724;8889
2026-09-26T10:24:54;HDF2;site;RIS;impose_ouest;2026-09-28 17:00;BEST_GUESS;OK;241174;1380;242554;10538;9736
2026-09-26T10:24:54;HDF3;site;RIS;acces_impose;2026-09-28 17:00;BEST_GUESS;OK;270399;1380;271779;11648;11024
2026-09-26T10:24:54;HDF3;site;RIS;impose_ouest;2026-09-28 17:00;BEST_GUESS;OK;289161;1380;290541;12445;11871
2026-09-26T10:24:55;HDF4;site;RIS;acces_impose;2026-09-28 17:00;BEST_GUESS;OK;222410;1380;223790;9867;9013
2026-09-26T10:24:55;HDF4;site;RIS;impose_ouest;2026-09-28 17:00;BEST_GUESS;OK;241172;1380;242552;10679;9861
2026-09-26T10:24:55;HDF5;site;RIS;acces_impose;2026-09-28 17:00;BEST_GUESS;OK;243220;1380;244600;10541;9741
2026-09-26T10:24:55;HDF5;site;RIS;impose_ouest;2026-09-28 17:00;BEST_GUESS;OK;261982;1380;263362;11347;10588
2026-09-26T10:24:56;NOR1;site;RIS;acces_impose;2026-09-28 17:00;BEST_GUESS;OK;218404;1380;219784;8645;8179
2026-09-26T10:24:56;NOR1;site;RIS;impose_ouest;2026-09-28 17:00;BEST_GUESS;OK;233181;1380;234561;9106;8814
2026-09-26T10:24:56;NOR2;site;RIS;acces_impose;2026-09-28 17:00;BEST_GUESS;OK;147795;1380;149175;6496;5767
2026-09-26T10:24:56;NOR2;site;RIS;impose_ouest;2026-09-28 17:00;BEST_GUESS;OK;162572;1380;163952;6905;6402
2026-09-26T10:24:57;NOR3;site;RIS;acces_impose;2026-09-28 17:00;BEST_GUESS;OK;142728;1380;144108;6676;5877
2026-09-26T10:24:57;NOR3;site;RIS;impose_ouest;2026-09-28 17:00;BEST_GUESS;OK;157505;1380;158885;7096;6512
2026-09-26T10:24:57;CVL1;site;RIS;acces_impose;2026-09-28 17:00;BEST_GUESS;OK;222599;1380;223979;7981;7981
2026-09-26T10:24:57;CVL1;site;RIS;impose_ouest;2026-09-28 17:00;BEST_GUESS;OK;222599;1380;223979;7981;7981
2026-09-26T10:24:58;CVL2;site;RIS;acces_impose;2026-09-28 17:00;BEST_GUESS;OK;258419;1380;259799;9893;9975
2026-09-26T10:24:58;CVL2;site;RIS;impose_ouest;2026-09-28 17:00;BEST_GUESS;OK;258419;1380;259799;9893;9975
2026-09-26T10:24:58;CVL3;site;RIS;acces_impose;2026-09-28 17:00;BEST_GUESS;OK;126864;1380;128244;5331;5006
2026-09-26T10:24:58;CVL3;site;RIS;impose_ouest;2026-09-28 17:00;BEST_GUESS;OK;126864;1380;128244;5331;5006
2026-09-26T10:24:59;GE1;site;RIS;acces_impose;2026-09-28 17:00;BEST_GUESS;OK;208102;1380;209482;8059;7779
2026-09-26T10:24:59;GE1;site;RIS;impose_est;2026-09-28 17:00;BEST_GUESS;OK;208102;1380;209482;8059;7779
2026-09-26T10:24:59;BFC1;site;RIS;acces_impose;2026-09-28 17:00;BEST_GUESS;OK;290785;1380;292165;9753;9823
2026-09-26T10:24:59;BFC1;site;RIS;impose_est;2026-09-28 17:00;BEST_GUESS;OK;304701;1380;306081;10415;10474
2026-09-26T10:24:59;E_A1;entree;VITRY;rapide;2026-09-28 18:00;BEST_GUESS;OK;48820;0;48820;3320;2558
2026-09-26T10:24:59;E_A1;entree;RIS;rapide;2026-09-28 18:00;BEST_GUESS;OK;65882;1380;67262;4474;3448
2026-09-26T10:24:59;E_A4;entree;VITRY;rapide;2026-09-28 18:00;BEST_GUESS;OK;73090;0;73090;3235;3052
2026-09-26T10:24:59;E_A4;entree;RIS;rapide;2026-09-28 18:00;BEST_GUESS;OK;92509;1380;93889;4282;3971
2026-09-26T10:24:59;E_A5;entree;VITRY;rapide;2026-09-28 18:00;BEST_GUESS;OK;82488;0;82488;3629;3626
2026-09-26T10:24:59;E_A5;entree;RIS;rapide;2026-09-28 18:00;BEST_GUESS;OK;70634;1380;72014;2930;2857
2026-09-26T10:24:59;E_A6;entree;VITRY;rapide;2026-09-28 18:00;BEST_GUESS;OK;93772;0;93772;3810;3537
2026-09-26T10:24:59;E_A6;entree;RIS;rapide;2026-09-28 18:00;BEST_GUESS;OK;72353;1380;73733;2660;2641
2026-09-26T10:24:59;E_A10;entree;VITRY;rapide;2026-09-28 18:00;BEST_GUESS;OK;62958;0;62958;2995;2617
2026-09-26T10:24:59;E_A10;entree;RIS;rapide;2026-09-28 18:00;BEST_GUESS;OK;59203;1380;60583;2632;2411
2026-09-26T10:24:59;E_A11;entree;VITRY;rapide;2026-09-28 18:00;BEST_GUESS;OK;62192;0;62192;3132;2733
2026-09-26T10:24:59;E_A11;entree;RIS;rapide;2026-09-28 18:00;BEST_GUESS;OK;58437;1380;59817;2774;2528
2026-09-26T10:24:59;E_A13;entree;VITRY;rapide;2026-09-28 18:00;BEST_GUESS;OK;92461;0;92461;4252;3779
2026-09-26T10:24:59;E_A13;entree;RIS;rapide;2026-09-28 18:00;BEST_GUESS;OK;99218;1380;100598;4604;4096
2026-09-26T10:24:59;E_A16;entree;VITRY;rapide;2026-09-28 18:00;BEST_GUESS;OK;69185;0;69185;4298;3564
2026-09-26T10:24:59;E_A16;entree;RIS;rapide;2026-09-28 18:00;BEST_GUESS;OK;89679;1380;91059;5043;4332
2026-09-26T10:24:59;IDF1;site;VITRY;rapide;2026-09-28 18:00;BEST_GUESS;OK;41890;0;41890;3610;2841
2026-09-26T10:24:59;IDF1;site;RIS;rapide;2026-09-28 18:00;BEST_GUESS;OK;58952;1380;60332;4764;3731
2026-09-26T10:24:59;IDF2;site;VITRY;rapide;2026-09-28 18:00;BEST_GUESS;OK;35448;0;35448;2480;2082
2026-09-26T10:24:59;IDF2;site;RIS;rapide;2026-09-28 18:00;BEST_GUESS;OK;14026;1380;15406;1284;1177
2026-09-26T10:24:59;IDF3;site;VITRY;rapide;2026-09-28 18:00;BEST_GUESS;OK;66563;0;66563;4587;3895
2026-09-26T10:24:59;IDF3;site;RIS;rapide;2026-09-28 18:00;BEST_GUESS;OK;90870;1380;92250;5363;4706
2026-09-26T10:24:59;IDF4;site;VITRY;rapide;2026-09-28 18:00;BEST_GUESS;OK;31174;0;31174;3144;2409
2026-09-26T10:24:59;IDF4;site;RIS;rapide;2026-09-28 18:00;BEST_GUESS;OK;48236;1380;49616;4297;3299
2026-09-26T10:24:59;IDF5;site;VITRY;rapide;2026-09-28 18:00;BEST_GUESS;OK;27596;0;27596;3335;2840
2026-09-26T10:24:59;IDF5;site;RIS;rapide;2026-09-28 18:00;BEST_GUESS;OK;48346;1380;49726;4367;3517
2026-09-26T10:24:59;IDF6;site;VITRY;rapide;2026-09-28 18:00;BEST_GUESS;OK;41449;0;41449;3576;2811
2026-09-26T10:24:59;IDF6;site;RIS;rapide;2026-09-28 18:00;BEST_GUESS;OK;57321;1380;58701;4056;3170
2026-09-26T10:24:59;IDF7;site;VITRY;rapide;2026-09-28 18:00;BEST_GUESS;OK;40735;0;40735;3477;2678
2026-09-26T10:24:59;IDF7;site;RIS;rapide;2026-09-28 18:00;BEST_GUESS;OK;56204;1380;57584;3820;3049
2026-09-26T10:24:59;IDF8;site;VITRY;rapide;2026-09-28 18:00;BEST_GUESS;OK;45059;0;45059;2718;2489
2026-09-26T10:24:59;IDF8;site;RIS;rapide;2026-09-28 18:00;BEST_GUESS;OK;64478;1380;65858;3760;3408
2026-09-26T10:24:59;IDF9;site;VITRY;rapide;2026-09-28 18:00;BEST_GUESS;OK;46751;0;46751;3672;2980
2026-09-26T10:24:59;IDF9;site;RIS;rapide;2026-09-28 18:00;BEST_GUESS;OK;53507;1380;54887;4059;3297
2026-09-26T10:24:59;IDF10;site;VITRY;rapide;2026-09-28 18:00;BEST_GUESS;OK;34363;0;34363;3148;2348
2026-09-26T10:24:59;IDF10;site;RIS;rapide;2026-09-28 18:00;BEST_GUESS;OK;51425;1380;52805;4301;3238
2026-09-26T10:24:59;IDF11;site;VITRY;rapide;2026-09-28 18:00;BEST_GUESS;OK;49468;0;49468;2589;2370
2026-09-26T10:24:59;IDF11;site;RIS;rapide;2026-09-28 18:00;BEST_GUESS;OK;68887;1380;70267;3633;3288
2026-09-26T10:24:59;IDF12;site;VITRY;rapide;2026-09-28 18:00;BEST_GUESS;OK;11529;0;11529;1102;1049
2026-09-26T10:24:59;IDF12;site;RIS;rapide;2026-09-28 18:00;BEST_GUESS;OK;14828;1380;16208;2148;1956
2026-09-26T10:24:59;IDF13;site;VITRY;rapide;2026-09-28 18:00;BEST_GUESS;OK;38905;0;38905;2606;2536
2026-09-26T10:24:59;IDF13;site;RIS;rapide;2026-09-28 18:00;BEST_GUESS;OK;32603;1380;33983;2165;2015
2026-09-26T10:24:59;IDF14;site;VITRY;rapide;2026-09-28 18:00;BEST_GUESS;OK;7704;0;7704;1338;1243
2026-09-26T10:24:59;IDF14;site;RIS;rapide;2026-09-28 18:00;BEST_GUESS;OK;10572;1380;11952;1392;1306
2026-09-26T10:24:59;IDF15;site;VITRY;rapide;2026-09-28 18:00;BEST_GUESS;OK;46693;0;46693;3046;2492
2026-09-26T10:24:59;IDF15;site;RIS;rapide;2026-09-28 18:00;BEST_GUESS;OK;53449;1380;54829;3433;2809
2026-09-26T10:24:59;HDF1;site;VITRY;rapide;2026-09-28 18:00;BEST_GUESS;OK;210106;0;210106;9137;9101
2026-09-26T10:24:59;HDF1;site;RIS;rapide;2026-09-28 18:00;BEST_GUESS;OK;227168;1380;228548;10060;9991
2026-09-26T10:24:59;HDF2;site;VITRY;rapide;2026-09-28 18:00;BEST_GUESS;OK;203648;0;203648;8374;7989
2026-09-26T10:24:59;HDF2;site;RIS;rapide;2026-09-28 18:00;BEST_GUESS;OK;220711;1380;222091;9295;8880
2026-09-26T10:24:59;HDF3;site;VITRY;rapide;2026-09-28 18:00;BEST_GUESS;OK;251636;0;251636;10073;10124
2026-09-26T10:24:59;HDF3;site;RIS;rapide;2026-09-28 18:00;BEST_GUESS;OK;268698;1380;270078;10992;11014
2026-09-26T10:24:59;HDF4;site;VITRY;rapide;2026-09-28 18:00;BEST_GUESS;OK;203647;0;203647;8513;8114
2026-09-26T10:24:59;HDF4;site;RIS;rapide;2026-09-28 18:00;BEST_GUESS;OK;220709;1380;222089;9406;9004
2026-09-26T10:24:59;HDF5;site;VITRY;rapide;2026-09-28 18:00;BEST_GUESS;OK;224457;0;224457;9020;8842
2026-09-26T10:24:59;HDF5;site;RIS;rapide;2026-09-28 18:00;BEST_GUESS;OK;241519;1380;242899;9959;9732
2026-09-26T10:24:59;NOR1;site;VITRY;rapide;2026-09-28 18:00;BEST_GUESS;OK;209946;0;209946;7844;7853
2026-09-26T10:24:59;NOR1;site;RIS;rapide;2026-09-28 18:00;BEST_GUESS;OK;216703;1380;218083;8140;8170
2026-09-26T10:24:59;NOR2;site;VITRY;rapide;2026-09-28 18:00;BEST_GUESS;OK;139338;0;139338;5746;5440
2026-09-26T10:24:59;NOR2;site;RIS;rapide;2026-09-28 18:00;BEST_GUESS;OK;146094;1380;147474;6045;5757
2026-09-26T10:24:59;NOR3;site;VITRY;rapide;2026-09-28 18:00;BEST_GUESS;OK;134270;0;134270;5847;5551
2026-09-26T10:24:59;NOR3;site;RIS;rapide;2026-09-28 18:00;BEST_GUESS;OK;141027;1380;142407;6142;5868
2026-09-26T10:24:59;CVL1;site;VITRY;rapide;2026-09-28 18:00;BEST_GUESS;OK;226354;0;226354;8044;8187
2026-09-26T10:24:59;CVL1;site;RIS;rapide;2026-09-28 18:00;BEST_GUESS;OK;222599;1380;223979;7809;7982
2026-09-26T10:24:59;CVL2;site;VITRY;rapide;2026-09-28 18:00;BEST_GUESS;OK;262174;0;262174;9926;10181
2026-09-26T10:24:59;CVL2;site;RIS;rapide;2026-09-28 18:00;BEST_GUESS;OK;258419;1380;259799;9750;9975
2026-09-26T10:24:59;CVL3;site;VITRY;rapide;2026-09-28 18:00;BEST_GUESS;OK;130619;0;130619;5379;5212
2026-09-26T10:24:59;CVL3;site;RIS;rapide;2026-09-28 18:00;BEST_GUESS;OK;126863;1380;128243;5015;5005
2026-09-26T10:24:59;GE1;site;VITRY;rapide;2026-09-28 18:00;BEST_GUESS;OK;185285;0;185285;6855;6915
2026-09-26T10:24:59;GE1;site;RIS;rapide;2026-09-28 18:00;BEST_GUESS;OK;204704;1380;206084;7816;7834
2026-09-26T10:24:59;BFC1;site;VITRY;rapide;2026-09-28 18:00;BEST_GUESS;OK;312202;0;312202;10529;10718
2026-09-26T10:24:59;BFC1;site;RIS;rapide;2026-09-28 18:00;BEST_GUESS;OK;290785;1380;292165;9657;9824
2026-09-26T10:25:00;E_A1;entree;RIS;acces_impose;2026-09-28 18:00;BEST_GUESS;OK;67584;1380;68964;4464;3457
2026-09-26T10:25:00;E_A1;entree;RIS;impose_ouest;2026-09-28 18:00;BEST_GUESS;OK;86345;1380;87725;5312;4305
2026-09-26T10:25:00;E_A4;entree;RIS;acces_impose;2026-09-28 18:00;BEST_GUESS;OK;95907;1380;97287;4228;3915
2026-09-26T10:25:00;E_A4;entree;RIS;impose_est;2026-09-28 18:00;BEST_GUESS;OK;95907;1380;97287;4228;3915
2026-09-26T10:25:01;E_A5;entree;RIS;acces_impose;2026-09-28 18:00;BEST_GUESS;OK;74032;1380;75412;2896;2802
2026-09-26T10:25:01;E_A5;entree;RIS;impose_est;2026-09-28 18:00;BEST_GUESS;OK;74032;1380;75412;2896;2802
2026-09-26T10:25:01;E_A6;entree;RIS;acces_impose;2026-09-28 18:00;BEST_GUESS;OK;72354;1380;73734;2660;2641
2026-09-26T10:25:01;E_A6;entree;RIS;impose_est;2026-09-28 18:00;BEST_GUESS;OK;86270;1380;87650;3454;3292
2026-09-26T10:25:01;E_A10;entree;RIS;acces_impose;2026-09-28 18:00;BEST_GUESS;OK;59203;1380;60583;2632;2411
2026-09-26T10:25:02;E_A10;entree;RIS;impose_ouest;2026-09-28 18:00;BEST_GUESS;OK;59203;1380;60583;2632;2411
2026-09-26T10:25:02;E_A11;entree;RIS;acces_impose;2026-09-28 18:00;BEST_GUESS;OK;58437;1380;59817;2774;2527
2026-09-26T10:25:02;E_A11;entree;RIS;impose_ouest;2026-09-28 18:00;BEST_GUESS;OK;58437;1380;59817;2774;2527
2026-09-26T10:25:02;E_A13;entree;RIS;acces_impose;2026-09-28 18:00;BEST_GUESS;OK;100919;1380;102299;4594;4105
2026-09-26T10:25:02;E_A13;entree;RIS;impose_ouest;2026-09-28 18:00;BEST_GUESS;OK;115696;1380;117076;5009;4740
2026-09-26T10:25:03;E_A16;entree;RIS;acces_impose;2026-09-28 18:00;BEST_GUESS;OK;91380;1380;92760;5031;4341
2026-09-26T10:25:03;E_A16;entree;RIS;impose_ouest;2026-09-28 18:00;BEST_GUESS;OK;106157;1380;107537;5490;4977
2026-09-26T10:25:03;IDF1;site;RIS;acces_impose;2026-09-28 18:00;BEST_GUESS;OK;60653;1380;62033;4754;3740
2026-09-26T10:25:03;IDF1;site;RIS;impose_ouest;2026-09-28 18:00;BEST_GUESS;OK;79415;1380;80795;5583;4588
2026-09-26T10:25:03;IDF2;site;RIS;acces_impose;2026-09-28 18:00;BEST_GUESS;OK;14026;1380;15406;1284;1177
2026-09-26T10:25:04;IDF2;site;RIS;impose_ouest;2026-09-28 18:00;BEST_GUESS;OK;23176;1380;24556;1784;1590
2026-09-26T10:25:04;IDF3;site;RIS;acces_impose;2026-09-28 18:00;BEST_GUESS;OK;92571;1380;93951;5350;4715
2026-09-26T10:25:04;IDF3;site;RIS;impose_ouest;2026-09-28 18:00;BEST_GUESS;OK;107348;1380;108728;5823;5350
2026-09-26T10:25:04;IDF4;site;RIS;acces_impose;2026-09-28 18:00;BEST_GUESS;OK;49937;1380;51317;4290;3308
2026-09-26T10:25:04;IDF4;site;RIS;impose_ouest;2026-09-28 18:00;BEST_GUESS;OK;68699;1380;70079;5156;4155
2026-09-26T10:25:05;IDF5;site;RIS;acces_impose;2026-09-28 18:00;BEST_GUESS;OK;50047;1380;51427;4360;3526
2026-09-26T10:25:05;IDF5;site;RIS;impose_ouest;2026-09-28 18:00;BEST_GUESS;OK;68809;1380;70189;5212;4374
2026-09-26T10:25:05;IDF6;site;RIS;acces_impose;2026-09-28 18:00;BEST_GUESS;OK;59022;1380;60402;4045;3179
2026-09-26T10:25:05;IDF6;site;RIS;impose_ouest;2026-09-28 18:00;BEST_GUESS;OK;73799;1380;75179;4465;3814
2026-09-26T10:25:05;IDF7;site;RIS;acces_impose;2026-09-28 18:00;BEST_GUESS;OK;57906;1380;59286;3809;3058
2026-09-26T10:25:06;IDF7;site;RIS;impose_ouest;2026-09-28 18:00;BEST_GUESS;OK;72682;1380;74062;4269;3693
2026-09-26T10:25:06;IDF8;site;RIS;acces_impose;2026-09-28 18:00;BEST_GUESS;OK;67876;1380;69256;3707;3352
2026-09-26T10:25:06;IDF8;site;RIS;impose_est;2026-09-28 18:00;BEST_GUESS;OK;67876;1380;69256;3707;3352
2026-09-26T10:25:06;IDF9;site;RIS;acces_impose;2026-09-28 18:00;BEST_GUESS;OK;55209;1380;56589;4047;3306
2026-09-26T10:25:06;IDF9;site;RIS;impose_ouest;2026-09-28 18:00;BEST_GUESS;OK;69985;1380;71365;4467;3941
2026-09-26T10:25:07;IDF10;site;RIS;acces_impose;2026-09-28 18:00;BEST_GUESS;OK;53126;1380;54506;4294;3247
2026-09-26T10:25:07;IDF10;site;RIS;impose_ouest;2026-09-28 18:00;BEST_GUESS;OK;71888;1380;73268;5159;4094
2026-09-26T10:25:07;IDF11;site;RIS;acces_impose;2026-09-28 18:00;BEST_GUESS;OK;72285;1380;73665;3589;3233
2026-09-26T10:25:07;IDF11;site;RIS;impose_est;2026-09-28 18:00;BEST_GUESS;OK;72285;1380;73665;3589;3233
2026-09-26T10:25:07;IDF12;site;RIS;acces_impose;2026-09-28 18:00;BEST_GUESS;OK;34869;1380;36249;2615;2106
2026-09-26T10:25:08;IDF12;site;RIS;impose_est;2026-09-28 18:00;BEST_GUESS;OK;32483;1380;33863;2592;2372
2026-09-26T10:25:08;IDF13;site;RIS;acces_impose;2026-09-28 18:00;BEST_GUESS;OK;36001;1380;37381;2142;1960
2026-09-26T10:25:08;IDF13;site;RIS;impose_est;2026-09-28 18:00;BEST_GUESS;OK;36001;1380;37381;2142;1960
2026-09-26T10:25:08;IDF14;site;RIS;acces_impose;2026-09-28 18:00;BEST_GUESS;OK;16078;1380;17458;2047;1912
2026-09-26T10:25:08;IDF14;site;RIS;impose_est;2026-09-28 18:00;BEST_GUESS;OK;33504;1380;34884;2291;2057
2026-09-26T10:25:09;IDF15;site;RIS;acces_impose;2026-09-28 18:00;BEST_GUESS;OK;55151;1380;56531;3425;2819
2026-09-26T10:25:09;IDF15;site;RIS;impose_ouest;2026-09-28 18:00;BEST_GUESS;OK;69927;1380;71307;3896;3454
2026-09-26T10:25:09;HDF1;site;RIS;acces_impose;2026-09-28 18:00;BEST_GUESS;OK;228870;1380;230250;10064;10000
2026-09-26T10:25:09;HDF1;site;RIS;impose_est;2026-09-28 18:00;BEST_GUESS;OK;224950;1380;226330;10012;10145
2026-09-26T10:25:10;HDF2;site;RIS;acces_impose;2026-09-28 18:00;BEST_GUESS;OK;222412;1380;223792;9309;8889
2026-09-26T10:25:10;HDF2;site;RIS;impose_ouest;2026-09-28 18:00;BEST_GUESS;OK;241174;1380;242554;10100;9736
2026-09-26T10:25:10;HDF3;site;RIS;acces_impose;2026-09-28 18:00;BEST_GUESS;OK;270399;1380;271779;10999;11024
2026-09-26T10:25:10;HDF3;site;RIS;impose_ouest;2026-09-28 18:00;BEST_GUESS;OK;289161;1380;290541;11798;11871
2026-09-26T10:25:11;HDF4;site;RIS;acces_impose;2026-09-28 18:00;BEST_GUESS;OK;222410;1380;223790;9420;9013
2026-09-26T10:25:11;HDF4;site;RIS;impose_ouest;2026-09-28 18:00;BEST_GUESS;OK;241172;1380;242552;10213;9861
2026-09-26T10:25:11;HDF5;site;RIS;acces_impose;2026-09-28 18:00;BEST_GUESS;OK;243220;1380;244600;9963;9741
2026-09-26T10:25:12;HDF5;site;RIS;impose_ouest;2026-09-28 18:00;BEST_GUESS;OK;261982;1380;263362;10758;10588
2026-09-26T10:25:12;NOR1;site;RIS;acces_impose;2026-09-28 18:00;BEST_GUESS;OK;218404;1380;219784;8147;8179
2026-09-26T10:25:12;NOR1;site;RIS;impose_ouest;2026-09-28 18:00;BEST_GUESS;OK;233181;1380;234561;8686;8814
2026-09-26T10:25:12;NOR2;site;RIS;acces_impose;2026-09-28 18:00;BEST_GUESS;OK;147795;1380;149175;6034;5767
2026-09-26T10:25:13;NOR2;site;RIS;impose_ouest;2026-09-28 18:00;BEST_GUESS;OK;162572;1380;163952;6478;6402
2026-09-26T10:25:13;NOR3;site;RIS;acces_impose;2026-09-28 18:00;BEST_GUESS;OK;142728;1380;144108;6135;5877
2026-09-26T10:25:13;NOR3;site;RIS;impose_ouest;2026-09-28 18:00;BEST_GUESS;OK;157505;1380;158885;6592;6512
2026-09-26T10:25:13;CVL1;site;RIS;acces_impose;2026-09-28 18:00;BEST_GUESS;OK;222599;1380;223979;7809;7981
2026-09-26T10:25:14;CVL1;site;RIS;impose_ouest;2026-09-28 18:00;BEST_GUESS;OK;222599;1380;223979;7809;7981
2026-09-26T10:25:14;CVL2;site;RIS;acces_impose;2026-09-28 18:00;BEST_GUESS;OK;258419;1380;259799;9750;9975
2026-09-26T10:25:14;CVL2;site;RIS;impose_ouest;2026-09-28 18:00;BEST_GUESS;OK;258419;1380;259799;9750;9975
2026-09-26T10:25:14;CVL3;site;RIS;acces_impose;2026-09-28 18:00;BEST_GUESS;OK;126864;1380;128244;5016;5006
2026-09-26T10:25:15;CVL3;site;RIS;impose_ouest;2026-09-28 18:00;BEST_GUESS;OK;126864;1380;128244;5016;5006
2026-09-26T10:25:15;GE1;site;RIS;acces_impose;2026-09-28 18:00;BEST_GUESS;OK;208102;1380;209482;7734;7779
2026-09-26T10:25:15;GE1;site;RIS;impose_est;2026-09-28 18:00;BEST_GUESS;OK;208102;1380;209482;7734;7779
2026-09-26T10:25:15;BFC1;site;RIS;acces_impose;2026-09-28 18:00;BEST_GUESS;OK;290785;1380;292165;9657;9823
2026-09-26T10:25:16;BFC1;site;RIS;impose_est;2026-09-28 18:00;BEST_GUESS;OK;304701;1380;306081;10262;10474
2026-09-26T10:25:16;E_A1;entree;VITRY;rapide;2026-09-28 19:00;BEST_GUESS;OK;48820;0;48820;3056;2558
2026-09-26T10:25:16;E_A1;entree;RIS;rapide;2026-09-28 19:00;BEST_GUESS;OK;65882;1380;67262;3958;3448
2026-09-26T10:25:16;E_A4;entree;VITRY;rapide;2026-09-28 19:00;BEST_GUESS;OK;73090;0;73090;3051;3052
2026-09-26T10:25:16;E_A4;entree;RIS;rapide;2026-09-28 19:00;BEST_GUESS;OK;92509;1380;93889;4001;3971
2026-09-26T10:25:16;E_A5;entree;VITRY;rapide;2026-09-28 19:00;BEST_GUESS;OK;82488;0;82488;3557;3626
2026-09-26T10:25:16;E_A5;entree;RIS;rapide;2026-09-28 19:00;BEST_GUESS;OK;70634;1380;72014;2827;2857
2026-09-26T10:25:16;E_A6;entree;VITRY;rapide;2026-09-28 19:00;BEST_GUESS;OK;93772;0;93772;3540;3537
2026-09-26T10:25:16;E_A6;entree;RIS;rapide;2026-09-28 19:00;BEST_GUESS;OK;72354;1380;73734;2594;2642
2026-09-26T10:25:16;E_A10;entree;VITRY;rapide;2026-09-28 19:00;BEST_GUESS;OK;62958;0;62958;2726;2617
2026-09-26T10:25:16;E_A10;entree;RIS;rapide;2026-09-28 19:00;BEST_GUESS;OK;59203;1380;60583;2389;2411
2026-09-26T10:25:16;E_A11;entree;VITRY;rapide;2026-09-28 19:00;BEST_GUESS;OK;62192;0;62192;2876;2733
2026-09-26T10:25:16;E_A11;entree;RIS;rapide;2026-09-28 19:00;BEST_GUESS;OK;58437;1380;59817;2550;2528
2026-09-26T10:25:16;E_A13;entree;VITRY;rapide;2026-09-28 19:00;BEST_GUESS;OK;92461;0;92461;3816;3779
2026-09-26T10:25:16;E_A13;entree;RIS;rapide;2026-09-28 19:00;BEST_GUESS;OK;99218;1380;100598;4121;4096
2026-09-26T10:25:16;E_A16;entree;VITRY;rapide;2026-09-28 19:00;BEST_GUESS;OK;69185;0;69185;3875;3564
2026-09-26T10:25:16;E_A16;entree;RIS;rapide;2026-09-28 19:00;BEST_GUESS;OK;89679;1380;91059;4528;4332
2026-09-26T10:25:16;IDF1;site;VITRY;rapide;2026-09-28 19:00;BEST_GUESS;OK;41890;0;41890;3281;2841
2026-09-26T10:25:16;IDF1;site;RIS;rapide;2026-09-28 19:00;BEST_GUESS;OK;58952;1380;60332;4197;3731
2026-09-26T10:25:16;IDF2;site;VITRY;rapide;2026-09-28 19:00;BEST_GUESS;OK;35448;0;35448;2190;2082
2026-09-26T10:25:16;IDF2;site;RIS;rapide;2026-09-28 19:00;BEST_GUESS;OK;14026;1380;15406;1177;1177
2026-09-26T10:25:16;IDF3;site;VITRY;rapide;2026-09-28 19:00;BEST_GUESS;OK;66563;0;66563;4162;3895
2026-09-26T10:25:16;IDF3;site;RIS;rapide;2026-09-28 19:00;BEST_GUESS;OK;90870;1380;92250;4851;4706
2026-09-26T10:25:16;IDF4;site;VITRY;rapide;2026-09-28 19:00;BEST_GUESS;OK;31174;0;31174;2748;2409
2026-09-26T10:25:16;IDF4;site;RIS;rapide;2026-09-28 19:00;BEST_GUESS;OK;48236;1380;49616;3682;3299
2026-09-26T10:25:16;IDF5;site;VITRY;rapide;2026-09-28 19:00;BEST_GUESS;OK;27596;0;27596;3155;2840
2026-09-26T10:25:16;IDF5;site;RIS;rapide;2026-09-28 19:00;BEST_GUESS;OK;48346;1380;49726;3896;3517
2026-09-26T10:25:16;IDF6;site;VITRY;rapide;2026-09-28 19:00;BEST_GUESS;OK;41449;0;41449;3143;2811
2026-09-26T10:25:16;IDF6;site;RIS;rapide;2026-09-28 19:00;BEST_GUESS;OK;57321;1380;58701;3490;3170
2026-09-26T10:25:16;IDF7;site;VITRY;rapide;2026-09-28 19:00;BEST_GUESS;OK;40735;0;40735;3017;2678
2026-09-26T10:25:16;IDF7;site;RIS;rapide;2026-09-28 19:00;BEST_GUESS;OK;56204;1380;57584;3338;3049
2026-09-26T10:25:16;IDF8;site;VITRY;rapide;2026-09-28 19:00;BEST_GUESS;OK;45059;0;45059;2510;2489
2026-09-26T10:25:16;IDF8;site;RIS;rapide;2026-09-28 19:00;BEST_GUESS;OK;64478;1380;65858;3449;3408
2026-09-26T10:25:16;IDF9;site;VITRY;rapide;2026-09-28 19:00;BEST_GUESS;OK;46751;0;46751;3240;2980
2026-09-26T10:25:16;IDF9;site;RIS;rapide;2026-09-28 19:00;BEST_GUESS;OK;53507;1380;54887;3539;3297
2026-09-26T10:25:16;IDF10;site;VITRY;rapide;2026-09-28 19:00;BEST_GUESS;OK;34363;0;34363;2872;2348
2026-09-26T10:25:16;IDF10;site;RIS;rapide;2026-09-28 19:00;BEST_GUESS;OK;51425;1380;52805;3800;3238
2026-09-26T10:25:16;IDF11;site;VITRY;rapide;2026-09-28 19:00;BEST_GUESS;OK;49468;0;49468;2394;2370
2026-09-26T10:25:16;IDF11;site;RIS;rapide;2026-09-28 19:00;BEST_GUESS;OK;68887;1380;70267;3347;3288
2026-09-26T10:25:16;IDF12;site;VITRY;rapide;2026-09-28 19:00;BEST_GUESS;OK;11529;0;11529;1069;1049
2026-09-26T10:25:16;IDF12;site;RIS;rapide;2026-09-28 19:00;BEST_GUESS;OK;14828;1380;16208;2037;1956
2026-09-26T10:25:16;IDF13;site;VITRY;rapide;2026-09-28 19:00;BEST_GUESS;OK;38905;0;38905;2516;2536
2026-09-26T10:25:16;IDF13;site;RIS;rapide;2026-09-28 19:00;BEST_GUESS;OK;32603;1380;33983;2039;2015
2026-09-26T10:25:16;IDF14;site;VITRY;rapide;2026-09-28 19:00;BEST_GUESS;OK;7704;0;7704;1266;1243
2026-09-26T10:25:16;IDF14;site;RIS;rapide;2026-09-28 19:00;BEST_GUESS;OK;10572;1380;11952;1332;1306
2026-09-26T10:25:16;IDF15;site;VITRY;rapide;2026-09-28 19:00;BEST_GUESS;OK;46693;0;46693;2673;2492
2026-09-26T10:25:16;IDF15;site;RIS;rapide;2026-09-28 19:00;BEST_GUESS;OK;53449;1380;54829;2967;2809
2026-09-26T10:25:16;HDF1;site;VITRY;rapide;2026-09-28 19:00;BEST_GUESS;OK;210106;0;210106;8708;9101
2026-09-26T10:25:16;HDF1;site;RIS;rapide;2026-09-28 19:00;BEST_GUESS;OK;227168;1380;228548;9678;9991
2026-09-26T10:25:16;HDF2;site;VITRY;rapide;2026-09-28 19:00;BEST_GUESS;OK;203649;0;203649;7843;7989
2026-09-26T10:25:16;HDF2;site;RIS;rapide;2026-09-28 19:00;BEST_GUESS;OK;220711;1380;222091;8806;8880
2026-09-26T10:25:16;HDF3;site;VITRY;rapide;2026-09-28 19:00;BEST_GUESS;OK;251636;0;251636;9800;10124
2026-09-26T10:25:16;HDF3;site;RIS;rapide;2026-09-28 19:00;BEST_GUESS;OK;268698;1380;270078;10763;11014
2026-09-26T10:25:16;HDF4;site;VITRY;rapide;2026-09-28 19:00;BEST_GUESS;OK;203647;0;203647;7964;8114
2026-09-26T10:25:16;HDF4;site;RIS;rapide;2026-09-28 19:00;BEST_GUESS;OK;220709;1380;222089;8930;9004
2026-09-26T10:25:16;HDF5;site;VITRY;rapide;2026-09-28 19:00;BEST_GUESS;OK;224457;0;224457;8576;8842
2026-09-26T10:25:16;HDF5;site;RIS;rapide;2026-09-28 19:00;BEST_GUESS;OK;241519;1380;242899;9543;9732
2026-09-26T10:25:16;NOR1;site;VITRY;rapide;2026-09-28 19:00;BEST_GUESS;OK;209946;0;209946;7600;7853
2026-09-26T10:25:16;NOR1;site;RIS;rapide;2026-09-28 19:00;BEST_GUESS;OK;216703;1380;218083;7907;8170
2026-09-26T10:25:16;NOR2;site;VITRY;rapide;2026-09-28 19:00;BEST_GUESS;OK;139338;0;139338;5329;5440
2026-09-26T10:25:16;NOR2;site;RIS;rapide;2026-09-28 19:00;BEST_GUESS;OK;146094;1380;147474;5635;5757
2026-09-26T10:25:16;NOR3;site;VITRY;rapide;2026-09-28 19:00;BEST_GUESS;OK;134270;0;134270;5412;5551
2026-09-26T10:25:16;NOR3;site;RIS;rapide;2026-09-28 19:00;BEST_GUESS;OK;141027;1380;142407;5714;5868
2026-09-26T10:25:16;CVL1;site;VITRY;rapide;2026-09-28 19:00;BEST_GUESS;OK;226354;0;226354;7894;8187
2026-09-26T10:25:16;CVL1;site;RIS;rapide;2026-09-28 19:00;BEST_GUESS;OK;222599;1380;223979;7735;7982
2026-09-26T10:25:16;CVL2;site;VITRY;rapide;2026-09-28 19:00;BEST_GUESS;OK;262174;0;262174;9865;10181
2026-09-26T10:25:16;CVL2;site;RIS;rapide;2026-09-28 19:00;BEST_GUESS;OK;258419;1380;259799;9676;9975
2026-09-26T10:25:16;CVL3;site;VITRY;rapide;2026-09-28 19:00;BEST_GUESS;OK;130619;0;130619;5057;5212
2026-09-26T10:25:16;CVL3;site;RIS;rapide;2026-09-28 19:00;BEST_GUESS;OK;126864;1380;128244;4864;5006
2026-09-26T10:25:16;GE1;site;VITRY;rapide;2026-09-28 19:00;BEST_GUESS;OK;185284;0;185284;6745;6915
2026-09-26T10:25:16;GE1;site;RIS;rapide;2026-09-28 19:00;BEST_GUESS;OK;204704;1380;206084;7701;7834
2026-09-26T10:25:16;BFC1;site;VITRY;rapide;2026-09-28 19:00;BEST_GUESS;OK;312203;0;312203;10508;10719
2026-09-26T10:25:16;BFC1;site;RIS;rapide;2026-09-28 19:00;BEST_GUESS;OK;290785;1380;292165;9655;9824
2026-09-26T10:25:16;E_A1;entree;RIS;acces_impose;2026-09-28 19:00;BEST_GUESS;OK;67584;1380;68964;3955;3457
2026-09-26T10:25:17;E_A1;entree;RIS;impose_ouest;2026-09-28 19:00;BEST_GUESS;OK;86345;1380;87725;4756;4305
2026-09-26T10:25:17;E_A4;entree;RIS;acces_impose;2026-09-28 19:00;BEST_GUESS;OK;95907;1380;97287;3919;3915
2026-09-26T10:25:17;E_A4;entree;RIS;impose_est;2026-09-28 19:00;BEST_GUESS;OK;95907;1380;97287;3919;3915
2026-09-26T10:25:17;E_A5;entree;RIS;acces_impose;2026-09-28 19:00;BEST_GUESS;OK;74032;1380;75412;2752;2802
2026-09-26T10:25:17;E_A5;entree;RIS;impose_est;2026-09-28 19:00;BEST_GUESS;OK;74032;1380;75412;2752;2802
2026-09-26T10:25:18;E_A6;entree;RIS;acces_impose;2026-09-28 19:00;BEST_GUESS;OK;72354;1380;73734;2594;2641
2026-09-26T10:25:18;E_A6;entree;RIS;impose_est;2026-09-28 19:00;BEST_GUESS;OK;86270;1380;87650;3250;3292
2026-09-26T10:25:18;E_A10;entree;RIS;acces_impose;2026-09-28 19:00;BEST_GUESS;OK;59203;1380;60583;2389;2411
2026-09-26T10:25:18;E_A10;entree;RIS;impose_ouest;2026-09-28 19:00;BEST_GUESS;OK;59203;1380;60583;2389;2411
2026-09-26T10:25:18;E_A11;entree;RIS;acces_impose;2026-09-28 19:00;BEST_GUESS;OK;58437;1380;59817;2550;2527
2026-09-26T10:25:19;E_A11;entree;RIS;impose_ouest;2026-09-28 19:00;BEST_GUESS;OK;58437;1380;59817;2550;2527
2026-09-26T10:25:19;E_A13;entree;RIS;acces_impose;2026-09-28 19:00;BEST_GUESS;OK;100919;1380;102299;4116;4105
2026-09-26T10:25:19;E_A13;entree;RIS;impose_ouest;2026-09-28 19:00;BEST_GUESS;OK;115696;1380;117076;4670;4740
2026-09-26T10:25:19;E_A16;entree;RIS;acces_impose;2026-09-28 19:00;BEST_GUESS;OK;91380;1380;92760;4535;4341
2026-09-26T10:25:19;E_A16;entree;RIS;impose_ouest;2026-09-28 19:00;BEST_GUESS;OK;106157;1380;107537;5070;4977
2026-09-26T10:25:20;IDF1;site;RIS;acces_impose;2026-09-28 19:00;BEST_GUESS;OK;60653;1380;62033;4190;3740
2026-09-26T10:25:20;IDF1;site;RIS;impose_ouest;2026-09-28 19:00;BEST_GUESS;OK;79415;1380;80795;4992;4588
2026-09-26T10:25:20;IDF2;site;RIS;acces_impose;2026-09-28 19:00;BEST_GUESS;OK;14026;1380;15406;1177;1177
2026-09-26T10:25:20;IDF2;site;RIS;impose_ouest;2026-09-28 19:00;BEST_GUESS;OK;23176;1380;24556;1586;1590
2026-09-26T10:25:20;IDF3;site;RIS;acces_impose;2026-09-28 19:00;BEST_GUESS;OK;92571;1380;93951;4858;4715
2026-09-26T10:25:21;IDF3;site;RIS;impose_ouest;2026-09-28 19:00;BEST_GUESS;OK;107348;1380;108728;5434;5350
2026-09-26T10:25:21;IDF4;site;RIS;acces_impose;2026-09-28 19:00;BEST_GUESS;OK;49937;1380;51317;3679;3308
2026-09-26T10:25:21;IDF4;site;RIS;impose_ouest;2026-09-28 19:00;BEST_GUESS;OK;68699;1380;70079;4482;4155
2026-09-26T10:25:21;IDF5;site;RIS;acces_impose;2026-09-28 19:00;BEST_GUESS;OK;50047;1380;51427;3894;3526
2026-09-26T10:25:22;IDF5;site;RIS;impose_ouest;2026-09-28 19:00;BEST_GUESS;OK;68809;1380;70189;4695;4374
2026-09-26T10:25:22;IDF6;site;RIS;acces_impose;2026-09-28 19:00;BEST_GUESS;OK;59022;1380;60402;3485;3179
2026-09-26T10:25:22;IDF6;site;RIS;impose_ouest;2026-09-28 19:00;BEST_GUESS;OK;73799;1380;75179;4018;3814
2026-09-26T10:25:22;IDF7;site;RIS;acces_impose;2026-09-28 19:00;BEST_GUESS;OK;57906;1380;59286;3328;3058
2026-09-26T10:25:22;IDF7;site;RIS;impose_ouest;2026-09-28 19:00;BEST_GUESS;OK;72682;1380;74062;3849;3693
2026-09-26T10:25:23;IDF8;site;RIS;acces_impose;2026-09-28 19:00;BEST_GUESS;OK;67876;1380;69256;3371;3352
2026-09-26T10:25:23;IDF8;site;RIS;impose_est;2026-09-28 19:00;BEST_GUESS;OK;67876;1380;69256;3371;3352
2026-09-26T10:25:23;IDF9;site;RIS;acces_impose;2026-09-28 19:00;BEST_GUESS;OK;55209;1380;56589;3536;3306
2026-09-26T10:25:23;IDF9;site;RIS;impose_ouest;2026-09-28 19:00;BEST_GUESS;OK;69985;1380;71365;4069;3941
2026-09-26T10:25:23;IDF10;site;RIS;acces_impose;2026-09-28 19:00;BEST_GUESS;OK;53126;1380;54506;3798;3247
2026-09-26T10:25:24;IDF10;site;RIS;impose_ouest;2026-09-28 19:00;BEST_GUESS;OK;71888;1380;73268;4600;4094
2026-09-26T10:25:24;IDF11;site;RIS;acces_impose;2026-09-28 19:00;BEST_GUESS;OK;72285;1380;73665;3267;3233
2026-09-26T10:25:24;IDF11;site;RIS;impose_est;2026-09-28 19:00;BEST_GUESS;OK;72285;1380;73665;3267;3233
2026-09-26T10:25:24;IDF12;site;RIS;acces_impose;2026-09-28 19:00;BEST_GUESS;OK;34869;1380;36249;2299;2106
2026-09-26T10:25:24;IDF12;site;RIS;impose_est;2026-09-28 19:00;BEST_GUESS;OK;32483;1380;33863;2352;2372
2026-09-26T10:25:25;IDF13;site;RIS;acces_impose;2026-09-28 19:00;BEST_GUESS;OK;36001;1380;37381;1960;1960
2026-09-26T10:25:25;IDF13;site;RIS;impose_est;2026-09-28 19:00;BEST_GUESS;OK;36001;1380;37381;1960;1960
2026-09-26T10:25:25;IDF14;site;RIS;acces_impose;2026-09-28 19:00;BEST_GUESS;OK;16078;1380;17458;1930;1912
2026-09-26T10:25:25;IDF14;site;RIS;impose_est;2026-09-28 19:00;BEST_GUESS;OK;33504;1380;34884;2074;2057
2026-09-26T10:25:25;IDF15;site;RIS;acces_impose;2026-09-28 19:00;BEST_GUESS;OK;55151;1380;56531;2959;2819
2026-09-26T10:25:26;IDF15;site;RIS;impose_ouest;2026-09-28 19:00;BEST_GUESS;OK;69927;1380;71307;3461;3454
2026-09-26T10:25:26;HDF1;site;RIS;acces_impose;2026-09-28 19:00;BEST_GUESS;OK;228870;1380;230250;9688;10000
2026-09-26T10:25:26;HDF1;site;RIS;impose_est;2026-09-28 19:00;BEST_GUESS;OK;224950;1380;226330;9863;10145
2026-09-26T10:25:26;HDF2;site;RIS;acces_impose;2026-09-28 19:00;BEST_GUESS;OK;222412;1380;223792;8817;8889
2026-09-26T10:25:27;HDF2;site;RIS;impose_ouest;2026-09-28 19:00;BEST_GUESS;OK;241174;1380;242554;9614;9736
2026-09-26T10:25:27;HDF3;site;RIS;acces_impose;2026-09-28 19:00;BEST_GUESS;OK;270399;1380;271779;10779;11024
2026-09-26T10:25:27;HDF3;site;RIS;impose_ouest;2026-09-28 19:00;BEST_GUESS;OK;289161;1380;290541;11594;11871
2026-09-26T10:25:28;HDF4;site;RIS;acces_impose;2026-09-28 19:00;BEST_GUESS;OK;222410;1380;223790;8942;9013
2026-09-26T10:25:28;HDF4;site;RIS;impose_ouest;2026-09-28 19:00;BEST_GUESS;OK;241172;1380;242552;9741;9861
2026-09-26T10:25:28;HDF5;site;RIS;acces_impose;2026-09-28 19:00;BEST_GUESS;OK;243220;1380;244600;9552;9741
2026-09-26T10:25:28;HDF5;site;RIS;impose_ouest;2026-09-28 19:00;BEST_GUESS;OK;261982;1380;263362;10357;10588
2026-09-26T10:25:29;NOR1;site;RIS;acces_impose;2026-09-28 19:00;BEST_GUESS;OK;218404;1380;219784;7917;8179
2026-09-26T10:25:29;NOR1;site;RIS;impose_ouest;2026-09-28 19:00;BEST_GUESS;OK;233181;1380;234561;8542;8814
2026-09-26T10:25:29;NOR2;site;RIS;acces_impose;2026-09-28 19:00;BEST_GUESS;OK;147795;1380;149175;5649;5767
2026-09-26T10:25:30;NOR2;site;RIS;impose_ouest;2026-09-28 19:00;BEST_GUESS;OK;162572;1380;163952;6241;6402
2026-09-26T10:25:30;NOR3;site;RIS;acces_impose;2026-09-28 19:00;BEST_GUESS;OK;142728;1380;144108;5728;5877
2026-09-26T10:25:31;NOR3;site;RIS;impose_ouest;2026-09-28 19:00;BEST_GUESS;OK;157505;1380;158885;6323;6512
2026-09-26T10:25:31;CVL1;site;RIS;acces_impose;2026-09-28 19:00;BEST_GUESS;OK;222599;1380;223979;7735;7981
2026-09-26T10:25:31;CVL1;site;RIS;impose_ouest;2026-09-28 19:00;BEST_GUESS;OK;222599;1380;223979;7735;7981
2026-09-26T10:25:32;CVL2;site;RIS;acces_impose;2026-09-28 19:00;BEST_GUESS;OK;258419;1380;259799;9676;9975
2026-09-26T10:25:32;CVL2;site;RIS;impose_ouest;2026-09-28 19:00;BEST_GUESS;OK;258419;1380;259799;9676;9975
2026-09-26T10:25:32;CVL3;site;RIS;acces_impose;2026-09-28 19:00;BEST_GUESS;OK;126864;1380;128244;4864;5006
2026-09-26T10:25:33;CVL3;site;RIS;impose_ouest;2026-09-28 19:00;BEST_GUESS;OK;126864;1380;128244;4864;5006
2026-09-26T10:25:33;GE1;site;RIS;acces_impose;2026-09-28 19:00;BEST_GUESS;OK;208102;1380;209482;7625;7779
2026-09-26T10:25:33;GE1;site;RIS;impose_est;2026-09-28 19:00;BEST_GUESS;OK;208102;1380;209482;7625;7779
2026-09-26T10:25:33;BFC1;site;RIS;acces_impose;2026-09-28 19:00;BEST_GUESS;OK;290785;1380;292165;9655;9823
2026-09-26T10:25:33;BFC1;site;RIS;impose_est;2026-09-28 19:00;BEST_GUESS;OK;304701;1380;306081;10279;10474
2026-09-26T10:25:34;E_A1;entree;VITRY;rapide;2026-09-28 20:00;BEST_GUESS;OK;48820;0;48820;2486;2558
2026-09-26T10:25:34;E_A1;entree;RIS;rapide;2026-09-28 20:00;BEST_GUESS;OK;65882;1380;67262;3419;3448
2026-09-26T10:25:34;E_A4;entree;VITRY;rapide;2026-09-28 20:00;BEST_GUESS;OK;73090;0;73090;2930;3052
2026-09-26T10:25:34;E_A4;entree;RIS;rapide;2026-09-28 20:00;BEST_GUESS;OK;92509;1380;93889;3878;3971
2026-09-26T10:25:34;E_A5;entree;VITRY;rapide;2026-09-28 20:00;BEST_GUESS;OK;82488;0;82488;3478;3626
2026-09-26T10:25:34;E_A5;entree;RIS;rapide;2026-09-28 20:00;BEST_GUESS;OK;70634;1380;72014;2802;2857
2026-09-26T10:25:34;E_A6;entree;VITRY;rapide;2026-09-28 20:00;BEST_GUESS;OK;93772;0;93772;3408;3537
2026-09-26T10:25:34;E_A6;entree;RIS;rapide;2026-09-28 20:00;BEST_GUESS;OK;72354;1380;73734;2550;2642
2026-09-26T10:25:34;E_A10;entree;VITRY;rapide;2026-09-28 20:00;BEST_GUESS;OK;62958;0;62958;2498;2617
2026-09-26T10:25:34;E_A10;entree;RIS;rapide;2026-09-28 20:00;BEST_GUESS;OK;59203;1380;60583;2324;2411
2026-09-26T10:25:34;E_A11;entree;VITRY;rapide;2026-09-28 20:00;BEST_GUESS;OK;62192;0;62192;2603;2733
2026-09-26T10:25:34;E_A11;entree;RIS;rapide;2026-09-28 20:00;BEST_GUESS;OK;58437;1380;59817;2431;2528
2026-09-26T10:25:34;E_A13;entree;VITRY;rapide;2026-09-28 20:00;BEST_GUESS;OK;92461;0;92461;3633;3779
2026-09-26T10:25:34;E_A13;entree;RIS;rapide;2026-09-28 20:00;BEST_GUESS;OK;99218;1380;100598;3942;4096
2026-09-26T10:25:34;E_A16;entree;VITRY;rapide;2026-09-28 20:00;BEST_GUESS;OK;69185;0;69185;3322;3564
2026-09-26T10:25:34;E_A16;entree;RIS;rapide;2026-09-28 20:00;BEST_GUESS;OK;89679;1380;91059;4259;4332
2026-09-26T10:25:34;IDF1;site;VITRY;rapide;2026-09-28 20:00;BEST_GUESS;OK;41890;0;41890;2725;2841
2026-09-26T10:25:34;IDF1;site;RIS;rapide;2026-09-28 20:00;BEST_GUESS;OK;58952;1380;60332;3652;3731
2026-09-26T10:25:34;IDF2;site;VITRY;rapide;2026-09-28 20:00;BEST_GUESS;OK;35448;0;35448;2033;2082
2026-09-26T10:25:34;IDF2;site;RIS;rapide;2026-09-28 20:00;BEST_GUESS;OK;14026;1380;15406;1164;1177
2026-09-26T10:25:34;IDF3;site;VITRY;rapide;2026-09-28 20:00;BEST_GUESS;OK;66563;0;66563;3633;3895
2026-09-26T10:25:34;IDF3;site;RIS;rapide;2026-09-28 20:00;BEST_GUESS;OK;90870;1380;92250;4614;4706
2026-09-26T10:25:34;IDF4;site;VITRY;rapide;2026-09-28 20:00;BEST_GUESS;OK;31174;0;31174;2328;2409
2026-09-26T10:25:34;IDF4;site;RIS;rapide;2026-09-28 20:00;BEST_GUESS;OK;48236;1380;49616;3251;3299
2026-09-26T10:25:34;IDF5;site;VITRY;rapide;2026-09-28 20:00;BEST_GUESS;OK;27596;0;27596;2751;2840
2026-09-26T10:25:34;IDF5;site;RIS;rapide;2026-09-28 20:00;BEST_GUESS;OK;48346;1380;49726;3395;3517
2026-09-26T10:25:34;IDF6;site;VITRY;rapide;2026-09-28 20:00;BEST_GUESS;OK;41449;0;41449;2626;2811
2026-09-26T10:25:34;IDF6;site;RIS;rapide;2026-09-28 20:00;BEST_GUESS;OK;57321;1380;58701;3201;3170
2026-09-26T10:25:34;IDF7;site;VITRY;rapide;2026-09-28 20:00;BEST_GUESS;OK;40735;0;40735;2509;2678
2026-09-26T10:25:34;IDF7;site;RIS;rapide;2026-09-28 20:00;BEST_GUESS;OK;56204;1380;57584;3042;3049
2026-09-26T10:25:34;IDF8;site;VITRY;rapide;2026-09-28 20:00;BEST_GUESS;OK;45059;0;45059;2355;2489
2026-09-26T10:25:34;IDF8;site;RIS;rapide;2026-09-28 20:00;BEST_GUESS;OK;64478;1380;65858;3300;3407
2026-09-26T10:25:34;IDF9;site;VITRY;rapide;2026-09-28 20:00;BEST_GUESS;OK;46751;0;46751;3014;2980
2026-09-26T10:25:34;IDF9;site;RIS;rapide;2026-09-28 20:00;BEST_GUESS;OK;53507;1380;54887;3318;3297
2026-09-26T10:25:34;IDF10;site;VITRY;rapide;2026-09-28 20:00;BEST_GUESS;OK;34363;0;34363;2319;2348
2026-09-26T10:25:34;IDF10;site;RIS;rapide;2026-09-28 20:00;BEST_GUESS;OK;51425;1380;52805;3239;3238
2026-09-26T10:25:34;IDF11;site;VITRY;rapide;2026-09-28 20:00;BEST_GUESS;OK;49468;0;49468;2255;2370
2026-09-26T10:25:34;IDF11;site;RIS;rapide;2026-09-28 20:00;BEST_GUESS;OK;68887;1380;70267;3200;3288
2026-09-26T10:25:34;IDF12;site;VITRY;rapide;2026-09-28 20:00;BEST_GUESS;OK;11529;0;11529;1036;1049
2026-09-26T10:25:34;IDF12;site;RIS;rapide;2026-09-28 20:00;BEST_GUESS;OK;14828;1380;16208;1939;1956
2026-09-26T10:25:34;IDF13;site;VITRY;rapide;2026-09-28 20:00;BEST_GUESS;OK;38905;0;38905;2415;2536
2026-09-26T10:25:34;IDF13;site;RIS;rapide;2026-09-28 20:00;BEST_GUESS;OK;32603;1380;33983;1978;2015
2026-09-26T10:25:34;IDF14;site;VITRY;rapide;2026-09-28 20:00;BEST_GUESS;OK;7704;0;7704;1214;1243
2026-09-26T10:25:34;IDF14;site;RIS;rapide;2026-09-28 20:00;BEST_GUESS;OK;10572;1380;11952;1330;1306
2026-09-26T10:25:34;IDF15;site;VITRY;rapide;2026-09-28 20:00;BEST_GUESS;OK;46693;0;46693;2390;2492
2026-09-26T10:25:34;IDF15;site;RIS;rapide;2026-09-28 20:00;BEST_GUESS;OK;53449;1380;54829;2698;2809
2026-09-26T10:25:34;HDF1;site;VITRY;rapide;2026-09-28 20:00;BEST_GUESS;OK;210106;0;210106;8771;9101
2026-09-26T10:25:34;HDF1;site;RIS;rapide;2026-09-28 20:00;BEST_GUESS;OK;227168;1380;228548;9740;9991
2026-09-26T10:25:34;HDF2;site;VITRY;rapide;2026-09-28 20:00;BEST_GUESS;OK;203649;0;203649;7811;7989
2026-09-26T10:25:34;HDF2;site;RIS;rapide;2026-09-28 20:00;BEST_GUESS;OK;220711;1380;222091;8787;8880
2026-09-26T10:25:34;HDF3;site;VITRY;rapide;2026-09-28 20:00;BEST_GUESS;OK;251636;0;251636;9793;10124
2026-09-26T10:25:34;HDF3;site;RIS;rapide;2026-09-28 20:00;BEST_GUESS;OK;268698;1380;270078;10739;11014
2026-09-26T10:25:34;HDF4;site;VITRY;rapide;2026-09-28 20:00;BEST_GUESS;OK;203647;0;203647;7986;8114
2026-09-26T10:25:34;HDF4;site;RIS;rapide;2026-09-28 20:00;BEST_GUESS;OK;220709;1380;222089;8960;9004
2026-09-26T10:25:34;HDF5;site;VITRY;rapide;2026-09-28 20:00;BEST_GUESS;OK;224457;0;224457;8640;8842
2026-09-26T10:25:34;HDF5;site;RIS;rapide;2026-09-28 20:00;BEST_GUESS;OK;241519;1380;242899;9609;9732
2026-09-26T10:25:34;NOR1;site;VITRY;rapide;2026-09-28 20:00;BEST_GUESS;OK;209946;0;209946;7693;7853
2026-09-26T10:25:34;NOR1;site;RIS;rapide;2026-09-28 20:00;BEST_GUESS;OK;216703;1380;218083;7961;8170
2026-09-26T10:25:34;NOR2;site;VITRY;rapide;2026-09-28 20:00;BEST_GUESS;OK;139338;0;139338;5269;5440
2026-09-26T10:25:34;NOR2;site;RIS;rapide;2026-09-28 20:00;BEST_GUESS;OK;146094;1380;147474;5567;5757
2026-09-26T10:25:34;NOR3;site;VITRY;rapide;2026-09-28 20:00;BEST_GUESS;OK;134270;0;134270;5373;5551
2026-09-26T10:25:34;NOR3;site;RIS;rapide;2026-09-28 20:00;BEST_GUESS;OK;141027;1380;142407;5671;5868
2026-09-26T10:25:34;CVL1;site;VITRY;rapide;2026-09-28 20:00;BEST_GUESS;OK;226353;0;226353;8023;8187
2026-09-26T10:25:34;CVL1;site;RIS;rapide;2026-09-28 20:00;BEST_GUESS;OK;222599;1380;223979;7814;7982
2026-09-26T10:25:34;CVL2;site;VITRY;rapide;2026-09-28 20:00;BEST_GUESS;OK;262174;0;262174;9891;10181
2026-09-26T10:25:34;CVL2;site;RIS;rapide;2026-09-28 20:00;BEST_GUESS;OK;258419;1380;259799;9686;9975
2026-09-26T10:25:34;CVL3;site;VITRY;rapide;2026-09-28 20:00;BEST_GUESS;OK;130619;0;130619;4971;5212
2026-09-26T10:25:34;CVL3;site;RIS;rapide;2026-09-28 20:00;BEST_GUESS;OK;126864;1380;128244;4808;5006
2026-09-26T10:25:34;GE1;site;VITRY;rapide;2026-09-28 20:00;BEST_GUESS;OK;185285;0;185285;6762;6915
2026-09-26T10:25:34;GE1;site;RIS;rapide;2026-09-28 20:00;BEST_GUESS;OK;204704;1380;206084;7682;7834
2026-09-26T10:25:34;BFC1;site;VITRY;rapide;2026-09-28 20:00;BEST_GUESS;OK;312203;0;312203;10556;10719
2026-09-26T10:25:34;BFC1;site;RIS;rapide;2026-09-28 20:00;BEST_GUESS;OK;290785;1380;292165;9677;9824
2026-09-26T10:25:35;E_A1;entree;RIS;acces_impose;2026-09-28 20:00;BEST_GUESS;OK;67584;1380;68964;3424;3457
2026-09-26T10:25:35;E_A1;entree;RIS;impose_ouest;2026-09-28 20:00;BEST_GUESS;OK;86345;1380;87725;4221;4305
2026-09-26T10:25:36;E_A4;entree;RIS;acces_impose;2026-09-28 20:00;BEST_GUESS;OK;95907;1380;97287;3803;3915
2026-09-26T10:25:36;E_A4;entree;RIS;impose_est;2026-09-28 20:00;BEST_GUESS;OK;95907;1380;97287;3803;3915
2026-09-26T10:25:36;E_A5;entree;RIS;acces_impose;2026-09-28 20:00;BEST_GUESS;OK;74032;1380;75412;2723;2802
2026-09-26T10:25:36;E_A5;entree;RIS;impose_est;2026-09-28 20:00;BEST_GUESS;OK;74032;1380;75412;2723;2802
2026-09-26T10:25:36;E_A6;entree;RIS;acces_impose;2026-09-28 20:00;BEST_GUESS;OK;72354;1380;73734;2550;2641
2026-09-26T10:25:37;E_A6;entree;RIS;impose_est;2026-09-28 20:00;BEST_GUESS;OK;86270;1380;87650;3163;3292
2026-09-26T10:25:37;E_A10;entree;RIS;acces_impose;2026-09-28 20:00;BEST_GUESS;OK;59203;1380;60583;2324;2411
2026-09-26T10:25:37;E_A10;entree;RIS;impose_ouest;2026-09-28 20:00;BEST_GUESS;OK;59203;1380;60583;2324;2411
2026-09-26T10:25:37;E_A11;entree;RIS;acces_impose;2026-09-28 20:00;BEST_GUESS;OK;58437;1380;59817;2431;2527
2026-09-26T10:25:37;E_A11;entree;RIS;impose_ouest;2026-09-28 20:00;BEST_GUESS;OK;58437;1380;59817;2431;2527
2026-09-26T10:25:38;E_A13;entree;RIS;acces_impose;2026-09-28 20:00;BEST_GUESS;OK;100919;1380;102299;3950;4105
2026-09-26T10:25:38;E_A13;entree;RIS;impose_ouest;2026-09-28 20:00;BEST_GUESS;OK;115696;1380;117076;4569;4740
2026-09-26T10:25:38;E_A16;entree;RIS;acces_impose;2026-09-28 20:00;BEST_GUESS;OK;91380;1380;92760;4267;4341
2026-09-26T10:25:38;E_A16;entree;RIS;impose_ouest;2026-09-28 20:00;BEST_GUESS;OK;106157;1380;107537;4893;4977
2026-09-26T10:25:39;IDF1;site;RIS;acces_impose;2026-09-28 20:00;BEST_GUESS;OK;60653;1380;62033;3660;3740
2026-09-26T10:25:39;IDF1;site;RIS;impose_ouest;2026-09-28 20:00;BEST_GUESS;OK;79415;1380;80795;4457;4588
2026-09-26T10:25:39;IDF2;site;RIS;acces_impose;2026-09-28 20:00;BEST_GUESS;OK;14026;1380;15406;1164;1177
2026-09-26T10:25:39;IDF2;site;RIS;impose_ouest;2026-09-28 20:00;BEST_GUESS;OK;23176;1380;24556;1554;1590
2026-09-26T10:25:39;IDF3;site;RIS;acces_impose;2026-09-28 20:00;BEST_GUESS;OK;92571;1380;93951;4624;4715
2026-09-26T10:25:39;IDF3;site;RIS;impose_ouest;2026-09-28 20:00;BEST_GUESS;OK;107348;1380;108728;5246;5350
2026-09-26T10:25:40;IDF4;site;RIS;acces_impose;2026-09-28 20:00;BEST_GUESS;OK;49937;1380;51317;3253;3308
2026-09-26T10:25:40;IDF4;site;RIS;impose_ouest;2026-09-28 20:00;BEST_GUESS;OK;68699;1380;70079;4050;4155
2026-09-26T10:25:40;IDF5;site;RIS;acces_impose;2026-09-28 20:00;BEST_GUESS;OK;50047;1380;51427;3400;3526
2026-09-26T10:25:40;IDF5;site;RIS;impose_ouest;2026-09-28 20:00;BEST_GUESS;OK;68809;1380;70189;4197;4374
2026-09-26T10:25:41;IDF6;site;RIS;acces_impose;2026-09-28 20:00;BEST_GUESS;OK;59022;1380;60402;3204;3179
2026-09-26T10:25:41;IDF6;site;RIS;impose_ouest;2026-09-28 20:00;BEST_GUESS;OK;73799;1380;75179;3817;3814
2026-09-26T10:25:41;IDF7;site;RIS;acces_impose;2026-09-28 20:00;BEST_GUESS;OK;57906;1380;59286;3046;3058
2026-09-26T10:25:41;IDF7;site;RIS;impose_ouest;2026-09-28 20:00;BEST_GUESS;OK;72682;1380;74062;3657;3693
2026-09-26T10:25:41;IDF8;site;RIS;acces_impose;2026-09-28 20:00;BEST_GUESS;OK;67876;1380;69256;3225;3352
2026-09-26T10:25:42;IDF8;site;RIS;impose_est;2026-09-28 20:00;BEST_GUESS;OK;67876;1380;69256;3225;3352
2026-09-26T10:25:42;IDF9;site;RIS;acces_impose;2026-09-28 20:00;BEST_GUESS;OK;55209;1380;56589;3323;3306
2026-09-26T10:25:42;IDF9;site;RIS;impose_ouest;2026-09-28 20:00;BEST_GUESS;OK;69985;1380;71365;3936;3941
2026-09-26T10:25:42;IDF10;site;RIS;acces_impose;2026-09-28 20:00;BEST_GUESS;OK;53126;1380;54506;3242;3247
2026-09-26T10:25:42;IDF10;site;RIS;impose_ouest;2026-09-28 20:00;BEST_GUESS;OK;71888;1380;73268;4039;4094
2026-09-26T10:25:43;IDF11;site;RIS;acces_impose;2026-09-28 20:00;BEST_GUESS;OK;72285;1380;73665;3125;3233
2026-09-26T10:25:43;IDF11;site;RIS;impose_est;2026-09-28 20:00;BEST_GUESS;OK;72285;1380;73665;3125;3233
2026-09-26T10:25:43;IDF12;site;RIS;acces_impose;2026-09-28 20:00;BEST_GUESS;OK;34869;1380;36249;2043;2106
2026-09-26T10:25:43;IDF12;site;RIS;impose_est;2026-09-28 20:00;BEST_GUESS;OK;32483;1380;33863;2300;2372
2026-09-26T10:25:43;IDF13;site;RIS;acces_impose;2026-09-28 20:00;BEST_GUESS;OK;36001;1380;37381;1909;1960
2026-09-26T10:25:43;IDF13;site;RIS;impose_est;2026-09-28 20:00;BEST_GUESS;OK;36001;1380;37381;1909;1960
2026-09-26T10:25:44;IDF14;site;RIS;acces_impose;2026-09-28 20:00;BEST_GUESS;OK;16078;1380;17458;1905;1912
2026-09-26T10:25:44;IDF14;site;RIS;impose_est;2026-09-28 20:00;BEST_GUESS;OK;33504;1380;34884;1985;2057
2026-09-26T10:25:44;IDF15;site;RIS;acces_impose;2026-09-28 20:00;BEST_GUESS;OK;55151;1380;56531;2702;2819
2026-09-26T10:25:44;IDF15;site;RIS;impose_ouest;2026-09-28 20:00;BEST_GUESS;OK;69927;1380;71307;3312;3454
2026-09-26T10:25:44;HDF1;site;RIS;acces_impose;2026-09-28 20:00;BEST_GUESS;OK;228870;1380;230250;9764;10000
2026-09-26T10:25:45;HDF1;site;RIS;impose_est;2026-09-28 20:00;BEST_GUESS;OK;224950;1380;226330;9941;10145
2026-09-26T10:25:45;HDF2;site;RIS;acces_impose;2026-09-28 20:00;BEST_GUESS;OK;222412;1380;223792;8813;8889
2026-09-26T10:25:45;HDF2;site;RIS;impose_ouest;2026-09-28 20:00;BEST_GUESS;OK;241174;1380;242554;9627;9736
2026-09-26T10:25:45;HDF3;site;RIS;acces_impose;2026-09-28 20:00;BEST_GUESS;OK;270399;1380;271779;10760;11024
2026-09-26T10:25:46;HDF3;site;RIS;impose_ouest;2026-09-28 20:00;BEST_GUESS;OK;289161;1380;290541;11577;11871
2026-09-26T10:25:46;HDF4;site;RIS;acces_impose;2026-09-28 20:00;BEST_GUESS;OK;222410;1380;223790;8988;9013
2026-09-26T10:25:46;HDF4;site;RIS;impose_ouest;2026-09-28 20:00;BEST_GUESS;OK;241172;1380;242552;9800;9861
2026-09-26T10:25:47;HDF5;site;RIS;acces_impose;2026-09-28 20:00;BEST_GUESS;OK;243220;1380;244600;9635;9741
2026-09-26T10:25:47;HDF5;site;RIS;impose_ouest;2026-09-28 20:00;BEST_GUESS;OK;261982;1380;263362;10446;10588
2026-09-26T10:25:47;NOR1;site;RIS;acces_impose;2026-09-28 20:00;BEST_GUESS;OK;218404;1380;219784;7981;8179
2026-09-26T10:25:47;NOR1;site;RIS;impose_ouest;2026-09-28 20:00;BEST_GUESS;OK;233181;1380;234561;8627;8814
2026-09-26T10:25:48;NOR2;site;RIS;acces_impose;2026-09-28 20:00;BEST_GUESS;OK;147795;1380;149175;5578;5767
2026-09-26T10:25:48;NOR2;site;RIS;impose_ouest;2026-09-28 20:00;BEST_GUESS;OK;162572;1380;163952;6199;6402
2026-09-26T10:25:48;NOR3;site;RIS;acces_impose;2026-09-28 20:00;BEST_GUESS;OK;142728;1380;144108;5683;5877
2026-09-26T10:25:48;NOR3;site;RIS;impose_ouest;2026-09-28 20:00;BEST_GUESS;OK;157505;1380;158885;6304;6512
2026-09-26T10:25:49;CVL1;site;RIS;acces_impose;2026-09-28 20:00;BEST_GUESS;OK;222599;1380;223979;7814;7981
2026-09-26T10:25:49;CVL1;site;RIS;impose_ouest;2026-09-28 20:00;BEST_GUESS;OK;222599;1380;223979;7814;7981
2026-09-26T10:25:49;CVL2;site;RIS;acces_impose;2026-09-28 20:00;BEST_GUESS;OK;258419;1380;259799;9686;9975
2026-09-26T10:25:50;CVL2;site;RIS;impose_ouest;2026-09-28 20:00;BEST_GUESS;OK;258419;1380;259799;9686;9975
2026-09-26T10:25:50;CVL3;site;RIS;acces_impose;2026-09-28 20:00;BEST_GUESS;OK;126864;1380;128244;4808;5006
2026-09-26T10:25:50;CVL3;site;RIS;impose_ouest;2026-09-28 20:00;BEST_GUESS;OK;126864;1380;128244;4808;5006
2026-09-26T10:25:50;GE1;site;RIS;acces_impose;2026-09-28 20:00;BEST_GUESS;OK;208102;1380;209482;7618;7779
2026-09-26T10:25:51;GE1;site;RIS;impose_est;2026-09-28 20:00;BEST_GUESS;OK;208102;1380;209482;7618;7779
2026-09-26T10:25:51;BFC1;site;RIS;acces_impose;2026-09-28 20:00;BEST_GUESS;OK;290785;1380;292165;9677;9823
2026-09-26T10:25:51;BFC1;site;RIS;impose_est;2026-09-28 20:00;BEST_GUESS;OK;304701;1380;306081;10309;10474
2026-09-26T10:25:51;E_A1;entree;VITRY;rapide;2026-09-29 08:00;BEST_GUESS;OK;48820;0;48820;3494;2558
2026-09-26T10:25:51;E_A1;entree;RIS;rapide;2026-09-29 08:00;BEST_GUESS;OK;65882;1380;67262;4614;3448
2026-09-26T10:25:51;E_A4;entree;VITRY;rapide;2026-09-29 08:00;BEST_GUESS;OK;73090;0;73090;4026;3052
2026-09-26T10:25:51;E_A4;entree;RIS;rapide;2026-09-29 08:00;BEST_GUESS;OK;92509;1380;93889;4587;3971
2026-09-26T10:25:51;E_A5;entree;VITRY;rapide;2026-09-29 08:00;BEST_GUESS;OK;82488;0;82488;4317;3626
2026-09-26T10:25:51;E_A5;entree;RIS;rapide;2026-09-29 08:00;BEST_GUESS;OK;70634;1380;72014;3113;2857
2026-09-26T10:25:51;E_A6;entree;VITRY;rapide;2026-09-29 08:00;BEST_GUESS;OK;93772;0;93772;4495;3537
2026-09-26T10:25:51;E_A6;entree;RIS;rapide;2026-09-29 08:00;BEST_GUESS;OK;72354;1380;73734;2895;2642
2026-09-26T10:25:51;E_A10;entree;VITRY;rapide;2026-09-29 08:00;BEST_GUESS;OK;62958;0;62958;3321;2617
2026-09-26T10:25:51;E_A10;entree;RIS;rapide;2026-09-29 08:00;BEST_GUESS;OK;59203;1380;60583;2728;2411
2026-09-26T10:25:51;E_A11;entree;VITRY;rapide;2026-09-29 08:00;BEST_GUESS;OK;62192;0;62192;3464;2733
2026-09-26T10:25:51;E_A11;entree;RIS;rapide;2026-09-29 08:00;BEST_GUESS;OK;58437;1380;59817;2833;2528
2026-09-26T10:25:51;E_A13;entree;VITRY;rapide;2026-09-29 08:00;BEST_GUESS;OK;92461;0;92461;4881;3779
2026-09-26T10:25:51;E_A13;entree;RIS;rapide;2026-09-29 08:00;BEST_GUESS;OK;99218;1380;100598;5082;4096
2026-09-26T10:25:51;E_A16;entree;VITRY;rapide;2026-09-29 08:00;BEST_GUESS;OK;69185;0;69185;4939;3564
2026-09-26T10:25:51;E_A16;entree;RIS;rapide;2026-09-29 08:00;BEST_GUESS;OK;89679;1380;91059;6115;4332
2026-09-26T10:25:51;IDF1;site;VITRY;rapide;2026-09-29 08:00;BEST_GUESS;OK;41890;0;41890;3792;2841
2026-09-26T10:25:51;IDF1;site;RIS;rapide;2026-09-29 08:00;BEST_GUESS;OK;58952;1380;60332;4946;3731
2026-09-26T10:25:51;IDF2;site;VITRY;rapide;2026-09-29 08:00;BEST_GUESS;OK;35448;0;35448;2938;2082
2026-09-26T10:25:51;IDF2;site;RIS;rapide;2026-09-29 08:00;BEST_GUESS;OK;14026;1380;15406;1317;1177
2026-09-26T10:25:51;IDF3;site;VITRY;rapide;2026-09-29 08:00;BEST_GUESS;OK;66563;0;66563;4939;3895
2026-09-26T10:25:51;IDF3;site;RIS;rapide;2026-09-29 08:00;BEST_GUESS;OK;90869;1380;92249;6187;4705
2026-09-26T10:25:51;IDF4;site;VITRY;rapide;2026-09-29 08:00;BEST_GUESS;OK;31174;0;31174;3032;2409
2026-09-26T10:25:51;IDF4;site;RIS;rapide;2026-09-29 08:00;BEST_GUESS;OK;48236;1380;49616;4147;3299
2026-09-26T10:25:51;IDF5;site;VITRY;rapide;2026-09-29 08:00;BEST_GUESS;OK;27596;0;27596;3537;2840
2026-09-26T10:25:51;IDF5;site;RIS;rapide;2026-09-29 08:00;BEST_GUESS;OK;48346;1380;49726;4362;3517
2026-09-26T10:25:51;IDF6;site;VITRY;rapide;2026-09-29 08:00;BEST_GUESS;OK;41449;0;41449;3511;2811
2026-09-26T10:25:51;IDF6;site;RIS;rapide;2026-09-29 08:00;BEST_GUESS;OK;57321;1380;58701;4161;3170
2026-09-26T10:25:51;IDF7;site;VITRY;rapide;2026-09-29 08:00;BEST_GUESS;OK;40735;0;40735;3389;2678
2026-09-26T10:25:51;IDF7;site;RIS;rapide;2026-09-29 08:00;BEST_GUESS;OK;56204;1380;57584;3972;3049
2026-09-26T10:25:51;IDF8;site;VITRY;rapide;2026-09-29 08:00;BEST_GUESS;OK;45059;0;45059;3490;2489
2026-09-26T10:25:51;IDF8;site;RIS;rapide;2026-09-29 08:00;BEST_GUESS;OK;64478;1380;65858;4040;3408
2026-09-26T10:25:51;IDF9;site;VITRY;rapide;2026-09-29 08:00;BEST_GUESS;OK;46751;0;46751;3926;2980
2026-09-26T10:25:51;IDF9;site;RIS;rapide;2026-09-29 08:00;BEST_GUESS;OK;53507;1380;54887;4114;3297
2026-09-26T10:25:51;IDF10;site;VITRY;rapide;2026-09-29 08:00;BEST_GUESS;OK;34363;0;34363;3290;2348
2026-09-26T10:25:51;IDF10;site;RIS;rapide;2026-09-29 08:00;BEST_GUESS;OK;51425;1380;52805;4399;3238
2026-09-26T10:25:51;IDF11;site;VITRY;rapide;2026-09-29 08:00;BEST_GUESS;OK;49468;0;49468;3303;2370
2026-09-26T10:25:51;IDF11;site;RIS;rapide;2026-09-29 08:00;BEST_GUESS;OK;68887;1380;70267;3865;3288
2026-09-26T10:25:51;IDF12;site;VITRY;rapide;2026-09-29 08:00;BEST_GUESS;OK;11529;0;11529;1309;1049
2026-09-26T10:25:51;IDF12;site;RIS;rapide;2026-09-29 08:00;BEST_GUESS;OK;14828;1380;16208;2117;1956
2026-09-26T10:25:51;IDF13;site;VITRY;rapide;2026-09-29 08:00;BEST_GUESS;OK;38905;0;38905;3229;2536
2026-09-26T10:25:51;IDF13;site;RIS;rapide;2026-09-29 08:00;BEST_GUESS;OK;32603;1380;33983;2312;2015
2026-09-26T10:25:51;IDF14;site;VITRY;rapide;2026-09-29 08:00;BEST_GUESS;OK;7704;0;7704;1428;1243
2026-09-26T10:25:51;IDF14;site;RIS;rapide;2026-09-29 08:00;BEST_GUESS;OK;10572;1380;11952;1393;1306
2026-09-26T10:25:51;IDF15;site;VITRY;rapide;2026-09-29 08:00;BEST_GUESS;OK;46693;0;46693;3490;2492
2026-09-26T10:25:51;IDF15;site;RIS;rapide;2026-09-29 08:00;BEST_GUESS;OK;53449;1380;54829;3673;2809
2026-09-26T10:25:51;HDF1;site;VITRY;rapide;2026-09-29 08:00;BEST_GUESS;OK;210106;0;210106;9774;9101
2026-09-26T10:25:51;HDF1;site;RIS;rapide;2026-09-29 08:00;BEST_GUESS;OK;227168;1380;228548;10945;9991
2026-09-26T10:25:51;HDF2;site;VITRY;rapide;2026-09-29 08:00;BEST_GUESS;OK;203649;0;203649;8704;7989
2026-09-26T10:25:51;HDF2;site;RIS;rapide;2026-09-29 08:00;BEST_GUESS;OK;220711;1380;222091;9839;8880
2026-09-26T10:25:51;HDF3;site;VITRY;rapide;2026-09-29 08:00;BEST_GUESS;OK;251636;0;251636;10640;10124
2026-09-26T10:25:51;HDF3;site;RIS;rapide;2026-09-29 08:00;BEST_GUESS;OK;268698;1380;270078;11806;11014
2026-09-26T10:25:51;HDF4;site;VITRY;rapide;2026-09-29 08:00;BEST_GUESS;OK;203647;0;203647;8717;8114
2026-09-26T10:25:51;HDF4;site;RIS;rapide;2026-09-29 08:00;BEST_GUESS;OK;220709;1380;222089;9860;9004
2026-09-26T10:25:51;HDF5;site;VITRY;rapide;2026-09-29 08:00;BEST_GUESS;OK;224457;0;224457;9451;8842
2026-09-26T10:25:51;HDF5;site;RIS;rapide;2026-09-29 08:00;BEST_GUESS;OK;241519;1380;242899;10622;9732
2026-09-26T10:25:51;NOR1;site;VITRY;rapide;2026-09-29 08:00;BEST_GUESS;OK;209946;0;209946;8270;7853
2026-09-26T10:25:51;NOR1;site;RIS;rapide;2026-09-29 08:00;BEST_GUESS;OK;216703;1380;218083;8521;8170
2026-09-26T10:25:51;NOR2;site;VITRY;rapide;2026-09-29 08:00;BEST_GUESS;OK;139337;0;139337;6258;5439
2026-09-26T10:25:51;NOR2;site;RIS;rapide;2026-09-29 08:00;BEST_GUESS;OK;146094;1380;147474;6464;5756
2026-09-26T10:25:51;NOR3;site;VITRY;rapide;2026-09-29 08:00;BEST_GUESS;OK;134270;0;134270;6429;5551
2026-09-26T10:25:51;NOR3;site;RIS;rapide;2026-09-29 08:00;BEST_GUESS;OK;141027;1380;142407;6644;5868
2026-09-26T10:25:51;CVL1;site;VITRY;rapide;2026-09-29 08:00;BEST_GUESS;OK;226354;0;226354;8480;8187
2026-09-26T10:25:51;CVL1;site;RIS;rapide;2026-09-29 08:00;BEST_GUESS;OK;222598;1380;223978;8042;7980
2026-09-26T10:25:51;CVL2;site;VITRY;rapide;2026-09-29 08:00;BEST_GUESS;OK;262174;0;262174;10416;10181
2026-09-26T10:25:51;CVL2;site;RIS;rapide;2026-09-29 08:00;BEST_GUESS;OK;258419;1380;259799;10071;9975
2026-09-26T10:25:51;CVL3;site;VITRY;rapide;2026-09-29 08:00;BEST_GUESS;OK;130619;0;130619;5863;5212
2026-09-26T10:25:51;CVL3;site;RIS;rapide;2026-09-29 08:00;BEST_GUESS;OK;126864;1380;128244;5272;5006
2026-09-26T10:25:51;GE1;site;VITRY;rapide;2026-09-29 08:00;BEST_GUESS;OK;185285;0;185285;7478;6915
2026-09-26T10:25:51;GE1;site;RIS;rapide;2026-09-29 08:00;BEST_GUESS;OK;204704;1380;206084;8253;7834
2026-09-26T10:25:51;BFC1;site;VITRY;rapide;2026-09-29 08:00;BEST_GUESS;OK;312203;0;312203;11008;10719
2026-09-26T10:25:51;BFC1;site;RIS;rapide;2026-09-29 08:00;BEST_GUESS;OK;290785;1380;292165;9977;9824
2026-09-26T10:25:53;E_A1;entree;RIS;acces_impose;2026-09-29 08:00;BEST_GUESS;OK;67584;1380;68964;4612;3457
2026-09-26T10:25:53;E_A1;entree;RIS;impose_ouest;2026-09-29 08:00;BEST_GUESS;OK;86345;1380;87725;5614;4305
2026-09-26T10:25:53;E_A4;entree;RIS;acces_impose;2026-09-29 08:00;BEST_GUESS;OK;95907;1380;97287;4632;3915
2026-09-26T10:25:54;E_A4;entree;RIS;impose_est;2026-09-29 08:00;BEST_GUESS;OK;95907;1380;97287;4632;3915
2026-09-26T10:25:54;E_A5;entree;RIS;acces_impose;2026-09-29 08:00;BEST_GUESS;OK;74032;1380;75412;3184;2802
2026-09-26T10:25:54;E_A5;entree;RIS;impose_est;2026-09-29 08:00;BEST_GUESS;OK;74032;1380;75412;3184;2802
2026-09-26T10:25:54;E_A6;entree;RIS;acces_impose;2026-09-29 08:00;BEST_GUESS;OK;72354;1380;73734;2895;2641
2026-09-26T10:25:54;E_A6;entree;RIS;impose_est;2026-09-29 08:00;BEST_GUESS;OK;86270;1380;87650;3719;3292
2026-09-26T10:25:56;E_A10;entree;RIS;acces_impose;2026-09-29 08:00;BEST_GUESS;OK;59203;1380;60583;2728;2411
2026-09-26T10:25:56;E_A10;entree;RIS;impose_ouest;2026-09-29 08:00;BEST_GUESS;OK;59203;1380;60583;2728;2411
2026-09-26T10:25:56;E_A11;entree;RIS;acces_impose;2026-09-29 08:00;BEST_GUESS;OK;58437;1380;59817;2833;2527
2026-09-26T10:25:56;E_A11;entree;RIS;impose_ouest;2026-09-29 08:00;BEST_GUESS;OK;58437;1380;59817;2833;2527
2026-09-26T10:25:56;E_A13;entree;RIS;acces_impose;2026-09-29 08:00;BEST_GUESS;OK;100919;1380;102299;5081;4105
2026-09-26T10:25:57;E_A13;entree;RIS;impose_ouest;2026-09-29 08:00;BEST_GUESS;OK;115696;1380;117076;5638;4740
2026-09-26T10:25:57;E_A16;entree;RIS;acces_impose;2026-09-29 08:00;BEST_GUESS;OK;91380;1380;92760;6118;4341
2026-09-26T10:25:57;E_A16;entree;RIS;impose_ouest;2026-09-29 08:00;BEST_GUESS;OK;106157;1380;107537;6662;4977
2026-09-26T10:25:57;IDF1;site;RIS;acces_impose;2026-09-29 08:00;BEST_GUESS;OK;60653;1380;62033;4944;3740
2026-09-26T10:25:57;IDF1;site;RIS;impose_ouest;2026-09-29 08:00;BEST_GUESS;OK;79415;1380;80795;5902;4588
2026-09-26T10:25:58;IDF2;site;RIS;acces_impose;2026-09-29 08:00;BEST_GUESS;OK;14026;1380;15406;1317;1177
2026-09-26T10:25:58;IDF2;site;RIS;impose_ouest;2026-09-29 08:00;BEST_GUESS;OK;23176;1380;24556;1902;1590
2026-09-26T10:25:58;IDF3;site;RIS;acces_impose;2026-09-29 08:00;BEST_GUESS;OK;92571;1380;93951;6190;4715
2026-09-26T10:25:58;IDF3;site;RIS;impose_ouest;2026-09-29 08:00;BEST_GUESS;OK;107348;1380;108728;6742;5350
2026-09-26T10:25:58;IDF4;site;RIS;acces_impose;2026-09-29 08:00;BEST_GUESS;OK;49937;1380;51317;4142;3308
2026-09-26T10:25:59;IDF4;site;RIS;impose_ouest;2026-09-29 08:00;BEST_GUESS;OK;68699;1380;70079;5204;4155
2026-09-26T10:25:59;IDF5;site;RIS;acces_impose;2026-09-29 08:00;BEST_GUESS;OK;50047;1380;51427;4362;3526
2026-09-26T10:25:59;IDF5;site;RIS;impose_ouest;2026-09-29 08:00;BEST_GUESS;OK;68809;1380;70189;5379;4374
2026-09-26T10:25:59;IDF6;site;RIS;acces_impose;2026-09-29 08:00;BEST_GUESS;OK;59022;1380;60402;4156;3179
2026-09-26T10:25:59;IDF6;site;RIS;impose_ouest;2026-09-29 08:00;BEST_GUESS;OK;73799;1380;75179;4820;3814
2026-09-26T10:26:00;IDF7;site;RIS;acces_impose;2026-09-29 08:00;BEST_GUESS;OK;57906;1380;59286;3969;3058
2026-09-26T10:26:00;IDF7;site;RIS;impose_ouest;2026-09-29 08:00;BEST_GUESS;OK;72682;1380;74062;4634;3693
2026-09-26T10:26:00;IDF8;site;RIS;acces_impose;2026-09-29 08:00;BEST_GUESS;OK;67876;1380;69256;4093;3352
2026-09-26T10:26:00;IDF8;site;RIS;impose_est;2026-09-29 08:00;BEST_GUESS;OK;67876;1380;69256;4093;3352
2026-09-26T10:26:00;IDF9;site;RIS;acces_impose;2026-09-29 08:00;BEST_GUESS;OK;55209;1380;56589;4110;3306
2026-09-26T10:26:01;IDF9;site;RIS;impose_ouest;2026-09-29 08:00;BEST_GUESS;OK;69985;1380;71365;4780;3941
2026-09-26T10:26:01;IDF10;site;RIS;acces_impose;2026-09-29 08:00;BEST_GUESS;OK;53126;1380;54506;4399;3247
2026-09-26T10:26:01;IDF10;site;RIS;impose_ouest;2026-09-29 08:00;BEST_GUESS;OK;71888;1380;73268;5410;4094
2026-09-26T10:26:03;IDF11;site;RIS;acces_impose;2026-09-29 08:00;BEST_GUESS;OK;72285;1380;73665;3920;3233
2026-09-26T10:26:04;IDF11;site;RIS;impose_est;2026-09-29 08:00;BEST_GUESS;OK;72285;1380;73665;3920;3233
2026-09-26T10:26:04;IDF12;site;RIS;acces_impose;2026-09-29 08:00;BEST_GUESS;OK;34869;1380;36249;2851;2106
2026-09-26T10:26:04;IDF12;site;RIS;impose_est;2026-09-29 08:00;BEST_GUESS;OK;32483;1380;33863;2705;2372
2026-09-26T10:26:04;IDF13;site;RIS;acces_impose;2026-09-29 08:00;BEST_GUESS;OK;36001;1380;37381;2398;1960
2026-09-26T10:26:04;IDF13;site;RIS;impose_est;2026-09-29 08:00;BEST_GUESS;OK;36001;1380;37381;2398;1960
2026-09-26T10:26:05;IDF14;site;RIS;acces_impose;2026-09-29 08:00;BEST_GUESS;OK;16078;1380;17458;2033;1912
2026-09-26T10:26:05;IDF14;site;RIS;impose_est;2026-09-29 08:00;BEST_GUESS;OK;33504;1380;34884;2342;2057
2026-09-26T10:26:05;IDF15;site;RIS;acces_impose;2026-09-29 08:00;BEST_GUESS;OK;55151;1380;56531;3671;2819
2026-09-26T10:26:05;IDF15;site;RIS;impose_ouest;2026-09-29 08:00;BEST_GUESS;OK;69927;1380;71307;4351;3454
2026-09-26T10:26:05;HDF1;site;RIS;acces_impose;2026-09-29 08:00;BEST_GUESS;OK;228870;1380;230250;10957;10000
2026-09-26T10:26:06;HDF1;site;RIS;impose_est;2026-09-29 08:00;BEST_GUESS;OK;224950;1380;226330;10784;10145
2026-09-26T10:26:06;HDF2;site;RIS;acces_impose;2026-09-29 08:00;BEST_GUESS;OK;222412;1380;223792;9854;8889
2026-09-26T10:26:06;HDF2;site;RIS;impose_ouest;2026-09-29 08:00;BEST_GUESS;OK;241174;1380;242554;10717;9736
2026-09-26T10:26:07;HDF3;site;RIS;acces_impose;2026-09-29 08:00;BEST_GUESS;OK;270399;1380;271779;11821;11024
2026-09-26T10:26:07;HDF3;site;RIS;impose_ouest;2026-09-29 08:00;BEST_GUESS;OK;289161;1380;290541;12685;11871
2026-09-26T10:26:07;HDF4;site;RIS;acces_impose;2026-09-29 08:00;BEST_GUESS;OK;222410;1380;223790;9875;9013
2026-09-26T10:26:08;HDF4;site;RIS;impose_ouest;2026-09-29 08:00;BEST_GUESS;OK;241172;1380;242552;10738;9861
2026-09-26T10:26:08;HDF5;site;RIS;acces_impose;2026-09-29 08:00;BEST_GUESS;OK;243220;1380;244600;10635;9741
2026-09-26T10:26:08;HDF5;site;RIS;impose_ouest;2026-09-29 08:00;BEST_GUESS;OK;261982;1380;263362;11495;10588
2026-09-26T10:26:08;NOR1;site;RIS;acces_impose;2026-09-29 08:00;BEST_GUESS;OK;218404;1380;219784;8538;8179
2026-09-26T10:26:09;NOR1;site;RIS;impose_ouest;2026-09-29 08:00;BEST_GUESS;OK;233181;1380;234561;9091;8814
2026-09-26T10:26:09;NOR2;site;RIS;acces_impose;2026-09-29 08:00;BEST_GUESS;OK;147795;1380;149175;6468;5767
2026-09-26T10:26:09;NOR2;site;RIS;impose_ouest;2026-09-29 08:00;BEST_GUESS;OK;162572;1380;163952;7044;6402
2026-09-26T10:26:10;NOR3;site;RIS;acces_impose;2026-09-29 08:00;BEST_GUESS;OK;142728;1380;144108;6649;5877
2026-09-26T10:26:10;NOR3;site;RIS;impose_ouest;2026-09-29 08:00;BEST_GUESS;OK;157505;1380;158885;7205;6512
2026-09-26T10:26:10;CVL1;site;RIS;acces_impose;2026-09-29 08:00;BEST_GUESS;OK;222599;1380;223979;8041;7981
2026-09-26T10:26:10;CVL1;site;RIS;impose_ouest;2026-09-29 08:00;BEST_GUESS;OK;222599;1380;223979;8041;7981
2026-09-26T10:26:10;CVL2;site;RIS;acces_impose;2026-09-29 08:00;BEST_GUESS;OK;258419;1380;259799;10071;9975
2026-09-26T10:26:11;CVL2;site;RIS;impose_ouest;2026-09-29 08:00;BEST_GUESS;OK;258419;1380;259799;10071;9975
2026-09-26T10:26:11;CVL3;site;RIS;acces_impose;2026-09-29 08:00;BEST_GUESS;OK;126864;1380;128244;5272;5006
2026-09-26T10:26:11;CVL3;site;RIS;impose_ouest;2026-09-29 08:00;BEST_GUESS;OK;126864;1380;128244;5272;5006
2026-09-26T10:26:11;GE1;site;RIS;acces_impose;2026-09-29 08:00;BEST_GUESS;OK;208102;1380;209482;8242;7779
2026-09-26T10:26:12;GE1;site;RIS;impose_est;2026-09-29 08:00;BEST_GUESS;OK;208102;1380;209482;8242;7779
2026-09-26T10:26:12;BFC1;site;RIS;acces_impose;2026-09-29 08:00;BEST_GUESS;OK;290785;1380;292165;9977;9823
2026-09-26T10:26:12;BFC1;site;RIS;impose_est;2026-09-29 08:00;BEST_GUESS;OK;304701;1380;306081;10657;10474
2026-09-26T10:26:12;E_A1;entree;VITRY;rapide;2026-09-29 09:00;BEST_GUESS;OK;48820;0;48820;3358;2558
2026-09-26T10:26:12;E_A1;entree;RIS;rapide;2026-09-29 09:00;BEST_GUESS;OK;65882;1380;67262;4421;3448
2026-09-26T10:26:12;E_A4;entree;VITRY;rapide;2026-09-29 09:00;BEST_GUESS;OK;73090;0;73090;3604;3052
2026-09-26T10:26:12;E_A4;entree;RIS;rapide;2026-09-29 09:00;BEST_GUESS;OK;92509;1380;93889;4317;3971
2026-09-26T10:26:12;E_A5;entree;VITRY;rapide;2026-09-29 09:00;BEST_GUESS;OK;82488;0;82488;3900;3626
2026-09-26T10:26:12;E_A5;entree;RIS;rapide;2026-09-29 09:00;BEST_GUESS;OK;70634;1380;72014;3010;2857
2026-09-26T10:26:12;E_A6;entree;VITRY;rapide;2026-09-29 09:00;BEST_GUESS;OK;93772;0;93772;3997;3536
2026-09-26T10:26:12;E_A6;entree;RIS;rapide;2026-09-29 09:00;BEST_GUESS;OK;72354;1380;73734;2717;2642
2026-09-26T10:26:12;E_A10;entree;VITRY;rapide;2026-09-29 09:00;BEST_GUESS;OK;62958;0;62958;3058;2617
2026-09-26T10:26:12;E_A10;entree;RIS;rapide;2026-09-29 09:00;BEST_GUESS;OK;59203;1380;60583;2510;2411
2026-09-26T10:26:12;E_A11;entree;VITRY;rapide;2026-09-29 09:00;BEST_GUESS;OK;62192;0;62192;3222;2733
2026-09-26T10:26:12;E_A11;entree;RIS;rapide;2026-09-29 09:00;BEST_GUESS;OK;58437;1380;59817;2686;2527
2026-09-26T10:26:12;E_A13;entree;VITRY;rapide;2026-09-29 09:00;BEST_GUESS;OK;92461;0;92461;4278;3779
2026-09-26T10:26:12;E_A13;entree;RIS;rapide;2026-09-29 09:00;BEST_GUESS;OK;99218;1380;100598;4516;4096
2026-09-26T10:26:12;E_A16;entree;VITRY;rapide;2026-09-29 09:00;BEST_GUESS;OK;69185;0;69185;4608;3564
2026-09-26T10:26:12;E_A16;entree;RIS;rapide;2026-09-29 09:00;BEST_GUESS;OK;89679;1380;91059;5541;4332
2026-09-26T10:26:12;IDF1;site;VITRY;rapide;2026-09-29 09:00;BEST_GUESS;OK;41890;0;41890;3623;2841
2026-09-26T10:26:12;IDF1;site;RIS;rapide;2026-09-29 09:00;BEST_GUESS;OK;58952;1380;60332;4689;3731
2026-09-26T10:26:12;IDF2;site;VITRY;rapide;2026-09-29 09:00;BEST_GUESS;OK;35448;0;35448;2683;2082
2026-09-26T10:26:12;IDF2;site;RIS;rapide;2026-09-29 09:00;BEST_GUESS;OK;14026;1380;15406;1268;1177
2026-09-26T10:26:12;IDF3;site;VITRY;rapide;2026-09-29 09:00;BEST_GUESS;OK;66563;0;66563;4679;3895
2026-09-26T10:26:12;IDF3;site;RIS;rapide;2026-09-29 09:00;BEST_GUESS;OK;90870;1380;92250;5695;4706
2026-09-26T10:26:12;IDF4;site;VITRY;rapide;2026-09-29 09:00;BEST_GUESS;OK;31174;0;31174;2922;2409
2026-09-26T10:26:12;IDF4;site;RIS;rapide;2026-09-29 09:00;BEST_GUESS;OK;48236;1380;49616;4042;3299
2026-09-26T10:26:12;IDF5;site;VITRY;rapide;2026-09-29 09:00;BEST_GUESS;OK;27596;0;27596;3527;2840
2026-09-26T10:26:12;IDF5;site;RIS;rapide;2026-09-29 09:00;BEST_GUESS;OK;48346;1380;49726;4284;3517
2026-09-26T10:26:12;IDF6;site;VITRY;rapide;2026-09-29 09:00;BEST_GUESS;OK;41449;0;41449;3481;2811
2026-09-26T10:26:12;IDF6;site;RIS;rapide;2026-09-29 09:00;BEST_GUESS;OK;57321;1380;58701;3952;3170
2026-09-26T10:26:12;IDF7;site;VITRY;rapide;2026-09-29 09:00;BEST_GUESS;OK;40735;0;40735;3349;2678
2026-09-26T10:26:12;IDF7;site;RIS;rapide;2026-09-29 09:00;BEST_GUESS;OK;56204;1380;57584;3750;3049
2026-09-26T10:26:12;IDF8;site;VITRY;rapide;2026-09-29 09:00;BEST_GUESS;OK;45059;0;45059;3177;2489
2026-09-26T10:26:12;IDF8;site;RIS;rapide;2026-09-29 09:00;BEST_GUESS;OK;64478;1380;65858;3850;3408
2026-09-26T10:26:12;IDF9;site;VITRY;rapide;2026-09-29 09:00;BEST_GUESS;OK;46751;0;46751;3620;2980
2026-09-26T10:26:12;IDF9;site;RIS;rapide;2026-09-29 09:00;BEST_GUESS;OK;53507;1380;54887;3860;3297
2026-09-26T10:26:12;IDF10;site;VITRY;rapide;2026-09-29 09:00;BEST_GUESS;OK;34363;0;34363;3112;2348
2026-09-26T10:26:12;IDF10;site;RIS;rapide;2026-09-29 09:00;BEST_GUESS;OK;51425;1380;52805;4193;3238
2026-09-26T10:26:12;IDF11;site;VITRY;rapide;2026-09-29 09:00;BEST_GUESS;OK;49468;0;49468;3027;2370
2026-09-26T10:26:12;IDF11;site;RIS;rapide;2026-09-29 09:00;BEST_GUESS;OK;68887;1380;70267;3679;3288
2026-09-26T10:26:12;IDF12;site;VITRY;rapide;2026-09-29 09:00;BEST_GUESS;OK;11529;0;11529;1351;1049
2026-09-26T10:26:12;IDF12;site;RIS;rapide;2026-09-29 09:00;BEST_GUESS;OK;14828;1380;16208;2074;1956
2026-09-26T10:26:12;IDF13;site;VITRY;rapide;2026-09-29 09:00;BEST_GUESS;OK;38905;0;38905;2900;2536
2026-09-26T10:26:12;IDF13;site;RIS;rapide;2026-09-29 09:00;BEST_GUESS;OK;32603;1380;33983;2270;2015
2026-09-26T10:26:12;IDF14;site;VITRY;rapide;2026-09-29 09:00;BEST_GUESS;OK;7704;0;7704;1402;1243
2026-09-26T10:26:12;IDF14;site;RIS;rapide;2026-09-29 09:00;BEST_GUESS;OK;10572;1380;11952;1384;1306
2026-09-26T10:26:12;IDF15;site;VITRY;rapide;2026-09-29 09:00;BEST_GUESS;OK;46693;0;46693;3117;2492
2026-09-26T10:26:12;IDF15;site;RIS;rapide;2026-09-29 09:00;BEST_GUESS;OK;53449;1380;54829;3345;2809
2026-09-26T10:26:12;HDF1;site;VITRY;rapide;2026-09-29 09:00;BEST_GUESS;OK;210106;0;210106;9704;9100
2026-09-26T10:26:12;HDF1;site;RIS;rapide;2026-09-29 09:00;BEST_GUESS;OK;227168;1380;228548;10798;9991
2026-09-26T10:26:12;HDF2;site;VITRY;rapide;2026-09-29 09:00;BEST_GUESS;OK;203649;0;203649;8586;7989
2026-09-26T10:26:12;HDF2;site;RIS;rapide;2026-09-29 09:00;BEST_GUESS;OK;220711;1380;222091;9662;8880
2026-09-26T10:26:12;HDF3;site;VITRY;rapide;2026-09-29 09:00;BEST_GUESS;OK;251636;0;251636;10767;10124
2026-09-26T10:26:12;HDF3;site;RIS;rapide;2026-09-29 09:00;BEST_GUESS;OK;268698;1380;270078;11838;11014
2026-09-26T10:26:12;HDF4;site;VITRY;rapide;2026-09-29 09:00;BEST_GUESS;OK;203647;0;203647;8608;8114
2026-09-26T10:26:12;HDF4;site;RIS;rapide;2026-09-29 09:00;BEST_GUESS;OK;220709;1380;222089;9679;9004
2026-09-26T10:26:12;HDF5;site;VITRY;rapide;2026-09-29 09:00;BEST_GUESS;OK;224457;0;224457;9291;8842
2026-09-26T10:26:12;HDF5;site;RIS;rapide;2026-09-29 09:00;BEST_GUESS;OK;241519;1380;242899;10404;9732
2026-09-26T10:26:12;NOR1;site;VITRY;rapide;2026-09-29 09:00;BEST_GUESS;OK;209946;0;209946;8201;7853
2026-09-26T10:26:12;NOR1;site;RIS;rapide;2026-09-29 09:00;BEST_GUESS;OK;216703;1380;218083;8475;8170
2026-09-26T10:26:12;NOR2;site;VITRY;rapide;2026-09-29 09:00;BEST_GUESS;OK;139338;0;139338;5760;5440
2026-09-26T10:26:12;NOR2;site;RIS;rapide;2026-09-29 09:00;BEST_GUESS;OK;146094;1380;147474;6024;5757
2026-09-26T10:26:12;NOR3;site;VITRY;rapide;2026-09-29 09:00;BEST_GUESS;OK;134270;0;134270;5960;5551
2026-09-26T10:26:12;NOR3;site;RIS;rapide;2026-09-29 09:00;BEST_GUESS;OK;141027;1380;142407;6221;5868
2026-09-26T10:26:12;CVL1;site;VITRY;rapide;2026-09-29 09:00;BEST_GUESS;OK;226354;0;226354;8386;8187
2026-09-26T10:26:12;CVL1;site;RIS;rapide;2026-09-29 09:00;BEST_GUESS;OK;222599;1380;223979;8076;7982
2026-09-26T10:26:12;CVL2;site;VITRY;rapide;2026-09-29 09:00;BEST_GUESS;OK;262174;0;262174;10454;10181
2026-09-26T10:26:12;CVL2;site;RIS;rapide;2026-09-29 09:00;BEST_GUESS;OK;258419;1380;259799;10154;9975
2026-09-26T10:26:12;CVL3;site;VITRY;rapide;2026-09-29 09:00;BEST_GUESS;OK;130619;0;130619;5523;5212
2026-09-26T10:26:12;CVL3;site;RIS;rapide;2026-09-29 09:00;BEST_GUESS;OK;126864;1380;128244;5144;5006
2026-09-26T10:26:12;GE1;site;VITRY;rapide;2026-09-29 09:00;BEST_GUESS;OK;185285;0;185285;7350;6915
2026-09-26T10:26:12;GE1;site;RIS;rapide;2026-09-29 09:00;BEST_GUESS;OK;204704;1380;206084;8195;7834
2026-09-26T10:26:12;BFC1;site;VITRY;rapide;2026-09-29 09:00;BEST_GUESS;OK;312203;0;312203;10898;10719
2026-09-26T10:26:12;BFC1;site;RIS;rapide;2026-09-29 09:00;BEST_GUESS;OK;290785;1380;292165;9879;9824
2026-09-26T10:26:13;E_A1;entree;RIS;acces_impose;2026-09-29 09:00;BEST_GUESS;OK;67584;1380;68964;4438;3457
2026-09-26T10:26:13;E_A1;entree;RIS;impose_ouest;2026-09-29 09:00;BEST_GUESS;OK;86345;1380;87725;5309;4305
2026-09-26T10:26:14;E_A4;entree;RIS;acces_impose;2026-09-29 09:00;BEST_GUESS;OK;95907;1380;97287;4318;3915
2026-09-26T10:26:14;E_A4;entree;RIS;impose_est;2026-09-29 09:00;BEST_GUESS;OK;95907;1380;97287;4318;3915
2026-09-26T10:26:14;E_A5;entree;RIS;acces_impose;2026-09-29 09:00;BEST_GUESS;OK;74032;1380;75412;3024;2802
2026-09-26T10:26:14;E_A5;entree;RIS;impose_est;2026-09-29 09:00;BEST_GUESS;OK;74032;1380;75412;3024;2802
2026-09-26T10:26:14;E_A6;entree;RIS;acces_impose;2026-09-29 09:00;BEST_GUESS;OK;72354;1380;73734;2717;2641
2026-09-26T10:26:15;E_A6;entree;RIS;impose_est;2026-09-29 09:00;BEST_GUESS;OK;86270;1380;87650;3471;3292
2026-09-26T10:26:15;E_A10;entree;RIS;acces_impose;2026-09-29 09:00;BEST_GUESS;OK;59203;1380;60583;2510;2411
2026-09-26T10:26:15;E_A10;entree;RIS;impose_ouest;2026-09-29 09:00;BEST_GUESS;OK;59203;1380;60583;2510;2411
2026-09-26T10:26:15;E_A11;entree;RIS;acces_impose;2026-09-29 09:00;BEST_GUESS;OK;58437;1380;59817;2686;2527
2026-09-26T10:26:15;E_A11;entree;RIS;impose_ouest;2026-09-29 09:00;BEST_GUESS;OK;58437;1380;59817;2686;2527
2026-09-26T10:26:16;E_A13;entree;RIS;acces_impose;2026-09-29 09:00;BEST_GUESS;OK;100919;1380;102299;4532;4105
2026-09-26T10:26:16;E_A13;entree;RIS;impose_ouest;2026-09-29 09:00;BEST_GUESS;OK;115696;1380;117076;5086;4740
2026-09-26T10:26:16;E_A16;entree;RIS;acces_impose;2026-09-29 09:00;BEST_GUESS;OK;91380;1380;92760;5556;4341
2026-09-26T10:26:16;E_A16;entree;RIS;impose_ouest;2026-09-29 09:00;BEST_GUESS;OK;106157;1380;107537;6106;4977
2026-09-26T10:26:16;IDF1;site;RIS;acces_impose;2026-09-29 09:00;BEST_GUESS;OK;60653;1380;62033;4705;3740
2026-09-26T10:26:17;IDF1;site;RIS;impose_ouest;2026-09-29 09:00;BEST_GUESS;OK;79415;1380;80795;5574;4588
2026-09-26T10:26:17;IDF2;site;RIS;acces_impose;2026-09-29 09:00;BEST_GUESS;OK;14026;1380;15406;1268;1177
2026-09-26T10:26:17;IDF2;site;RIS;impose_ouest;2026-09-29 09:00;BEST_GUESS;OK;23176;1380;24556;1769;1590
2026-09-26T10:26:17;IDF3;site;RIS;acces_impose;2026-09-29 09:00;BEST_GUESS;OK;92571;1380;93951;5710;4715
2026-09-26T10:26:17;IDF3;site;RIS;impose_ouest;2026-09-29 09:00;BEST_GUESS;OK;107348;1380;108728;6263;5350
2026-09-26T10:26:18;IDF4;site;RIS;acces_impose;2026-09-29 09:00;BEST_GUESS;OK;49937;1380;51317;4053;3308
2026-09-26T10:26:18;IDF4;site;RIS;impose_ouest;2026-09-29 09:00;BEST_GUESS;OK;68699;1380;70079;4932;4155
2026-09-26T10:26:18;IDF5;site;RIS;acces_impose;2026-09-29 09:00;BEST_GUESS;OK;50047;1380;51427;4301;3526
2026-09-26T10:26:18;IDF5;site;RIS;impose_ouest;2026-09-29 09:00;BEST_GUESS;OK;68809;1380;70189;5172;4374
2026-09-26T10:26:19;IDF6;site;RIS;acces_impose;2026-09-29 09:00;BEST_GUESS;OK;59022;1380;60402;3963;3179
2026-09-26T10:26:19;IDF6;site;RIS;impose_ouest;2026-09-29 09:00;BEST_GUESS;OK;73799;1380;75179;4497;3814
2026-09-26T10:26:19;IDF7;site;RIS;acces_impose;2026-09-29 09:00;BEST_GUESS;OK;57906;1380;59286;3761;3058
2026-09-26T10:26:19;IDF7;site;RIS;impose_ouest;2026-09-29 09:00;BEST_GUESS;OK;72682;1380;74062;4297;3693
2026-09-26T10:26:19;IDF8;site;RIS;acces_impose;2026-09-29 09:00;BEST_GUESS;OK;67876;1380;69256;3851;3352
2026-09-26T10:26:20;IDF8;site;RIS;impose_est;2026-09-29 09:00;BEST_GUESS;OK;67876;1380;69256;3851;3352
2026-09-26T10:26:20;IDF9;site;RIS;acces_impose;2026-09-29 09:00;BEST_GUESS;OK;55209;1380;56589;3871;3306
2026-09-26T10:26:20;IDF9;site;RIS;impose_ouest;2026-09-29 09:00;BEST_GUESS;OK;69985;1380;71365;4413;3941
2026-09-26T10:26:20;IDF10;site;RIS;acces_impose;2026-09-29 09:00;BEST_GUESS;OK;53126;1380;54506;4208;3247
2026-09-26T10:26:20;IDF10;site;RIS;impose_ouest;2026-09-29 09:00;BEST_GUESS;OK;71888;1380;73268;5081;4094
2026-09-26T10:26:21;IDF11;site;RIS;acces_impose;2026-09-29 09:00;BEST_GUESS;OK;72285;1380;73665;3683;3233
2026-09-26T10:26:21;IDF11;site;RIS;impose_est;2026-09-29 09:00;BEST_GUESS;OK;72285;1380;73665;3683;3233
2026-09-26T10:26:21;IDF12;site;RIS;acces_impose;2026-09-29 09:00;BEST_GUESS;OK;34869;1380;36249;2677;2106
2026-09-26T10:26:21;IDF12;site;RIS;impose_est;2026-09-29 09:00;BEST_GUESS;OK;32483;1380;33863;2546;2372
2026-09-26T10:26:21;IDF13;site;RIS;acces_impose;2026-09-29 09:00;BEST_GUESS;OK;36001;1380;37381;2286;1960
2026-09-26T10:26:21;IDF13;site;RIS;impose_est;2026-09-29 09:00;BEST_GUESS;OK;36001;1380;37381;2286;1960
2026-09-26T10:26:22;IDF14;site;RIS;acces_impose;2026-09-29 09:00;BEST_GUESS;OK;16078;1380;17458;1987;1912
2026-09-26T10:26:22;IDF14;site;RIS;impose_est;2026-09-29 09:00;BEST_GUESS;OK;33504;1380;34884;2250;2057
2026-09-26T10:26:22;IDF15;site;RIS;acces_impose;2026-09-29 09:00;BEST_GUESS;OK;55151;1380;56531;3357;2819
2026-09-26T10:26:22;IDF15;site;RIS;impose_ouest;2026-09-29 09:00;BEST_GUESS;OK;69927;1380;71307;3872;3454
2026-09-26T10:26:22;HDF1;site;RIS;acces_impose;2026-09-29 09:00;BEST_GUESS;OK;228870;1380;230250;10809;10000
2026-09-26T10:26:23;HDF1;site;RIS;impose_est;2026-09-29 09:00;BEST_GUESS;OK;224950;1380;226330;10698;10145
2026-09-26T10:26:23;HDF2;site;RIS;acces_impose;2026-09-29 09:00;BEST_GUESS;OK;222412;1380;223792;9672;8889
2026-09-26T10:26:23;HDF2;site;RIS;impose_ouest;2026-09-29 09:00;BEST_GUESS;OK;241174;1380;242554;10530;9736
2026-09-26T10:26:23;HDF3;site;RIS;acces_impose;2026-09-29 09:00;BEST_GUESS;OK;270399;1380;271779;11840;11024
2026-09-26T10:26:24;HDF3;site;RIS;impose_ouest;2026-09-29 09:00;BEST_GUESS;OK;289161;1380;290541;12715;11871
2026-09-26T10:26:24;HDF4;site;RIS;acces_impose;2026-09-29 09:00;BEST_GUESS;OK;222410;1380;223790;9689;9013
2026-09-26T10:26:24;HDF4;site;RIS;impose_ouest;2026-09-29 09:00;BEST_GUESS;OK;241172;1380;242552;10547;9861
2026-09-26T10:26:25;HDF5;site;RIS;acces_impose;2026-09-29 09:00;BEST_GUESS;OK;243220;1380;244600;10414;9741
2026-09-26T10:26:25;HDF5;site;RIS;impose_ouest;2026-09-29 09:00;BEST_GUESS;OK;261982;1380;263362;11278;10588
2026-09-26T10:26:25;NOR1;site;RIS;acces_impose;2026-09-29 09:00;BEST_GUESS;OK;218404;1380;219784;8490;8179
2026-09-26T10:26:26;NOR1;site;RIS;impose_ouest;2026-09-29 09:00;BEST_GUESS;OK;233181;1380;234561;9034;8814
2026-09-26T10:26:26;NOR2;site;RIS;acces_impose;2026-09-29 09:00;BEST_GUESS;OK;147795;1380;149175;6039;5767
2026-09-26T10:26:26;NOR2;site;RIS;impose_ouest;2026-09-29 09:00;BEST_GUESS;OK;162572;1380;163952;6597;6402
2026-09-26T10:26:26;NOR3;site;RIS;acces_impose;2026-09-29 09:00;BEST_GUESS;OK;142728;1380;144108;6236;5877
2026-09-26T10:26:27;NOR3;site;RIS;impose_ouest;2026-09-29 09:00;BEST_GUESS;OK;157505;1380;158885;6792;6512
2026-09-26T10:26:27;CVL1;site;RIS;acces_impose;2026-09-29 09:00;BEST_GUESS;OK;222599;1380;223979;8076;7981
2026-09-26T10:26:27;CVL1;site;RIS;impose_ouest;2026-09-29 09:00;BEST_GUESS;OK;222599;1380;223979;8076;7981
2026-09-26T10:26:27;CVL2;site;RIS;acces_impose;2026-09-29 09:00;BEST_GUESS;OK;258419;1380;259799;10154;9975
2026-09-26T10:26:28;CVL2;site;RIS;impose_ouest;2026-09-29 09:00;BEST_GUESS;OK;258419;1380;259799;10154;9975
2026-09-26T10:26:28;CVL3;site;RIS;acces_impose;2026-09-29 09:00;BEST_GUESS;OK;126864;1380;128244;5144;5006
2026-09-26T10:26:28;CVL3;site;RIS;impose_ouest;2026-09-29 09:00;BEST_GUESS;OK;126864;1380;128244;5144;5006
2026-09-26T10:26:28;GE1;site;RIS;acces_impose;2026-09-29 09:00;BEST_GUESS;OK;208102;1380;209482;8159;7779
2026-09-26T10:26:29;GE1;site;RIS;impose_est;2026-09-29 09:00;BEST_GUESS;OK;208102;1380;209482;8159;7779
2026-09-26T10:26:29;BFC1;site;RIS;acces_impose;2026-09-29 09:00;BEST_GUESS;OK;290785;1380;292165;9879;9823
2026-09-26T10:26:29;BFC1;site;RIS;impose_est;2026-09-29 09:00;BEST_GUESS;OK;304701;1380;306081;10555;10474
2026-09-26T10:26:29;E_A1;entree;VITRY;rapide;2026-09-29 10:00;BEST_GUESS;OK;48820;0;48820;3118;2558
2026-09-26T10:26:29;E_A1;entree;RIS;rapide;2026-09-29 10:00;BEST_GUESS;OK;65882;1380;67262;4277;3448
2026-09-26T10:26:29;E_A4;entree;VITRY;rapide;2026-09-29 10:00;BEST_GUESS;OK;73090;0;73090;3370;3052
2026-09-26T10:26:29;E_A4;entree;RIS;rapide;2026-09-29 10:00;BEST_GUESS;OK;92509;1380;93889;4250;3971
2026-09-26T10:26:29;E_A5;entree;VITRY;rapide;2026-09-29 10:00;BEST_GUESS;OK;82488;0;82488;3764;3626
2026-09-26T10:26:29;E_A5;entree;RIS;rapide;2026-09-29 10:00;BEST_GUESS;OK;70634;1380;72014;2939;2857
2026-09-26T10:26:29;E_A6;entree;VITRY;rapide;2026-09-29 10:00;BEST_GUESS;OK;93772;0;93772;3741;3537
2026-09-26T10:26:29;E_A6;entree;RIS;rapide;2026-09-29 10:00;BEST_GUESS;OK;72354;1380;73734;2711;2642
2026-09-26T10:26:29;E_A10;entree;VITRY;rapide;2026-09-29 10:00;BEST_GUESS;OK;62958;0;62958;2790;2617
2026-09-26T10:26:29;E_A10;entree;RIS;rapide;2026-09-29 10:00;BEST_GUESS;OK;59203;1380;60583;2436;2411
2026-09-26T10:26:29;E_A11;entree;VITRY;rapide;2026-09-29 10:00;BEST_GUESS;OK;62192;0;62192;2929;2733
2026-09-26T10:26:29;E_A11;entree;RIS;rapide;2026-09-29 10:00;BEST_GUESS;OK;58437;1380;59817;2575;2528
2026-09-26T10:26:29;E_A13;entree;VITRY;rapide;2026-09-29 10:00;BEST_GUESS;OK;92461;0;92461;4034;3779
2026-09-26T10:26:29;E_A13;entree;RIS;rapide;2026-09-29 10:00;BEST_GUESS;OK;99218;1380;100598;4313;4096
2026-09-26T10:26:29;E_A16;entree;VITRY;rapide;2026-09-29 10:00;BEST_GUESS;OK;69185;0;69185;4186;3564
2026-09-26T10:26:29;E_A16;entree;RIS;rapide;2026-09-29 10:00;BEST_GUESS;OK;89679;1380;91059;5015;4332
2026-09-26T10:26:29;IDF1;site;VITRY;rapide;2026-09-29 10:00;BEST_GUESS;OK;41890;0;41890;3448;2841
2026-09-26T10:26:29;IDF1;site;RIS;rapide;2026-09-29 10:00;BEST_GUESS;OK;58952;1380;60332;4614;3731
2026-09-26T10:26:29;IDF2;site;VITRY;rapide;2026-09-29 10:00;BEST_GUESS;OK;35448;0;35448;2324;2082
2026-09-26T10:26:29;IDF2;site;RIS;rapide;2026-09-29 10:00;BEST_GUESS;OK;14026;1380;15406;1203;1177
2026-09-26T10:26:29;IDF3;site;VITRY;rapide;2026-09-29 10:00;BEST_GUESS;OK;66563;0;66563;4460;3895
2026-09-26T10:26:29;IDF3;site;RIS;rapide;2026-09-29 10:00;BEST_GUESS;OK;90870;1380;92250;5294;4706
2026-09-26T10:26:29;IDF4;site;VITRY;rapide;2026-09-29 10:00;BEST_GUESS;OK;31174;0;31174;2727;2409
2026-09-26T10:26:29;IDF4;site;RIS;rapide;2026-09-29 10:00;BEST_GUESS;OK;48236;1380;49616;3906;3299
2026-09-26T10:26:29;IDF5;site;VITRY;rapide;2026-09-29 10:00;BEST_GUESS;OK;27596;0;27596;3252;2840
2026-09-26T10:26:29;IDF5;site;RIS;rapide;2026-09-29 10:00;BEST_GUESS;OK;48346;1380;49726;4071;3517
2026-09-26T10:26:29;IDF6;site;VITRY;rapide;2026-09-29 10:00;BEST_GUESS;OK;41449;0;41449;3209;2811
2026-09-26T10:26:29;IDF6;site;RIS;rapide;2026-09-29 10:00;BEST_GUESS;OK;57321;1380;58701;3644;3170
2026-09-26T10:26:29;IDF7;site;VITRY;rapide;2026-09-29 10:00;BEST_GUESS;OK;40735;0;40735;3037;2678
2026-09-26T10:26:29;IDF7;site;RIS;rapide;2026-09-29 10:00;BEST_GUESS;OK;56204;1380;57584;3498;3049
2026-09-26T10:26:29;IDF8;site;VITRY;rapide;2026-09-29 10:00;BEST_GUESS;OK;45059;0;45059;2763;2489
2026-09-26T10:26:29;IDF8;site;RIS;rapide;2026-09-29 10:00;BEST_GUESS;OK;64478;1380;65858;3678;3408
2026-09-26T10:26:29;IDF9;site;VITRY;rapide;2026-09-29 10:00;BEST_GUESS;OK;46751;0;46751;3439;2980
2026-09-26T10:26:29;IDF9;site;RIS;rapide;2026-09-29 10:00;BEST_GUESS;OK;53507;1380;54887;3712;3297
2026-09-26T10:26:29;IDF10;site;VITRY;rapide;2026-09-29 10:00;BEST_GUESS;OK;34363;0;34363;2874;2347
2026-09-26T10:26:29;IDF10;site;RIS;rapide;2026-09-29 10:00;BEST_GUESS;OK;51425;1380;52805;4049;3238
2026-09-26T10:26:29;IDF11;site;VITRY;rapide;2026-09-29 10:00;BEST_GUESS;OK;49468;0;49468;2659;2370
2026-09-26T10:26:29;IDF11;site;RIS;rapide;2026-09-29 10:00;BEST_GUESS;OK;68887;1380;70267;3606;3288
2026-09-26T10:26:29;IDF12;site;VITRY;rapide;2026-09-29 10:00;BEST_GUESS;OK;11529;0;11529;1126;1049
2026-09-26T10:26:29;IDF12;site;RIS;rapide;2026-09-29 10:00;BEST_GUESS;OK;14828;1380;16208;2063;1956
2026-09-26T10:26:29;IDF13;site;VITRY;rapide;2026-09-29 10:00;BEST_GUESS;OK;38905;0;38905;2668;2536
2026-09-26T10:26:29;IDF13;site;RIS;rapide;2026-09-29 10:00;BEST_GUESS;OK;32603;1380;33983;2231;2015
2026-09-26T10:26:29;IDF14;site;VITRY;rapide;2026-09-29 10:00;BEST_GUESS;OK;7704;0;7704;1314;1243
2026-09-26T10:26:29;IDF14;site;RIS;rapide;2026-09-29 10:00;BEST_GUESS;OK;10572;1380;11952;1425;1306
2026-09-26T10:26:29;IDF15;site;VITRY;rapide;2026-09-29 10:00;BEST_GUESS;OK;46693;0;46693;2682;2492
2026-09-26T10:26:29;IDF15;site;RIS;rapide;2026-09-29 10:00;BEST_GUESS;OK;53449;1380;54829;2949;2809
2026-09-26T10:26:29;HDF1;site;VITRY;rapide;2026-09-29 10:00;BEST_GUESS;OK;210106;0;210106;9732;9101
2026-09-26T10:26:29;HDF1;site;RIS;rapide;2026-09-29 10:00;BEST_GUESS;OK;227168;1380;228548;10774;9991
2026-09-26T10:26:29;HDF2;site;VITRY;rapide;2026-09-29 10:00;BEST_GUESS;OK;203649;0;203649;8540;7989
2026-09-26T10:26:29;HDF2;site;RIS;rapide;2026-09-29 10:00;BEST_GUESS;OK;220711;1380;222091;9594;8880
2026-09-26T10:26:29;HDF3;site;VITRY;rapide;2026-09-29 10:00;BEST_GUESS;OK;251636;0;251636;10690;10124
2026-09-26T10:26:29;HDF3;site;RIS;rapide;2026-09-29 10:00;BEST_GUESS;OK;268698;1380;270078;11767;11014
2026-09-26T10:26:29;HDF4;site;VITRY;rapide;2026-09-29 10:00;BEST_GUESS;OK;203647;0;203647;8645;8114
2026-09-26T10:26:29;HDF4;site;RIS;rapide;2026-09-29 10:00;BEST_GUESS;OK;220709;1380;222089;9690;9004
2026-09-26T10:26:29;HDF5;site;VITRY;rapide;2026-09-29 10:00;BEST_GUESS;OK;224457;0;224457;9360;8842
2026-09-26T10:26:29;HDF5;site;RIS;rapide;2026-09-29 10:00;BEST_GUESS;OK;241519;1380;242899;10365;9732
2026-09-26T10:26:29;NOR1;site;VITRY;rapide;2026-09-29 10:00;BEST_GUESS;OK;209946;0;209946;8188;7853
2026-09-26T10:26:29;NOR1;site;RIS;rapide;2026-09-29 10:00;BEST_GUESS;OK;216703;1380;218083;8467;8170
2026-09-26T10:26:29;NOR2;site;VITRY;rapide;2026-09-29 10:00;BEST_GUESS;OK;139338;0;139338;5670;5440
2026-09-26T10:26:29;NOR2;site;RIS;rapide;2026-09-29 10:00;BEST_GUESS;OK;146094;1380;147474;5932;5757
2026-09-26T10:26:29;NOR3;site;VITRY;rapide;2026-09-29 10:00;BEST_GUESS;OK;134270;0;134270;5793;5551
2026-09-26T10:26:29;NOR3;site;RIS;rapide;2026-09-29 10:00;BEST_GUESS;OK;141027;1380;142407;6058;5868
2026-09-26T10:26:29;CVL1;site;VITRY;rapide;2026-09-29 10:00;BEST_GUESS;OK;226354;0;226354;8398;8187
2026-09-26T10:26:29;CVL1;site;RIS;rapide;2026-09-29 10:00;BEST_GUESS;OK;222599;1380;223979;8077;7982
2026-09-26T10:26:29;CVL2;site;VITRY;rapide;2026-09-29 10:00;BEST_GUESS;OK;262174;0;262174;10478;10181
2026-09-26T10:26:29;CVL2;site;RIS;rapide;2026-09-29 10:00;BEST_GUESS;OK;258419;1380;259799;10155;9975
2026-09-26T10:26:29;CVL3;site;VITRY;rapide;2026-09-29 10:00;BEST_GUESS;OK;130619;0;130619;5364;5212
2026-09-26T10:26:29;CVL3;site;RIS;rapide;2026-09-29 10:00;BEST_GUESS;OK;126864;1380;128244;5076;5006
2026-09-26T10:26:29;GE1;site;VITRY;rapide;2026-09-29 10:00;BEST_GUESS;OK;185285;0;185285;7368;6915
2026-09-26T10:26:29;GE1;site;RIS;rapide;2026-09-29 10:00;BEST_GUESS;OK;204703;1380;206083;8184;7833
2026-09-26T10:26:29;BFC1;site;VITRY;rapide;2026-09-29 10:00;BEST_GUESS;OK;312203;0;312203;10946;10719
2026-09-26T10:26:29;BFC1;site;RIS;rapide;2026-09-29 10:00;BEST_GUESS;OK;290785;1380;292165;9905;9824
2026-09-26T10:26:30;E_A1;entree;RIS;acces_impose;2026-09-29 10:00;BEST_GUESS;OK;67584;1380;68964;4293;3457
2026-09-26T10:26:30;E_A1;entree;RIS;impose_ouest;2026-09-29 10:00;BEST_GUESS;OK;86345;1380;87725;5159;4305
2026-09-26T10:26:30;E_A4;entree;RIS;acces_impose;2026-09-29 10:00;BEST_GUESS;OK;95907;1380;97287;4213;3915
2026-09-26T10:26:30;E_A4;entree;RIS;impose_est;2026-09-29 10:00;BEST_GUESS;OK;95907;1380;97287;4213;3915
2026-09-26T10:26:31;E_A5;entree;RIS;acces_impose;2026-09-29 10:00;BEST_GUESS;OK;74032;1380;75412;2912;2802
2026-09-26T10:26:31;E_A5;entree;RIS;impose_est;2026-09-29 10:00;BEST_GUESS;OK;74032;1380;75412;2912;2802
2026-09-26T10:26:31;E_A6;entree;RIS;acces_impose;2026-09-29 10:00;BEST_GUESS;OK;72354;1380;73734;2711;2641
2026-09-26T10:26:31;E_A6;entree;RIS;impose_est;2026-09-29 10:00;BEST_GUESS;OK;86270;1380;87650;3392;3292
2026-09-26T10:26:31;E_A10;entree;RIS;acces_impose;2026-09-29 10:00;BEST_GUESS;OK;59203;1380;60583;2436;2411
2026-09-26T10:26:31;E_A10;entree;RIS;impose_ouest;2026-09-29 10:00;BEST_GUESS;OK;59203;1380;60583;2436;2411
2026-09-26T10:26:32;E_A11;entree;RIS;acces_impose;2026-09-29 10:00;BEST_GUESS;OK;58437;1380;59817;2575;2527
2026-09-26T10:26:32;E_A11;entree;RIS;impose_ouest;2026-09-29 10:00;BEST_GUESS;OK;58437;1380;59817;2575;2527
2026-09-26T10:26:32;E_A13;entree;RIS;acces_impose;2026-09-29 10:00;BEST_GUESS;OK;100919;1380;102299;4328;4105
2026-09-26T10:26:32;E_A13;entree;RIS;impose_ouest;2026-09-29 10:00;BEST_GUESS;OK;115696;1380;117076;4852;4740
2026-09-26T10:26:32;E_A16;entree;RIS;acces_impose;2026-09-29 10:00;BEST_GUESS;OK;91380;1380;92760;5030;4341
2026-09-26T10:26:33;E_A16;entree;RIS;impose_ouest;2026-09-29 10:00;BEST_GUESS;OK;106157;1380;107537;5563;4977
2026-09-26T10:26:33;IDF1;site;RIS;acces_impose;2026-09-29 10:00;BEST_GUESS;OK;60653;1380;62033;4629;3740
2026-09-26T10:26:33;IDF1;site;RIS;impose_ouest;2026-09-29 10:00;BEST_GUESS;OK;79415;1380;80795;5492;4588
2026-09-26T10:26:33;IDF2;site;RIS;acces_impose;2026-09-29 10:00;BEST_GUESS;OK;14026;1380;15406;1203;1177
2026-09-26T10:26:33;IDF2;site;RIS;impose_ouest;2026-09-29 10:00;BEST_GUESS;OK;23176;1380;24556;1621;1590
2026-09-26T10:26:33;IDF3;site;RIS;acces_impose;2026-09-29 10:00;BEST_GUESS;OK;92571;1380;93951;5310;4715
2026-09-26T10:26:34;IDF3;site;RIS;impose_ouest;2026-09-29 10:00;BEST_GUESS;OK;107348;1380;108728;5859;5350
2026-09-26T10:26:35;IDF4;site;RIS;acces_impose;2026-09-29 10:00;BEST_GUESS;OK;49937;1380;51317;3918;3308
2026-09-26T10:26:35;IDF4;site;RIS;impose_ouest;2026-09-29 10:00;BEST_GUESS;OK;68699;1380;70079;4785;4155
2026-09-26T10:26:36;IDF5;site;RIS;acces_impose;2026-09-29 10:00;BEST_GUESS;OK;50047;1380;51427;4083;3526
2026-09-26T10:26:36;IDF5;site;RIS;impose_ouest;2026-09-29 10:00;BEST_GUESS;OK;68809;1380;70189;4948;4374
2026-09-26T10:26:36;IDF6;site;RIS;acces_impose;2026-09-29 10:00;BEST_GUESS;OK;59022;1380;60402;3656;3179
2026-09-26T10:26:36;IDF6;site;RIS;impose_ouest;2026-09-29 10:00;BEST_GUESS;OK;73799;1380;75179;4177;3814
2026-09-26T10:26:37;IDF7;site;RIS;acces_impose;2026-09-29 10:00;BEST_GUESS;OK;57906;1380;59286;3510;3058
2026-09-26T10:26:37;IDF7;site;RIS;impose_ouest;2026-09-29 10:00;BEST_GUESS;OK;72682;1380;74062;4032;3693
2026-09-26T10:26:37;IDF8;site;RIS;acces_impose;2026-09-29 10:00;BEST_GUESS;OK;67876;1380;69256;3646;3352
2026-09-26T10:26:37;IDF8;site;RIS;impose_est;2026-09-29 10:00;BEST_GUESS;OK;67876;1380;69256;3646;3352
2026-09-26T10:26:37;IDF9;site;RIS;acces_impose;2026-09-29 10:00;BEST_GUESS;OK;55209;1380;56589;3724;3306
2026-09-26T10:26:37;IDF9;site;RIS;impose_ouest;2026-09-29 10:00;BEST_GUESS;OK;69985;1380;71365;4245;3941
2026-09-26T10:26:38;IDF10;site;RIS;acces_impose;2026-09-29 10:00;BEST_GUESS;OK;53126;1380;54506;4062;3247
2026-09-26T10:26:38;IDF10;site;RIS;impose_ouest;2026-09-29 10:00;BEST_GUESS;OK;71888;1380;73268;4927;4094
2026-09-26T10:26:38;IDF11;site;RIS;acces_impose;2026-09-29 10:00;BEST_GUESS;OK;72285;1380;73665;3575;3233
2026-09-26T10:26:38;IDF11;site;RIS;impose_est;2026-09-29 10:00;BEST_GUESS;OK;72285;1380;73665;3575;3233
2026-09-26T10:26:38;IDF12;site;RIS;acces_impose;2026-09-29 10:00;BEST_GUESS;OK;34869;1380;36249;2507;2106
2026-09-26T10:26:39;IDF12;site;RIS;impose_est;2026-09-29 10:00;BEST_GUESS;OK;32483;1380;33863;2451;2372
2026-09-26T10:26:39;IDF13;site;RIS;acces_impose;2026-09-29 10:00;BEST_GUESS;OK;36001;1380;37381;2214;1960
2026-09-26T10:26:39;IDF13;site;RIS;impose_est;2026-09-29 10:00;BEST_GUESS;OK;36001;1380;37381;2214;1960
2026-09-26T10:26:39;IDF14;site;RIS;acces_impose;2026-09-29 10:00;BEST_GUESS;OK;16078;1380;17458;2051;1912
2026-09-26T10:26:39;IDF14;site;RIS;impose_est;2026-09-29 10:00;BEST_GUESS;OK;33504;1380;34884;2205;2057
2026-09-26T10:26:39;IDF15;site;RIS;acces_impose;2026-09-29 10:00;BEST_GUESS;OK;55151;1380;56531;2963;2819
2026-09-26T10:26:40;IDF15;site;RIS;impose_ouest;2026-09-29 10:00;BEST_GUESS;OK;69927;1380;71307;3506;3454
2026-09-26T10:26:40;HDF1;site;RIS;acces_impose;2026-09-29 10:00;BEST_GUESS;OK;228870;1380;230250;10779;10000
2026-09-26T10:26:40;HDF1;site;RIS;impose_est;2026-09-29 10:00;BEST_GUESS;OK;224950;1380;226330;10660;10145
2026-09-26T10:26:40;HDF2;site;RIS;acces_impose;2026-09-29 10:00;BEST_GUESS;OK;222412;1380;223792;9593;8889
2026-09-26T10:26:41;HDF2;site;RIS;impose_ouest;2026-09-29 10:00;BEST_GUESS;OK;241174;1380;242554;10470;9736
2026-09-26T10:26:41;HDF3;site;RIS;acces_impose;2026-09-29 10:00;BEST_GUESS;OK;270399;1380;271779;11778;11024
2026-09-26T10:26:41;HDF3;site;RIS;impose_ouest;2026-09-29 10:00;BEST_GUESS;OK;289161;1380;290541;12651;11871
2026-09-26T10:26:42;HDF4;site;RIS;acces_impose;2026-09-29 10:00;BEST_GUESS;OK;222410;1380;223790;9691;9013
2026-09-26T10:26:42;HDF4;site;RIS;impose_ouest;2026-09-29 10:00;BEST_GUESS;OK;241172;1380;242552;10566;9861
2026-09-26T10:26:42;HDF5;site;RIS;acces_impose;2026-09-29 10:00;BEST_GUESS;OK;243220;1380;244600;10365;9741
2026-09-26T10:26:43;HDF5;site;RIS;impose_ouest;2026-09-29 10:00;BEST_GUESS;OK;261982;1380;263362;11235;10588
2026-09-26T10:26:43;NOR1;site;RIS;acces_impose;2026-09-29 10:00;BEST_GUESS;OK;218404;1380;219784;8469;8179
2026-09-26T10:26:43;NOR1;site;RIS;impose_ouest;2026-09-29 10:00;BEST_GUESS;OK;233181;1380;234561;9045;8814
2026-09-26T10:26:43;NOR2;site;RIS;acces_impose;2026-09-29 10:00;BEST_GUESS;OK;147795;1380;149175;5945;5767
2026-09-26T10:26:44;NOR2;site;RIS;impose_ouest;2026-09-29 10:00;BEST_GUESS;OK;162572;1380;163952;6515;6402
2026-09-26T10:26:44;NOR3;site;RIS;acces_impose;2026-09-29 10:00;BEST_GUESS;OK;142728;1380;144108;6069;5877
2026-09-26T10:26:44;NOR3;site;RIS;impose_ouest;2026-09-29 10:00;BEST_GUESS;OK;157505;1380;158885;6642;6512
2026-09-26T10:26:45;CVL1;site;RIS;acces_impose;2026-09-29 10:00;BEST_GUESS;OK;222599;1380;223979;8077;7981
2026-09-26T10:26:45;CVL1;site;RIS;impose_ouest;2026-09-29 10:00;BEST_GUESS;OK;222599;1380;223979;8077;7981
2026-09-26T10:26:45;CVL2;site;RIS;acces_impose;2026-09-29 10:00;BEST_GUESS;OK;258419;1380;259799;10155;9975
2026-09-26T10:26:45;CVL2;site;RIS;impose_ouest;2026-09-29 10:00;BEST_GUESS;OK;258419;1380;259799;10155;9975
2026-09-26T10:26:45;CVL3;site;RIS;acces_impose;2026-09-29 10:00;BEST_GUESS;OK;126864;1380;128244;5076;5006
2026-09-26T10:26:46;CVL3;site;RIS;impose_ouest;2026-09-29 10:00;BEST_GUESS;OK;126864;1380;128244;5076;5006
2026-09-26T10:26:46;GE1;site;RIS;acces_impose;2026-09-29 10:00;BEST_GUESS;OK;208102;1380;209482;8117;7779
2026-09-26T10:26:46;GE1;site;RIS;impose_est;2026-09-29 10:00;BEST_GUESS;OK;208102;1380;209482;8117;7779
2026-09-26T10:26:46;BFC1;site;RIS;acces_impose;2026-09-29 10:00;BEST_GUESS;OK;290785;1380;292165;9905;9823
2026-09-26T10:26:47;BFC1;site;RIS;impose_est;2026-09-29 10:00;BEST_GUESS;OK;304701;1380;306081;10571;10474
2026-09-26T10:26:47;E_A1;entree;VITRY;rapide;2026-09-29 11:00;BEST_GUESS;OK;48820;0;48820;3042;2558
2026-09-26T10:26:47;E_A1;entree;RIS;rapide;2026-09-29 11:00;BEST_GUESS;OK;65882;1380;67262;4149;3448
2026-09-26T10:26:47;E_A4;entree;VITRY;rapide;2026-09-29 11:00;BEST_GUESS;OK;73090;0;73090;3349;3052
2026-09-26T10:26:47;E_A4;entree;RIS;rapide;2026-09-29 11:00;BEST_GUESS;OK;92509;1380;93889;4162;3971
2026-09-26T10:26:47;E_A5;entree;VITRY;rapide;2026-09-29 11:00;BEST_GUESS;OK;82488;0;82488;3750;3626
2026-09-26T10:26:47;E_A5;entree;RIS;rapide;2026-09-29 11:00;BEST_GUESS;OK;70634;1380;72014;2944;2857
2026-09-26T10:26:47;E_A6;entree;VITRY;rapide;2026-09-29 11:00;BEST_GUESS;OK;93772;0;93772;3700;3537
2026-09-26T10:26:47;E_A6;entree;RIS;rapide;2026-09-29 11:00;BEST_GUESS;OK;72354;1380;73734;2680;2642
2026-09-26T10:26:47;E_A10;entree;VITRY;rapide;2026-09-29 11:00;BEST_GUESS;OK;62958;0;62958;2734;2616
2026-09-26T10:26:47;E_A10;entree;RIS;rapide;2026-09-29 11:00;BEST_GUESS;OK;59203;1380;60583;2446;2411
2026-09-26T10:26:47;E_A11;entree;VITRY;rapide;2026-09-29 11:00;BEST_GUESS;OK;62192;0;62192;2885;2733
2026-09-26T10:26:47;E_A11;entree;RIS;rapide;2026-09-29 11:00;BEST_GUESS;OK;58437;1380;59817;2589;2528
2026-09-26T10:26:47;E_A13;entree;VITRY;rapide;2026-09-29 11:00;BEST_GUESS;OK;92461;0;92461;3948;3779
2026-09-26T10:26:47;E_A13;entree;RIS;rapide;2026-09-29 11:00;BEST_GUESS;OK;99218;1380;100598;4218;4096
2026-09-26T10:26:47;E_A16;entree;VITRY;rapide;2026-09-29 11:00;BEST_GUESS;OK;69185;0;69185;4135;3564
2026-09-26T10:26:47;E_A16;entree;RIS;rapide;2026-09-29 11:00;BEST_GUESS;OK;89679;1380;91059;4745;4332
2026-09-26T10:26:47;IDF1;site;VITRY;rapide;2026-09-29 11:00;BEST_GUESS;OK;41890;0;41890;3392;2841
2026-09-26T10:26:47;IDF1;site;RIS;rapide;2026-09-29 11:00;BEST_GUESS;OK;58952;1380;60332;4468;3731
2026-09-26T10:26:47;IDF2;site;VITRY;rapide;2026-09-29 11:00;BEST_GUESS;OK;35448;0;35448;2239;2082
2026-09-26T10:26:47;IDF2;site;RIS;rapide;2026-09-29 11:00;BEST_GUESS;OK;14026;1380;15406;1212;1177
2026-09-26T10:26:47;IDF3;site;VITRY;rapide;2026-09-29 11:00;BEST_GUESS;OK;66563;0;66563;4431;3895
2026-09-26T10:26:47;IDF3;site;RIS;rapide;2026-09-29 11:00;BEST_GUESS;OK;90870;1380;92250;5119;4706
2026-09-26T10:26:47;IDF4;site;VITRY;rapide;2026-09-29 11:00;BEST_GUESS;OK;31174;0;31174;2684;2409
2026-09-26T10:26:47;IDF4;site;RIS;rapide;2026-09-29 11:00;BEST_GUESS;OK;48236;1380;49616;3801;3299
2026-09-26T10:26:47;IDF5;site;VITRY;rapide;2026-09-29 11:00;BEST_GUESS;OK;27596;0;27596;3183;2840
2026-09-26T10:26:47;IDF5;site;RIS;rapide;2026-09-29 11:00;BEST_GUESS;OK;48346;1380;49726;4016;3517
2026-09-26T10:26:47;IDF6;site;VITRY;rapide;2026-09-29 11:00;BEST_GUESS;OK;41449;0;41449;3132;2811
2026-09-26T10:26:47;IDF6;site;RIS;rapide;2026-09-29 11:00;BEST_GUESS;OK;57321;1380;58701;3557;3170
2026-09-26T10:26:47;IDF7;site;VITRY;rapide;2026-09-29 11:00;BEST_GUESS;OK;40735;0;40735;2985;2678
2026-09-26T10:26:47;IDF7;site;RIS;rapide;2026-09-29 11:00;BEST_GUESS;OK;56204;1380;57584;3410;3049
2026-09-26T10:26:47;IDF8;site;VITRY;rapide;2026-09-29 11:00;BEST_GUESS;OK;45059;0;45059;2782;2489
2026-09-26T10:26:47;IDF8;site;RIS;rapide;2026-09-29 11:00;BEST_GUESS;OK;64478;1380;65858;3576;3407
2026-09-26T10:26:47;IDF9;site;VITRY;rapide;2026-09-29 11:00;BEST_GUESS;OK;46751;0;46751;3366;2980
2026-09-26T10:26:47;IDF9;site;RIS;rapide;2026-09-29 11:00;BEST_GUESS;OK;53507;1380;54887;3619;3297
2026-09-26T10:26:47;IDF10;site;VITRY;rapide;2026-09-29 11:00;BEST_GUESS;OK;34363;0;34363;2832;2348
2026-09-26T10:26:47;IDF10;site;RIS;rapide;2026-09-29 11:00;BEST_GUESS;OK;51425;1380;52805;3948;3238
2026-09-26T10:26:47;IDF11;site;VITRY;rapide;2026-09-29 11:00;BEST_GUESS;OK;49468;0;49468;2664;2370
2026-09-26T10:26:47;IDF11;site;RIS;rapide;2026-09-29 11:00;BEST_GUESS;OK;68887;1380;70267;3479;3288
2026-09-26T10:26:47;IDF12;site;VITRY;rapide;2026-09-29 11:00;BEST_GUESS;OK;11529;0;11529;1097;1049
2026-09-26T10:26:47;IDF12;site;RIS;rapide;2026-09-29 11:00;BEST_GUESS;OK;14828;1380;16208;2022;1956
2026-09-26T10:26:47;IDF13;site;VITRY;rapide;2026-09-29 11:00;BEST_GUESS;OK;38905;0;38905;2625;2536
2026-09-26T10:26:47;IDF13;site;RIS;rapide;2026-09-29 11:00;BEST_GUESS;OK;32603;1380;33983;2087;2015
2026-09-26T10:26:47;IDF14;site;VITRY;rapide;2026-09-29 11:00;BEST_GUESS;OK;7704;0;7704;1316;1243
2026-09-26T10:26:47;IDF14;site;RIS;rapide;2026-09-29 11:00;BEST_GUESS;OK;10572;1380;11952;1400;1306
2026-09-26T10:26:47;IDF15;site;VITRY;rapide;2026-09-29 11:00;BEST_GUESS;OK;46693;0;46693;2614;2492
2026-09-26T10:26:47;IDF15;site;RIS;rapide;2026-09-29 11:00;BEST_GUESS;OK;53449;1380;54829;2877;2809
2026-09-26T10:26:47;HDF1;site;VITRY;rapide;2026-09-29 11:00;BEST_GUESS;OK;210106;0;210106;9728;9101
2026-09-26T10:26:47;HDF1;site;RIS;rapide;2026-09-29 11:00;BEST_GUESS;OK;227168;1380;228548;10846;9991
2026-09-26T10:26:47;HDF2;site;VITRY;rapide;2026-09-29 11:00;BEST_GUESS;OK;203649;0;203649;8451;7989
2026-09-26T10:26:47;HDF2;site;RIS;rapide;2026-09-29 11:00;BEST_GUESS;OK;220711;1380;222091;9596;8880
2026-09-26T10:26:47;HDF3;site;VITRY;rapide;2026-09-29 11:00;BEST_GUESS;OK;251635;0;251635;10748;10124
2026-09-26T10:26:47;HDF3;site;RIS;rapide;2026-09-29 11:00;BEST_GUESS;OK;268698;1380;270078;11804;11014
2026-09-26T10:26:47;HDF4;site;VITRY;rapide;2026-09-29 11:00;BEST_GUESS;OK;203647;0;203647;8548;8114
2026-09-26T10:26:47;HDF4;site;RIS;rapide;2026-09-29 11:00;BEST_GUESS;OK;220709;1380;222089;9690;9004
2026-09-26T10:26:47;HDF5;site;VITRY;rapide;2026-09-29 11:00;BEST_GUESS;OK;224457;0;224457;9354;8842
2026-09-26T10:26:47;HDF5;site;RIS;rapide;2026-09-29 11:00;BEST_GUESS;OK;241519;1380;242899;10455;9732
2026-09-26T10:26:47;NOR1;site;VITRY;rapide;2026-09-29 11:00;BEST_GUESS;OK;209946;0;209946;8257;7853
2026-09-26T10:26:47;NOR1;site;RIS;rapide;2026-09-29 11:00;BEST_GUESS;OK;216703;1380;218083;8565;8170
2026-09-26T10:26:47;NOR2;site;VITRY;rapide;2026-09-29 11:00;BEST_GUESS;OK;139338;0;139338;5702;5440
2026-09-26T10:26:47;NOR2;site;RIS;rapide;2026-09-29 11:00;BEST_GUESS;OK;146094;1380;147474;5995;5757
2026-09-26T10:26:47;NOR3;site;VITRY;rapide;2026-09-29 11:00;BEST_GUESS;OK;134270;0;134270;5847;5551
2026-09-26T10:26:47;NOR3;site;RIS;rapide;2026-09-29 11:00;BEST_GUESS;OK;141027;1380;142407;6134;5868
2026-09-26T10:26:47;CVL1;site;VITRY;rapide;2026-09-29 11:00;BEST_GUESS;OK;226354;0;226354;8318;8187
2026-09-26T10:26:47;CVL1;site;RIS;rapide;2026-09-29 11:00;BEST_GUESS;OK;222599;1380;223979;8049;7982
2026-09-26T10:26:47;CVL2;site;VITRY;rapide;2026-09-29 11:00;BEST_GUESS;OK;262174;0;262174;10477;10181
2026-09-26T10:26:47;CVL2;site;RIS;rapide;2026-09-29 11:00;BEST_GUESS;OK;258419;1380;259799;10232;9975
2026-09-26T10:26:47;CVL3;site;VITRY;rapide;2026-09-29 11:00;BEST_GUESS;OK;130619;0;130619;5431;5212
2026-09-26T10:26:47;CVL3;site;RIS;rapide;2026-09-29 11:00;BEST_GUESS;OK;126864;1380;128244;5118;5006
2026-09-26T10:26:47;GE1;site;VITRY;rapide;2026-09-29 11:00;BEST_GUESS;OK;185285;0;185285;7194;6915
2026-09-26T10:26:47;GE1;site;RIS;rapide;2026-09-29 11:00;BEST_GUESS;OK;204704;1380;206084;8112;7834
2026-09-26T10:26:47;BFC1;site;VITRY;rapide;2026-09-29 11:00;BEST_GUESS;OK;312203;0;312203;10873;10719
2026-09-26T10:26:47;BFC1;site;RIS;rapide;2026-09-29 11:00;BEST_GUESS;OK;290785;1380;292165;9855;9824
2026-09-26T10:26:47;E_A1;entree;RIS;acces_impose;2026-09-29 11:00;BEST_GUESS;OK;67584;1380;68964;4159;3457
2026-09-26T10:26:47;E_A1;entree;RIS;impose_ouest;2026-09-29 11:00;BEST_GUESS;OK;86345;1380;87725;5028;4305
2026-09-26T10:26:48;E_A4;entree;RIS;acces_impose;2026-09-29 11:00;BEST_GUESS;OK;95907;1380;97287;4111;3915
2026-09-26T10:26:48;E_A4;entree;RIS;impose_est;2026-09-29 11:00;BEST_GUESS;OK;95907;1380;97287;4111;3915
2026-09-26T10:26:48;E_A5;entree;RIS;acces_impose;2026-09-29 11:00;BEST_GUESS;OK;74032;1380;75412;2907;2802
2026-09-26T10:26:48;E_A5;entree;RIS;impose_est;2026-09-29 11:00;BEST_GUESS;OK;74032;1380;75412;2907;2802
2026-09-26T10:26:49;E_A6;entree;RIS;acces_impose;2026-09-29 11:00;BEST_GUESS;OK;72354;1380;73734;2680;2641
2026-09-26T10:26:49;E_A6;entree;RIS;impose_est;2026-09-29 11:00;BEST_GUESS;OK;86270;1380;87650;3356;3292
2026-09-26T10:26:49;E_A10;entree;RIS;acces_impose;2026-09-29 11:00;BEST_GUESS;OK;59203;1380;60583;2446;2411
2026-09-26T10:26:49;E_A10;entree;RIS;impose_ouest;2026-09-29 11:00;BEST_GUESS;OK;59203;1380;60583;2446;2411
2026-09-26T10:26:49;E_A11;entree;RIS;acces_impose;2026-09-29 11:00;BEST_GUESS;OK;58437;1380;59817;2589;2527
2026-09-26T10:26:50;E_A11;entree;RIS;impose_ouest;2026-09-29 11:00;BEST_GUESS;OK;58437;1380;59817;2589;2527
2026-09-26T10:26:50;E_A13;entree;RIS;acces_impose;2026-09-29 11:00;BEST_GUESS;OK;100919;1380;102299;4226;4105
2026-09-26T10:26:50;E_A13;entree;RIS;impose_ouest;2026-09-29 11:00;BEST_GUESS;OK;115696;1380;117076;4812;4740
2026-09-26T10:26:50;E_A16;entree;RIS;acces_impose;2026-09-29 11:00;BEST_GUESS;OK;91380;1380;92760;4747;4341
2026-09-26T10:26:50;E_A16;entree;RIS;impose_ouest;2026-09-29 11:00;BEST_GUESS;OK;106157;1380;107537;5327;4977
2026-09-26T10:26:51;IDF1;site;RIS;acces_impose;2026-09-29 11:00;BEST_GUESS;OK;60653;1380;62033;4471;3740
2026-09-26T10:26:51;IDF1;site;RIS;impose_ouest;2026-09-29 11:00;BEST_GUESS;OK;79415;1380;80795;5343;4588
2026-09-26T10:26:51;IDF2;site;RIS;acces_impose;2026-09-29 11:00;BEST_GUESS;OK;14026;1380;15406;1212;1177
2026-09-26T10:26:51;IDF2;site;RIS;impose_ouest;2026-09-29 11:00;BEST_GUESS;OK;23176;1380;24556;1631;1590
2026-09-26T10:26:51;IDF3;site;RIS;acces_impose;2026-09-29 11:00;BEST_GUESS;OK;92571;1380;93951;5119;4715
2026-09-26T10:26:52;IDF3;site;RIS;impose_ouest;2026-09-29 11:00;BEST_GUESS;OK;107348;1380;108728;5677;5350
2026-09-26T10:26:52;IDF4;site;RIS;acces_impose;2026-09-29 11:00;BEST_GUESS;OK;49937;1380;51317;3812;3308
2026-09-26T10:26:52;IDF4;site;RIS;impose_ouest;2026-09-29 11:00;BEST_GUESS;OK;68699;1380;70079;4678;4155
2026-09-26T10:26:52;IDF5;site;RIS;acces_impose;2026-09-29 11:00;BEST_GUESS;OK;50047;1380;51427;4027;3526
2026-09-26T10:26:53;IDF5;site;RIS;impose_ouest;2026-09-29 11:00;BEST_GUESS;OK;68809;1380;70189;4895;4374
2026-09-26T10:26:53;IDF6;site;RIS;acces_impose;2026-09-29 11:00;BEST_GUESS;OK;59022;1380;60402;3567;3179
2026-09-26T10:26:53;IDF6;site;RIS;impose_ouest;2026-09-29 11:00;BEST_GUESS;OK;73799;1380;75179;4156;3814
2026-09-26T10:26:53;IDF7;site;RIS;acces_impose;2026-09-29 11:00;BEST_GUESS;OK;57906;1380;59286;3415;3058
2026-09-26T10:26:53;IDF7;site;RIS;impose_ouest;2026-09-29 11:00;BEST_GUESS;OK;72682;1380;74062;4002;3693
2026-09-26T10:26:54;IDF8;site;RIS;acces_impose;2026-09-29 11:00;BEST_GUESS;OK;67876;1380;69256;3532;3352
2026-09-26T10:26:54;IDF8;site;RIS;impose_est;2026-09-29 11:00;BEST_GUESS;OK;67876;1380;69256;3532;3352
2026-09-26T10:26:54;IDF9;site;RIS;acces_impose;2026-09-29 11:00;BEST_GUESS;OK;55209;1380;56589;3631;3306
2026-09-26T10:26:54;IDF9;site;RIS;impose_ouest;2026-09-29 11:00;BEST_GUESS;OK;69985;1380;71365;4219;3941
2026-09-26T10:26:54;IDF10;site;RIS;acces_impose;2026-09-29 11:00;BEST_GUESS;OK;53126;1380;54506;3959;3247
2026-09-26T10:26:55;IDF10;site;RIS;impose_ouest;2026-09-29 11:00;BEST_GUESS;OK;71888;1380;73268;4827;4094
2026-09-26T10:26:55;IDF11;site;RIS;acces_impose;2026-09-29 11:00;BEST_GUESS;OK;72285;1380;73665;3434;3233
2026-09-26T10:26:55;IDF11;site;RIS;impose_est;2026-09-29 11:00;BEST_GUESS;OK;72285;1380;73665;3434;3233
2026-09-26T10:26:55;IDF12;site;RIS;acces_impose;2026-09-29 11:00;BEST_GUESS;OK;34869;1380;36249;2362;2106
2026-09-26T10:26:55;IDF12;site;RIS;impose_est;2026-09-29 11:00;BEST_GUESS;OK;32483;1380;33863;2440;2372
2026-09-26T10:26:55;IDF13;site;RIS;acces_impose;2026-09-29 11:00;BEST_GUESS;OK;36001;1380;37381;2058;1960
2026-09-26T10:26:56;IDF13;site;RIS;impose_est;2026-09-29 11:00;BEST_GUESS;OK;36001;1380;37381;2058;1960
2026-09-26T10:26:56;IDF14;site;RIS;acces_impose;2026-09-29 11:00;BEST_GUESS;OK;16078;1380;17458;2039;1912
2026-09-26T10:26:56;IDF14;site;RIS;impose_est;2026-09-29 11:00;BEST_GUESS;OK;33504;1380;34884;2155;2057
2026-09-26T10:26:56;IDF15;site;RIS;acces_impose;2026-09-29 11:00;BEST_GUESS;OK;55151;1380;56531;2887;2819
2026-09-26T10:26:56;IDF15;site;RIS;impose_ouest;2026-09-29 11:00;BEST_GUESS;OK;69927;1380;71307;3475;3454
2026-09-26T10:26:56;HDF1;site;RIS;acces_impose;2026-09-29 11:00;BEST_GUESS;OK;228870;1380;230250;10858;10000
2026-09-26T10:26:57;HDF1;site;RIS;impose_est;2026-09-29 11:00;BEST_GUESS;OK;224950;1380;226330;10569;10145
2026-09-26T10:26:57;HDF2;site;RIS;acces_impose;2026-09-29 11:00;BEST_GUESS;OK;222412;1380;223792;9609;8889
2026-09-26T10:26:57;HDF2;site;RIS;impose_ouest;2026-09-29 11:00;BEST_GUESS;OK;241174;1380;242554;10558;9736
2026-09-26T10:26:58;HDF3;site;RIS;acces_impose;2026-09-29 11:00;BEST_GUESS;OK;270399;1380;271779;11814;11024
2026-09-26T10:26:58;HDF3;site;RIS;impose_ouest;2026-09-29 11:00;BEST_GUESS;OK;289161;1380;290541;12780;11871
2026-09-26T10:26:59;HDF4;site;RIS;acces_impose;2026-09-29 11:00;BEST_GUESS;OK;222410;1380;223790;9703;9013
2026-09-26T10:26:59;HDF4;site;RIS;impose_ouest;2026-09-29 11:00;BEST_GUESS;OK;241172;1380;242552;10652;9861
2026-09-26T10:26:59;HDF5;site;RIS;acces_impose;2026-09-29 11:00;BEST_GUESS;OK;243220;1380;244600;10470;9741
2026-09-26T10:26:59;HDF5;site;RIS;impose_ouest;2026-09-29 11:00;BEST_GUESS;OK;261982;1380;263362;11451;10588
2026-09-26T10:27:00;NOR1;site;RIS;acces_impose;2026-09-29 11:00;BEST_GUESS;OK;218404;1380;219784;8576;8179
2026-09-26T10:27:00;NOR1;site;RIS;impose_ouest;2026-09-29 11:00;BEST_GUESS;OK;233181;1380;234561;9088;8814
2026-09-26T10:27:00;NOR2;site;RIS;acces_impose;2026-09-29 11:00;BEST_GUESS;OK;147795;1380;149175;5994;5767
2026-09-26T10:27:01;NOR2;site;RIS;impose_ouest;2026-09-29 11:00;BEST_GUESS;OK;162572;1380;163952;6556;6402
2026-09-26T10:27:01;NOR3;site;RIS;acces_impose;2026-09-29 11:00;BEST_GUESS;OK;142728;1380;144108;6136;5877
2026-09-26T10:27:01;NOR3;site;RIS;impose_ouest;2026-09-29 11:00;BEST_GUESS;OK;157505;1380;158885;6695;6512
2026-09-26T10:27:01;CVL1;site;RIS;acces_impose;2026-09-29 11:00;BEST_GUESS;OK;222599;1380;223979;8049;7981
2026-09-26T10:27:02;CVL1;site;RIS;impose_ouest;2026-09-29 11:00;BEST_GUESS;OK;222599;1380;223979;8049;7981
2026-09-26T10:27:02;CVL2;site;RIS;acces_impose;2026-09-29 11:00;BEST_GUESS;OK;258419;1380;259799;10232;9975
2026-09-26T10:27:02;CVL2;site;RIS;impose_ouest;2026-09-29 11:00;BEST_GUESS;OK;258419;1380;259799;10232;9975
2026-09-26T10:27:02;CVL3;site;RIS;acces_impose;2026-09-29 11:00;BEST_GUESS;OK;126864;1380;128244;5118;5006
2026-09-26T10:27:03;CVL3;site;RIS;impose_ouest;2026-09-29 11:00;BEST_GUESS;OK;126864;1380;128244;5118;5006
2026-09-26T10:27:03;GE1;site;RIS;acces_impose;2026-09-29 11:00;BEST_GUESS;OK;208102;1380;209482;8044;7779
2026-09-26T10:27:03;GE1;site;RIS;impose_est;2026-09-29 11:00;BEST_GUESS;OK;208102;1380;209482;8044;7779
2026-09-26T10:27:03;BFC1;site;RIS;acces_impose;2026-09-29 11:00;BEST_GUESS;OK;290785;1380;292165;9855;9823
2026-09-26T10:27:04;BFC1;site;RIS;impose_est;2026-09-29 11:00;BEST_GUESS;OK;304701;1380;306081;10532;10474
2026-09-26T10:27:04;E_A1;entree;VITRY;rapide;2026-09-29 12:00;BEST_GUESS;OK;48820;0;48820;2985;2558
2026-09-26T10:27:04;E_A1;entree;RIS;rapide;2026-09-29 12:00;BEST_GUESS;OK;65882;1380;67262;4036;3448
2026-09-26T10:27:04;E_A4;entree;VITRY;rapide;2026-09-29 12:00;BEST_GUESS;OK;73090;0;73090;3267;3052
2026-09-26T10:27:04;E_A4;entree;RIS;rapide;2026-09-29 12:00;BEST_GUESS;OK;92509;1380;93889;4154;3971
2026-09-26T10:27:04;E_A5;entree;VITRY;rapide;2026-09-29 12:00;BEST_GUESS;OK;82488;0;82488;3722;3626
2026-09-26T10:27:04;E_A5;entree;RIS;rapide;2026-09-29 12:00;BEST_GUESS;OK;70634;1380;72014;2923;2857
2026-09-26T10:27:04;E_A6;entree;VITRY;rapide;2026-09-29 12:00;BEST_GUESS;OK;93772;0;93772;3714;3537
2026-09-26T10:27:04;E_A6;entree;RIS;rapide;2026-09-29 12:00;BEST_GUESS;OK;72354;1380;73734;2671;2642
2026-09-26T10:27:04;E_A10;entree;VITRY;rapide;2026-09-29 12:00;BEST_GUESS;OK;62958;0;62958;2785;2617
2026-09-26T10:27:04;E_A10;entree;RIS;rapide;2026-09-29 12:00;BEST_GUESS;OK;59203;1380;60583;2447;2411
2026-09-26T10:27:04;E_A11;entree;VITRY;rapide;2026-09-29 12:00;BEST_GUESS;OK;62192;0;62192;2909;2733
2026-09-26T10:27:04;E_A11;entree;RIS;rapide;2026-09-29 12:00;BEST_GUESS;OK;58437;1380;59817;2573;2528
2026-09-26T10:27:04;E_A13;entree;VITRY;rapide;2026-09-29 12:00;BEST_GUESS;OK;92461;0;92461;4005;3779
2026-09-26T10:27:04;E_A13;entree;RIS;rapide;2026-09-29 12:00;BEST_GUESS;OK;99218;1380;100598;4302;4096
2026-09-26T10:27:04;E_A16;entree;VITRY;rapide;2026-09-29 12:00;BEST_GUESS;OK;69185;0;69185;4003;3564
2026-09-26T10:27:04;E_A16;entree;RIS;rapide;2026-09-29 12:00;BEST_GUESS;OK;89679;1380;91059;4730;4332
2026-09-26T10:27:04;IDF1;site;VITRY;rapide;2026-09-29 12:00;BEST_GUESS;OK;41890;0;41890;3304;2841
2026-09-26T10:27:04;IDF1;site;RIS;rapide;2026-09-29 12:00;BEST_GUESS;OK;58951;1380;60331;4374;3731
2026-09-26T10:27:04;IDF2;site;VITRY;rapide;2026-09-29 12:00;BEST_GUESS;OK;35448;0;35448;2237;2082
2026-09-26T10:27:04;IDF2;site;RIS;rapide;2026-09-29 12:00;BEST_GUESS;OK;14026;1380;15406;1198;1177
2026-09-26T10:27:04;IDF3;site;VITRY;rapide;2026-09-29 12:00;BEST_GUESS;OK;66563;0;66563;4280;3895
2026-09-26T10:27:04;IDF3;site;RIS;rapide;2026-09-29 12:00;BEST_GUESS;OK;90870;1380;92250;5129;4706
2026-09-26T10:27:04;IDF4;site;VITRY;rapide;2026-09-29 12:00;BEST_GUESS;OK;31174;0;31174;2715;2409
2026-09-26T10:27:04;IDF4;site;RIS;rapide;2026-09-29 12:00;BEST_GUESS;OK;48236;1380;49616;3760;3299
2026-09-26T10:27:04;IDF5;site;VITRY;rapide;2026-09-29 12:00;BEST_GUESS;OK;27596;0;27596;3116;2840
2026-09-26T10:27:04;IDF5;site;RIS;rapide;2026-09-29 12:00;BEST_GUESS;OK;48346;1380;49726;3946;3517
2026-09-26T10:27:04;IDF6;site;VITRY;rapide;2026-09-29 12:00;BEST_GUESS;OK;41449;0;41449;3138;2811
2026-09-26T10:27:04;IDF6;site;RIS;rapide;2026-09-29 12:00;BEST_GUESS;OK;57321;1380;58701;3543;3170
2026-09-26T10:27:04;IDF7;site;VITRY;rapide;2026-09-29 12:00;BEST_GUESS;OK;40735;0;40735;2993;2678
2026-09-26T10:27:04;IDF7;site;RIS;rapide;2026-09-29 12:00;BEST_GUESS;OK;56204;1380;57584;3389;3049
2026-09-26T10:27:04;IDF8;site;VITRY;rapide;2026-09-29 12:00;BEST_GUESS;OK;45059;0;45059;2698;2489
2026-09-26T10:27:04;IDF8;site;RIS;rapide;2026-09-29 12:00;BEST_GUESS;OK;64478;1380;65858;3577;3408
2026-09-26T10:27:04;IDF9;site;VITRY;rapide;2026-09-29 12:00;BEST_GUESS;OK;46751;0;46751;3355;2980
2026-09-26T10:27:04;IDF9;site;RIS;rapide;2026-09-29 12:00;BEST_GUESS;OK;53507;1380;54887;3632;3297
2026-09-26T10:27:04;IDF10;site;VITRY;rapide;2026-09-29 12:00;BEST_GUESS;OK;34363;0;34363;2809;2348
2026-09-26T10:27:04;IDF10;site;RIS;rapide;2026-09-29 12:00;BEST_GUESS;OK;51425;1380;52805;3848;3238
2026-09-26T10:27:04;IDF11;site;VITRY;rapide;2026-09-29 12:00;BEST_GUESS;OK;49468;0;49468;2593;2370
2026-09-26T10:27:04;IDF11;site;RIS;rapide;2026-09-29 12:00;BEST_GUESS;OK;68887;1380;70267;3468;3288
2026-09-26T10:27:04;IDF12;site;VITRY;rapide;2026-09-29 12:00;BEST_GUESS;OK;11529;0;11529;1096;1049
2026-09-26T10:27:04;IDF12;site;RIS;rapide;2026-09-29 12:00;BEST_GUESS;OK;14828;1380;16208;2003;1956
2026-09-26T10:27:04;IDF13;site;VITRY;rapide;2026-09-29 12:00;BEST_GUESS;OK;38905;0;38905;2629;2536
2026-09-26T10:27:04;IDF13;site;RIS;rapide;2026-09-29 12:00;BEST_GUESS;OK;32603;1380;33983;2093;2015
2026-09-26T10:27:04;IDF14;site;VITRY;rapide;2026-09-29 12:00;BEST_GUESS;OK;7704;0;7704;1303;1243
2026-09-26T10:27:04;IDF14;site;RIS;rapide;2026-09-29 12:00;BEST_GUESS;OK;10572;1380;11952;1384;1306
2026-09-26T10:27:04;IDF15;site;VITRY;rapide;2026-09-29 12:00;BEST_GUESS;OK;46693;0;46693;2642;2492
2026-09-26T10:27:04;IDF15;site;RIS;rapide;2026-09-29 12:00;BEST_GUESS;OK;53449;1380;54829;2936;2809
2026-09-26T10:27:04;HDF1;site;VITRY;rapide;2026-09-29 12:00;BEST_GUESS;OK;210106;0;210106;9689;9101
2026-09-26T10:27:04;HDF1;site;RIS;rapide;2026-09-29 12:00;BEST_GUESS;OK;227168;1380;228548;10765;9991
2026-09-26T10:27:04;HDF2;site;VITRY;rapide;2026-09-29 12:00;BEST_GUESS;OK;203649;0;203649;8517;7989
2026-09-26T10:27:04;HDF2;site;RIS;rapide;2026-09-29 12:00;BEST_GUESS;OK;220711;1380;222091;9544;8880
2026-09-26T10:27:04;HDF3;site;VITRY;rapide;2026-09-29 12:00;BEST_GUESS;OK;251636;0;251636;10780;10124
2026-09-26T10:27:04;HDF3;site;RIS;rapide;2026-09-29 12:00;BEST_GUESS;OK;268698;1380;270078;11901;11014
2026-09-26T10:27:04;HDF4;site;VITRY;rapide;2026-09-29 12:00;BEST_GUESS;OK;203647;0;203647;8614;8114
2026-09-26T10:27:04;HDF4;site;RIS;rapide;2026-09-29 12:00;BEST_GUESS;OK;220709;1380;222089;9657;9004
2026-09-26T10:27:04;HDF5;site;VITRY;rapide;2026-09-29 12:00;BEST_GUESS;OK;224457;0;224457;9341;8842
2026-09-26T10:27:04;HDF5;site;RIS;rapide;2026-09-29 12:00;BEST_GUESS;OK;241519;1380;242899;10411;9732
2026-09-26T10:27:04;NOR1;site;VITRY;rapide;2026-09-29 12:00;BEST_GUESS;OK;209946;0;209946;8242;7853
2026-09-26T10:27:04;NOR1;site;RIS;rapide;2026-09-29 12:00;BEST_GUESS;OK;216703;1380;218083;8602;8170
2026-09-26T10:27:04;NOR2;site;VITRY;rapide;2026-09-29 12:00;BEST_GUESS;OK;139337;0;139337;5739;5439
2026-09-26T10:27:04;NOR2;site;RIS;rapide;2026-09-29 12:00;BEST_GUESS;OK;146094;1380;147474;6087;5757
2026-09-26T10:27:04;NOR3;site;VITRY;rapide;2026-09-29 12:00;BEST_GUESS;OK;134270;0;134270;5863;5551
2026-09-26T10:27:04;NOR3;site;RIS;rapide;2026-09-29 12:00;BEST_GUESS;OK;141027;1380;142407;6211;5868
2026-09-26T10:27:04;CVL1;site;VITRY;rapide;2026-09-29 12:00;BEST_GUESS;OK;226354;0;226354;8357;8187
2026-09-26T10:27:04;CVL1;site;RIS;rapide;2026-09-29 12:00;BEST_GUESS;OK;222599;1380;223979;8194;7982
2026-09-26T10:27:04;CVL2;site;VITRY;rapide;2026-09-29 12:00;BEST_GUESS;OK;262174;0;262174;10415;10181
2026-09-26T10:27:04;CVL2;site;RIS;rapide;2026-09-29 12:00;BEST_GUESS;OK;258419;1380;259799;10174;9975
2026-09-26T10:27:04;CVL3;site;VITRY;rapide;2026-09-29 12:00;BEST_GUESS;OK;130619;0;130619;5358;5212
2026-09-26T10:27:04;CVL3;site;RIS;rapide;2026-09-29 12:00;BEST_GUESS;OK;126864;1380;128244;5099;5006
2026-09-26T10:27:04;GE1;site;VITRY;rapide;2026-09-29 12:00;BEST_GUESS;OK;185285;0;185285;7209;6915
2026-09-26T10:27:04;GE1;site;RIS;rapide;2026-09-29 12:00;BEST_GUESS;OK;204704;1380;206084;8168;7834
2026-09-26T10:27:04;BFC1;site;VITRY;rapide;2026-09-29 12:00;BEST_GUESS;OK;312203;0;312203;10936;10719
2026-09-26T10:27:04;BFC1;site;RIS;rapide;2026-09-29 12:00;BEST_GUESS;OK;290785;1380;292165;9943;9824
2026-09-26T10:27:04;E_A1;entree;RIS;acces_impose;2026-09-29 12:00;BEST_GUESS;OK;67584;1380;68964;4043;3457
2026-09-26T10:27:04;E_A1;entree;RIS;impose_ouest;2026-09-29 12:00;BEST_GUESS;OK;86345;1380;87725;4919;4305
2026-09-26T10:27:05;E_A4;entree;RIS;acces_impose;2026-09-29 12:00;BEST_GUESS;OK;95907;1380;97287;4097;3915
2026-09-26T10:27:05;E_A4;entree;RIS;impose_est;2026-09-29 12:00;BEST_GUESS;OK;95907;1380;97287;4097;3915
2026-09-26T10:27:05;E_A5;entree;RIS;acces_impose;2026-09-29 12:00;BEST_GUESS;OK;74032;1380;75412;2858;2802
2026-09-26T10:27:05;E_A5;entree;RIS;impose_est;2026-09-29 12:00;BEST_GUESS;OK;74032;1380;75412;2858;2802
2026-09-26T10:27:05;E_A6;entree;RIS;acces_impose;2026-09-29 12:00;BEST_GUESS;OK;72354;1380;73734;2671;2641
2026-09-26T10:27:06;E_A6;entree;RIS;impose_est;2026-09-29 12:00;BEST_GUESS;OK;86270;1380;87650;3337;3292
2026-09-26T10:27:06;E_A10;entree;RIS;acces_impose;2026-09-29 12:00;BEST_GUESS;OK;59203;1380;60583;2447;2411
2026-09-26T10:27:06;E_A10;entree;RIS;impose_ouest;2026-09-29 12:00;BEST_GUESS;OK;59203;1380;60583;2447;2411
2026-09-26T10:27:06;E_A11;entree;RIS;acces_impose;2026-09-29 12:00;BEST_GUESS;OK;58437;1380;59817;2573;2527
2026-09-26T10:27:06;E_A11;entree;RIS;impose_ouest;2026-09-29 12:00;BEST_GUESS;OK;58437;1380;59817;2573;2527
2026-09-26T10:27:07;E_A13;entree;RIS;acces_impose;2026-09-29 12:00;BEST_GUESS;OK;100919;1380;102299;4311;4105
2026-09-26T10:27:07;E_A13;entree;RIS;impose_ouest;2026-09-29 12:00;BEST_GUESS;OK;115696;1380;117076;4850;4740
2026-09-26T10:27:07;E_A16;entree;RIS;acces_impose;2026-09-29 12:00;BEST_GUESS;OK;91380;1380;92760;4740;4341
2026-09-26T10:27:07;E_A16;entree;RIS;impose_ouest;2026-09-29 12:00;BEST_GUESS;OK;106157;1380;107537;5257;4977
2026-09-26T10:27:07;IDF1;site;RIS;acces_impose;2026-09-29 12:00;BEST_GUESS;OK;60653;1380;62033;4382;3740
2026-09-26T10:27:08;IDF1;site;RIS;impose_ouest;2026-09-29 12:00;BEST_GUESS;OK;79415;1380;80795;5253;4588
2026-09-26T10:27:08;IDF2;site;RIS;acces_impose;2026-09-29 12:00;BEST_GUESS;OK;14026;1380;15406;1198;1177
2026-09-26T10:27:08;IDF2;site;RIS;impose_ouest;2026-09-29 12:00;BEST_GUESS;OK;23176;1380;24556;1620;1590
2026-09-26T10:27:08;IDF3;site;RIS;acces_impose;2026-09-29 12:00;BEST_GUESS;OK;92571;1380;93951;5141;4715
2026-09-26T10:27:08;IDF3;site;RIS;impose_ouest;2026-09-29 12:00;BEST_GUESS;OK;107348;1380;108728;5666;5350
2026-09-26T10:27:09;IDF4;site;RIS;acces_impose;2026-09-29 12:00;BEST_GUESS;OK;49937;1380;51317;3767;3308
2026-09-26T10:27:09;IDF4;site;RIS;impose_ouest;2026-09-29 12:00;BEST_GUESS;OK;68699;1380;70079;4639;4155
2026-09-26T10:27:09;IDF5;site;RIS;acces_impose;2026-09-29 12:00;BEST_GUESS;OK;50047;1380;51427;3952;3526
2026-09-26T10:27:09;IDF5;site;RIS;impose_ouest;2026-09-29 12:00;BEST_GUESS;OK;68809;1380;70189;4828;4374
2026-09-26T10:27:09;IDF6;site;RIS;acces_impose;2026-09-29 12:00;BEST_GUESS;OK;59022;1380;60402;3548;3179
2026-09-26T10:27:10;IDF6;site;RIS;impose_ouest;2026-09-29 12:00;BEST_GUESS;OK;73799;1380;75179;4107;3814
2026-09-26T10:27:10;IDF7;site;RIS;acces_impose;2026-09-29 12:00;BEST_GUESS;OK;57906;1380;59286;3393;3058
2026-09-26T10:27:10;IDF7;site;RIS;impose_ouest;2026-09-29 12:00;BEST_GUESS;OK;72682;1380;74062;3960;3693
2026-09-26T10:27:10;IDF8;site;RIS;acces_impose;2026-09-29 12:00;BEST_GUESS;OK;67876;1380;69256;3521;3352
2026-09-26T10:27:10;IDF8;site;RIS;impose_est;2026-09-29 12:00;BEST_GUESS;OK;67876;1380;69256;3521;3352
2026-09-26T10:27:11;IDF9;site;RIS;acces_impose;2026-09-29 12:00;BEST_GUESS;OK;55209;1380;56589;3638;3306
2026-09-26T10:27:11;IDF9;site;RIS;impose_ouest;2026-09-29 12:00;BEST_GUESS;OK;69985;1380;71365;4191;3941
2026-09-26T10:27:11;IDF10;site;RIS;acces_impose;2026-09-29 12:00;BEST_GUESS;OK;53126;1380;54506;3854;3247
2026-09-26T10:27:11;IDF10;site;RIS;impose_ouest;2026-09-29 12:00;BEST_GUESS;OK;71888;1380;73268;4730;4094
2026-09-26T10:27:11;IDF11;site;RIS;acces_impose;2026-09-29 12:00;BEST_GUESS;OK;72285;1380;73665;3408;3233
2026-09-26T10:27:12;IDF11;site;RIS;impose_est;2026-09-29 12:00;BEST_GUESS;OK;72285;1380;73665;3408;3233
2026-09-26T10:27:12;IDF12;site;RIS;acces_impose;2026-09-29 12:00;BEST_GUESS;OK;34869;1380;36249;2408;2106
2026-09-26T10:27:12;IDF12;site;RIS;impose_est;2026-09-29 12:00;BEST_GUESS;OK;32483;1380;33863;2396;2372
2026-09-26T10:27:12;IDF13;site;RIS;acces_impose;2026-09-29 12:00;BEST_GUESS;OK;36001;1380;37381;2031;1960
2026-09-26T10:27:12;IDF13;site;RIS;impose_est;2026-09-29 12:00;BEST_GUESS;OK;36001;1380;37381;2031;1960
2026-09-26T10:27:13;IDF14;site;RIS;acces_impose;2026-09-29 12:00;BEST_GUESS;OK;16078;1380;17458;2006;1912
2026-09-26T10:27:13;IDF14;site;RIS;impose_est;2026-09-29 12:00;BEST_GUESS;OK;33504;1380;34884;2130;2057
2026-09-26T10:27:13;IDF15;site;RIS;acces_impose;2026-09-29 12:00;BEST_GUESS;OK;55151;1380;56531;2936;2819
2026-09-26T10:27:13;IDF15;site;RIS;impose_ouest;2026-09-29 12:00;BEST_GUESS;OK;69927;1380;71307;3493;3454
2026-09-26T10:27:13;HDF1;site;RIS;acces_impose;2026-09-29 12:00;BEST_GUESS;OK;228870;1380;230250;10780;10000
2026-09-26T10:27:14;HDF1;site;RIS;impose_est;2026-09-29 12:00;BEST_GUESS;OK;224950;1380;226330;10540;10145
2026-09-26T10:27:14;HDF2;site;RIS;acces_impose;2026-09-29 12:00;BEST_GUESS;OK;222412;1380;223792;9555;8889
2026-09-26T10:27:14;HDF2;site;RIS;impose_ouest;2026-09-29 12:00;BEST_GUESS;OK;241174;1380;242554;10497;9736
2026-09-26T10:27:14;HDF3;site;RIS;acces_impose;2026-09-29 12:00;BEST_GUESS;OK;270399;1380;271779;11920;11024
2026-09-26T10:27:15;HDF3;site;RIS;impose_ouest;2026-09-29 12:00;BEST_GUESS;OK;289161;1380;290541;12852;11871
2026-09-26T10:27:15;HDF4;site;RIS;acces_impose;2026-09-29 12:00;BEST_GUESS;OK;222410;1380;223790;9671;9013
2026-09-26T10:27:15;HDF4;site;RIS;impose_ouest;2026-09-29 12:00;BEST_GUESS;OK;241172;1380;242552;10613;9861
2026-09-26T10:27:15;HDF5;site;RIS;acces_impose;2026-09-29 12:00;BEST_GUESS;OK;243220;1380;244600;10426;9741
2026-09-26T10:27:16;HDF5;site;RIS;impose_ouest;2026-09-29 12:00;BEST_GUESS;OK;261982;1380;263362;11339;10588
2026-09-26T10:27:16;NOR1;site;RIS;acces_impose;2026-09-29 12:00;BEST_GUESS;OK;218404;1380;219784;8611;8179
2026-09-26T10:27:16;NOR1;site;RIS;impose_ouest;2026-09-29 12:00;BEST_GUESS;OK;233181;1380;234561;9216;8814
2026-09-26T10:27:17;NOR2;site;RIS;acces_impose;2026-09-29 12:00;BEST_GUESS;OK;147795;1380;149175;6100;5767
2026-09-26T10:27:17;NOR2;site;RIS;impose_ouest;2026-09-29 12:00;BEST_GUESS;OK;162572;1380;163952;6666;6402
2026-09-26T10:27:17;NOR3;site;RIS;acces_impose;2026-09-29 12:00;BEST_GUESS;OK;142728;1380;144108;6229;5877
2026-09-26T10:27:17;NOR3;site;RIS;impose_ouest;2026-09-29 12:00;BEST_GUESS;OK;157505;1380;158885;6798;6512
2026-09-26T10:27:17;CVL1;site;RIS;acces_impose;2026-09-29 12:00;BEST_GUESS;OK;222599;1380;223979;8194;7981
2026-09-26T10:27:18;CVL1;site;RIS;impose_ouest;2026-09-29 12:00;BEST_GUESS;OK;222599;1380;223979;8194;7981
2026-09-26T10:27:18;CVL2;site;RIS;acces_impose;2026-09-29 12:00;BEST_GUESS;OK;258419;1380;259799;10174;9975
2026-09-26T10:27:18;CVL2;site;RIS;impose_ouest;2026-09-29 12:00;BEST_GUESS;OK;258419;1380;259799;10174;9975
2026-09-26T10:27:18;CVL3;site;RIS;acces_impose;2026-09-29 12:00;BEST_GUESS;OK;126864;1380;128244;5099;5006
2026-09-26T10:27:19;CVL3;site;RIS;impose_ouest;2026-09-29 12:00;BEST_GUESS;OK;126864;1380;128244;5099;5006
2026-09-26T10:27:19;GE1;site;RIS;acces_impose;2026-09-29 12:00;BEST_GUESS;OK;208102;1380;209482;8096;7779
2026-09-26T10:27:19;GE1;site;RIS;impose_est;2026-09-29 12:00;BEST_GUESS;OK;208102;1380;209482;8096;7779
2026-09-26T10:27:19;BFC1;site;RIS;acces_impose;2026-09-29 12:00;BEST_GUESS;OK;290785;1380;292165;9943;9823
2026-09-26T10:27:20;BFC1;site;RIS;impose_est;2026-09-29 12:00;BEST_GUESS;OK;304701;1380;306081;10622;10474
2026-09-26T10:27:20;E_A1;entree;VITRY;rapide;2026-09-29 13:00;BEST_GUESS;OK;48820;0;48820;2996;2558
2026-09-26T10:27:20;E_A1;entree;RIS;rapide;2026-09-29 13:00;BEST_GUESS;OK;65882;1380;67262;4069;3448
2026-09-26T10:27:20;E_A4;entree;VITRY;rapide;2026-09-29 13:00;BEST_GUESS;OK;73090;0;73090;3214;3052
2026-09-26T10:27:20;E_A4;entree;RIS;rapide;2026-09-29 13:00;BEST_GUESS;OK;92509;1380;93889;4201;3971
2026-09-26T10:27:20;E_A5;entree;VITRY;rapide;2026-09-29 13:00;BEST_GUESS;OK;82488;0;82488;3681;3626
2026-09-26T10:27:20;E_A5;entree;RIS;rapide;2026-09-29 13:00;BEST_GUESS;OK;70634;1380;72014;2923;2857
2026-09-26T10:27:20;E_A6;entree;VITRY;rapide;2026-09-29 13:00;BEST_GUESS;OK;93772;0;93772;3688;3536
2026-09-26T10:27:20;E_A6;entree;RIS;rapide;2026-09-29 13:00;BEST_GUESS;OK;72354;1380;73734;2669;2642
2026-09-26T10:27:20;E_A10;entree;VITRY;rapide;2026-09-29 13:00;BEST_GUESS;OK;62958;0;62958;2756;2617
2026-09-26T10:27:20;E_A10;entree;RIS;rapide;2026-09-29 13:00;BEST_GUESS;OK;59203;1380;60583;2479;2411
2026-09-26T10:27:20;E_A11;entree;VITRY;rapide;2026-09-29 13:00;BEST_GUESS;OK;62192;0;62192;2908;2733
2026-09-26T10:27:20;E_A11;entree;RIS;rapide;2026-09-29 13:00;BEST_GUESS;OK;58437;1380;59817;2639;2528
2026-09-26T10:27:20;E_A13;entree;VITRY;rapide;2026-09-29 13:00;BEST_GUESS;OK;92461;0;92461;4020;3779
2026-09-26T10:27:20;E_A13;entree;RIS;rapide;2026-09-29 13:00;BEST_GUESS;OK;99218;1380;100598;4409;4096
2026-09-26T10:27:20;E_A16;entree;VITRY;rapide;2026-09-29 13:00;BEST_GUESS;OK;69185;0;69185;4045;3564
2026-09-26T10:27:20;E_A16;entree;RIS;rapide;2026-09-29 13:00;BEST_GUESS;OK;89679;1380;91059;4784;4332
2026-09-26T10:27:20;IDF1;site;VITRY;rapide;2026-09-29 13:00;BEST_GUESS;OK;41890;0;41890;3327;2841
2026-09-26T10:27:20;IDF1;site;RIS;rapide;2026-09-29 13:00;BEST_GUESS;OK;58952;1380;60332;4391;3731
2026-09-26T10:27:20;IDF2;site;VITRY;rapide;2026-09-29 13:00;BEST_GUESS;OK;35448;0;35448;2220;2082
2026-09-26T10:27:20;IDF2;site;RIS;rapide;2026-09-29 13:00;BEST_GUESS;OK;14026;1380;15406;1211;1177
2026-09-26T10:27:20;IDF3;site;VITRY;rapide;2026-09-29 13:00;BEST_GUESS;OK;66563;0;66563;4320;3895
2026-09-26T10:27:20;IDF3;site;RIS;rapide;2026-09-29 13:00;BEST_GUESS;OK;90869;1380;92249;5093;4705
2026-09-26T10:27:20;IDF4;site;VITRY;rapide;2026-09-29 13:00;BEST_GUESS;OK;31174;0;31174;2757;2409
2026-09-26T10:27:20;IDF4;site;RIS;rapide;2026-09-29 13:00;BEST_GUESS;OK;48236;1380;49616;3842;3299
2026-09-26T10:27:20;IDF5;site;VITRY;rapide;2026-09-29 13:00;BEST_GUESS;OK;27596;0;27596;3147;2840
2026-09-26T10:27:20;IDF5;site;RIS;rapide;2026-09-29 13:00;BEST_GUESS;OK;48346;1380;49726;4018;3517
2026-09-26T10:27:20;IDF6;site;VITRY;rapide;2026-09-29 13:00;BEST_GUESS;OK;41449;0;41449;3219;2811
2026-09-26T10:27:20;IDF6;site;RIS;rapide;2026-09-29 13:00;BEST_GUESS;OK;57321;1380;58701;3635;3170
2026-09-26T10:27:20;IDF7;site;VITRY;rapide;2026-09-29 13:00;BEST_GUESS;OK;40735;0;40735;3060;2678
2026-09-26T10:27:20;IDF7;site;RIS;rapide;2026-09-29 13:00;BEST_GUESS;OK;56204;1380;57584;3493;3049
2026-09-26T10:27:20;IDF8;site;VITRY;rapide;2026-09-29 13:00;BEST_GUESS;OK;45059;0;45059;2608;2489
2026-09-26T10:27:20;IDF8;site;RIS;rapide;2026-09-29 13:00;BEST_GUESS;OK;64478;1380;65858;3587;3408
2026-09-26T10:27:20;IDF9;site;VITRY;rapide;2026-09-29 13:00;BEST_GUESS;OK;46751;0;46751;3331;2980
2026-09-26T10:27:20;IDF9;site;RIS;rapide;2026-09-29 13:00;BEST_GUESS;OK;53507;1380;54887;3712;3297
2026-09-26T10:27:20;IDF10;site;VITRY;rapide;2026-09-29 13:00;BEST_GUESS;OK;34363;0;34363;2798;2348
2026-09-26T10:27:20;IDF10;site;RIS;rapide;2026-09-29 13:00;BEST_GUESS;OK;51425;1380;52805;3881;3238
2026-09-26T10:27:20;IDF11;site;VITRY;rapide;2026-09-29 13:00;BEST_GUESS;OK;49468;0;49468;2508;2370
2026-09-26T10:27:20;IDF11;site;RIS;rapide;2026-09-29 13:00;BEST_GUESS;OK;68887;1380;70267;3476;3288
2026-09-26T10:27:20;IDF12;site;VITRY;rapide;2026-09-29 13:00;BEST_GUESS;OK;11529;0;11529;1075;1049
2026-09-26T10:27:20;IDF12;site;RIS;rapide;2026-09-29 13:00;BEST_GUESS;OK;14828;1380;16208;1999;1956
2026-09-26T10:27:20;IDF13;site;VITRY;rapide;2026-09-29 13:00;BEST_GUESS;OK;38905;0;38905;2600;2536
2026-09-26T10:27:20;IDF13;site;RIS;rapide;2026-09-29 13:00;BEST_GUESS;OK;32603;1380;33983;2104;2015
2026-09-26T10:27:20;IDF14;site;VITRY;rapide;2026-09-29 13:00;BEST_GUESS;OK;7704;0;7704;1303;1243
2026-09-26T10:27:20;IDF14;site;RIS;rapide;2026-09-29 13:00;BEST_GUESS;OK;10572;1380;11952;1349;1306
2026-09-26T10:27:20;IDF15;site;VITRY;rapide;2026-09-29 13:00;BEST_GUESS;OK;46693;0;46693;2655;2492
2026-09-26T10:27:20;IDF15;site;RIS;rapide;2026-09-29 13:00;BEST_GUESS;OK;53449;1380;54829;3013;2809
2026-09-26T10:27:20;HDF1;site;VITRY;rapide;2026-09-29 13:00;BEST_GUESS;OK;210106;0;210106;9661;9101
2026-09-26T10:27:20;HDF1;site;RIS;rapide;2026-09-29 13:00;BEST_GUESS;OK;227168;1380;228548;11130;9991
2026-09-26T10:27:20;HDF2;site;VITRY;rapide;2026-09-29 13:00;BEST_GUESS;OK;203649;0;203649;8520;7989
2026-09-26T10:27:20;HDF2;site;RIS;rapide;2026-09-29 13:00;BEST_GUESS;OK;220711;1380;222091;9917;8880
2026-09-26T10:27:20;HDF3;site;VITRY;rapide;2026-09-29 13:00;BEST_GUESS;OK;251636;0;251636;10829;10124
2026-09-26T10:27:20;HDF3;site;RIS;rapide;2026-09-29 13:00;BEST_GUESS;OK;268698;1380;270078;12253;11014
2026-09-26T10:27:20;HDF4;site;VITRY;rapide;2026-09-29 13:00;BEST_GUESS;OK;203647;0;203647;8644;8114
2026-09-26T10:27:20;HDF4;site;RIS;rapide;2026-09-29 13:00;BEST_GUESS;OK;220709;1380;222089;10015;9004
2026-09-26T10:27:20;HDF5;site;VITRY;rapide;2026-09-29 13:00;BEST_GUESS;OK;224457;0;224457;9342;8842
2026-09-26T10:27:20;HDF5;site;RIS;rapide;2026-09-29 13:00;BEST_GUESS;OK;241519;1380;242899;10767;9732
2026-09-26T10:27:20;NOR1;site;VITRY;rapide;2026-09-29 13:00;BEST_GUESS;OK;209946;0;209946;8243;7853
2026-09-26T10:27:20;NOR1;site;RIS;rapide;2026-09-29 13:00;BEST_GUESS;OK;216703;1380;218083;8610;8170
2026-09-26T10:27:20;NOR2;site;VITRY;rapide;2026-09-29 13:00;BEST_GUESS;OK;139338;0;139338;5651;5440
2026-09-26T10:27:20;NOR2;site;RIS;rapide;2026-09-29 13:00;BEST_GUESS;OK;146094;1380;147474;6015;5756
2026-09-26T10:27:20;NOR3;site;VITRY;rapide;2026-09-29 13:00;BEST_GUESS;OK;134270;0;134270;5783;5550
2026-09-26T10:27:20;NOR3;site;RIS;rapide;2026-09-29 13:00;BEST_GUESS;OK;141027;1380;142407;6155;5868
2026-09-26T10:27:20;CVL1;site;VITRY;rapide;2026-09-29 13:00;BEST_GUESS;OK;226354;0;226354;8388;8187
2026-09-26T10:27:20;CVL1;site;RIS;rapide;2026-09-29 13:00;BEST_GUESS;OK;222598;1380;223978;8122;7982
2026-09-26T10:27:20;CVL2;site;VITRY;rapide;2026-09-29 13:00;BEST_GUESS;OK;262174;0;262174;10397;10181
2026-09-26T10:27:20;CVL2;site;RIS;rapide;2026-09-29 13:00;BEST_GUESS;OK;258419;1380;259799;10124;9975
2026-09-26T10:27:20;CVL3;site;VITRY;rapide;2026-09-29 13:00;BEST_GUESS;OK;130619;0;130619;5348;5212
2026-09-26T10:27:20;CVL3;site;RIS;rapide;2026-09-29 13:00;BEST_GUESS;OK;126864;1380;128244;5183;5006
2026-09-26T10:27:20;GE1;site;VITRY;rapide;2026-09-29 13:00;BEST_GUESS;OK;185285;0;185285;7137;6915
2026-09-26T10:27:20;GE1;site;RIS;rapide;2026-09-29 13:00;BEST_GUESS;OK;204704;1380;206084;8158;7834
2026-09-26T10:27:20;BFC1;site;VITRY;rapide;2026-09-29 13:00;BEST_GUESS;OK;312203;0;312203;10893;10719
2026-09-26T10:27:20;BFC1;site;RIS;rapide;2026-09-29 13:00;BEST_GUESS;OK;290785;1380;292165;9885;9824
2026-09-26T10:27:20;E_A1;entree;RIS;acces_impose;2026-09-29 13:00;BEST_GUESS;OK;67584;1380;68964;4082;3457
2026-09-26T10:27:20;E_A1;entree;RIS;impose_ouest;2026-09-29 13:00;BEST_GUESS;OK;86345;1380;87725;5052;4305
2026-09-26T10:27:21;E_A4;entree;RIS;acces_impose;2026-09-29 13:00;BEST_GUESS;OK;95907;1380;97287;4132;3915
2026-09-26T10:27:21;E_A4;entree;RIS;impose_est;2026-09-29 13:00;BEST_GUESS;OK;95907;1380;97287;4132;3915
2026-09-26T10:27:21;E_A5;entree;RIS;acces_impose;2026-09-29 13:00;BEST_GUESS;OK;74032;1380;75412;2856;2802
2026-09-26T10:27:21;E_A5;entree;RIS;impose_est;2026-09-29 13:00;BEST_GUESS;OK;74032;1380;75412;2856;2802
2026-09-26T10:27:21;E_A6;entree;RIS;acces_impose;2026-09-29 13:00;BEST_GUESS;OK;72354;1380;73734;2669;2641
2026-09-26T10:27:21;E_A6;entree;RIS;impose_est;2026-09-29 13:00;BEST_GUESS;OK;86270;1380;87650;3346;3292
2026-09-26T10:27:22;E_A10;entree;RIS;acces_impose;2026-09-29 13:00;BEST_GUESS;OK;59203;1380;60583;2479;2411
2026-09-26T10:27:22;E_A10;entree;RIS;impose_ouest;2026-09-29 13:00;BEST_GUESS;OK;59203;1380;60583;2479;2411
2026-09-26T10:27:22;E_A11;entree;RIS;acces_impose;2026-09-29 13:00;BEST_GUESS;OK;58437;1380;59817;2639;2527
2026-09-26T10:27:22;E_A11;entree;RIS;impose_ouest;2026-09-29 13:00;BEST_GUESS;OK;58437;1380;59817;2639;2527
2026-09-26T10:27:22;E_A13;entree;RIS;acces_impose;2026-09-29 13:00;BEST_GUESS;OK;100919;1380;102299;4422;4105
2026-09-26T10:27:23;E_A13;entree;RIS;impose_ouest;2026-09-29 13:00;BEST_GUESS;OK;115696;1380;117076;4980;4740
2026-09-26T10:27:23;E_A16;entree;RIS;acces_impose;2026-09-29 13:00;BEST_GUESS;OK;91380;1380;92760;4795;4341
2026-09-26T10:27:23;E_A16;entree;RIS;impose_ouest;2026-09-29 13:00;BEST_GUESS;OK;106157;1380;107537;5370;4977
2026-09-26T10:27:23;IDF1;site;RIS;acces_impose;2026-09-29 13:00;BEST_GUESS;OK;60653;1380;62033;4404;3740
2026-09-26T10:27:23;IDF1;site;RIS;impose_ouest;2026-09-29 13:00;BEST_GUESS;OK;79415;1380;80795;5372;4588
2026-09-26T10:27:24;IDF2;site;RIS;acces_impose;2026-09-29 13:00;BEST_GUESS;OK;14026;1380;15406;1211;1177
2026-09-26T10:27:24;IDF2;site;RIS;impose_ouest;2026-09-29 13:00;BEST_GUESS;OK;23176;1380;24556;1633;1590
2026-09-26T10:27:24;IDF3;site;RIS;acces_impose;2026-09-29 13:00;BEST_GUESS;OK;92571;1380;93951;5102;4715
2026-09-26T10:27:24;IDF3;site;RIS;impose_ouest;2026-09-29 13:00;BEST_GUESS;OK;107348;1380;108728;5714;5350
2026-09-26T10:27:24;IDF4;site;RIS;acces_impose;2026-09-29 13:00;BEST_GUESS;OK;49937;1380;51317;3855;3308
2026-09-26T10:27:25;IDF4;site;RIS;impose_ouest;2026-09-29 13:00;BEST_GUESS;OK;68699;1380;70079;4835;4155
2026-09-26T10:27:25;IDF5;site;RIS;acces_impose;2026-09-29 13:00;BEST_GUESS;OK;50047;1380;51427;4031;3526
2026-09-26T10:27:25;IDF5;site;RIS;impose_ouest;2026-09-29 13:00;BEST_GUESS;OK;68809;1380;70189;5001;4374
2026-09-26T10:27:25;IDF6;site;RIS;acces_impose;2026-09-29 13:00;BEST_GUESS;OK;59022;1380;60402;3647;3179
2026-09-26T10:27:25;IDF6;site;RIS;impose_ouest;2026-09-29 13:00;BEST_GUESS;OK;73799;1380;75179;4188;3814
2026-09-26T10:27:26;IDF7;site;RIS;acces_impose;2026-09-29 13:00;BEST_GUESS;OK;57906;1380;59286;3504;3058
2026-09-26T10:27:26;IDF7;site;RIS;impose_ouest;2026-09-29 13:00;BEST_GUESS;OK;72682;1380;74062;4055;3693
2026-09-26T10:27:26;IDF8;site;RIS;acces_impose;2026-09-29 13:00;BEST_GUESS;OK;67876;1380;69256;3512;3352
2026-09-26T10:27:26;IDF8;site;RIS;impose_est;2026-09-29 13:00;BEST_GUESS;OK;67876;1380;69256;3512;3352
2026-09-26T10:27:26;IDF9;site;RIS;acces_impose;2026-09-29 13:00;BEST_GUESS;OK;55209;1380;56589;3724;3306
2026-09-26T10:27:27;IDF9;site;RIS;impose_ouest;2026-09-29 13:00;BEST_GUESS;OK;69985;1380;71365;4272;3941
2026-09-26T10:27:27;IDF10;site;RIS;acces_impose;2026-09-29 13:00;BEST_GUESS;OK;53126;1380;54506;3893;3247
2026-09-26T10:27:27;IDF10;site;RIS;impose_ouest;2026-09-29 13:00;BEST_GUESS;OK;71888;1380;73268;4870;4094
2026-09-26T10:27:27;IDF11;site;RIS;acces_impose;2026-09-29 13:00;BEST_GUESS;OK;72285;1380;73665;3405;3233
2026-09-26T10:27:28;IDF11;site;RIS;impose_est;2026-09-29 13:00;BEST_GUESS;OK;72285;1380;73665;3405;3233
2026-09-26T10:27:28;IDF12;site;RIS;acces_impose;2026-09-29 13:00;BEST_GUESS;OK;34869;1380;36249;2397;2106
2026-09-26T10:27:28;IDF12;site;RIS;impose_est;2026-09-29 13:00;BEST_GUESS;OK;32483;1380;33863;2381;2372
2026-09-26T10:27:28;IDF13;site;RIS;acces_impose;2026-09-29 13:00;BEST_GUESS;OK;36001;1380;37381;2028;1960
2026-09-26T10:27:28;IDF13;site;RIS;impose_est;2026-09-29 13:00;BEST_GUESS;OK;36001;1380;37381;2028;1960
2026-09-26T10:27:28;IDF14;site;RIS;acces_impose;2026-09-29 13:00;BEST_GUESS;OK;16078;1380;17458;1983;1912
2026-09-26T10:27:29;IDF14;site;RIS;impose_est;2026-09-29 13:00;BEST_GUESS;OK;33504;1380;34884;2144;2057
2026-09-26T10:27:29;IDF15;site;RIS;acces_impose;2026-09-29 13:00;BEST_GUESS;OK;55151;1380;56531;3028;2819
2026-09-26T10:27:29;IDF15;site;RIS;impose_ouest;2026-09-29 13:00;BEST_GUESS;OK;69927;1380;71307;3581;3454
2026-09-26T10:27:29;HDF1;site;RIS;acces_impose;2026-09-29 13:00;BEST_GUESS;OK;228870;1380;230250;11144;10000
2026-09-26T10:27:29;HDF1;site;RIS;impose_est;2026-09-29 13:00;BEST_GUESS;OK;224950;1380;226330;10835;10145
2026-09-26T10:27:30;HDF2;site;RIS;acces_impose;2026-09-29 13:00;BEST_GUESS;OK;222412;1380;223792;9941;8889
2026-09-26T10:27:30;HDF2;site;RIS;impose_ouest;2026-09-29 13:00;BEST_GUESS;OK;241174;1380;242554;10889;9736
2026-09-26T10:27:30;HDF3;site;RIS;acces_impose;2026-09-29 13:00;BEST_GUESS;OK;270399;1380;271779;12265;11024
2026-09-26T10:27:31;HDF3;site;RIS;impose_ouest;2026-09-29 13:00;BEST_GUESS;OK;289161;1380;290541;13291;11871
2026-09-26T10:27:31;HDF4;site;RIS;acces_impose;2026-09-29 13:00;BEST_GUESS;OK;222410;1380;223790;10039;9013
2026-09-26T10:27:31;HDF4;site;RIS;impose_ouest;2026-09-29 13:00;BEST_GUESS;OK;241172;1380;242552;10984;9861
2026-09-26T10:27:31;HDF5;site;RIS;acces_impose;2026-09-29 13:00;BEST_GUESS;OK;243220;1380;244600;10782;9741
2026-09-26T10:27:32;HDF5;site;RIS;impose_ouest;2026-09-29 13:00;BEST_GUESS;OK;261982;1380;263362;11735;10588
2026-09-26T10:27:32;NOR1;site;RIS;acces_impose;2026-09-29 13:00;BEST_GUESS;OK;218404;1380;219784;8629;8179
2026-09-26T10:27:32;NOR1;site;RIS;impose_ouest;2026-09-29 13:00;BEST_GUESS;OK;233181;1380;234561;9113;8814
2026-09-26T10:27:32;NOR2;site;RIS;acces_impose;2026-09-29 13:00;BEST_GUESS;OK;147795;1380;149175;6028;5767
2026-09-26T10:27:33;NOR2;site;RIS;impose_ouest;2026-09-29 13:00;BEST_GUESS;OK;162572;1380;163952;6588;6402
2026-09-26T10:27:33;NOR3;site;RIS;acces_impose;2026-09-29 13:00;BEST_GUESS;OK;142728;1380;144108;6168;5877
2026-09-26T10:27:33;NOR3;site;RIS;impose_ouest;2026-09-29 13:00;BEST_GUESS;OK;157505;1380;158885;6725;6512
2026-09-26T10:27:33;CVL1;site;RIS;acces_impose;2026-09-29 13:00;BEST_GUESS;OK;222599;1380;223979;8122;7981
2026-09-26T10:27:34;CVL1;site;RIS;impose_ouest;2026-09-29 13:00;BEST_GUESS;OK;222599;1380;223979;8122;7981
2026-09-26T10:27:34;CVL2;site;RIS;acces_impose;2026-09-29 13:00;BEST_GUESS;OK;258419;1380;259799;10124;9975
2026-09-26T10:27:34;CVL2;site;RIS;impose_ouest;2026-09-29 13:00;BEST_GUESS;OK;258419;1380;259799;10124;9975
2026-09-26T10:27:34;CVL3;site;RIS;acces_impose;2026-09-29 13:00;BEST_GUESS;OK;126864;1380;128244;5183;5006
2026-09-26T10:27:35;CVL3;site;RIS;impose_ouest;2026-09-29 13:00;BEST_GUESS;OK;126864;1380;128244;5183;5006
2026-09-26T10:27:35;GE1;site;RIS;acces_impose;2026-09-29 13:00;BEST_GUESS;OK;208102;1380;209482;8066;7779
2026-09-26T10:27:35;GE1;site;RIS;impose_est;2026-09-29 13:00;BEST_GUESS;OK;208102;1380;209482;8066;7779
2026-09-26T10:27:35;BFC1;site;RIS;acces_impose;2026-09-29 13:00;BEST_GUESS;OK;290785;1380;292165;9885;9823
2026-09-26T10:27:36;BFC1;site;RIS;impose_est;2026-09-29 13:00;BEST_GUESS;OK;304701;1380;306081;10638;10474
2026-09-26T10:27:36;E_A1;entree;VITRY;rapide;2026-09-29 14:00;BEST_GUESS;OK;48820;0;48820;3036;2558
2026-09-26T10:27:36;E_A1;entree;RIS;rapide;2026-09-29 14:00;BEST_GUESS;OK;65882;1380;67262;4116;3448
2026-09-26T10:27:36;E_A4;entree;VITRY;rapide;2026-09-29 14:00;BEST_GUESS;OK;73090;0;73090;3227;3052
2026-09-26T10:27:36;E_A4;entree;RIS;rapide;2026-09-29 14:00;BEST_GUESS;OK;92509;1380;93889;4210;3971
2026-09-26T10:27:36;E_A5;entree;VITRY;rapide;2026-09-29 14:00;BEST_GUESS;OK;82488;0;82488;3685;3626
2026-09-26T10:27:36;E_A5;entree;RIS;rapide;2026-09-29 14:00;BEST_GUESS;OK;70634;1380;72014;2973;2857
2026-09-26T10:27:36;E_A6;entree;VITRY;rapide;2026-09-29 14:00;BEST_GUESS;OK;93772;0;93772;3675;3537
2026-09-26T10:27:36;E_A6;entree;RIS;rapide;2026-09-29 14:00;BEST_GUESS;OK;72354;1380;73734;2680;2642
2026-09-26T10:27:36;E_A10;entree;VITRY;rapide;2026-09-29 14:00;BEST_GUESS;OK;62958;0;62958;2757;2617
2026-09-26T10:27:36;E_A10;entree;RIS;rapide;2026-09-29 14:00;BEST_GUESS;OK;59203;1380;60583;2549;2411
2026-09-26T10:27:36;E_A11;entree;VITRY;rapide;2026-09-29 14:00;BEST_GUESS;OK;62192;0;62192;2927;2733
2026-09-26T10:27:36;E_A11;entree;RIS;rapide;2026-09-29 14:00;BEST_GUESS;OK;58437;1380;59817;2717;2528
2026-09-26T10:27:36;E_A13;entree;VITRY;rapide;2026-09-29 14:00;BEST_GUESS;OK;92461;0;92461;4035;3779
2026-09-26T10:27:36;E_A13;entree;RIS;rapide;2026-09-29 14:00;BEST_GUESS;OK;99218;1380;100598;4386;4096
2026-09-26T10:27:36;E_A16;entree;VITRY;rapide;2026-09-29 14:00;BEST_GUESS;OK;69185;0;69185;3986;3564
2026-09-26T10:27:36;E_A16;entree;RIS;rapide;2026-09-29 14:00;BEST_GUESS;OK;89679;1380;91059;4796;4332
2026-09-26T10:27:36;IDF1;site;VITRY;rapide;2026-09-29 14:00;BEST_GUESS;OK;41890;0;41890;3374;2841
2026-09-26T10:27:36;IDF1;site;RIS;rapide;2026-09-29 14:00;BEST_GUESS;OK;58952;1380;60332;4467;3731
2026-09-26T10:27:36;IDF2;site;VITRY;rapide;2026-09-29 14:00;BEST_GUESS;OK;35448;0;35448;2228;2082
2026-09-26T10:27:36;IDF2;site;RIS;rapide;2026-09-29 14:00;BEST_GUESS;OK;14026;1380;15406;1240;1177
2026-09-26T10:27:36;IDF3;site;VITRY;rapide;2026-09-29 14:00;BEST_GUESS;OK;66563;0;66563;4313;3895
2026-09-26T10:27:36;IDF3;site;RIS;rapide;2026-09-29 14:00;BEST_GUESS;OK;90870;1380;92250;5171;4706
2026-09-26T10:27:36;IDF4;site;VITRY;rapide;2026-09-29 14:00;BEST_GUESS;OK;31174;0;31174;2775;2409
2026-09-26T10:27:36;IDF4;site;RIS;rapide;2026-09-29 14:00;BEST_GUESS;OK;48235;1380;49615;3866;3299
2026-09-26T10:27:36;IDF5;site;VITRY;rapide;2026-09-29 14:00;BEST_GUESS;OK;27596;0;27596;3058;2840
2026-09-26T10:27:36;IDF5;site;RIS;rapide;2026-09-29 14:00;BEST_GUESS;OK;48345;1380;49725;4040;3517
2026-09-26T10:27:36;IDF6;site;VITRY;rapide;2026-09-29 14:00;BEST_GUESS;OK;41449;0;41449;3257;2811
2026-09-26T10:27:36;IDF6;site;RIS;rapide;2026-09-29 14:00;BEST_GUESS;OK;57321;1380;58701;3591;3170
2026-09-26T10:27:36;IDF7;site;VITRY;rapide;2026-09-29 14:00;BEST_GUESS;OK;40735;0;40735;3114;2678
2026-09-26T10:27:36;IDF7;site;RIS;rapide;2026-09-29 14:00;BEST_GUESS;OK;56204;1380;57584;3458;3049
2026-09-26T10:27:36;IDF8;site;VITRY;rapide;2026-09-29 14:00;BEST_GUESS;OK;45059;0;45059;2624;2489
2026-09-26T10:27:36;IDF8;site;RIS;rapide;2026-09-29 14:00;BEST_GUESS;OK;64478;1380;65858;3594;3408
2026-09-26T10:27:36;IDF9;site;VITRY;rapide;2026-09-29 14:00;BEST_GUESS;OK;46751;0;46751;3335;2980
2026-09-26T10:27:36;IDF9;site;RIS;rapide;2026-09-29 14:00;BEST_GUESS;OK;53507;1380;54887;3693;3297
2026-09-26T10:27:36;IDF10;site;VITRY;rapide;2026-09-29 14:00;BEST_GUESS;OK;34363;0;34363;2816;2348
2026-09-26T10:27:36;IDF10;site;RIS;rapide;2026-09-29 14:00;BEST_GUESS;OK;51425;1380;52805;3907;3238
2026-09-26T10:27:36;IDF11;site;VITRY;rapide;2026-09-29 14:00;BEST_GUESS;OK;49468;0;49468;2517;2370
2026-09-26T10:27:36;IDF11;site;RIS;rapide;2026-09-29 14:00;BEST_GUESS;OK;68887;1380;70267;3485;3288
2026-09-26T10:27:36;IDF12;site;VITRY;rapide;2026-09-29 14:00;BEST_GUESS;OK;11529;0;11529;1077;1049
2026-09-26T10:27:36;IDF12;site;RIS;rapide;2026-09-29 14:00;BEST_GUESS;OK;14828;1380;16208;2039;1956
2026-09-26T10:27:36;IDF13;site;VITRY;rapide;2026-09-29 14:00;BEST_GUESS;OK;38905;0;38905;2586;2536
2026-09-26T10:27:36;IDF13;site;RIS;rapide;2026-09-29 14:00;BEST_GUESS;OK;32603;1380;33983;2107;2015
2026-09-26T10:27:36;IDF14;site;VITRY;rapide;2026-09-29 14:00;BEST_GUESS;OK;7704;0;7704;1305;1243
2026-09-26T10:27:36;IDF14;site;RIS;rapide;2026-09-29 14:00;BEST_GUESS;OK;10572;1380;11952;1386;1306
2026-09-26T10:27:36;IDF15;site;VITRY;rapide;2026-09-29 14:00;BEST_GUESS;OK;46693;0;46693;2640;2492
2026-09-26T10:27:36;IDF15;site;RIS;rapide;2026-09-29 14:00;BEST_GUESS;OK;53449;1380;54829;2999;2809
2026-09-26T10:27:36;HDF1;site;VITRY;rapide;2026-09-29 14:00;BEST_GUESS;OK;210106;0;210106;10002;9101
2026-09-26T10:27:36;HDF1;site;RIS;rapide;2026-09-29 14:00;BEST_GUESS;OK;227168;1380;228548;11523;9991
2026-09-26T10:27:36;HDF2;site;VITRY;rapide;2026-09-29 14:00;BEST_GUESS;OK;203649;0;203649;8829;7989
2026-09-26T10:27:36;HDF2;site;RIS;rapide;2026-09-29 14:00;BEST_GUESS;OK;220711;1380;222091;10320;8880
2026-09-26T10:27:36;HDF3;site;VITRY;rapide;2026-09-29 14:00;BEST_GUESS;OK;251636;0;251636;11191;10124
2026-09-26T10:27:36;HDF3;site;RIS;rapide;2026-09-29 14:00;BEST_GUESS;OK;268698;1380;270078;12706;11014
2026-09-26T10:27:36;HDF4;site;VITRY;rapide;2026-09-29 14:00;BEST_GUESS;OK;203647;0;203647;8987;8114
2026-09-26T10:27:36;HDF4;site;RIS;rapide;2026-09-29 14:00;BEST_GUESS;OK;220709;1380;222089;10479;9004
2026-09-26T10:27:36;HDF5;site;VITRY;rapide;2026-09-29 14:00;BEST_GUESS;OK;224457;0;224457;9717;8842
2026-09-26T10:27:36;HDF5;site;RIS;rapide;2026-09-29 14:00;BEST_GUESS;OK;241519;1380;242899;11176;9732
2026-09-26T10:27:36;NOR1;site;VITRY;rapide;2026-09-29 14:00;BEST_GUESS;OK;209946;0;209946;8451;7853
2026-09-26T10:27:36;NOR1;site;RIS;rapide;2026-09-29 14:00;BEST_GUESS;OK;216703;1380;218083;8934;8170
2026-09-26T10:27:36;NOR2;site;VITRY;rapide;2026-09-29 14:00;BEST_GUESS;OK;139338;0;139338;5793;5440
2026-09-26T10:27:36;NOR2;site;RIS;rapide;2026-09-29 14:00;BEST_GUESS;OK;146094;1380;147474;6184;5757
2026-09-26T10:27:36;NOR3;site;VITRY;rapide;2026-09-29 14:00;BEST_GUESS;OK;134270;0;134270;5955;5551
2026-09-26T10:27:36;NOR3;site;RIS;rapide;2026-09-29 14:00;BEST_GUESS;OK;141027;1380;142407;6342;5868
2026-09-26T10:27:36;CVL1;site;VITRY;rapide;2026-09-29 14:00;BEST_GUESS;OK;226354;0;226354;8434;8187
2026-09-26T10:27:36;CVL1;site;RIS;rapide;2026-09-29 14:00;BEST_GUESS;OK;222598;1380;223978;8184;7980
2026-09-26T10:27:36;CVL2;site;VITRY;rapide;2026-09-29 14:00;BEST_GUESS;OK;262174;0;262174;10520;10181
2026-09-26T10:27:36;CVL2;site;RIS;rapide;2026-09-29 14:00;BEST_GUESS;OK;258419;1380;259799;10352;9975
2026-09-26T10:27:36;CVL3;site;VITRY;rapide;2026-09-29 14:00;BEST_GUESS;OK;130619;0;130619;5414;5212
2026-09-26T10:27:36;CVL3;site;RIS;rapide;2026-09-29 14:00;BEST_GUESS;OK;126864;1380;128244;5155;5006
2026-09-26T10:27:36;GE1;site;VITRY;rapide;2026-09-29 14:00;BEST_GUESS;OK;185285;0;185285;7067;6915
2026-09-26T10:27:36;GE1;site;RIS;rapide;2026-09-29 14:00;BEST_GUESS;OK;204703;1380;206083;8152;7833
2026-09-26T10:27:36;BFC1;site;VITRY;rapide;2026-09-29 14:00;BEST_GUESS;OK;312203;0;312203;11128;10719
2026-09-26T10:27:36;BFC1;site;RIS;rapide;2026-09-29 14:00;BEST_GUESS;OK;290785;1380;292165;9962;9824
2026-09-26T10:27:37;E_A1;entree;RIS;acces_impose;2026-09-29 14:00;BEST_GUESS;OK;67584;1380;68964;4132;3457
2026-09-26T10:27:37;E_A1;entree;RIS;impose_ouest;2026-09-29 14:00;BEST_GUESS;OK;86345;1380;87725;5061;4305
2026-09-26T10:27:37;E_A4;entree;RIS;acces_impose;2026-09-29 14:00;BEST_GUESS;OK;95907;1380;97287;4129;3915
2026-09-26T10:27:37;E_A4;entree;RIS;impose_est;2026-09-29 14:00;BEST_GUESS;OK;95907;1380;97287;4129;3915
2026-09-26T10:27:38;E_A5;entree;RIS;acces_impose;2026-09-29 14:00;BEST_GUESS;OK;74032;1380;75412;2899;2802
2026-09-26T10:27:38;E_A5;entree;RIS;impose_est;2026-09-29 14:00;BEST_GUESS;OK;74032;1380;75412;2899;2802
2026-09-26T10:27:38;E_A6;entree;RIS;acces_impose;2026-09-29 14:00;BEST_GUESS;OK;72354;1380;73734;2680;2641
2026-09-26T10:27:38;E_A6;entree;RIS;impose_est;2026-09-29 14:00;BEST_GUESS;OK;86270;1380;87650;3363;3292
2026-09-26T10:27:38;E_A10;entree;RIS;acces_impose;2026-09-29 14:00;BEST_GUESS;OK;59203;1380;60583;2549;2411
2026-09-26T10:27:39;E_A10;entree;RIS;impose_ouest;2026-09-29 14:00;BEST_GUESS;OK;59203;1380;60583;2549;2411
2026-09-26T10:27:39;E_A11;entree;RIS;acces_impose;2026-09-29 14:00;BEST_GUESS;OK;58437;1380;59817;2717;2527
2026-09-26T10:27:39;E_A11;entree;RIS;impose_ouest;2026-09-29 14:00;BEST_GUESS;OK;58437;1380;59817;2717;2527
2026-09-26T10:27:39;E_A13;entree;RIS;acces_impose;2026-09-29 14:00;BEST_GUESS;OK;100919;1380;102299;4406;4105
2026-09-26T10:27:39;E_A13;entree;RIS;impose_ouest;2026-09-29 14:00;BEST_GUESS;OK;115696;1380;117076;4951;4740
2026-09-26T10:27:40;E_A16;entree;RIS;acces_impose;2026-09-29 14:00;BEST_GUESS;OK;91380;1380;92760;4816;4341
2026-09-26T10:27:40;E_A16;entree;RIS;impose_ouest;2026-09-29 14:00;BEST_GUESS;OK;106157;1380;107537;5310;4977
2026-09-26T10:27:40;IDF1;site;RIS;acces_impose;2026-09-29 14:00;BEST_GUESS;OK;60653;1380;62033;4487;3740
2026-09-26T10:27:40;IDF1;site;RIS;impose_ouest;2026-09-29 14:00;BEST_GUESS;OK;79415;1380;80795;5421;4588
2026-09-26T10:27:40;IDF2;site;RIS;acces_impose;2026-09-29 14:00;BEST_GUESS;OK;14026;1380;15406;1240;1177
2026-09-26T10:27:41;IDF2;site;RIS;impose_ouest;2026-09-29 14:00;BEST_GUESS;OK;23176;1380;24556;1747;1590
2026-09-26T10:27:41;IDF3;site;RIS;acces_impose;2026-09-29 14:00;BEST_GUESS;OK;92571;1380;93951;5185;4715
2026-09-26T10:27:41;IDF3;site;RIS;impose_ouest;2026-09-29 14:00;BEST_GUESS;OK;107348;1380;108728;5676;5350
2026-09-26T10:27:41;IDF4;site;RIS;acces_impose;2026-09-29 14:00;BEST_GUESS;OK;49937;1380;51317;3882;3308
2026-09-26T10:27:41;IDF4;site;RIS;impose_ouest;2026-09-29 14:00;BEST_GUESS;OK;68699;1380;70079;4815;4155
2026-09-26T10:27:42;IDF5;site;RIS;acces_impose;2026-09-29 14:00;BEST_GUESS;OK;50047;1380;51427;4056;3526
2026-09-26T10:27:42;IDF5;site;RIS;impose_ouest;2026-09-29 14:00;BEST_GUESS;OK;68809;1380;70189;4987;4374
2026-09-26T10:27:42;IDF6;site;RIS;acces_impose;2026-09-29 14:00;BEST_GUESS;OK;59022;1380;60402;3607;3179
2026-09-26T10:27:42;IDF6;site;RIS;impose_ouest;2026-09-29 14:00;BEST_GUESS;OK;73799;1380;75179;4158;3814
2026-09-26T10:27:42;IDF7;site;RIS;acces_impose;2026-09-29 14:00;BEST_GUESS;OK;57906;1380;59286;3473;3058
2026-09-26T10:27:43;IDF7;site;RIS;impose_ouest;2026-09-29 14:00;BEST_GUESS;OK;72682;1380;74062;4022;3693
2026-09-26T10:27:43;IDF8;site;RIS;acces_impose;2026-09-29 14:00;BEST_GUESS;OK;67876;1380;69256;3518;3352
2026-09-26T10:27:43;IDF8;site;RIS;impose_est;2026-09-29 14:00;BEST_GUESS;OK;67876;1380;69256;3518;3352
2026-09-26T10:27:43;IDF9;site;RIS;acces_impose;2026-09-29 14:00;BEST_GUESS;OK;55209;1380;56589;3709;3306
2026-09-26T10:27:44;IDF9;site;RIS;impose_ouest;2026-09-29 14:00;BEST_GUESS;OK;69985;1380;71365;4244;3941
2026-09-26T10:27:44;IDF10;site;RIS;acces_impose;2026-09-29 14:00;BEST_GUESS;OK;53126;1380;54506;3923;3247
2026-09-26T10:27:44;IDF10;site;RIS;impose_ouest;2026-09-29 14:00;BEST_GUESS;OK;71888;1380;73268;4854;4094
2026-09-26T10:27:44;IDF11;site;RIS;acces_impose;2026-09-29 14:00;BEST_GUESS;OK;72285;1380;73665;3413;3233
2026-09-26T10:27:44;IDF11;site;RIS;impose_est;2026-09-29 14:00;BEST_GUESS;OK;72285;1380;73665;3413;3233
2026-09-26T10:27:45;IDF12;site;RIS;acces_impose;2026-09-29 14:00;BEST_GUESS;OK;34869;1380;36249;2309;2106
2026-09-26T10:27:45;IDF12;site;RIS;impose_est;2026-09-29 14:00;BEST_GUESS;OK;32483;1380;33863;2430;2372
2026-09-26T10:27:45;IDF13;site;RIS;acces_impose;2026-09-29 14:00;BEST_GUESS;OK;36001;1380;37381;2042;1960
2026-09-26T10:27:45;IDF13;site;RIS;impose_est;2026-09-29 14:00;BEST_GUESS;OK;36001;1380;37381;2042;1960
2026-09-26T10:27:45;IDF14;site;RIS;acces_impose;2026-09-29 14:00;BEST_GUESS;OK;16078;1380;17458;2022;1912
2026-09-26T10:27:45;IDF14;site;RIS;impose_est;2026-09-29 14:00;BEST_GUESS;OK;33504;1380;34884;2203;2057
2026-09-26T10:27:46;IDF15;site;RIS;acces_impose;2026-09-29 14:00;BEST_GUESS;OK;55151;1380;56531;3012;2819
2026-09-26T10:27:46;IDF15;site;RIS;impose_ouest;2026-09-29 14:00;BEST_GUESS;OK;69927;1380;71307;3588;3454
2026-09-26T10:27:46;HDF1;site;RIS;acces_impose;2026-09-29 14:00;BEST_GUESS;OK;228870;1380;230250;11515;10000
2026-09-26T10:27:46;HDF1;site;RIS;impose_est;2026-09-29 14:00;BEST_GUESS;OK;224950;1380;226330;10912;10145
2026-09-26T10:27:47;HDF2;site;RIS;acces_impose;2026-09-29 14:00;BEST_GUESS;OK;222412;1380;223792;10318;8889
2026-09-26T10:27:47;HDF2;site;RIS;impose_ouest;2026-09-29 14:00;BEST_GUESS;OK;241174;1380;242554;11385;9736
2026-09-26T10:27:47;HDF3;site;RIS;acces_impose;2026-09-29 14:00;BEST_GUESS;OK;270399;1380;271779;12701;11024
2026-09-26T10:27:48;HDF3;site;RIS;impose_ouest;2026-09-29 14:00;BEST_GUESS;OK;289161;1380;290541;13902;11871
2026-09-26T10:27:48;HDF4;site;RIS;acces_impose;2026-09-29 14:00;BEST_GUESS;OK;222410;1380;223790;10475;9013
2026-09-26T10:27:48;HDF4;site;RIS;impose_ouest;2026-09-29 14:00;BEST_GUESS;OK;241172;1380;242552;11546;9861
2026-09-26T10:27:49;HDF5;site;RIS;acces_impose;2026-09-29 14:00;BEST_GUESS;OK;243220;1380;244600;11172;9741
2026-09-26T10:27:49;HDF5;site;RIS;impose_ouest;2026-09-29 14:00;BEST_GUESS;OK;261982;1380;263362;12305;10588
2026-09-26T10:27:49;NOR1;site;RIS;acces_impose;2026-09-29 14:00;BEST_GUESS;OK;218404;1380;219784;8943;8179
2026-09-26T10:27:49;NOR1;site;RIS;impose_ouest;2026-09-29 14:00;BEST_GUESS;OK;233181;1380;234561;9358;8814
2026-09-26T10:27:50;NOR2;site;RIS;acces_impose;2026-09-29 14:00;BEST_GUESS;OK;147795;1380;149175;6203;5767
2026-09-26T10:27:50;NOR2;site;RIS;impose_ouest;2026-09-29 14:00;BEST_GUESS;OK;162572;1380;163952;6658;6402
2026-09-26T10:27:50;NOR3;site;RIS;acces_impose;2026-09-29 14:00;BEST_GUESS;OK;142728;1380;144108;6366;5877
2026-09-26T10:27:50;NOR3;site;RIS;impose_ouest;2026-09-29 14:00;BEST_GUESS;OK;157505;1380;158885;6810;6512
2026-09-26T10:27:51;CVL1;site;RIS;acces_impose;2026-09-29 14:00;BEST_GUESS;OK;222599;1380;223979;8183;7981
2026-09-26T10:27:51;CVL1;site;RIS;impose_ouest;2026-09-29 14:00;BEST_GUESS;OK;222599;1380;223979;8183;7981
2026-09-26T10:27:51;CVL2;site;RIS;acces_impose;2026-09-29 14:00;BEST_GUESS;OK;258419;1380;259799;10352;9975
2026-09-26T10:27:51;CVL2;site;RIS;impose_ouest;2026-09-29 14:00;BEST_GUESS;OK;258419;1380;259799;10352;9975
2026-09-26T10:27:52;CVL3;site;RIS;acces_impose;2026-09-29 14:00;BEST_GUESS;OK;126864;1380;128244;5155;5006
2026-09-26T10:27:52;CVL3;site;RIS;impose_ouest;2026-09-29 14:00;BEST_GUESS;OK;126864;1380;128244;5155;5006
2026-09-26T10:27:52;GE1;site;RIS;acces_impose;2026-09-29 14:00;BEST_GUESS;OK;208102;1380;209482;8105;7779
2026-09-26T10:27:52;GE1;site;RIS;impose_est;2026-09-29 14:00;BEST_GUESS;OK;208102;1380;209482;8105;7779
2026-09-26T10:27:53;BFC1;site;RIS;acces_impose;2026-09-29 14:00;BEST_GUESS;OK;290785;1380;292165;9962;9823
2026-09-26T10:27:53;BFC1;site;RIS;impose_est;2026-09-29 14:00;BEST_GUESS;OK;304701;1380;306081;10782;10474
2026-09-26T10:27:53;E_A1;entree;VITRY;rapide;2026-09-29 15:00;BEST_GUESS;OK;48820;0;48820;3008;2558
2026-09-26T10:27:53;E_A1;entree;RIS;rapide;2026-09-29 15:00;BEST_GUESS;OK;65882;1380;67262;4445;3448
2026-09-26T10:27:53;E_A4;entree;VITRY;rapide;2026-09-29 15:00;BEST_GUESS;OK;73090;0;73090;3143;3052
2026-09-26T10:27:53;E_A4;entree;RIS;rapide;2026-09-29 15:00;BEST_GUESS;OK;92509;1380;93889;4252;3971
2026-09-26T10:27:53;E_A5;entree;VITRY;rapide;2026-09-29 15:00;BEST_GUESS;OK;82488;0;82488;3683;3626
2026-09-26T10:27:53;E_A5;entree;RIS;rapide;2026-09-29 15:00;BEST_GUESS;OK;70634;1380;72014;2954;2857
2026-09-26T10:27:53;E_A6;entree;VITRY;rapide;2026-09-29 15:00;BEST_GUESS;OK;93772;0;93772;3699;3537
2026-09-26T10:27:53;E_A6;entree;RIS;rapide;2026-09-29 15:00;BEST_GUESS;OK;72354;1380;73734;2692;2642
2026-09-26T10:27:53;E_A10;entree;VITRY;rapide;2026-09-29 15:00;BEST_GUESS;OK;62958;0;62958;2849;2617
2026-09-26T10:27:53;E_A10;entree;RIS;rapide;2026-09-29 15:00;BEST_GUESS;OK;59203;1380;60583;2550;2411
2026-09-26T10:27:53;E_A11;entree;VITRY;rapide;2026-09-29 15:00;BEST_GUESS;OK;62192;0;62192;2989;2733
2026-09-26T10:27:53;E_A11;entree;RIS;rapide;2026-09-29 15:00;BEST_GUESS;OK;58437;1380;59817;2707;2528
2026-09-26T10:27:53;E_A13;entree;VITRY;rapide;2026-09-29 15:00;BEST_GUESS;OK;92461;0;92461;4184;3779
2026-09-26T10:27:53;E_A13;entree;RIS;rapide;2026-09-29 15:00;BEST_GUESS;OK;99218;1380;100598;4623;4096
2026-09-26T10:27:53;E_A16;entree;VITRY;rapide;2026-09-29 15:00;BEST_GUESS;OK;69185;0;69185;4227;3564
2026-09-26T10:27:53;E_A16;entree;RIS;rapide;2026-09-29 15:00;BEST_GUESS;OK;89679;1380;91059;5109;4332
2026-09-26T10:27:53;IDF1;site;VITRY;rapide;2026-09-29 15:00;BEST_GUESS;OK;41890;0;41890;3405;2841
2026-09-26T10:27:53;IDF1;site;RIS;rapide;2026-09-29 15:00;BEST_GUESS;OK;58952;1380;60332;4826;3731
2026-09-26T10:27:53;IDF2;site;VITRY;rapide;2026-09-29 15:00;BEST_GUESS;OK;35448;0;35448;2243;2082
2026-09-26T10:27:53;IDF2;site;RIS;rapide;2026-09-29 15:00;BEST_GUESS;OK;14026;1380;15406;1213;1177
2026-09-26T10:27:53;IDF3;site;VITRY;rapide;2026-09-29 15:00;BEST_GUESS;OK;66563;0;66563;4554;3895
2026-09-26T10:27:53;IDF3;site;RIS;rapide;2026-09-29 15:00;BEST_GUESS;OK;90870;1380;92250;5492;4706
2026-09-26T10:27:53;IDF4;site;VITRY;rapide;2026-09-29 15:00;BEST_GUESS;OK;31174;0;31174;2777;2409
2026-09-26T10:27:53;IDF4;site;RIS;rapide;2026-09-29 15:00;BEST_GUESS;OK;48236;1380;49616;4204;3299
2026-09-26T10:27:53;IDF5;site;VITRY;rapide;2026-09-29 15:00;BEST_GUESS;OK;27596;0;27596;3153;2840
2026-09-26T10:27:53;IDF5;site;RIS;rapide;2026-09-29 15:00;BEST_GUESS;OK;48346;1380;49726;4359;3517
2026-09-26T10:27:53;IDF6;site;VITRY;rapide;2026-09-29 15:00;BEST_GUESS;OK;41449;0;41449;3285;2811
2026-09-26T10:27:53;IDF6;site;RIS;rapide;2026-09-29 15:00;BEST_GUESS;OK;57321;1380;58701;3797;3170
2026-09-26T10:27:53;IDF7;site;VITRY;rapide;2026-09-29 15:00;BEST_GUESS;OK;40735;0;40735;3118;2678
2026-09-26T10:27:53;IDF7;site;RIS;rapide;2026-09-29 15:00;BEST_GUESS;OK;56204;1380;57584;3629;3049
2026-09-26T10:27:53;IDF8;site;VITRY;rapide;2026-09-29 15:00;BEST_GUESS;OK;45059;0;45059;2570;2489
2026-09-26T10:27:53;IDF8;site;RIS;rapide;2026-09-29 15:00;BEST_GUESS;OK;64478;1380;65858;3677;3408
2026-09-26T10:27:53;IDF9;site;VITRY;rapide;2026-09-29 15:00;BEST_GUESS;OK;46751;0;46751;3466;2980
2026-09-26T10:27:53;IDF9;site;RIS;rapide;2026-09-29 15:00;BEST_GUESS;OK;53507;1380;54887;3913;3297
2026-09-26T10:27:53;IDF10;site;VITRY;rapide;2026-09-29 15:00;BEST_GUESS;OK;34363;0;34363;2801;2348
2026-09-26T10:27:53;IDF10;site;RIS;rapide;2026-09-29 15:00;BEST_GUESS;OK;51425;1380;52805;4233;3238
2026-09-26T10:27:53;IDF11;site;VITRY;rapide;2026-09-29 15:00;BEST_GUESS;OK;49468;0;49468;2442;2370
2026-09-26T10:27:53;IDF11;site;RIS;rapide;2026-09-29 15:00;BEST_GUESS;OK;68887;1380;70267;3570;3288
2026-09-26T10:27:53;IDF12;site;VITRY;rapide;2026-09-29 15:00;BEST_GUESS;OK;11529;0;11529;1083;1049
2026-09-26T10:27:53;IDF12;site;RIS;rapide;2026-09-29 15:00;BEST_GUESS;OK;14828;1380;16208;2049;1956
2026-09-26T10:27:53;IDF13;site;VITRY;rapide;2026-09-29 15:00;BEST_GUESS;OK;38905;0;38905;2567;2536
2026-09-26T10:27:53;IDF13;site;RIS;rapide;2026-09-29 15:00;BEST_GUESS;OK;32603;1380;33983;2137;2015
2026-09-26T10:27:53;IDF14;site;VITRY;rapide;2026-09-29 15:00;BEST_GUESS;OK;7704;0;7704;1301;1243
2026-09-26T10:27:53;IDF14;site;RIS;rapide;2026-09-29 15:00;BEST_GUESS;OK;10572;1380;11952;1371;1306
2026-09-26T10:27:53;IDF15;site;VITRY;rapide;2026-09-29 15:00;BEST_GUESS;OK;46693;0;46693;2807;2492
2026-09-26T10:27:53;IDF15;site;RIS;rapide;2026-09-29 15:00;BEST_GUESS;OK;53449;1380;54829;3201;2809
2026-09-26T10:27:53;HDF1;site;VITRY;rapide;2026-09-29 15:00;BEST_GUESS;OK;210106;0;210106;10227;9101
2026-09-26T10:27:53;HDF1;site;RIS;rapide;2026-09-29 15:00;BEST_GUESS;OK;227168;1380;228548;11699;9991
2026-09-26T10:27:53;HDF2;site;VITRY;rapide;2026-09-29 15:00;BEST_GUESS;OK;203649;0;203649;9091;7989
2026-09-26T10:27:53;HDF2;site;RIS;rapide;2026-09-29 15:00;BEST_GUESS;OK;220711;1380;222091;10586;8880
2026-09-26T10:27:53;HDF3;site;VITRY;rapide;2026-09-29 15:00;BEST_GUESS;OK;251636;0;251636;11364;10124
2026-09-26T10:27:53;HDF3;site;RIS;rapide;2026-09-29 15:00;BEST_GUESS;OK;268698;1380;270078;12785;11014
2026-09-26T10:27:53;HDF4;site;VITRY;rapide;2026-09-29 15:00;BEST_GUESS;OK;203647;0;203647;9257;8114
2026-09-26T10:27:53;HDF4;site;RIS;rapide;2026-09-29 15:00;BEST_GUESS;OK;220709;1380;222089;10729;9004
2026-09-26T10:27:53;HDF5;site;VITRY;rapide;2026-09-29 15:00;BEST_GUESS;OK;224457;0;224457;9965;8842
2026-09-26T10:27:53;HDF5;site;RIS;rapide;2026-09-29 15:00;BEST_GUESS;OK;241519;1380;242899;11439;9732
2026-09-26T10:27:53;NOR1;site;VITRY;rapide;2026-09-29 15:00;BEST_GUESS;OK;209946;0;209946;8659;7853
2026-09-26T10:27:53;NOR1;site;RIS;rapide;2026-09-29 15:00;BEST_GUESS;OK;216703;1380;218083;9216;8170
2026-09-26T10:27:53;NOR2;site;VITRY;rapide;2026-09-29 15:00;BEST_GUESS;OK;139338;0;139338;5994;5440
2026-09-26T10:27:53;NOR2;site;RIS;rapide;2026-09-29 15:00;BEST_GUESS;OK;146094;1380;147474;6487;5757
2026-09-26T10:27:53;NOR3;site;VITRY;rapide;2026-09-29 15:00;BEST_GUESS;OK;134270;0;134270;6158;5551
2026-09-26T10:27:53;NOR3;site;RIS;rapide;2026-09-29 15:00;BEST_GUESS;OK;141027;1380;142407;6646;5868
2026-09-26T10:27:53;CVL1;site;VITRY;rapide;2026-09-29 15:00;BEST_GUESS;OK;226354;0;226354;8571;8187
2026-09-26T10:27:53;CVL1;site;RIS;rapide;2026-09-29 15:00;BEST_GUESS;OK;222599;1380;223979;8344;7982
2026-09-26T10:27:53;CVL2;site;VITRY;rapide;2026-09-29 15:00;BEST_GUESS;OK;262174;0;262174;10781;10181
2026-09-26T10:27:53;CVL2;site;RIS;rapide;2026-09-29 15:00;BEST_GUESS;OK;258419;1380;259799;10485;9975
2026-09-26T10:27:53;CVL3;site;VITRY;rapide;2026-09-29 15:00;BEST_GUESS;OK;130619;0;130619;5469;5212
2026-09-26T10:27:53;CVL3;site;RIS;rapide;2026-09-29 15:00;BEST_GUESS;OK;126864;1380;128244;5256;5006
2026-09-26T10:27:53;GE1;site;VITRY;rapide;2026-09-29 15:00;BEST_GUESS;OK;185285;0;185285;7275;6915
2026-09-26T10:27:53;GE1;site;RIS;rapide;2026-09-29 15:00;BEST_GUESS;OK;204704;1380;206084;8376;7834
2026-09-26T10:27:53;BFC1;site;VITRY;rapide;2026-09-29 15:00;BEST_GUESS;OK;312203;0;312203;11290;10719
2026-09-26T10:27:53;BFC1;site;RIS;rapide;2026-09-29 15:00;BEST_GUESS;OK;290785;1380;292165;10050;9824
2026-09-26T10:27:54;E_A1;entree;RIS;acces_impose;2026-09-29 15:00;BEST_GUESS;OK;67584;1380;68964;4454;3457
2026-09-26T10:27:54;E_A1;entree;RIS;impose_ouest;2026-09-29 15:00;BEST_GUESS;OK;86345;1380;87725;5469;4305
2026-09-26T10:27:55;E_A4;entree;RIS;acces_impose;2026-09-29 15:00;BEST_GUESS;OK;95907;1380;97287;4193;3915
2026-09-26T10:27:55;E_A4;entree;RIS;impose_est;2026-09-29 15:00;BEST_GUESS;OK;95907;1380;97287;4193;3915
2026-09-26T10:27:55;E_A5;entree;RIS;acces_impose;2026-09-29 15:00;BEST_GUESS;OK;74032;1380;75412;2895;2802
2026-09-26T10:27:55;E_A5;entree;RIS;impose_est;2026-09-29 15:00;BEST_GUESS;OK;74032;1380;75412;2895;2802
2026-09-26T10:27:55;E_A6;entree;RIS;acces_impose;2026-09-29 15:00;BEST_GUESS;OK;72354;1380;73734;2692;2641
2026-09-26T10:27:56;E_A6;entree;RIS;impose_est;2026-09-29 15:00;BEST_GUESS;OK;86270;1380;87650;3444;3292
2026-09-26T10:27:56;E_A10;entree;RIS;acces_impose;2026-09-29 15:00;BEST_GUESS;OK;59203;1380;60583;2550;2411
2026-09-26T10:27:56;E_A10;entree;RIS;impose_ouest;2026-09-29 15:00;BEST_GUESS;OK;59203;1380;60583;2550;2411
2026-09-26T10:27:56;E_A11;entree;RIS;acces_impose;2026-09-29 15:00;BEST_GUESS;OK;58437;1380;59817;2707;2527
2026-09-26T10:27:56;E_A11;entree;RIS;impose_ouest;2026-09-29 15:00;BEST_GUESS;OK;58437;1380;59817;2707;2527
2026-09-26T10:27:57;E_A13;entree;RIS;acces_impose;2026-09-29 15:00;BEST_GUESS;OK;100919;1380;102299;4630;4105
2026-09-26T10:27:57;E_A13;entree;RIS;impose_ouest;2026-09-29 15:00;BEST_GUESS;OK;115696;1380;117076;5116;4740
2026-09-26T10:27:57;E_A16;entree;RIS;acces_impose;2026-09-29 15:00;BEST_GUESS;OK;91380;1380;92760;5119;4341
2026-09-26T10:27:57;E_A16;entree;RIS;impose_ouest;2026-09-29 15:00;BEST_GUESS;OK;106157;1380;107537;5559;4977
2026-09-26T10:27:57;IDF1;site;RIS;acces_impose;2026-09-29 15:00;BEST_GUESS;OK;60653;1380;62033;4834;3740
2026-09-26T10:27:58;IDF1;site;RIS;impose_ouest;2026-09-29 15:00;BEST_GUESS;OK;79415;1380;80795;5852;4588
2026-09-26T10:27:58;IDF2;site;RIS;acces_impose;2026-09-29 15:00;BEST_GUESS;OK;14026;1380;15406;1213;1177
2026-09-26T10:27:58;IDF2;site;RIS;impose_ouest;2026-09-29 15:00;BEST_GUESS;OK;23176;1380;24556;1687;1590
2026-09-26T10:27:58;IDF3;site;RIS;acces_impose;2026-09-29 15:00;BEST_GUESS;OK;92571;1380;93951;5501;4715
2026-09-26T10:27:58;IDF3;site;RIS;impose_ouest;2026-09-29 15:00;BEST_GUESS;OK;107348;1380;108728;5919;5350
2026-09-26T10:27:59;IDF4;site;RIS;acces_impose;2026-09-29 15:00;BEST_GUESS;OK;49937;1380;51317;4215;3308
2026-09-26T10:27:59;IDF4;site;RIS;impose_ouest;2026-09-29 15:00;BEST_GUESS;OK;68699;1380;70079;5216;4155
2026-09-26T10:27:59;IDF5;site;RIS;acces_impose;2026-09-29 15:00;BEST_GUESS;OK;50047;1380;51427;4368;3526
2026-09-26T10:27:59;IDF5;site;RIS;impose_ouest;2026-09-29 15:00;BEST_GUESS;OK;68809;1380;70189;5381;4374
2026-09-26T10:27:59;IDF6;site;RIS;acces_impose;2026-09-29 15:00;BEST_GUESS;OK;59022;1380;60402;3811;3179
2026-09-26T10:28:00;IDF6;site;RIS;impose_ouest;2026-09-29 15:00;BEST_GUESS;OK;73799;1380;75179;4195;3814
2026-09-26T10:28:00;IDF7;site;RIS;acces_impose;2026-09-29 15:00;BEST_GUESS;OK;57906;1380;59286;3643;3058
2026-09-26T10:28:00;IDF7;site;RIS;impose_ouest;2026-09-29 15:00;BEST_GUESS;OK;72682;1380;74062;4054;3693
2026-09-26T10:28:00;IDF8;site;RIS;acces_impose;2026-09-29 15:00;BEST_GUESS;OK;67876;1380;69256;3619;3352
2026-09-26T10:28:00;IDF8;site;RIS;impose_est;2026-09-29 15:00;BEST_GUESS;OK;67876;1380;69256;3619;3352
2026-09-26T10:28:01;IDF9;site;RIS;acces_impose;2026-09-29 15:00;BEST_GUESS;OK;55209;1380;56589;3927;3306
2026-09-26T10:28:01;IDF9;site;RIS;impose_ouest;2026-09-29 15:00;BEST_GUESS;OK;69985;1380;71365;4316;3941
2026-09-26T10:28:01;IDF10;site;RIS;acces_impose;2026-09-29 15:00;BEST_GUESS;OK;53126;1380;54506;4244;3247
2026-09-26T10:28:01;IDF10;site;RIS;impose_ouest;2026-09-29 15:00;BEST_GUESS;OK;71888;1380;73268;5247;4094
2026-09-26T10:28:01;IDF11;site;RIS;acces_impose;2026-09-29 15:00;BEST_GUESS;OK;72285;1380;73665;3514;3233
2026-09-26T10:28:02;IDF11;site;RIS;impose_est;2026-09-29 15:00;BEST_GUESS;OK;72285;1380;73665;3514;3233
2026-09-26T10:28:02;IDF12;site;RIS;acces_impose;2026-09-29 15:00;BEST_GUESS;OK;34869;1380;36249;2471;2106
2026-09-26T10:28:02;IDF12;site;RIS;impose_est;2026-09-29 15:00;BEST_GUESS;OK;32483;1380;33863;2428;2372
2026-09-26T10:28:02;IDF13;site;RIS;acces_impose;2026-09-29 15:00;BEST_GUESS;OK;36001;1380;37381;2067;1960
2026-09-26T10:28:02;IDF13;site;RIS;impose_est;2026-09-29 15:00;BEST_GUESS;OK;36001;1380;37381;2067;1960
2026-09-26T10:28:02;IDF14;site;RIS;acces_impose;2026-09-29 15:00;BEST_GUESS;OK;16078;1380;17458;2001;1912
2026-09-26T10:28:03;IDF14;site;RIS;impose_est;2026-09-29 15:00;BEST_GUESS;OK;33504;1380;34884;2174;2057
2026-09-26T10:28:03;IDF15;site;RIS;acces_impose;2026-09-29 15:00;BEST_GUESS;OK;55151;1380;56531;3225;2819
2026-09-26T10:28:03;IDF15;site;RIS;impose_ouest;2026-09-29 15:00;BEST_GUESS;OK;69927;1380;71307;3662;3454
2026-09-26T10:28:03;HDF1;site;RIS;acces_impose;2026-09-29 15:00;BEST_GUESS;OK;228870;1380;230250;11691;10000
2026-09-26T10:28:03;HDF1;site;RIS;impose_est;2026-09-29 15:00;BEST_GUESS;OK;224950;1380;226330;11237;10145
2026-09-26T10:28:04;HDF2;site;RIS;acces_impose;2026-09-29 15:00;BEST_GUESS;OK;222412;1380;223792;10581;8889
2026-09-26T10:28:04;HDF2;site;RIS;impose_ouest;2026-09-29 15:00;BEST_GUESS;OK;241174;1380;242554;11707;9736
2026-09-26T10:28:04;HDF3;site;RIS;acces_impose;2026-09-29 15:00;BEST_GUESS;OK;270399;1380;271779;12783;11024
2026-09-26T10:28:05;HDF3;site;RIS;impose_ouest;2026-09-29 15:00;BEST_GUESS;OK;289161;1380;290541;13780;11871
2026-09-26T10:28:05;HDF4;site;RIS;acces_impose;2026-09-29 15:00;BEST_GUESS;OK;222410;1380;223790;10721;9013
2026-09-26T10:28:05;HDF4;site;RIS;impose_ouest;2026-09-29 15:00;BEST_GUESS;OK;241172;1380;242552;11834;9861
2026-09-26T10:28:06;HDF5;site;RIS;acces_impose;2026-09-29 15:00;BEST_GUESS;OK;243220;1380;244600;11430;9741
2026-09-26T10:28:06;HDF5;site;RIS;impose_ouest;2026-09-29 15:00;BEST_GUESS;OK;261982;1380;263362;12500;10588
2026-09-26T10:28:06;NOR1;site;RIS;acces_impose;2026-09-29 15:00;BEST_GUESS;OK;218404;1380;219784;9211;8179
2026-09-26T10:28:06;NOR1;site;RIS;impose_ouest;2026-09-29 15:00;BEST_GUESS;OK;233181;1380;234561;9743;8814
2026-09-26T10:28:07;NOR2;site;RIS;acces_impose;2026-09-29 15:00;BEST_GUESS;OK;147795;1380;149175;6484;5767
2026-09-26T10:28:07;NOR2;site;RIS;impose_ouest;2026-09-29 15:00;BEST_GUESS;OK;162572;1380;163952;6969;6402
2026-09-26T10:28:07;NOR3;site;RIS;acces_impose;2026-09-29 15:00;BEST_GUESS;OK;142728;1380;144108;6643;5877
2026-09-26T10:28:07;NOR3;site;RIS;impose_ouest;2026-09-29 15:00;BEST_GUESS;OK;157505;1380;158885;7143;6512
2026-09-26T10:28:08;CVL1;site;RIS;acces_impose;2026-09-29 15:00;BEST_GUESS;OK;222599;1380;223979;8344;7981
2026-09-26T10:28:09;CVL1;site;RIS;impose_ouest;2026-09-29 15:00;BEST_GUESS;OK;222599;1380;223979;8344;7981
2026-09-26T10:28:09;CVL2;site;RIS;acces_impose;2026-09-29 15:00;BEST_GUESS;OK;258419;1380;259799;10485;9975
2026-09-26T10:28:09;CVL2;site;RIS;impose_ouest;2026-09-29 15:00;BEST_GUESS;OK;258419;1380;259799;10485;9975
2026-09-26T10:28:09;CVL3;site;RIS;acces_impose;2026-09-29 15:00;BEST_GUESS;OK;126864;1380;128244;5256;5006
2026-09-26T10:28:10;CVL3;site;RIS;impose_ouest;2026-09-29 15:00;BEST_GUESS;OK;126864;1380;128244;5256;5006
2026-09-26T10:28:10;GE1;site;RIS;acces_impose;2026-09-29 15:00;BEST_GUESS;OK;208102;1380;209482;8372;7779
2026-09-26T10:28:10;GE1;site;RIS;impose_est;2026-09-29 15:00;BEST_GUESS;OK;208102;1380;209482;8372;7779
2026-09-26T10:28:10;BFC1;site;RIS;acces_impose;2026-09-29 15:00;BEST_GUESS;OK;290785;1380;292165;10050;9823
2026-09-26T10:28:11;BFC1;site;RIS;impose_est;2026-09-29 15:00;BEST_GUESS;OK;304701;1380;306081;11079;10474
2026-09-26T10:28:11;E_A1;entree;VITRY;rapide;2026-09-29 16:00;BEST_GUESS;OK;48820;0;48820;3317;2558
2026-09-26T10:28:11;E_A1;entree;RIS;rapide;2026-09-29 16:00;BEST_GUESS;OK;65882;1380;67262;4868;3448
2026-09-26T10:28:11;E_A4;entree;VITRY;rapide;2026-09-29 16:00;BEST_GUESS;OK;73090;0;73090;3341;3052
2026-09-26T10:28:11;E_A4;entree;RIS;rapide;2026-09-29 16:00;BEST_GUESS;OK;92509;1380;93889;4441;3971
2026-09-26T10:28:11;E_A5;entree;VITRY;rapide;2026-09-29 16:00;BEST_GUESS;OK;82488;0;82488;3685;3626
2026-09-26T10:28:11;E_A5;entree;RIS;rapide;2026-09-29 16:00;BEST_GUESS;OK;70634;1380;72014;3019;2857
2026-09-26T10:28:11;E_A6;entree;VITRY;rapide;2026-09-29 16:00;BEST_GUESS;OK;93772;0;93772;3916;3537
2026-09-26T10:28:11;E_A6;entree;RIS;rapide;2026-09-29 16:00;BEST_GUESS;OK;72354;1380;73734;2745;2642
2026-09-26T10:28:11;E_A10;entree;VITRY;rapide;2026-09-29 16:00;BEST_GUESS;OK;62958;0;62958;2882;2617
2026-09-26T10:28:11;E_A10;entree;RIS;rapide;2026-09-29 16:00;BEST_GUESS;OK;59203;1380;60583;2687;2411
2026-09-26T10:28:11;E_A11;entree;VITRY;rapide;2026-09-29 16:00;BEST_GUESS;OK;62192;0;62192;3040;2733
2026-09-26T10:28:11;E_A11;entree;RIS;rapide;2026-09-29 16:00;BEST_GUESS;OK;58437;1380;59817;2895;2526
2026-09-26T10:28:11;E_A13;entree;VITRY;rapide;2026-09-29 16:00;BEST_GUESS;OK;92461;0;92461;4374;3779
2026-09-26T10:28:11;E_A13;entree;RIS;rapide;2026-09-29 16:00;BEST_GUESS;OK;99218;1380;100598;4909;4096
2026-09-26T10:28:11;E_A16;entree;VITRY;rapide;2026-09-29 16:00;BEST_GUESS;OK;69185;0;69185;4493;3564
2026-09-26T10:28:11;E_A16;entree;RIS;rapide;2026-09-29 16:00;BEST_GUESS;OK;89678;1380;91058;5390;4333
2026-09-26T10:28:11;IDF1;site;VITRY;rapide;2026-09-29 16:00;BEST_GUESS;OK;41890;0;41890;3644;2841
2026-09-26T10:28:11;IDF1;site;RIS;rapide;2026-09-29 16:00;BEST_GUESS;OK;58952;1380;60332;5162;3731
2026-09-26T10:28:11;IDF2;site;VITRY;rapide;2026-09-29 16:00;BEST_GUESS;OK;35448;0;35448;2326;2082
2026-09-26T10:28:11;IDF2;site;RIS;rapide;2026-09-29 16:00;BEST_GUESS;OK;14026;1380;15406;1219;1177
2026-09-26T10:28:11;IDF3;site;VITRY;rapide;2026-09-29 16:00;BEST_GUESS;OK;66563;0;66563;4790;3895
2026-09-26T10:28:11;IDF3;site;RIS;rapide;2026-09-29 16:00;BEST_GUESS;OK;90870;1380;92250;5815;4706
2026-09-26T10:28:11;IDF4;site;VITRY;rapide;2026-09-29 16:00;BEST_GUESS;OK;31174;0;31174;3140;2409
2026-09-26T10:28:11;IDF4;site;RIS;rapide;2026-09-29 16:00;BEST_GUESS;OK;48236;1380;49616;4727;3299
2026-09-26T10:28:11;IDF5;site;VITRY;rapide;2026-09-29 16:00;BEST_GUESS;OK;27596;0;27596;3294;2840
2026-09-26T10:28:11;IDF5;site;RIS;rapide;2026-09-29 16:00;BEST_GUESS;OK;48346;1380;49726;4745;3517
2026-09-26T10:28:11;IDF6;site;VITRY;rapide;2026-09-29 16:00;BEST_GUESS;OK;41449;0;41449;3635;2811
2026-09-26T10:28:11;IDF6;site;RIS;rapide;2026-09-29 16:00;BEST_GUESS;OK;57321;1380;58701;4121;3170
2026-09-26T10:28:11;IDF7;site;VITRY;rapide;2026-09-29 16:00;BEST_GUESS;OK;40735;0;40735;3506;2678
2026-09-26T10:28:11;IDF7;site;RIS;rapide;2026-09-29 16:00;BEST_GUESS;OK;56204;1380;57584;3916;3049
2026-09-26T10:28:11;IDF8;site;VITRY;rapide;2026-09-29 16:00;BEST_GUESS;OK;45059;0;45059;2714;2489
2026-09-26T10:28:11;IDF8;site;RIS;rapide;2026-09-29 16:00;BEST_GUESS;OK;64478;1380;65858;3805;3408
2026-09-26T10:28:11;IDF9;site;VITRY;rapide;2026-09-29 16:00;BEST_GUESS;OK;46751;0;46751;3675;2980
2026-09-26T10:28:11;IDF9;site;RIS;rapide;2026-09-29 16:00;BEST_GUESS;OK;53507;1380;54887;4185;3297
2026-09-26T10:28:11;IDF10;site;VITRY;rapide;2026-09-29 16:00;BEST_GUESS;OK;34363;0;34363;3127;2348
2026-09-26T10:28:11;IDF10;site;RIS;rapide;2026-09-29 16:00;BEST_GUESS;OK;51425;1380;52805;4717;3238
2026-09-26T10:28:11;IDF11;site;VITRY;rapide;2026-09-29 16:00;BEST_GUESS;OK;49467;0;49467;2616;2370
2026-09-26T10:28:11;IDF11;site;RIS;rapide;2026-09-29 16:00;BEST_GUESS;OK;68887;1380;70267;3694;3288
2026-09-26T10:28:11;IDF12;site;VITRY;rapide;2026-09-29 16:00;BEST_GUESS;OK;11529;0;11529;1066;1049
2026-09-26T10:28:11;IDF12;site;RIS;rapide;2026-09-29 16:00;BEST_GUESS;OK;14828;1380;16208;2102;1956
2026-09-26T10:28:11;IDF13;site;VITRY;rapide;2026-09-29 16:00;BEST_GUESS;OK;38905;0;38905;2606;2536
2026-09-26T10:28:11;IDF13;site;RIS;rapide;2026-09-29 16:00;BEST_GUESS;OK;32603;1380;33983;2119;2015
2026-09-26T10:28:11;IDF14;site;VITRY;rapide;2026-09-29 16:00;BEST_GUESS;OK;7704;0;7704;1332;1243
2026-09-26T10:28:11;IDF14;site;RIS;rapide;2026-09-29 16:00;BEST_GUESS;OK;10572;1380;11952;1360;1306
2026-09-26T10:28:11;IDF15;site;VITRY;rapide;2026-09-29 16:00;BEST_GUESS;OK;46693;0;46693;2995;2492
2026-09-26T10:28:11;IDF15;site;RIS;rapide;2026-09-29 16:00;BEST_GUESS;OK;53449;1380;54829;3485;2809
2026-09-26T10:28:11;HDF1;site;VITRY;rapide;2026-09-29 16:00;BEST_GUESS;OK;210106;0;210106;10312;9101
2026-09-26T10:28:11;HDF1;site;RIS;rapide;2026-09-29 16:00;BEST_GUESS;OK;227168;1380;228548;11628;9991
2026-09-26T10:28:11;HDF2;site;VITRY;rapide;2026-09-29 16:00;BEST_GUESS;OK;203649;0;203649;9195;7989
2026-09-26T10:28:11;HDF2;site;RIS;rapide;2026-09-29 16:00;BEST_GUESS;OK;220711;1380;222091;10578;8880
2026-09-26T10:28:11;HDF3;site;VITRY;rapide;2026-09-29 16:00;BEST_GUESS;OK;251636;0;251636;11218;10124
2026-09-26T10:28:11;HDF3;site;RIS;rapide;2026-09-29 16:00;BEST_GUESS;OK;268698;1380;270078;12450;11014
2026-09-26T10:28:11;HDF4;site;VITRY;rapide;2026-09-29 16:00;BEST_GUESS;OK;203647;0;203647;9316;8114
2026-09-26T10:28:11;HDF4;site;RIS;rapide;2026-09-29 16:00;BEST_GUESS;OK;220709;1380;222089;10674;9004
2026-09-26T10:28:11;HDF5;site;VITRY;rapide;2026-09-29 16:00;BEST_GUESS;OK;224457;0;224457;10008;8842
2026-09-26T10:28:11;HDF5;site;RIS;rapide;2026-09-29 16:00;BEST_GUESS;OK;241519;1380;242899;11328;9732
2026-09-26T10:28:11;NOR1;site;VITRY;rapide;2026-09-29 16:00;BEST_GUESS;OK;209946;0;209946;8768;7853
2026-09-26T10:28:11;NOR1;site;RIS;rapide;2026-09-29 16:00;BEST_GUESS;OK;216703;1380;218083;9293;8170
2026-09-26T10:28:11;NOR2;site;VITRY;rapide;2026-09-29 16:00;BEST_GUESS;OK;139338;0;139338;6259;5440
2026-09-26T10:28:11;NOR2;site;RIS;rapide;2026-09-29 16:00;BEST_GUESS;OK;146094;1380;147474;6810;5757
2026-09-26T10:28:11;NOR3;site;VITRY;rapide;2026-09-29 16:00;BEST_GUESS;OK;134270;0;134270;6419;5551
2026-09-26T10:28:11;NOR3;site;RIS;rapide;2026-09-29 16:00;BEST_GUESS;OK;141027;1380;142407;6966;5868
2026-09-26T10:28:11;CVL1;site;VITRY;rapide;2026-09-29 16:00;BEST_GUESS;OK;226354;0;226354;8696;8187
2026-09-26T10:28:11;CVL1;site;RIS;rapide;2026-09-29 16:00;BEST_GUESS;OK;222599;1380;223979;8338;7982
2026-09-26T10:28:11;CVL2;site;VITRY;rapide;2026-09-29 16:00;BEST_GUESS;OK;262174;0;262174;10631;10181
2026-09-26T10:28:11;CVL2;site;RIS;rapide;2026-09-29 16:00;BEST_GUESS;OK;258419;1380;259799;10200;9975
2026-09-26T10:28:11;CVL3;site;VITRY;rapide;2026-09-29 16:00;BEST_GUESS;OK;130619;0;130619;5603;5212
2026-09-26T10:28:11;CVL3;site;RIS;rapide;2026-09-29 16:00;BEST_GUESS;OK;126864;1380;128244;5367;5006
2026-09-26T10:28:11;GE1;site;VITRY;rapide;2026-09-29 16:00;BEST_GUESS;OK;185285;0;185285;7387;6915
2026-09-26T10:28:11;GE1;site;RIS;rapide;2026-09-29 16:00;BEST_GUESS;OK;204704;1380;206084;8554;7834
2026-09-26T10:28:11;BFC1;site;VITRY;rapide;2026-09-29 16:00;BEST_GUESS;OK;312203;0;312203;11181;10719
2026-09-26T10:28:11;BFC1;site;RIS;rapide;2026-09-29 16:00;BEST_GUESS;OK;290785;1380;292165;10029;9824
2026-09-26T10:28:11;E_A1;entree;RIS;acces_impose;2026-09-29 16:00;BEST_GUESS;OK;67584;1380;68964;4864;3457
2026-09-26T10:28:11;E_A1;entree;RIS;impose_ouest;2026-09-29 16:00;BEST_GUESS;OK;86345;1380;87725;6085;4305
2026-09-26T10:28:12;E_A4;entree;RIS;acces_impose;2026-09-29 16:00;BEST_GUESS;OK;95907;1380;97287;4428;3915
2026-09-26T10:28:12;E_A4;entree;RIS;impose_est;2026-09-29 16:00;BEST_GUESS;OK;95907;1380;97287;4428;3915
2026-09-26T10:28:12;E_A5;entree;RIS;acces_impose;2026-09-29 16:00;BEST_GUESS;OK;74032;1380;75412;3004;2802
2026-09-26T10:28:12;E_A5;entree;RIS;impose_est;2026-09-29 16:00;BEST_GUESS;OK;74032;1380;75412;3004;2802
2026-09-26T10:28:12;E_A6;entree;RIS;acces_impose;2026-09-29 16:00;BEST_GUESS;OK;72354;1380;73734;2745;2641
2026-09-26T10:28:13;E_A6;entree;RIS;impose_est;2026-09-29 16:00;BEST_GUESS;OK;86270;1380;87650;3571;3292
2026-09-26T10:28:13;E_A10;entree;RIS;acces_impose;2026-09-29 16:00;BEST_GUESS;OK;59203;1380;60583;2687;2411
2026-09-26T10:28:13;E_A10;entree;RIS;impose_ouest;2026-09-29 16:00;BEST_GUESS;OK;59203;1380;60583;2687;2411
2026-09-26T10:28:13;E_A11;entree;RIS;acces_impose;2026-09-29 16:00;BEST_GUESS;OK;58437;1380;59817;2895;2527
2026-09-26T10:28:13;E_A11;entree;RIS;impose_ouest;2026-09-29 16:00;BEST_GUESS;OK;58437;1380;59817;2895;2527
2026-09-26T10:28:14;E_A13;entree;RIS;acces_impose;2026-09-29 16:00;BEST_GUESS;OK;100919;1380;102299;4905;4105
2026-09-26T10:28:14;E_A13;entree;RIS;impose_ouest;2026-09-29 16:00;BEST_GUESS;OK;115696;1380;117076;5449;4740
2026-09-26T10:28:14;E_A16;entree;RIS;acces_impose;2026-09-29 16:00;BEST_GUESS;OK;91380;1380;92760;5386;4341
2026-09-26T10:28:14;E_A16;entree;RIS;impose_ouest;2026-09-29 16:00;BEST_GUESS;OK;106157;1380;107537;5927;4977
2026-09-26T10:28:15;IDF1;site;RIS;acces_impose;2026-09-29 16:00;BEST_GUESS;OK;60653;1380;62033;5156;3740
2026-09-26T10:28:15;IDF1;site;RIS;impose_ouest;2026-09-29 16:00;BEST_GUESS;OK;79415;1380;80795;6359;4588
2026-09-26T10:28:15;IDF2;site;RIS;acces_impose;2026-09-29 16:00;BEST_GUESS;OK;14026;1380;15406;1219;1177
2026-09-26T10:28:15;IDF2;site;RIS;impose_ouest;2026-09-29 16:00;BEST_GUESS;OK;23176;1380;24556;1748;1590
2026-09-26T10:28:15;IDF3;site;RIS;acces_impose;2026-09-29 16:00;BEST_GUESS;OK;92571;1380;93951;5810;4715
2026-09-26T10:28:16;IDF3;site;RIS;impose_ouest;2026-09-29 16:00;BEST_GUESS;OK;107348;1380;108728;6342;5350
2026-09-26T10:28:16;IDF4;site;RIS;acces_impose;2026-09-29 16:00;BEST_GUESS;OK;49937;1380;51317;4724;3308
2026-09-26T10:28:16;IDF4;site;RIS;impose_ouest;2026-09-29 16:00;BEST_GUESS;OK;68699;1380;70079;5920;4155
2026-09-26T10:28:16;IDF5;site;RIS;acces_impose;2026-09-29 16:00;BEST_GUESS;OK;50047;1380;51427;4741;3526
2026-09-26T10:28:16;IDF5;site;RIS;impose_ouest;2026-09-29 16:00;BEST_GUESS;OK;68809;1380;70189;5941;4374
2026-09-26T10:28:16;IDF6;site;RIS;acces_impose;2026-09-29 16:00;BEST_GUESS;OK;59022;1380;60402;4118;3179
2026-09-26T10:28:17;IDF6;site;RIS;impose_ouest;2026-09-29 16:00;BEST_GUESS;OK;73799;1380;75179;4583;3814
2026-09-26T10:28:17;IDF7;site;RIS;acces_impose;2026-09-29 16:00;BEST_GUESS;OK;57906;1380;59286;3912;3058
2026-09-26T10:28:17;IDF7;site;RIS;impose_ouest;2026-09-29 16:00;BEST_GUESS;OK;72682;1380;74062;4375;3693
2026-09-26T10:28:17;IDF8;site;RIS;acces_impose;2026-09-29 16:00;BEST_GUESS;OK;67876;1380;69256;3785;3352
2026-09-26T10:28:17;IDF8;site;RIS;impose_est;2026-09-29 16:00;BEST_GUESS;OK;67876;1380;69256;3785;3352
2026-09-26T10:28:18;IDF9;site;RIS;acces_impose;2026-09-29 16:00;BEST_GUESS;OK;55209;1380;56589;4183;3306
2026-09-26T10:28:18;IDF9;site;RIS;impose_ouest;2026-09-29 16:00;BEST_GUESS;OK;69985;1380;71365;4659;3941
2026-09-26T10:28:18;IDF10;site;RIS;acces_impose;2026-09-29 16:00;BEST_GUESS;OK;53126;1380;54506;4713;3247
2026-09-26T10:28:18;IDF10;site;RIS;impose_ouest;2026-09-29 16:00;BEST_GUESS;OK;71888;1380;73268;5908;4094
2026-09-26T10:28:18;IDF11;site;RIS;acces_impose;2026-09-29 16:00;BEST_GUESS;OK;72285;1380;73665;3666;3233
2026-09-26T10:28:19;IDF11;site;RIS;impose_est;2026-09-29 16:00;BEST_GUESS;OK;72285;1380;73665;3666;3233
2026-09-26T10:28:19;IDF12;site;RIS;acces_impose;2026-09-29 16:00;BEST_GUESS;OK;34869;1380;36249;2735;2106
2026-09-26T10:28:19;IDF12;site;RIS;impose_est;2026-09-29 16:00;BEST_GUESS;OK;32483;1380;33863;2533;2372
2026-09-26T10:28:19;IDF13;site;RIS;acces_impose;2026-09-29 16:00;BEST_GUESS;OK;36001;1380;37381;2071;1960
2026-09-26T10:28:19;IDF13;site;RIS;impose_est;2026-09-29 16:00;BEST_GUESS;OK;36001;1380;37381;2071;1960
2026-09-26T10:28:20;IDF14;site;RIS;acces_impose;2026-09-29 16:00;BEST_GUESS;OK;16078;1380;17458;2039;1912
2026-09-26T10:28:20;IDF14;site;RIS;impose_est;2026-09-29 16:00;BEST_GUESS;OK;33504;1380;34884;2212;2057
2026-09-26T10:28:20;IDF15;site;RIS;acces_impose;2026-09-29 16:00;BEST_GUESS;OK;55151;1380;56531;3478;2819
2026-09-26T10:28:20;IDF15;site;RIS;impose_ouest;2026-09-29 16:00;BEST_GUESS;OK;69927;1380;71307;3950;3454
2026-09-26T10:28:20;HDF1;site;RIS;acces_impose;2026-09-29 16:00;BEST_GUESS;OK;228870;1380;230250;11630;10000
2026-09-26T10:28:21;HDF1;site;RIS;impose_est;2026-09-29 16:00;BEST_GUESS;OK;224950;1380;226330;11067;10145
2026-09-26T10:28:21;HDF2;site;RIS;acces_impose;2026-09-29 16:00;BEST_GUESS;OK;222412;1380;223792;10576;8889
2026-09-26T10:28:21;HDF2;site;RIS;impose_ouest;2026-09-29 16:00;BEST_GUESS;OK;241174;1380;242554;11479;9736
2026-09-26T10:28:21;HDF3;site;RIS;acces_impose;2026-09-29 16:00;BEST_GUESS;OK;270399;1380;271779;12453;11024
2026-09-26T10:28:22;HDF3;site;RIS;impose_ouest;2026-09-29 16:00;BEST_GUESS;OK;289161;1380;290541;13284;11871
2026-09-26T10:28:22;HDF4;site;RIS;acces_impose;2026-09-29 16:00;BEST_GUESS;OK;222410;1380;223790;10673;9013
2026-09-26T10:28:22;HDF4;site;RIS;impose_ouest;2026-09-29 16:00;BEST_GUESS;OK;241172;1380;242552;11559;9861
2026-09-26T10:28:22;HDF5;site;RIS;acces_impose;2026-09-29 16:00;BEST_GUESS;OK;243220;1380;244600;11331;9741
2026-09-26T10:28:23;HDF5;site;RIS;impose_ouest;2026-09-29 16:00;BEST_GUESS;OK;261982;1380;263362;12193;10588
2026-09-26T10:28:23;NOR1;site;RIS;acces_impose;2026-09-29 16:00;BEST_GUESS;OK;218404;1380;219784;9291;8179
2026-09-26T10:28:23;NOR1;site;RIS;impose_ouest;2026-09-29 16:00;BEST_GUESS;OK;233181;1380;234561;9585;8814
2026-09-26T10:28:24;NOR2;site;RIS;acces_impose;2026-09-29 16:00;BEST_GUESS;OK;147795;1380;149175;6804;5767
2026-09-26T10:28:24;NOR2;site;RIS;impose_ouest;2026-09-29 16:00;BEST_GUESS;OK;162572;1380;163952;7267;6402
2026-09-26T10:28:24;NOR3;site;RIS;acces_impose;2026-09-29 16:00;BEST_GUESS;OK;142728;1380;144108;6960;5877
2026-09-26T10:28:24;NOR3;site;RIS;impose_ouest;2026-09-29 16:00;BEST_GUESS;OK;157505;1380;158885;7429;6512
2026-09-26T10:28:25;CVL1;site;RIS;acces_impose;2026-09-29 16:00;BEST_GUESS;OK;222599;1380;223979;8338;7981
2026-09-26T10:28:25;CVL1;site;RIS;impose_ouest;2026-09-29 16:00;BEST_GUESS;OK;222599;1380;223979;8338;7981
2026-09-26T10:28:25;CVL2;site;RIS;acces_impose;2026-09-29 16:00;BEST_GUESS;OK;258419;1380;259799;10200;9975
2026-09-26T10:28:25;CVL2;site;RIS;impose_ouest;2026-09-29 16:00;BEST_GUESS;OK;258419;1380;259799;10200;9975
2026-09-26T10:28:26;CVL3;site;RIS;acces_impose;2026-09-29 16:00;BEST_GUESS;OK;126864;1380;128244;5367;5006
2026-09-26T10:28:26;CVL3;site;RIS;impose_ouest;2026-09-29 16:00;BEST_GUESS;OK;126864;1380;128244;5367;5006
2026-09-26T10:28:26;GE1;site;RIS;acces_impose;2026-09-29 16:00;BEST_GUESS;OK;208102;1380;209482;8528;7779
2026-09-26T10:28:26;GE1;site;RIS;impose_est;2026-09-29 16:00;BEST_GUESS;OK;208102;1380;209482;8528;7779
2026-09-26T10:28:26;BFC1;site;RIS;acces_impose;2026-09-29 16:00;BEST_GUESS;OK;290785;1380;292165;10029;9823
2026-09-26T10:28:27;BFC1;site;RIS;impose_est;2026-09-29 16:00;BEST_GUESS;OK;304701;1380;306081;10952;10474
2026-09-26T10:28:27;E_A1;entree;VITRY;rapide;2026-09-29 17:00;BEST_GUESS;OK;48820;0;48820;3504;2558
2026-09-26T10:28:27;E_A1;entree;RIS;rapide;2026-09-29 17:00;BEST_GUESS;OK;65882;1380;67262;4969;3448
2026-09-26T10:28:27;E_A4;entree;VITRY;rapide;2026-09-29 17:00;BEST_GUESS;OK;73090;0;73090;3418;3052
2026-09-26T10:28:27;E_A4;entree;RIS;rapide;2026-09-29 17:00;BEST_GUESS;OK;92509;1380;93889;4588;3971
2026-09-26T10:28:27;E_A5;entree;VITRY;rapide;2026-09-29 17:00;BEST_GUESS;OK;82488;0;82488;3752;3626
2026-09-26T10:28:27;E_A5;entree;RIS;rapide;2026-09-29 17:00;BEST_GUESS;OK;70634;1380;72014;3104;2857
2026-09-26T10:28:27;E_A6;entree;VITRY;rapide;2026-09-29 17:00;BEST_GUESS;OK;93772;0;93772;4046;3537
2026-09-26T10:28:27;E_A6;entree;RIS;rapide;2026-09-29 17:00;BEST_GUESS;OK;72354;1380;73734;2813;2642
2026-09-26T10:28:27;E_A10;entree;VITRY;rapide;2026-09-29 17:00;BEST_GUESS;OK;62958;0;62958;3105;2617
2026-09-26T10:28:27;E_A10;entree;RIS;rapide;2026-09-29 17:00;BEST_GUESS;OK;59203;1380;60583;2824;2411
2026-09-26T10:28:27;E_A11;entree;VITRY;rapide;2026-09-29 17:00;BEST_GUESS;OK;62192;0;62192;3236;2733
2026-09-26T10:28:27;E_A11;entree;RIS;rapide;2026-09-29 17:00;BEST_GUESS;OK;58437;1380;59817;2981;2528
2026-09-26T10:28:27;E_A13;entree;VITRY;rapide;2026-09-29 17:00;BEST_GUESS;OK;92461;0;92461;4536;3779
2026-09-26T10:28:27;E_A13;entree;RIS;rapide;2026-09-29 17:00;BEST_GUESS;OK;99218;1380;100598;5087;4096
2026-09-26T10:28:27;E_A16;entree;VITRY;rapide;2026-09-29 17:00;BEST_GUESS;OK;69185;0;69185;4556;3564
2026-09-26T10:28:27;E_A16;entree;RIS;rapide;2026-09-29 17:00;BEST_GUESS;OK;89679;1380;91059;5544;4332
2026-09-26T10:28:27;IDF1;site;VITRY;rapide;2026-09-29 17:00;BEST_GUESS;OK;41890;0;41890;3895;2841
2026-09-26T10:28:27;IDF1;site;RIS;rapide;2026-09-29 17:00;BEST_GUESS;OK;58952;1380;60332;5279;3731
2026-09-26T10:28:27;IDF2;site;VITRY;rapide;2026-09-29 17:00;BEST_GUESS;OK;35448;0;35448;2561;2082
2026-09-26T10:28:27;IDF2;site;RIS;rapide;2026-09-29 17:00;BEST_GUESS;OK;14026;1380;15406;1313;1177
2026-09-26T10:28:27;IDF3;site;VITRY;rapide;2026-09-29 17:00;BEST_GUESS;OK;66563;0;66563;4882;3895
2026-09-26T10:28:27;IDF3;site;RIS;rapide;2026-09-29 17:00;BEST_GUESS;OK;90870;1380;92250;5918;4706
2026-09-26T10:28:27;IDF4;site;VITRY;rapide;2026-09-29 17:00;BEST_GUESS;OK;31174;0;31174;3251;2409
2026-09-26T10:28:27;IDF4;site;RIS;rapide;2026-09-29 17:00;BEST_GUESS;OK;48236;1380;49616;4690;3299
2026-09-26T10:28:27;IDF5;site;VITRY;rapide;2026-09-29 17:00;BEST_GUESS;OK;27596;0;27596;3425;2839
2026-09-26T10:28:27;IDF5;site;RIS;rapide;2026-09-29 17:00;BEST_GUESS;OK;48346;1380;49726;4854;3517
2026-09-26T10:28:27;IDF6;site;VITRY;rapide;2026-09-29 17:00;BEST_GUESS;OK;41449;0;41449;3848;2811
2026-09-26T10:28:27;IDF6;site;RIS;rapide;2026-09-29 17:00;BEST_GUESS;OK;57321;1380;58701;4397;3170
2026-09-26T10:28:27;IDF7;site;VITRY;rapide;2026-09-29 17:00;BEST_GUESS;OK;40735;0;40735;3699;2678
2026-09-26T10:28:27;IDF7;site;RIS;rapide;2026-09-29 17:00;BEST_GUESS;OK;56204;1380;57584;4170;3049
2026-09-26T10:28:27;IDF8;site;VITRY;rapide;2026-09-29 17:00;BEST_GUESS;OK;45059;0;45059;2839;2489
2026-09-26T10:28:27;IDF8;site;RIS;rapide;2026-09-29 17:00;BEST_GUESS;OK;64478;1380;65858;4021;3408
2026-09-26T10:28:27;IDF9;site;VITRY;rapide;2026-09-29 17:00;BEST_GUESS;OK;46751;0;46751;3899;2980
2026-09-26T10:28:27;IDF9;site;RIS;rapide;2026-09-29 17:00;BEST_GUESS;OK;53507;1380;54887;4469;3297
2026-09-26T10:28:27;IDF10;site;VITRY;rapide;2026-09-29 17:00;BEST_GUESS;OK;34363;0;34363;3317;2348
2026-09-26T10:28:27;IDF10;site;RIS;rapide;2026-09-29 17:00;BEST_GUESS;OK;51425;1380;52805;4769;3238
2026-09-26T10:28:27;IDF11;site;VITRY;rapide;2026-09-29 17:00;BEST_GUESS;OK;49468;0;49468;2720;2370
2026-09-26T10:28:27;IDF11;site;RIS;rapide;2026-09-29 17:00;BEST_GUESS;OK;68887;1380;70267;3924;3288
2026-09-26T10:28:27;IDF12;site;VITRY;rapide;2026-09-29 17:00;BEST_GUESS;OK;11529;0;11529;1144;1049
2026-09-26T10:28:27;IDF12;site;RIS;rapide;2026-09-29 17:00;BEST_GUESS;OK;14828;1380;16208;2224;1956
2026-09-26T10:28:27;IDF13;site;VITRY;rapide;2026-09-29 17:00;BEST_GUESS;OK;38905;0;38905;2712;2536
2026-09-26T10:28:27;IDF13;site;RIS;rapide;2026-09-29 17:00;BEST_GUESS;OK;32603;1380;33983;2263;2014
2026-09-26T10:28:27;IDF14;site;VITRY;rapide;2026-09-29 17:00;BEST_GUESS;OK;7704;0;7704;1341;1243
2026-09-26T10:28:27;IDF14;site;RIS;rapide;2026-09-29 17:00;BEST_GUESS;OK;10572;1380;11952;1433;1305
2026-09-26T10:28:27;IDF15;site;VITRY;rapide;2026-09-29 17:00;BEST_GUESS;OK;46693;0;46693;3205;2492
2026-09-26T10:28:27;IDF15;site;RIS;rapide;2026-09-29 17:00;BEST_GUESS;OK;53449;1380;54829;3780;2809
2026-09-26T10:28:27;HDF1;site;VITRY;rapide;2026-09-29 17:00;BEST_GUESS;OK;210106;0;210106;9867;9101
2026-09-26T10:28:27;HDF1;site;RIS;rapide;2026-09-29 17:00;BEST_GUESS;OK;227168;1380;228548;10919;9991
2026-09-26T10:28:27;HDF2;site;VITRY;rapide;2026-09-29 17:00;BEST_GUESS;OK;203649;0;203649;8925;7989
2026-09-26T10:28:27;HDF2;site;RIS;rapide;2026-09-29 17:00;BEST_GUESS;OK;220711;1380;222091;10037;8880
2026-09-26T10:28:27;HDF3;site;VITRY;rapide;2026-09-29 17:00;BEST_GUESS;OK;251636;0;251636;10853;10124
2026-09-26T10:28:27;HDF3;site;RIS;rapide;2026-09-29 17:00;BEST_GUESS;OK;268698;1380;270078;11846;11014
2026-09-26T10:28:27;HDF4;site;VITRY;rapide;2026-09-29 17:00;BEST_GUESS;OK;203647;0;203647;9060;8114
2026-09-26T10:28:27;HDF4;site;RIS;rapide;2026-09-29 17:00;BEST_GUESS;OK;220709;1380;222089;10153;9004
2026-09-26T10:28:27;HDF5;site;VITRY;rapide;2026-09-29 17:00;BEST_GUESS;OK;224457;0;224457;9691;8842
2026-09-26T10:28:27;HDF5;site;RIS;rapide;2026-09-29 17:00;BEST_GUESS;OK;241519;1380;242899;10765;9732
2026-09-26T10:28:27;NOR1;site;VITRY;rapide;2026-09-29 17:00;BEST_GUESS;OK;209946;0;209946;8525;7853
2026-09-26T10:28:27;NOR1;site;RIS;rapide;2026-09-29 17:00;BEST_GUESS;OK;216703;1380;218083;8879;8170
2026-09-26T10:28:27;NOR2;site;VITRY;rapide;2026-09-29 17:00;BEST_GUESS;OK;139338;0;139338;6164;5440
2026-09-26T10:28:27;NOR2;site;RIS;rapide;2026-09-29 17:00;BEST_GUESS;OK;146094;1380;147474;6662;5757
2026-09-26T10:28:27;NOR3;site;VITRY;rapide;2026-09-29 17:00;BEST_GUESS;OK;134270;0;134270;6385;5551
2026-09-26T10:28:27;NOR3;site;RIS;rapide;2026-09-29 17:00;BEST_GUESS;OK;141027;1380;142407;6849;5868
2026-09-26T10:28:27;CVL1;site;VITRY;rapide;2026-09-29 17:00;BEST_GUESS;OK;226353;0;226353;8474;8187
2026-09-26T10:28:27;CVL1;site;RIS;rapide;2026-09-29 17:00;BEST_GUESS;OK;222599;1380;223979;8078;7982
2026-09-26T10:28:27;CVL2;site;VITRY;rapide;2026-09-29 17:00;BEST_GUESS;OK;262174;0;262174;10261;10181
2026-09-26T10:28:27;CVL2;site;RIS;rapide;2026-09-29 17:00;BEST_GUESS;OK;258419;1380;259799;9978;9975
2026-09-26T10:28:27;CVL3;site;VITRY;rapide;2026-09-29 17:00;BEST_GUESS;OK;130619;0;130619;5811;5212
2026-09-26T10:28:27;CVL3;site;RIS;rapide;2026-09-29 17:00;BEST_GUESS;OK;126864;1380;128244;5306;5006
2026-09-26T10:28:27;GE1;site;VITRY;rapide;2026-09-29 17:00;BEST_GUESS;OK;185285;0;185285;7185;6915
2026-09-26T10:28:27;GE1;site;RIS;rapide;2026-09-29 17:00;BEST_GUESS;OK;204704;1380;206084;8147;7834
2026-09-26T10:28:27;BFC1;site;VITRY;rapide;2026-09-29 17:00;BEST_GUESS;OK;312203;0;312203;10867;10719
2026-09-26T10:28:27;BFC1;site;RIS;rapide;2026-09-29 17:00;BEST_GUESS;OK;290785;1380;292165;9952;9824
2026-09-26T10:28:27;E_A1;entree;RIS;acces_impose;2026-09-29 17:00;BEST_GUESS;OK;67584;1380;68964;4965;3457
2026-09-26T10:28:27;E_A1;entree;RIS;impose_ouest;2026-09-29 17:00;BEST_GUESS;OK;86345;1380;87725;5978;4305
2026-09-26T10:28:28;E_A4;entree;RIS;acces_impose;2026-09-29 17:00;BEST_GUESS;OK;95907;1380;97287;4578;3915
2026-09-26T10:28:28;E_A4;entree;RIS;impose_est;2026-09-29 17:00;BEST_GUESS;OK;95907;1380;97287;4578;3915
2026-09-26T10:28:28;E_A5;entree;RIS;acces_impose;2026-09-29 17:00;BEST_GUESS;OK;74032;1380;75412;3125;2802
2026-09-26T10:28:28;E_A5;entree;RIS;impose_est;2026-09-29 17:00;BEST_GUESS;OK;74032;1380;75412;3125;2802
2026-09-26T10:28:28;E_A6;entree;RIS;acces_impose;2026-09-29 17:00;BEST_GUESS;OK;72354;1380;73734;2813;2641
2026-09-26T10:28:29;E_A6;entree;RIS;impose_est;2026-09-29 17:00;BEST_GUESS;OK;86270;1380;87650;3835;3292
2026-09-26T10:28:29;E_A10;entree;RIS;acces_impose;2026-09-29 17:00;BEST_GUESS;OK;59203;1380;60583;2824;2411
2026-09-26T10:28:29;E_A10;entree;RIS;impose_ouest;2026-09-29 17:00;BEST_GUESS;OK;59203;1380;60583;2824;2411
2026-09-26T10:28:29;E_A11;entree;RIS;acces_impose;2026-09-29 17:00;BEST_GUESS;OK;58437;1380;59817;2981;2527
2026-09-26T10:28:29;E_A11;entree;RIS;impose_ouest;2026-09-29 17:00;BEST_GUESS;OK;58437;1380;59817;2981;2527
2026-09-26T10:28:30;E_A13;entree;RIS;acces_impose;2026-09-29 17:00;BEST_GUESS;OK;100919;1380;102299;5083;4105
2026-09-26T10:28:30;E_A13;entree;RIS;impose_ouest;2026-09-29 17:00;BEST_GUESS;OK;115696;1380;117076;5491;4740
2026-09-26T10:28:30;E_A16;entree;RIS;acces_impose;2026-09-29 17:00;BEST_GUESS;OK;91380;1380;92760;5543;4341
2026-09-26T10:28:30;E_A16;entree;RIS;impose_ouest;2026-09-29 17:00;BEST_GUESS;OK;106157;1380;107537;5843;4977
2026-09-26T10:28:30;IDF1;site;RIS;acces_impose;2026-09-29 17:00;BEST_GUESS;OK;60653;1380;62033;5280;3740
2026-09-26T10:28:31;IDF1;site;RIS;impose_ouest;2026-09-29 17:00;BEST_GUESS;OK;79415;1380;80795;6295;4588
2026-09-26T10:28:31;IDF2;site;RIS;acces_impose;2026-09-29 17:00;BEST_GUESS;OK;14026;1380;15406;1313;1177
2026-09-26T10:28:31;IDF2;site;RIS;impose_ouest;2026-09-29 17:00;BEST_GUESS;OK;23176;1380;24556;1894;1590
2026-09-26T10:28:31;IDF3;site;RIS;acces_impose;2026-09-29 17:00;BEST_GUESS;OK;92571;1380;93951;5916;4715
2026-09-26T10:28:31;IDF3;site;RIS;impose_ouest;2026-09-29 17:00;BEST_GUESS;OK;107348;1380;108728;6203;5350
2026-09-26T10:28:32;IDF4;site;RIS;acces_impose;2026-09-29 17:00;BEST_GUESS;OK;49937;1380;51317;4686;3308
2026-09-26T10:28:32;IDF4;site;RIS;impose_ouest;2026-09-29 17:00;BEST_GUESS;OK;68699;1380;70079;5719;4155
2026-09-26T10:28:32;IDF5;site;RIS;acces_impose;2026-09-29 17:00;BEST_GUESS;OK;50047;1380;51427;4850;3526
2026-09-26T10:28:32;IDF5;site;RIS;impose_ouest;2026-09-29 17:00;BEST_GUESS;OK;68809;1380;70189;5871;4374
2026-09-26T10:28:32;IDF6;site;RIS;acces_impose;2026-09-29 17:00;BEST_GUESS;OK;59022;1380;60402;4390;3179
2026-09-26T10:28:33;IDF6;site;RIS;impose_ouest;2026-09-29 17:00;BEST_GUESS;OK;73799;1380;75179;4825;3814
2026-09-26T10:28:33;IDF7;site;RIS;acces_impose;2026-09-29 17:00;BEST_GUESS;OK;57906;1380;59286;4161;3058
2026-09-26T10:28:33;IDF7;site;RIS;impose_ouest;2026-09-29 17:00;BEST_GUESS;OK;72682;1380;74062;4627;3693
2026-09-26T10:28:33;IDF8;site;RIS;acces_impose;2026-09-29 17:00;BEST_GUESS;OK;67876;1380;69256;4028;3352
2026-09-26T10:28:33;IDF8;site;RIS;impose_est;2026-09-29 17:00;BEST_GUESS;OK;67876;1380;69256;4028;3352
2026-09-26T10:28:34;IDF9;site;RIS;acces_impose;2026-09-29 17:00;BEST_GUESS;OK;55209;1380;56589;4461;3306
2026-09-26T10:28:34;IDF9;site;RIS;impose_ouest;2026-09-29 17:00;BEST_GUESS;OK;69985;1380;71365;4893;3941
2026-09-26T10:28:34;IDF10;site;RIS;acces_impose;2026-09-29 17:00;BEST_GUESS;OK;53126;1380;54506;4765;3247
2026-09-26T10:28:34;IDF10;site;RIS;impose_ouest;2026-09-29 17:00;BEST_GUESS;OK;71888;1380;73268;5792;4094
2026-09-26T10:28:34;IDF11;site;RIS;acces_impose;2026-09-29 17:00;BEST_GUESS;OK;72285;1380;73665;3937;3233
2026-09-26T10:28:35;IDF11;site;RIS;impose_est;2026-09-29 17:00;BEST_GUESS;OK;72285;1380;73665;3937;3233
2026-09-26T10:28:35;IDF12;site;RIS;acces_impose;2026-09-29 17:00;BEST_GUESS;OK;34869;1380;36249;2921;2106
2026-09-26T10:28:35;IDF12;site;RIS;impose_est;2026-09-29 17:00;BEST_GUESS;OK;32483;1380;33863;2798;2372
2026-09-26T10:28:35;IDF13;site;RIS;acces_impose;2026-09-29 17:00;BEST_GUESS;OK;36001;1380;37381;2312;1960
2026-09-26T10:28:35;IDF13;site;RIS;impose_est;2026-09-29 17:00;BEST_GUESS;OK;36001;1380;37381;2312;1960
2026-09-26T10:28:35;IDF14;site;RIS;acces_impose;2026-09-29 17:00;BEST_GUESS;OK;16078;1380;17458;2148;1912
2026-09-26T10:28:36;IDF14;site;RIS;impose_est;2026-09-29 17:00;BEST_GUESS;OK;33504;1380;34884;2464;2057
2026-09-26T10:28:36;IDF15;site;RIS;acces_impose;2026-09-29 17:00;BEST_GUESS;OK;55151;1380;56531;3773;2819
2026-09-26T10:28:36;IDF15;site;RIS;impose_ouest;2026-09-29 17:00;BEST_GUESS;OK;69927;1380;71307;4264;3454
2026-09-26T10:28:36;HDF1;site;RIS;acces_impose;2026-09-29 17:00;BEST_GUESS;OK;228870;1380;230250;10917;10000
2026-09-26T10:28:36;HDF1;site;RIS;impose_est;2026-09-29 17:00;BEST_GUESS;OK;224950;1380;226330;10468;10145
2026-09-26T10:28:37;HDF2;site;RIS;acces_impose;2026-09-29 17:00;BEST_GUESS;OK;222412;1380;223792;10040;8889
2026-09-26T10:28:38;HDF2;site;RIS;impose_ouest;2026-09-29 17:00;BEST_GUESS;OK;241174;1380;242554;10846;9736
2026-09-26T10:28:38;HDF3;site;RIS;acces_impose;2026-09-29 17:00;BEST_GUESS;OK;270399;1380;271779;11856;11024
2026-09-26T10:28:39;HDF3;site;RIS;impose_ouest;2026-09-29 17:00;BEST_GUESS;OK;289161;1380;290541;12647;11871
2026-09-26T10:28:39;HDF4;site;RIS;acces_impose;2026-09-29 17:00;BEST_GUESS;OK;222410;1380;223790;10156;9013
2026-09-26T10:28:39;HDF4;site;RIS;impose_ouest;2026-09-29 17:00;BEST_GUESS;OK;241172;1380;242552;10960;9861
2026-09-26T10:28:40;HDF5;site;RIS;acces_impose;2026-09-29 17:00;BEST_GUESS;OK;243220;1380;244600;10762;9741
2026-09-26T10:28:40;HDF5;site;RIS;impose_ouest;2026-09-29 17:00;BEST_GUESS;OK;261982;1380;263362;11573;10588
2026-09-26T10:28:40;NOR1;site;RIS;acces_impose;2026-09-29 17:00;BEST_GUESS;OK;218404;1380;219784;8880;8179
2026-09-26T10:28:40;NOR1;site;RIS;impose_ouest;2026-09-29 17:00;BEST_GUESS;OK;233181;1380;234561;9214;8814
2026-09-26T10:28:41;NOR2;site;RIS;acces_impose;2026-09-29 17:00;BEST_GUESS;OK;147795;1380;149175;6658;5767
2026-09-26T10:28:41;NOR2;site;RIS;impose_ouest;2026-09-29 17:00;BEST_GUESS;OK;162572;1380;163952;6978;6402
2026-09-26T10:28:41;NOR3;site;RIS;acces_impose;2026-09-29 17:00;BEST_GUESS;OK;142728;1380;144108;6844;5877
2026-09-26T10:28:42;NOR3;site;RIS;impose_ouest;2026-09-29 17:00;BEST_GUESS;OK;157505;1380;158885;7173;6512
2026-09-26T10:28:42;CVL1;site;RIS;acces_impose;2026-09-29 17:00;BEST_GUESS;OK;222599;1380;223979;8078;7981
2026-09-26T10:28:42;CVL1;site;RIS;impose_ouest;2026-09-29 17:00;BEST_GUESS;OK;222599;1380;223979;8078;7981
2026-09-26T10:28:42;CVL2;site;RIS;acces_impose;2026-09-29 17:00;BEST_GUESS;OK;258419;1380;259799;9978;9975
2026-09-26T10:28:43;CVL2;site;RIS;impose_ouest;2026-09-29 17:00;BEST_GUESS;OK;258419;1380;259799;9978;9975
2026-09-26T10:28:43;CVL3;site;RIS;acces_impose;2026-09-29 17:00;BEST_GUESS;OK;126864;1380;128244;5306;5006
2026-09-26T10:28:43;CVL3;site;RIS;impose_ouest;2026-09-29 17:00;BEST_GUESS;OK;126864;1380;128244;5306;5006
2026-09-26T10:28:43;GE1;site;RIS;acces_impose;2026-09-29 17:00;BEST_GUESS;OK;208102;1380;209482;8094;7779
2026-09-26T10:28:43;GE1;site;RIS;impose_est;2026-09-29 17:00;BEST_GUESS;OK;208102;1380;209482;8094;7779
2026-09-26T10:28:44;BFC1;site;RIS;acces_impose;2026-09-29 17:00;BEST_GUESS;OK;290785;1380;292165;9952;9823
2026-09-26T10:28:44;BFC1;site;RIS;impose_est;2026-09-29 17:00;BEST_GUESS;OK;304701;1380;306081;10630;10474
2026-09-26T10:28:44;E_A1;entree;VITRY;rapide;2026-09-29 18:00;BEST_GUESS;OK;48820;0;48820;3598;2558
2026-09-26T10:28:44;E_A1;entree;RIS;rapide;2026-09-29 18:00;BEST_GUESS;OK;65882;1380;67262;4904;3448
2026-09-26T10:28:44;E_A4;entree;VITRY;rapide;2026-09-29 18:00;BEST_GUESS;OK;73090;0;73090;3321;3052
2026-09-26T10:28:44;E_A4;entree;RIS;rapide;2026-09-29 18:00;BEST_GUESS;OK;92509;1380;93889;4336;3971
2026-09-26T10:28:44;E_A5;entree;VITRY;rapide;2026-09-29 18:00;BEST_GUESS;OK;82488;0;82488;3665;3626
2026-09-26T10:28:44;E_A5;entree;RIS;rapide;2026-09-29 18:00;BEST_GUESS;OK;70634;1380;72014;3024;2857
2026-09-26T10:28:44;E_A6;entree;VITRY;rapide;2026-09-29 18:00;BEST_GUESS;OK;93772;0;93772;3861;3537
2026-09-26T10:28:44;E_A6;entree;RIS;rapide;2026-09-29 18:00;BEST_GUESS;OK;72354;1380;73734;2713;2642
2026-09-26T10:28:44;E_A10;entree;VITRY;rapide;2026-09-29 18:00;BEST_GUESS;OK;62958;0;62958;3027;2617
2026-09-26T10:28:44;E_A10;entree;RIS;rapide;2026-09-29 18:00;BEST_GUESS;OK;59203;1380;60583;2635;2411
2026-09-26T10:28:44;E_A11;entree;VITRY;rapide;2026-09-29 18:00;BEST_GUESS;OK;62192;0;62192;3170;2733
2026-09-26T10:28:44;E_A11;entree;RIS;rapide;2026-09-29 18:00;BEST_GUESS;OK;58437;1380;59817;2759;2528
2026-09-26T10:28:44;E_A13;entree;VITRY;rapide;2026-09-29 18:00;BEST_GUESS;OK;92461;0;92461;4411;3779
2026-09-26T10:28:44;E_A13;entree;RIS;rapide;2026-09-29 18:00;BEST_GUESS;OK;99218;1380;100598;4794;4096
2026-09-26T10:28:44;E_A16;entree;VITRY;rapide;2026-09-29 18:00;BEST_GUESS;OK;69185;0;69185;4513;3564
2026-09-26T10:28:44;E_A16;entree;RIS;rapide;2026-09-29 18:00;BEST_GUESS;OK;89679;1380;91059;5190;4332
2026-09-26T10:28:44;IDF1;site;VITRY;rapide;2026-09-29 18:00;BEST_GUESS;OK;41890;0;41890;3854;2841
2026-09-26T10:28:44;IDF1;site;RIS;rapide;2026-09-29 18:00;BEST_GUESS;OK;58952;1380;60332;5090;3731
2026-09-26T10:28:44;IDF2;site;VITRY;rapide;2026-09-29 18:00;BEST_GUESS;OK;35448;0;35448;2490;2082
2026-09-26T10:28:44;IDF2;site;RIS;rapide;2026-09-29 18:00;BEST_GUESS;OK;14026;1380;15406;1271;1177
2026-09-26T10:28:44;IDF3;site;VITRY;rapide;2026-09-29 18:00;BEST_GUESS;OK;66563;0;66563;4766;3895
2026-09-26T10:28:44;IDF3;site;RIS;rapide;2026-09-29 18:00;BEST_GUESS;OK;90870;1380;92250;5499;4706
2026-09-26T10:28:44;IDF4;site;VITRY;rapide;2026-09-29 18:00;BEST_GUESS;OK;31174;0;31174;3122;2409
2026-09-26T10:28:44;IDF4;site;RIS;rapide;2026-09-29 18:00;BEST_GUESS;OK;48236;1380;49616;4435;3299
2026-09-26T10:28:44;IDF5;site;VITRY;rapide;2026-09-29 18:00;BEST_GUESS;OK;27596;0;27596;3468;2840
2026-09-26T10:28:44;IDF5;site;RIS;rapide;2026-09-29 18:00;BEST_GUESS;OK;48346;1380;49726;4676;3517
2026-09-26T10:28:44;IDF6;site;VITRY;rapide;2026-09-29 18:00;BEST_GUESS;OK;41449;0;41449;3780;2811
2026-09-26T10:28:44;IDF6;site;RIS;rapide;2026-09-29 18:00;BEST_GUESS;OK;57321;1380;58701;4183;3170
2026-09-26T10:28:44;IDF7;site;VITRY;rapide;2026-09-29 18:00;BEST_GUESS;OK;40735;0;40735;3652;2678
2026-09-26T10:28:44;IDF7;site;RIS;rapide;2026-09-29 18:00;BEST_GUESS;OK;56204;1380;57584;3946;3049
2026-09-26T10:28:44;IDF8;site;VITRY;rapide;2026-09-29 18:00;BEST_GUESS;OK;45059;0;45059;2783;2489
2026-09-26T10:28:44;IDF8;site;RIS;rapide;2026-09-29 18:00;BEST_GUESS;OK;64478;1380;65858;3838;3408
2026-09-26T10:28:44;IDF9;site;VITRY;rapide;2026-09-29 18:00;BEST_GUESS;OK;46751;0;46751;3757;2980
2026-09-26T10:28:44;IDF9;site;RIS;rapide;2026-09-29 18:00;BEST_GUESS;OK;53507;1380;54887;4188;3297
2026-09-26T10:28:44;IDF10;site;VITRY;rapide;2026-09-29 18:00;BEST_GUESS;OK;34363;0;34363;3429;2348
2026-09-26T10:28:44;IDF10;site;RIS;rapide;2026-09-29 18:00;BEST_GUESS;OK;51425;1380;52805;4760;3238
2026-09-26T10:28:44;IDF11;site;VITRY;rapide;2026-09-29 18:00;BEST_GUESS;OK;49468;0;49468;2666;2370
2026-09-26T10:28:44;IDF11;site;RIS;rapide;2026-09-29 18:00;BEST_GUESS;OK;68887;1380;70267;3717;3288
2026-09-26T10:28:44;IDF12;site;VITRY;rapide;2026-09-29 18:00;BEST_GUESS;OK;11529;0;11529;1121;1049
2026-09-26T10:28:44;IDF12;site;RIS;rapide;2026-09-29 18:00;BEST_GUESS;OK;14828;1380;16208;2186;1956
2026-09-26T10:28:44;IDF13;site;VITRY;rapide;2026-09-29 18:00;BEST_GUESS;OK;38905;0;38905;2623;2536
2026-09-26T10:28:44;IDF13;site;RIS;rapide;2026-09-29 18:00;BEST_GUESS;OK;32603;1380;33983;2207;2015
2026-09-26T10:28:44;IDF14;site;VITRY;rapide;2026-09-29 18:00;BEST_GUESS;OK;7704;0;7704;1329;1243
2026-09-26T10:28:44;IDF14;site;RIS;rapide;2026-09-29 18:00;BEST_GUESS;OK;10572;1380;11952;1419;1305
2026-09-26T10:28:44;IDF15;site;VITRY;rapide;2026-09-29 18:00;BEST_GUESS;OK;46693;0;46693;3156;2492
2026-09-26T10:28:44;IDF15;site;RIS;rapide;2026-09-29 18:00;BEST_GUESS;OK;53449;1380;54829;3620;2810
2026-09-26T10:28:44;HDF1;site;VITRY;rapide;2026-09-29 18:00;BEST_GUESS;OK;210106;0;210106;9343;9100
2026-09-26T10:28:44;HDF1;site;RIS;rapide;2026-09-29 18:00;BEST_GUESS;OK;227168;1380;228548;10226;9991
2026-09-26T10:28:44;HDF2;site;VITRY;rapide;2026-09-29 18:00;BEST_GUESS;OK;203648;0;203648;8553;7989
2026-09-26T10:28:44;HDF2;site;RIS;rapide;2026-09-29 18:00;BEST_GUESS;OK;220711;1380;222091;9426;8880
2026-09-26T10:28:44;HDF3;site;VITRY;rapide;2026-09-29 18:00;BEST_GUESS;OK;251636;0;251636;10293;10124
2026-09-26T10:28:44;HDF3;site;RIS;rapide;2026-09-29 18:00;BEST_GUESS;OK;268698;1380;270078;11099;11014
2026-09-26T10:28:44;HDF4;site;VITRY;rapide;2026-09-29 18:00;BEST_GUESS;OK;203647;0;203647;8677;8114
2026-09-26T10:28:44;HDF4;site;RIS;rapide;2026-09-29 18:00;BEST_GUESS;OK;220708;1380;222088;9552;9004
2026-09-26T10:28:44;HDF5;site;VITRY;rapide;2026-09-29 18:00;BEST_GUESS;OK;224457;0;224457;9183;8842
2026-09-26T10:28:44;HDF5;site;RIS;rapide;2026-09-29 18:00;BEST_GUESS;OK;241519;1380;242899;10079;9732
2026-09-26T10:28:44;NOR1;site;VITRY;rapide;2026-09-29 18:00;BEST_GUESS;OK;209946;0;209946;7928;7853
2026-09-26T10:28:44;NOR1;site;RIS;rapide;2026-09-29 18:00;BEST_GUESS;OK;216703;1380;218083;8243;8170
2026-09-26T10:28:44;NOR2;site;VITRY;rapide;2026-09-29 18:00;BEST_GUESS;OK;139338;0;139338;5885;5440
2026-09-26T10:28:44;NOR2;site;RIS;rapide;2026-09-29 18:00;BEST_GUESS;OK;146094;1380;147474;6215;5757
2026-09-26T10:28:44;NOR3;site;VITRY;rapide;2026-09-29 18:00;BEST_GUESS;OK;134270;0;134270;6013;5551
2026-09-26T10:28:44;NOR3;site;RIS;rapide;2026-09-29 18:00;BEST_GUESS;OK;141027;1380;142407;6347;5868
2026-09-26T10:28:44;CVL1;site;VITRY;rapide;2026-09-29 18:00;BEST_GUESS;OK;226354;0;226354;8124;8187
2026-09-26T10:28:44;CVL1;site;RIS;rapide;2026-09-29 18:00;BEST_GUESS;OK;222599;1380;223979;7868;7982
2026-09-26T10:28:44;CVL2;site;VITRY;rapide;2026-09-29 18:00;BEST_GUESS;OK;262174;0;262174;10059;10181
2026-09-26T10:28:44;CVL2;site;RIS;rapide;2026-09-29 18:00;BEST_GUESS;OK;258419;1380;259799;9836;9975
2026-09-26T10:28:44;CVL3;site;VITRY;rapide;2026-09-29 18:00;BEST_GUESS;OK;130619;0;130619;5420;5212
2026-09-26T10:28:44;CVL3;site;RIS;rapide;2026-09-29 18:00;BEST_GUESS;OK;126864;1380;128244;5088;5006
2026-09-26T10:28:44;GE1;site;VITRY;rapide;2026-09-29 18:00;BEST_GUESS;OK;185285;0;185285;6985;6915
2026-09-26T10:28:44;GE1;site;RIS;rapide;2026-09-29 18:00;BEST_GUESS;OK;204703;1380;206083;7924;7834
2026-09-26T10:28:44;BFC1;site;VITRY;rapide;2026-09-29 18:00;BEST_GUESS;OK;312203;0;312203;10719;10719
2026-09-26T10:28:44;BFC1;site;RIS;rapide;2026-09-29 18:00;BEST_GUESS;OK;290785;1380;292165;9875;9824
2026-09-26T10:28:45;E_A1;entree;RIS;acces_impose;2026-09-29 18:00;BEST_GUESS;OK;67584;1380;68964;4904;3457
2026-09-26T10:28:45;E_A1;entree;RIS;impose_ouest;2026-09-29 18:00;BEST_GUESS;OK;86345;1380;87725;5746;4305
2026-09-26T10:28:45;E_A4;entree;RIS;acces_impose;2026-09-29 18:00;BEST_GUESS;OK;95907;1380;97287;4295;3915
2026-09-26T10:28:45;E_A4;entree;RIS;impose_est;2026-09-29 18:00;BEST_GUESS;OK;95907;1380;97287;4295;3915
2026-09-26T10:28:46;E_A5;entree;RIS;acces_impose;2026-09-29 18:00;BEST_GUESS;OK;74032;1380;75412;2991;2802
2026-09-26T10:28:46;E_A5;entree;RIS;impose_est;2026-09-29 18:00;BEST_GUESS;OK;74032;1380;75412;2991;2802
2026-09-26T10:28:46;E_A6;entree;RIS;acces_impose;2026-09-29 18:00;BEST_GUESS;OK;72354;1380;73734;2713;2641
2026-09-26T10:28:46;E_A6;entree;RIS;impose_est;2026-09-29 18:00;BEST_GUESS;OK;86270;1380;87650;3663;3292
2026-09-26T10:28:46;E_A10;entree;RIS;acces_impose;2026-09-29 18:00;BEST_GUESS;OK;59203;1380;60583;2635;2411
2026-09-26T10:28:47;E_A10;entree;RIS;impose_ouest;2026-09-29 18:00;BEST_GUESS;OK;59203;1380;60583;2635;2411
2026-09-26T10:28:47;E_A11;entree;RIS;acces_impose;2026-09-29 18:00;BEST_GUESS;OK;58437;1380;59817;2759;2527
2026-09-26T10:28:47;E_A11;entree;RIS;impose_ouest;2026-09-29 18:00;BEST_GUESS;OK;58437;1380;59817;2759;2527
2026-09-26T10:28:47;E_A13;entree;RIS;acces_impose;2026-09-29 18:00;BEST_GUESS;OK;100919;1380;102299;4793;4105
2026-09-26T10:28:47;E_A13;entree;RIS;impose_ouest;2026-09-29 18:00;BEST_GUESS;OK;115696;1380;117076;5128;4740
2026-09-26T10:28:48;E_A16;entree;RIS;acces_impose;2026-09-29 18:00;BEST_GUESS;OK;91380;1380;92760;5195;4341
2026-09-26T10:28:48;E_A16;entree;RIS;impose_ouest;2026-09-29 18:00;BEST_GUESS;OK;106157;1380;107537;5520;4977
2026-09-26T10:28:48;IDF1;site;RIS;acces_impose;2026-09-29 18:00;BEST_GUESS;OK;60653;1380;62033;5089;3740
2026-09-26T10:28:48;IDF1;site;RIS;impose_ouest;2026-09-29 18:00;BEST_GUESS;OK;79415;1380;80795;5928;4588
2026-09-26T10:28:49;IDF2;site;RIS;acces_impose;2026-09-29 18:00;BEST_GUESS;OK;14026;1380;15406;1271;1177
2026-09-26T10:28:49;IDF2;site;RIS;impose_ouest;2026-09-29 18:00;BEST_GUESS;OK;23176;1380;24556;1768;1590
2026-09-26T10:28:49;IDF3;site;RIS;acces_impose;2026-09-29 18:00;BEST_GUESS;OK;92571;1380;93951;5498;4715
2026-09-26T10:28:50;IDF3;site;RIS;impose_ouest;2026-09-29 18:00;BEST_GUESS;OK;107348;1380;108728;5843;5350
2026-09-26T10:28:50;IDF4;site;RIS;acces_impose;2026-09-29 18:00;BEST_GUESS;OK;49937;1380;51317;4436;3308
2026-09-26T10:28:50;IDF4;site;RIS;impose_ouest;2026-09-29 18:00;BEST_GUESS;OK;68699;1380;70079;5284;4155
2026-09-26T10:28:50;IDF5;site;RIS;acces_impose;2026-09-29 18:00;BEST_GUESS;OK;50047;1380;51427;4675;3526
2026-09-26T10:28:50;IDF5;site;RIS;impose_ouest;2026-09-29 18:00;BEST_GUESS;OK;68809;1380;70189;5516;4374
2026-09-26T10:28:51;IDF6;site;RIS;acces_impose;2026-09-29 18:00;BEST_GUESS;OK;59022;1380;60402;4186;3179
2026-09-26T10:28:51;IDF6;site;RIS;impose_ouest;2026-09-29 18:00;BEST_GUESS;OK;73799;1380;75179;4489;3814
2026-09-26T10:28:51;IDF7;site;RIS;acces_impose;2026-09-29 18:00;BEST_GUESS;OK;57906;1380;59286;3947;3058
2026-09-26T10:28:51;IDF7;site;RIS;impose_ouest;2026-09-29 18:00;BEST_GUESS;OK;72682;1380;74062;4270;3693
2026-09-26T10:28:51;IDF8;site;RIS;acces_impose;2026-09-29 18:00;BEST_GUESS;OK;67876;1380;69256;3800;3352
2026-09-26T10:28:52;IDF8;site;RIS;impose_est;2026-09-29 18:00;BEST_GUESS;OK;67876;1380;69256;3800;3352
2026-09-26T10:28:52;IDF9;site;RIS;acces_impose;2026-09-29 18:00;BEST_GUESS;OK;55209;1380;56589;4191;3306
2026-09-26T10:28:52;IDF9;site;RIS;impose_ouest;2026-09-29 18:00;BEST_GUESS;OK;69985;1380;71365;4495;3941
2026-09-26T10:28:52;IDF10;site;RIS;acces_impose;2026-09-29 18:00;BEST_GUESS;OK;53126;1380;54506;4760;3247
2026-09-26T10:28:52;IDF10;site;RIS;impose_ouest;2026-09-29 18:00;BEST_GUESS;OK;71888;1380;73268;5603;4094
2026-09-26T10:28:53;IDF11;site;RIS;acces_impose;2026-09-29 18:00;BEST_GUESS;OK;72285;1380;73665;3680;3233
2026-09-26T10:28:53;IDF11;site;RIS;impose_est;2026-09-29 18:00;BEST_GUESS;OK;72285;1380;73665;3680;3233
2026-09-26T10:28:53;IDF12;site;RIS;acces_impose;2026-09-29 18:00;BEST_GUESS;OK;34869;1380;36249;2846;2106
2026-09-26T10:28:53;IDF12;site;RIS;impose_est;2026-09-29 18:00;BEST_GUESS;OK;32483;1380;33863;2685;2372
2026-09-26T10:28:53;IDF13;site;RIS;acces_impose;2026-09-29 18:00;BEST_GUESS;OK;36001;1380;37381;2197;1960
2026-09-26T10:28:54;IDF13;site;RIS;impose_est;2026-09-29 18:00;BEST_GUESS;OK;36001;1380;37381;2197;1960
2026-09-26T10:28:54;IDF14;site;RIS;acces_impose;2026-09-29 18:00;BEST_GUESS;OK;16078;1380;17458;2086;1912
2026-09-26T10:28:54;IDF14;site;RIS;impose_est;2026-09-29 18:00;BEST_GUESS;OK;33504;1380;34884;2356;2057
2026-09-26T10:28:54;IDF15;site;RIS;acces_impose;2026-09-29 18:00;BEST_GUESS;OK;55151;1380;56531;3619;2819
2026-09-26T10:28:54;IDF15;site;RIS;impose_ouest;2026-09-29 18:00;BEST_GUESS;OK;69927;1380;71307;3919;3454
2026-09-26T10:28:56;HDF1;site;RIS;acces_impose;2026-09-29 18:00;BEST_GUESS;OK;228870;1380;230250;10237;10000
2026-09-26T10:28:56;HDF1;site;RIS;impose_est;2026-09-29 18:00;BEST_GUESS;OK;224950;1380;226330;10151;10145
2026-09-26T10:28:57;HDF2;site;RIS;acces_impose;2026-09-29 18:00;BEST_GUESS;OK;222412;1380;223792;9432;8889
2026-09-26T10:28:57;HDF2;site;RIS;impose_ouest;2026-09-29 18:00;BEST_GUESS;OK;241174;1380;242554;10226;9736
2026-09-26T10:28:57;HDF3;site;RIS;acces_impose;2026-09-29 18:00;BEST_GUESS;OK;270399;1380;271779;11110;11024
2026-09-26T10:28:57;HDF3;site;RIS;impose_ouest;2026-09-29 18:00;BEST_GUESS;OK;289161;1380;290541;11912;11871
2026-09-26T10:28:58;HDF4;site;RIS;acces_impose;2026-09-29 18:00;BEST_GUESS;OK;222410;1380;223790;9555;9013
2026-09-26T10:28:58;HDF4;site;RIS;impose_ouest;2026-09-29 18:00;BEST_GUESS;OK;241172;1380;242552;10352;9861
2026-09-26T10:28:58;HDF5;site;RIS;acces_impose;2026-09-29 18:00;BEST_GUESS;OK;243220;1380;244600;10090;9741
2026-09-26T10:28:59;HDF5;site;RIS;impose_ouest;2026-09-29 18:00;BEST_GUESS;OK;261982;1380;263362;10883;10588
2026-09-26T10:28:59;NOR1;site;RIS;acces_impose;2026-09-29 18:00;BEST_GUESS;OK;218404;1380;219784;8253;8179
2026-09-26T10:28:59;NOR1;site;RIS;impose_ouest;2026-09-29 18:00;BEST_GUESS;OK;233181;1380;234561;8731;8814
2026-09-26T10:28:59;NOR2;site;RIS;acces_impose;2026-09-29 18:00;BEST_GUESS;OK;147795;1380;149175;6217;5767
2026-09-26T10:29:00;NOR2;site;RIS;impose_ouest;2026-09-29 18:00;BEST_GUESS;OK;162572;1380;163952;6544;6402
2026-09-26T10:29:00;NOR3;site;RIS;acces_impose;2026-09-29 18:00;BEST_GUESS;OK;142728;1380;144108;6350;5877
2026-09-26T10:29:00;NOR3;site;RIS;impose_ouest;2026-09-29 18:00;BEST_GUESS;OK;157505;1380;158885;6681;6512
2026-09-26T10:29:01;CVL1;site;RIS;acces_impose;2026-09-29 18:00;BEST_GUESS;OK;222599;1380;223979;7868;7981
2026-09-26T10:29:01;CVL1;site;RIS;impose_ouest;2026-09-29 18:00;BEST_GUESS;OK;222599;1380;223979;7868;7981
2026-09-26T10:29:01;CVL2;site;RIS;acces_impose;2026-09-29 18:00;BEST_GUESS;OK;258419;1380;259799;9836;9975
2026-09-26T10:29:01;CVL2;site;RIS;impose_ouest;2026-09-29 18:00;BEST_GUESS;OK;258419;1380;259799;9836;9975
2026-09-26T10:29:02;CVL3;site;RIS;acces_impose;2026-09-29 18:00;BEST_GUESS;OK;126864;1380;128244;5088;5006
2026-09-26T10:29:02;CVL3;site;RIS;impose_ouest;2026-09-29 18:00;BEST_GUESS;OK;126864;1380;128244;5088;5006
2026-09-26T10:29:02;GE1;site;RIS;acces_impose;2026-09-29 18:00;BEST_GUESS;OK;208102;1380;209482;7841;7779
2026-09-26T10:29:02;GE1;site;RIS;impose_est;2026-09-29 18:00;BEST_GUESS;OK;208102;1380;209482;7841;7779
2026-09-26T10:29:02;BFC1;site;RIS;acces_impose;2026-09-29 18:00;BEST_GUESS;OK;290785;1380;292165;9875;9823
2026-09-26T10:29:03;BFC1;site;RIS;impose_est;2026-09-29 18:00;BEST_GUESS;OK;304701;1380;306081;10492;10474
2026-09-26T10:29:03;E_A1;entree;VITRY;rapide;2026-09-29 19:00;BEST_GUESS;OK;48820;0;48820;3190;2558
2026-09-26T10:29:03;E_A1;entree;RIS;rapide;2026-09-29 19:00;BEST_GUESS;OK;65882;1380;67262;4258;3448
2026-09-26T10:29:03;E_A4;entree;VITRY;rapide;2026-09-29 19:00;BEST_GUESS;OK;73090;0;73090;3131;3052
2026-09-26T10:29:03;E_A4;entree;RIS;rapide;2026-09-29 19:00;BEST_GUESS;OK;92509;1380;93889;4055;3971
2026-09-26T10:29:03;E_A5;entree;VITRY;rapide;2026-09-29 19:00;BEST_GUESS;OK;82488;0;82488;3592;3626
2026-09-26T10:29:03;E_A5;entree;RIS;rapide;2026-09-29 19:00;BEST_GUESS;OK;70634;1380;72014;2898;2857
2026-09-26T10:29:03;E_A6;entree;VITRY;rapide;2026-09-29 19:00;BEST_GUESS;OK;93772;0;93772;3553;3537
2026-09-26T10:29:03;E_A6;entree;RIS;rapide;2026-09-29 19:00;BEST_GUESS;OK;72354;1380;73734;2633;2642
2026-09-26T10:29:03;E_A10;entree;VITRY;rapide;2026-09-29 19:00;BEST_GUESS;OK;62958;0;62958;2704;2617
2026-09-26T10:29:03;E_A10;entree;RIS;rapide;2026-09-29 19:00;BEST_GUESS;OK;59203;1380;60583;2419;2411
2026-09-26T10:29:03;E_A11;entree;VITRY;rapide;2026-09-29 19:00;BEST_GUESS;OK;62192;0;62192;2839;2733
2026-09-26T10:29:03;E_A11;entree;RIS;rapide;2026-09-29 19:00;BEST_GUESS;OK;58437;1380;59817;2555;2528
2026-09-26T10:29:03;E_A13;entree;VITRY;rapide;2026-09-29 19:00;BEST_GUESS;OK;92461;0;92461;3954;3779
2026-09-26T10:29:03;E_A13;entree;RIS;rapide;2026-09-29 19:00;BEST_GUESS;OK;99218;1380;100598;4274;4096
2026-09-26T10:29:03;E_A16;entree;VITRY;rapide;2026-09-29 19:00;BEST_GUESS;OK;69185;0;69185;4070;3564
2026-09-26T10:29:03;E_A16;entree;RIS;rapide;2026-09-29 19:00;BEST_GUESS;OK;89679;1380;91059;4672;4332
2026-09-26T10:29:03;IDF1;site;VITRY;rapide;2026-09-29 19:00;BEST_GUESS;OK;41890;0;41890;3439;2841
2026-09-26T10:29:03;IDF1;site;RIS;rapide;2026-09-29 19:00;BEST_GUESS;OK;58952;1380;60332;4490;3731
2026-09-26T10:29:03;IDF2;site;VITRY;rapide;2026-09-29 19:00;BEST_GUESS;OK;35448;0;35448;2197;2082
2026-09-26T10:29:03;IDF2;site;RIS;rapide;2026-09-29 19:00;BEST_GUESS;OK;14026;1380;15406;1176;1177
2026-09-26T10:29:03;IDF3;site;VITRY;rapide;2026-09-29 19:00;BEST_GUESS;OK;66563;0;66563;4303;3895
2026-09-26T10:29:03;IDF3;site;RIS;rapide;2026-09-29 19:00;BEST_GUESS;OK;90870;1380;92250;5010;4706
2026-09-26T10:29:03;IDF4;site;VITRY;rapide;2026-09-29 19:00;BEST_GUESS;OK;31174;0;31174;2937;2409
2026-09-26T10:29:03;IDF4;site;RIS;rapide;2026-09-29 19:00;BEST_GUESS;OK;48236;1380;49616;3985;3299
2026-09-26T10:29:03;IDF5;site;VITRY;rapide;2026-09-29 19:00;BEST_GUESS;OK;27596;0;27596;3320;2840
2026-09-26T10:29:03;IDF5;site;RIS;rapide;2026-09-29 19:00;BEST_GUESS;OK;48346;1380;49726;4095;3517
2026-09-26T10:29:03;IDF6;site;VITRY;rapide;2026-09-29 19:00;BEST_GUESS;OK;41449;0;41449;3339;2811
2026-09-26T10:29:03;IDF6;site;RIS;rapide;2026-09-29 19:00;BEST_GUESS;OK;57321;1380;58701;3702;3170
2026-09-26T10:29:03;IDF7;site;VITRY;rapide;2026-09-29 19:00;BEST_GUESS;OK;40735;0;40735;3251;2678
2026-09-26T10:29:03;IDF7;site;RIS;rapide;2026-09-29 19:00;BEST_GUESS;OK;56204;1380;57584;3500;3049
2026-09-26T10:29:03;IDF8;site;VITRY;rapide;2026-09-29 19:00;BEST_GUESS;OK;45059;0;45059;2576;2489
2026-09-26T10:29:03;IDF8;site;RIS;rapide;2026-09-29 19:00;BEST_GUESS;OK;64478;1380;65858;3510;3408
2026-09-26T10:29:03;IDF9;site;VITRY;rapide;2026-09-29 19:00;BEST_GUESS;OK;46751;0;46751;3399;2980
2026-09-26T10:29:03;IDF9;site;RIS;rapide;2026-09-29 19:00;BEST_GUESS;OK;53507;1380;54887;3725;3297
2026-09-26T10:29:03;IDF10;site;VITRY;rapide;2026-09-29 19:00;BEST_GUESS;OK;34363;0;34363;3011;2348
2026-09-26T10:29:03;IDF10;site;RIS;rapide;2026-09-29 19:00;BEST_GUESS;OK;51425;1380;52805;4060;3238
2026-09-26T10:29:03;IDF11;site;VITRY;rapide;2026-09-29 19:00;BEST_GUESS;OK;49468;0;49468;2470;2370
2026-09-26T10:29:03;IDF11;site;RIS;rapide;2026-09-29 19:00;BEST_GUESS;OK;68887;1380;70267;3418;3288
2026-09-26T10:29:03;IDF12;site;VITRY;rapide;2026-09-29 19:00;BEST_GUESS;OK;11529;0;11529;1083;1049
2026-09-26T10:29:03;IDF12;site;RIS;rapide;2026-09-29 19:00;BEST_GUESS;OK;14828;1380;16208;2055;1956
2026-09-26T10:29:03;IDF13;site;VITRY;rapide;2026-09-29 19:00;BEST_GUESS;OK;38905;0;38905;2514;2536
2026-09-26T10:29:03;IDF13;site;RIS;rapide;2026-09-29 19:00;BEST_GUESS;OK;32603;1380;33983;2085;2015
2026-09-26T10:29:03;IDF14;site;VITRY;rapide;2026-09-29 19:00;BEST_GUESS;OK;7704;0;7704;1283;1243
2026-09-26T10:29:03;IDF14;site;RIS;rapide;2026-09-29 19:00;BEST_GUESS;OK;10572;1380;11952;1340;1306
2026-09-26T10:29:03;IDF15;site;VITRY;rapide;2026-09-29 19:00;BEST_GUESS;OK;46693;0;46693;2803;2492
2026-09-26T10:29:03;IDF15;site;RIS;rapide;2026-09-29 19:00;BEST_GUESS;OK;53449;1380;54829;3133;2809
2026-09-26T10:29:03;HDF1;site;VITRY;rapide;2026-09-29 19:00;BEST_GUESS;OK;210106;0;210106;8846;9101
2026-09-26T10:29:03;HDF1;site;RIS;rapide;2026-09-29 19:00;BEST_GUESS;OK;227168;1380;228548;9826;9991
2026-09-26T10:29:03;HDF2;site;VITRY;rapide;2026-09-29 19:00;BEST_GUESS;OK;203649;0;203649;7971;7989
2026-09-26T10:29:03;HDF2;site;RIS;rapide;2026-09-29 19:00;BEST_GUESS;OK;220711;1380;222091;8867;8880
2026-09-26T10:29:03;HDF3;site;VITRY;rapide;2026-09-29 19:00;BEST_GUESS;OK;251636;0;251636;10074;10124
2026-09-26T10:29:03;HDF3;site;RIS;rapide;2026-09-29 19:00;BEST_GUESS;OK;268698;1380;270078;11026;11014
2026-09-26T10:29:03;HDF4;site;VITRY;rapide;2026-09-29 19:00;BEST_GUESS;OK;203647;0;203647;8092;8114
2026-09-26T10:29:03;HDF4;site;RIS;rapide;2026-09-29 19:00;BEST_GUESS;OK;220709;1380;222089;9011;9004
2026-09-26T10:29:03;HDF5;site;VITRY;rapide;2026-09-29 19:00;BEST_GUESS;OK;224456;0;224456;8750;8841
2026-09-26T10:29:03;HDF5;site;RIS;rapide;2026-09-29 19:00;BEST_GUESS;OK;241519;1380;242899;9695;9732
2026-09-26T10:29:03;NOR1;site;VITRY;rapide;2026-09-29 19:00;BEST_GUESS;OK;209946;0;209946;7769;7853
2026-09-26T10:29:03;NOR1;site;RIS;rapide;2026-09-29 19:00;BEST_GUESS;OK;216703;1380;218083;8050;8170
2026-09-26T10:29:03;NOR2;site;VITRY;rapide;2026-09-29 19:00;BEST_GUESS;OK;139338;0;139338;5442;5440
2026-09-26T10:29:03;NOR2;site;RIS;rapide;2026-09-29 19:00;BEST_GUESS;OK;146094;1380;147474;5738;5756
2026-09-26T10:29:03;NOR3;site;VITRY;rapide;2026-09-29 19:00;BEST_GUESS;OK;134270;0;134270;5559;5551
2026-09-26T10:29:03;NOR3;site;RIS;rapide;2026-09-29 19:00;BEST_GUESS;OK;141027;1380;142407;5860;5868
2026-09-26T10:29:03;CVL1;site;VITRY;rapide;2026-09-29 19:00;BEST_GUESS;OK;226354;0;226354;8018;8187
2026-09-26T10:29:03;CVL1;site;RIS;rapide;2026-09-29 19:00;BEST_GUESS;OK;222599;1380;223979;7838;7982
2026-09-26T10:29:03;CVL2;site;VITRY;rapide;2026-09-29 19:00;BEST_GUESS;OK;262174;0;262174;10001;10181
2026-09-26T10:29:03;CVL2;site;RIS;rapide;2026-09-29 19:00;BEST_GUESS;OK;258419;1380;259799;9815;9975
2026-09-26T10:29:03;CVL3;site;VITRY;rapide;2026-09-29 19:00;BEST_GUESS;OK;130619;0;130619;5138;5212
2026-09-26T10:29:03;CVL3;site;RIS;rapide;2026-09-29 19:00;BEST_GUESS;OK;126864;1380;128244;4894;5006
2026-09-26T10:29:03;GE1;site;VITRY;rapide;2026-09-29 19:00;BEST_GUESS;OK;185285;0;185285;6868;6915
2026-09-26T10:29:03;GE1;site;RIS;rapide;2026-09-29 19:00;BEST_GUESS;OK;204704;1380;206084;7826;7834
2026-09-26T10:29:03;BFC1;site;VITRY;rapide;2026-09-29 19:00;BEST_GUESS;OK;312203;0;312203;10647;10719
2026-09-26T10:29:03;BFC1;site;RIS;rapide;2026-09-29 19:00;BEST_GUESS;OK;290785;1380;292165;9790;9824
2026-09-26T10:29:04;E_A1;entree;RIS;acces_impose;2026-09-29 19:00;BEST_GUESS;OK;67584;1380;68964;4261;3457
2026-09-26T10:29:04;E_A1;entree;RIS;impose_ouest;2026-09-29 19:00;BEST_GUESS;OK;86345;1380;87725;5063;4305
2026-09-26T10:29:05;E_A4;entree;RIS;acces_impose;2026-09-29 19:00;BEST_GUESS;OK;95907;1380;97287;3966;3915
2026-09-26T10:29:05;E_A4;entree;RIS;impose_est;2026-09-29 19:00;BEST_GUESS;OK;95907;1380;97287;3966;3915
2026-09-26T10:29:05;E_A5;entree;RIS;acces_impose;2026-09-29 19:00;BEST_GUESS;OK;74032;1380;75412;2811;2802
2026-09-26T10:29:05;E_A5;entree;RIS;impose_est;2026-09-29 19:00;BEST_GUESS;OK;74032;1380;75412;2811;2802
2026-09-26T10:29:05;E_A6;entree;RIS;acces_impose;2026-09-29 19:00;BEST_GUESS;OK;72354;1380;73734;2633;2641
2026-09-26T10:29:06;E_A6;entree;RIS;impose_est;2026-09-29 19:00;BEST_GUESS;OK;86270;1380;87650;3316;3292
2026-09-26T10:29:06;E_A10;entree;RIS;acces_impose;2026-09-29 19:00;BEST_GUESS;OK;59203;1380;60583;2419;2411
2026-09-26T10:29:06;E_A10;entree;RIS;impose_ouest;2026-09-29 19:00;BEST_GUESS;OK;59203;1380;60583;2419;2411
2026-09-26T10:29:06;E_A11;entree;RIS;acces_impose;2026-09-29 19:00;BEST_GUESS;OK;58437;1380;59817;2555;2527
2026-09-26T10:29:06;E_A11;entree;RIS;impose_ouest;2026-09-29 19:00;BEST_GUESS;OK;58437;1380;59817;2555;2527
2026-09-26T10:29:06;E_A13;entree;RIS;acces_impose;2026-09-29 19:00;BEST_GUESS;OK;100919;1380;102299;4277;4105
2026-09-26T10:29:07;E_A13;entree;RIS;impose_ouest;2026-09-29 19:00;BEST_GUESS;OK;115696;1380;117076;4746;4740
2026-09-26T10:29:07;E_A16;entree;RIS;acces_impose;2026-09-29 19:00;BEST_GUESS;OK;91380;1380;92760;4681;4341
2026-09-26T10:29:07;E_A16;entree;RIS;impose_ouest;2026-09-29 19:00;BEST_GUESS;OK;106157;1380;107537;5161;4977
2026-09-26T10:29:07;IDF1;site;RIS;acces_impose;2026-09-29 19:00;BEST_GUESS;OK;60653;1380;62033;4499;3740
2026-09-26T10:29:07;IDF1;site;RIS;impose_ouest;2026-09-29 19:00;BEST_GUESS;OK;79415;1380;80795;5293;4588
2026-09-26T10:29:08;IDF2;site;RIS;acces_impose;2026-09-29 19:00;BEST_GUESS;OK;14026;1380;15406;1176;1177
2026-09-26T10:29:08;IDF2;site;RIS;impose_ouest;2026-09-29 19:00;BEST_GUESS;OK;23176;1380;24556;1584;1590
2026-09-26T10:29:08;IDF3;site;RIS;acces_impose;2026-09-29 19:00;BEST_GUESS;OK;92571;1380;93951;5019;4715
2026-09-26T10:29:08;IDF3;site;RIS;impose_ouest;2026-09-29 19:00;BEST_GUESS;OK;107348;1380;108728;5530;5350
2026-09-26T10:29:08;IDF4;site;RIS;acces_impose;2026-09-29 19:00;BEST_GUESS;OK;49937;1380;51317;3983;3308
2026-09-26T10:29:09;IDF4;site;RIS;impose_ouest;2026-09-29 19:00;BEST_GUESS;OK;68699;1380;70079;4789;4155
2026-09-26T10:29:09;IDF5;site;RIS;acces_impose;2026-09-29 19:00;BEST_GUESS;OK;50047;1380;51427;4094;3526
2026-09-26T10:29:09;IDF5;site;RIS;impose_ouest;2026-09-29 19:00;BEST_GUESS;OK;68809;1380;70189;4898;4374
2026-09-26T10:29:09;IDF6;site;RIS;acces_impose;2026-09-29 19:00;BEST_GUESS;OK;59022;1380;60402;3700;3179
2026-09-26T10:29:09;IDF6;site;RIS;impose_ouest;2026-09-29 19:00;BEST_GUESS;OK;73799;1380;75179;4113;3814
2026-09-26T10:29:10;IDF7;site;RIS;acces_impose;2026-09-29 19:00;BEST_GUESS;OK;57906;1380;59286;3498;3058
2026-09-26T10:29:10;IDF7;site;RIS;impose_ouest;2026-09-29 19:00;BEST_GUESS;OK;72682;1380;74062;3900;3693
2026-09-26T10:29:10;IDF8;site;RIS;acces_impose;2026-09-29 19:00;BEST_GUESS;OK;67876;1380;69256;3424;3352
2026-09-26T10:29:10;IDF8;site;RIS;impose_est;2026-09-29 19:00;BEST_GUESS;OK;67876;1380;69256;3424;3352
2026-09-26T10:29:10;IDF9;site;RIS;acces_impose;2026-09-29 19:00;BEST_GUESS;OK;55209;1380;56589;3723;3306
2026-09-26T10:29:11;IDF9;site;RIS;impose_ouest;2026-09-29 19:00;BEST_GUESS;OK;69985;1380;71365;4140;3941
2026-09-26T10:29:11;IDF10;site;RIS;acces_impose;2026-09-29 19:00;BEST_GUESS;OK;53126;1380;54506;4058;3247
2026-09-26T10:29:11;IDF10;site;RIS;impose_ouest;2026-09-29 19:00;BEST_GUESS;OK;71888;1380;73268;4863;4094
2026-09-26T10:29:11;IDF11;site;RIS;acces_impose;2026-09-29 19:00;BEST_GUESS;OK;72285;1380;73665;3330;3233
2026-09-26T10:29:11;IDF11;site;RIS;impose_est;2026-09-29 19:00;BEST_GUESS;OK;72285;1380;73665;3330;3233
2026-09-26T10:29:12;IDF12;site;RIS;acces_impose;2026-09-29 19:00;BEST_GUESS;OK;34869;1380;36249;2425;2106
2026-09-26T10:29:12;IDF12;site;RIS;impose_est;2026-09-29 19:00;BEST_GUESS;OK;32483;1380;33863;2410;2372
2026-09-26T10:29:12;IDF13;site;RIS;acces_impose;2026-09-29 19:00;BEST_GUESS;OK;36001;1380;37381;2012;1960
2026-09-26T10:29:12;IDF13;site;RIS;impose_est;2026-09-29 19:00;BEST_GUESS;OK;36001;1380;37381;2012;1960
2026-09-26T10:29:12;IDF14;site;RIS;acces_impose;2026-09-29 19:00;BEST_GUESS;OK;16078;1380;17458;1953;1912
2026-09-26T10:29:13;IDF14;site;RIS;impose_est;2026-09-29 19:00;BEST_GUESS;OK;33504;1380;34884;2123;2057
2026-09-26T10:29:13;IDF15;site;RIS;acces_impose;2026-09-29 19:00;BEST_GUESS;OK;55151;1380;56531;3136;2819
2026-09-26T10:29:13;IDF15;site;RIS;impose_ouest;2026-09-29 19:00;BEST_GUESS;OK;69927;1380;71307;3489;3454
2026-09-26T10:29:14;HDF1;site;RIS;acces_impose;2026-09-29 19:00;BEST_GUESS;OK;228870;1380;230250;9849;10000
2026-09-26T10:29:14;HDF1;site;RIS;impose_est;2026-09-29 19:00;BEST_GUESS;OK;224950;1380;226330;9852;10145
2026-09-26T10:29:14;HDF2;site;RIS;acces_impose;2026-09-29 19:00;BEST_GUESS;OK;222412;1380;223792;8882;8889
2026-09-26T10:29:14;HDF2;site;RIS;impose_ouest;2026-09-29 19:00;BEST_GUESS;OK;241174;1380;242554;9682;9736
2026-09-26T10:29:15;HDF3;site;RIS;acces_impose;2026-09-29 19:00;BEST_GUESS;OK;270399;1380;271779;11045;11024
2026-09-26T10:29:16;HDF3;site;RIS;impose_ouest;2026-09-29 19:00;BEST_GUESS;OK;289161;1380;290541;11861;11871
2026-09-26T10:29:16;HDF4;site;RIS;acces_impose;2026-09-29 19:00;BEST_GUESS;OK;222410;1380;223790;9026;9013
2026-09-26T10:29:16;HDF4;site;RIS;impose_ouest;2026-09-29 19:00;BEST_GUESS;OK;241172;1380;242552;9828;9861
2026-09-26T10:29:16;HDF5;site;RIS;acces_impose;2026-09-29 19:00;BEST_GUESS;OK;243220;1380;244600;9714;9741
2026-09-26T10:29:17;HDF5;site;RIS;impose_ouest;2026-09-29 19:00;BEST_GUESS;OK;261982;1380;263362;10519;10588
2026-09-26T10:29:17;NOR1;site;RIS;acces_impose;2026-09-29 19:00;BEST_GUESS;OK;218404;1380;219784;8064;8179
2026-09-26T10:29:17;NOR1;site;RIS;impose_ouest;2026-09-29 19:00;BEST_GUESS;OK;233181;1380;234561;8694;8814
2026-09-26T10:29:18;NOR2;site;RIS;acces_impose;2026-09-29 19:00;BEST_GUESS;OK;147795;1380;149175;5744;5767
2026-09-26T10:29:18;NOR2;site;RIS;impose_ouest;2026-09-29 19:00;BEST_GUESS;OK;162572;1380;163952;6302;6402
2026-09-26T10:29:18;NOR3;site;RIS;acces_impose;2026-09-29 19:00;BEST_GUESS;OK;142728;1380;144108;5867;5877
2026-09-26T10:29:18;NOR3;site;RIS;impose_ouest;2026-09-29 19:00;BEST_GUESS;OK;157505;1380;158885;6421;6512
2026-09-26T10:29:19;CVL1;site;RIS;acces_impose;2026-09-29 19:00;BEST_GUESS;OK;222599;1380;223979;7838;7981
2026-09-26T10:29:19;CVL1;site;RIS;impose_ouest;2026-09-29 19:00;BEST_GUESS;OK;222599;1380;223979;7838;7981
2026-09-26T10:29:20;CVL2;site;RIS;acces_impose;2026-09-29 19:00;BEST_GUESS;OK;258419;1380;259799;9815;9975
2026-09-26T10:29:20;CVL2;site;RIS;impose_ouest;2026-09-29 19:00;BEST_GUESS;OK;258419;1380;259799;9815;9975
2026-09-26T10:29:20;CVL3;site;RIS;acces_impose;2026-09-29 19:00;BEST_GUESS;OK;126864;1380;128244;4894;5006
2026-09-26T10:29:20;CVL3;site;RIS;impose_ouest;2026-09-29 19:00;BEST_GUESS;OK;126864;1380;128244;4894;5006
2026-09-26T10:29:21;GE1;site;RIS;acces_impose;2026-09-29 19:00;BEST_GUESS;OK;208102;1380;209482;7752;7779
2026-09-26T10:29:22;GE1;site;RIS;impose_est;2026-09-29 19:00;BEST_GUESS;OK;208102;1380;209482;7752;7779
2026-09-26T10:29:22;BFC1;site;RIS;acces_impose;2026-09-29 19:00;BEST_GUESS;OK;290785;1380;292165;9790;9823
2026-09-26T10:29:22;BFC1;site;RIS;impose_est;2026-09-29 19:00;BEST_GUESS;OK;304701;1380;306081;10407;10474
2026-09-26T10:29:23;E_A1;entree;VITRY;rapide;2026-09-29 20:00;BEST_GUESS;OK;48820;0;48820;2679;2558
2026-09-26T10:29:23;E_A1;entree;RIS;rapide;2026-09-29 20:00;BEST_GUESS;OK;65882;1380;67262;3553;3448
2026-09-26T10:29:23;E_A4;entree;VITRY;rapide;2026-09-29 20:00;BEST_GUESS;OK;73089;0;73089;2982;3052
2026-09-26T10:29:23;E_A4;entree;RIS;rapide;2026-09-29 20:00;BEST_GUESS;OK;92509;1380;93889;3951;3971
2026-09-26T10:29:23;E_A5;entree;VITRY;rapide;2026-09-29 20:00;BEST_GUESS;OK;82488;0;82488;3520;3626
2026-09-26T10:29:23;E_A5;entree;RIS;rapide;2026-09-29 20:00;BEST_GUESS;OK;70634;1380;72014;2840;2857
2026-09-26T10:29:23;E_A6;entree;VITRY;rapide;2026-09-29 20:00;BEST_GUESS;OK;93772;0;93772;3446;3537
2026-09-26T10:29:23;E_A6;entree;RIS;rapide;2026-09-29 20:00;BEST_GUESS;OK;72354;1380;73734;2602;2642
2026-09-26T10:29:23;E_A10;entree;VITRY;rapide;2026-09-29 20:00;BEST_GUESS;OK;62958;0;62958;2578;2617
2026-09-26T10:29:23;E_A10;entree;RIS;rapide;2026-09-29 20:00;BEST_GUESS;OK;59203;1380;60583;2352;2411
2026-09-26T10:29:23;E_A11;entree;VITRY;rapide;2026-09-29 20:00;BEST_GUESS;OK;62192;0;62192;2715;2733
2026-09-26T10:29:23;E_A11;entree;RIS;rapide;2026-09-29 20:00;BEST_GUESS;OK;58437;1380;59817;2492;2528
2026-09-26T10:29:23;E_A13;entree;VITRY;rapide;2026-09-29 20:00;BEST_GUESS;OK;92461;0;92461;3737;3779
2026-09-26T10:29:23;E_A13;entree;RIS;rapide;2026-09-29 20:00;BEST_GUESS;OK;99218;1380;100598;4022;4096
2026-09-26T10:29:23;E_A16;entree;VITRY;rapide;2026-09-29 20:00;BEST_GUESS;OK;69185;0;69185;3536;3564
2026-09-26T10:29:23;E_A16;entree;RIS;rapide;2026-09-29 20:00;BEST_GUESS;OK;89679;1380;91059;4282;4332
2026-09-26T10:29:23;IDF1;site;VITRY;rapide;2026-09-29 20:00;BEST_GUESS;OK;41890;0;41890;2936;2841
2026-09-26T10:29:23;IDF1;site;RIS;rapide;2026-09-29 20:00;BEST_GUESS;OK;58952;1380;60332;3774;3731
2026-09-26T10:29:23;IDF2;site;VITRY;rapide;2026-09-29 20:00;BEST_GUESS;OK;35448;0;35448;2051;2082
2026-09-26T10:29:23;IDF2;site;RIS;rapide;2026-09-29 20:00;BEST_GUESS;OK;14026;1380;15406;1161;1177
2026-09-26T10:29:23;IDF3;site;VITRY;rapide;2026-09-29 20:00;BEST_GUESS;OK;66563;0;66563;3817;3895
2026-09-26T10:29:23;IDF3;site;RIS;rapide;2026-09-29 20:00;BEST_GUESS;OK;90870;1380;92250;4645;4706
2026-09-26T10:29:23;IDF4;site;VITRY;rapide;2026-09-29 20:00;BEST_GUESS;OK;31174;0;31174;2465;2409
2026-09-26T10:29:23;IDF4;site;RIS;rapide;2026-09-29 20:00;BEST_GUESS;OK;48236;1380;49616;3341;3299
2026-09-26T10:29:23;IDF5;site;VITRY;rapide;2026-09-29 20:00;BEST_GUESS;OK;27596;0;27596;2862;2840
2026-09-26T10:29:23;IDF5;site;RIS;rapide;2026-09-29 20:00;BEST_GUESS;OK;48346;1380;49726;3527;3517
2026-09-26T10:29:23;IDF6;site;VITRY;rapide;2026-09-29 20:00;BEST_GUESS;OK;41449;0;41449;2831;2811
2026-09-26T10:29:23;IDF6;site;RIS;rapide;2026-09-29 20:00;BEST_GUESS;OK;57321;1380;58701;3246;3170
2026-09-26T10:29:23;IDF7;site;VITRY;rapide;2026-09-29 20:00;BEST_GUESS;OK;40735;0;40735;2696;2678
2026-09-26T10:29:23;IDF7;site;RIS;rapide;2026-09-29 20:00;BEST_GUESS;OK;56204;1380;57584;3083;3049
2026-09-26T10:29:23;IDF8;site;VITRY;rapide;2026-09-29 20:00;BEST_GUESS;OK;45059;0;45059;2368;2489
2026-09-26T10:29:23;IDF8;site;RIS;rapide;2026-09-29 20:00;BEST_GUESS;OK;64478;1380;65858;3344;3408
2026-09-26T10:29:23;IDF9;site;VITRY;rapide;2026-09-29 20:00;BEST_GUESS;OK;46751;0;46751;3043;2980
2026-09-26T10:29:23;IDF9;site;RIS;rapide;2026-09-29 20:00;BEST_GUESS;OK;53507;1380;54887;3332;3297
2026-09-26T10:29:23;IDF10;site;VITRY;rapide;2026-09-29 20:00;BEST_GUESS;OK;34363;0;34363;2478;2348
2026-09-26T10:29:23;IDF10;site;RIS;rapide;2026-09-29 20:00;BEST_GUESS;OK;51425;1380;52805;3350;3238
2026-09-26T10:29:23;IDF11;site;VITRY;rapide;2026-09-29 20:00;BEST_GUESS;OK;49468;0;49468;2282;2370
2026-09-26T10:29:23;IDF11;site;RIS;rapide;2026-09-29 20:00;BEST_GUESS;OK;68887;1380;70267;3255;3288
2026-09-26T10:29:23;IDF12;site;VITRY;rapide;2026-09-29 20:00;BEST_GUESS;OK;11529;0;11529;1022;1049
2026-09-26T10:29:23;IDF12;site;RIS;rapide;2026-09-29 20:00;BEST_GUESS;OK;14828;1380;16208;1922;1956
2026-09-26T10:29:23;IDF13;site;VITRY;rapide;2026-09-29 20:00;BEST_GUESS;OK;38905;0;38905;2430;2536
2026-09-26T10:29:23;IDF13;site;RIS;rapide;2026-09-29 20:00;BEST_GUESS;OK;32603;1380;33983;1975;2015
2026-09-26T10:29:23;IDF14;site;VITRY;rapide;2026-09-29 20:00;BEST_GUESS;OK;7703;0;7703;1228;1243
2026-09-26T10:29:23;IDF14;site;RIS;rapide;2026-09-29 20:00;BEST_GUESS;OK;10572;1380;11952;1302;1305
2026-09-26T10:29:23;IDF15;site;VITRY;rapide;2026-09-29 20:00;BEST_GUESS;OK;46693;0;46693;2421;2492
2026-09-26T10:29:23;IDF15;site;RIS;rapide;2026-09-29 20:00;BEST_GUESS;OK;53449;1380;54829;2714;2809
2026-09-26T10:29:23;HDF1;site;VITRY;rapide;2026-09-29 20:00;BEST_GUESS;OK;210106;0;210106;8792;9101
2026-09-26T10:29:23;HDF1;site;RIS;rapide;2026-09-29 20:00;BEST_GUESS;OK;227168;1380;228548;9805;9991
2026-09-26T10:29:23;HDF2;site;VITRY;rapide;2026-09-29 20:00;BEST_GUESS;OK;203649;0;203649;7909;7989
2026-09-26T10:29:23;HDF2;site;RIS;rapide;2026-09-29 20:00;BEST_GUESS;OK;220711;1380;222091;8907;8880
2026-09-26T10:29:23;HDF3;site;VITRY;rapide;2026-09-29 20:00;BEST_GUESS;OK;251636;0;251636;9948;10124
2026-09-26T10:29:23;HDF3;site;RIS;rapide;2026-09-29 20:00;BEST_GUESS;OK;268698;1380;270078;10959;11014
2026-09-26T10:29:23;HDF4;site;VITRY;rapide;2026-09-29 20:00;BEST_GUESS;OK;203647;0;203647;8101;8114
2026-09-26T10:29:23;HDF4;site;RIS;rapide;2026-09-29 20:00;BEST_GUESS;OK;220709;1380;222089;9100;9004
2026-09-26T10:29:23;HDF5;site;VITRY;rapide;2026-09-29 20:00;BEST_GUESS;OK;224457;0;224457;8735;8842
2026-09-26T10:29:23;HDF5;site;RIS;rapide;2026-09-29 20:00;BEST_GUESS;OK;241519;1380;242899;9750;9732
2026-09-26T10:29:23;NOR1;site;VITRY;rapide;2026-09-29 20:00;BEST_GUESS;OK;209946;0;209946;7691;7853
2026-09-26T10:29:23;NOR1;site;RIS;rapide;2026-09-29 20:00;BEST_GUESS;OK;216703;1380;218083;7954;8170
2026-09-26T10:29:23;NOR2;site;VITRY;rapide;2026-09-29 20:00;BEST_GUESS;OK;139338;0;139338;5309;5440
2026-09-26T10:29:23;NOR2;site;RIS;rapide;2026-09-29 20:00;BEST_GUESS;OK;146094;1380;147474;5590;5757
2026-09-26T10:29:23;NOR3;site;VITRY;rapide;2026-09-29 20:00;BEST_GUESS;OK;134270;0;134270;5387;5551
2026-09-26T10:29:23;NOR3;site;RIS;rapide;2026-09-29 20:00;BEST_GUESS;OK;141027;1380;142407;5669;5868
2026-09-26T10:29:23;CVL1;site;VITRY;rapide;2026-09-29 20:00;BEST_GUESS;OK;226354;0;226354;8156;8187
2026-09-26T10:29:23;CVL1;site;RIS;rapide;2026-09-29 20:00;BEST_GUESS;OK;222599;1380;223979;7959;7982
2026-09-26T10:29:23;CVL2;site;VITRY;rapide;2026-09-29 20:00;BEST_GUESS;OK;262174;0;262174;9985;10181
2026-09-26T10:29:23;CVL2;site;RIS;rapide;2026-09-29 20:00;BEST_GUESS;OK;258419;1380;259799;9779;9975
2026-09-26T10:29:23;CVL3;site;VITRY;rapide;2026-09-29 20:00;BEST_GUESS;OK;130618;0;130618;5064;5212
2026-09-26T10:29:23;CVL3;site;RIS;rapide;2026-09-29 20:00;BEST_GUESS;OK;126864;1380;128244;4897;5006
2026-09-26T10:29:23;GE1;site;VITRY;rapide;2026-09-29 20:00;BEST_GUESS;OK;185285;0;185285;6814;6915
2026-09-26T10:29:23;GE1;site;RIS;rapide;2026-09-29 20:00;BEST_GUESS;OK;204704;1380;206084;7667;7834
2026-09-26T10:29:23;BFC1;site;VITRY;rapide;2026-09-29 20:00;BEST_GUESS;OK;312203;0;312203;10821;10719
2026-09-26T10:29:23;BFC1;site;RIS;rapide;2026-09-29 20:00;BEST_GUESS;OK;290784;1380;292164;9941;9823
2026-09-26T10:29:23;E_A1;entree;RIS;acces_impose;2026-09-29 20:00;BEST_GUESS;OK;67584;1380;68964;3563;3457
2026-09-26T10:29:23;E_A1;entree;RIS;impose_ouest;2026-09-29 20:00;BEST_GUESS;OK;86345;1380;87725;4360;4305
2026-09-26T10:29:23;E_A4;entree;RIS;acces_impose;2026-09-29 20:00;BEST_GUESS;OK;95907;1380;97287;3874;3915
2026-09-26T10:29:24;E_A4;entree;RIS;impose_est;2026-09-29 20:00;BEST_GUESS;OK;95907;1380;97287;3874;3915
2026-09-26T10:29:24;E_A5;entree;RIS;acces_impose;2026-09-29 20:00;BEST_GUESS;OK;74032;1380;75412;2762;2802
2026-09-26T10:29:24;E_A5;entree;RIS;impose_est;2026-09-29 20:00;BEST_GUESS;OK;74032;1380;75412;2762;2802
2026-09-26T10:29:24;E_A6;entree;RIS;acces_impose;2026-09-29 20:00;BEST_GUESS;OK;72354;1380;73734;2602;2641
2026-09-26T10:29:25;E_A6;entree;RIS;impose_est;2026-09-29 20:00;BEST_GUESS;OK;86270;1380;87650;3221;3292
2026-09-26T10:29:25;E_A10;entree;RIS;acces_impose;2026-09-29 20:00;BEST_GUESS;OK;59203;1380;60583;2352;2411
2026-09-26T10:29:25;E_A10;entree;RIS;impose_ouest;2026-09-29 20:00;BEST_GUESS;OK;59203;1380;60583;2352;2411
2026-09-26T10:29:25;E_A11;entree;RIS;acces_impose;2026-09-29 20:00;BEST_GUESS;OK;58437;1380;59817;2492;2527
2026-09-26T10:29:25;E_A11;entree;RIS;impose_ouest;2026-09-29 20:00;BEST_GUESS;OK;58437;1380;59817;2492;2527
2026-09-26T10:29:25;E_A13;entree;RIS;acces_impose;2026-09-29 20:00;BEST_GUESS;OK;100919;1380;102299;4032;4105
2026-09-26T10:29:26;E_A13;entree;RIS;impose_ouest;2026-09-29 20:00;BEST_GUESS;OK;115696;1380;117076;4658;4740
2026-09-26T10:29:26;E_A16;entree;RIS;acces_impose;2026-09-29 20:00;BEST_GUESS;OK;91380;1380;92760;4294;4341
2026-09-26T10:29:26;E_A16;entree;RIS;impose_ouest;2026-09-29 20:00;BEST_GUESS;OK;106157;1380;107537;4927;4977
2026-09-26T10:29:26;IDF1;site;RIS;acces_impose;2026-09-29 20:00;BEST_GUESS;OK;60653;1380;62033;3784;3740
2026-09-26T10:29:27;IDF1;site;RIS;impose_ouest;2026-09-29 20:00;BEST_GUESS;OK;79415;1380;80795;4583;4588
2026-09-26T10:29:27;IDF2;site;RIS;acces_impose;2026-09-29 20:00;BEST_GUESS;OK;14026;1380;15406;1161;1177
2026-09-26T10:29:27;IDF2;site;RIS;impose_ouest;2026-09-29 20:00;BEST_GUESS;OK;23176;1380;24556;1552;1590
2026-09-26T10:29:28;IDF3;site;RIS;acces_impose;2026-09-29 20:00;BEST_GUESS;OK;92571;1380;93951;4659;4715
2026-09-26T10:29:29;IDF3;site;RIS;impose_ouest;2026-09-29 20:00;BEST_GUESS;OK;107348;1380;108728;5289;5350
2026-09-26T10:29:29;IDF4;site;RIS;acces_impose;2026-09-29 20:00;BEST_GUESS;OK;49937;1380;51317;3351;3308
2026-09-26T10:29:29;IDF4;site;RIS;impose_ouest;2026-09-29 20:00;BEST_GUESS;OK;68699;1380;70079;4146;4155
2026-09-26T10:29:29;IDF5;site;RIS;acces_impose;2026-09-29 20:00;BEST_GUESS;OK;50047;1380;51427;3536;3526
2026-09-26T10:29:29;IDF5;site;RIS;impose_ouest;2026-09-29 20:00;BEST_GUESS;OK;68809;1380;70189;4334;4374
2026-09-26T10:29:30;IDF6;site;RIS;acces_impose;2026-09-29 20:00;BEST_GUESS;OK;59022;1380;60402;3253;3179
2026-09-26T10:29:30;IDF6;site;RIS;impose_ouest;2026-09-29 20:00;BEST_GUESS;OK;73799;1380;75179;3843;3814
2026-09-26T10:29:30;IDF7;site;RIS;acces_impose;2026-09-29 20:00;BEST_GUESS;OK;57906;1380;59286;3094;3058
2026-09-26T10:29:30;IDF7;site;RIS;impose_ouest;2026-09-29 20:00;BEST_GUESS;OK;72682;1380;74062;3677;3693
2026-09-26T10:29:30;IDF8;site;RIS;acces_impose;2026-09-29 20:00;BEST_GUESS;OK;67876;1380;69256;3268;3352
2026-09-26T10:29:30;IDF8;site;RIS;impose_est;2026-09-29 20:00;BEST_GUESS;OK;67876;1380;69256;3268;3352
2026-09-26T10:29:31;IDF9;site;RIS;acces_impose;2026-09-29 20:00;BEST_GUESS;OK;55209;1380;56589;3342;3306
2026-09-26T10:29:31;IDF9;site;RIS;impose_ouest;2026-09-29 20:00;BEST_GUESS;OK;69985;1380;71365;3942;3941
2026-09-26T10:29:31;IDF10;site;RIS;acces_impose;2026-09-29 20:00;BEST_GUESS;OK;53126;1380;54506;3360;3247
2026-09-26T10:29:32;IDF10;site;RIS;impose_ouest;2026-09-29 20:00;BEST_GUESS;OK;71888;1380;73268;4155;4094
2026-09-26T10:29:32;IDF11;site;RIS;acces_impose;2026-09-29 20:00;BEST_GUESS;OK;72285;1380;73665;3179;3233
2026-09-26T10:29:32;IDF11;site;RIS;impose_est;2026-09-29 20:00;BEST_GUESS;OK;72285;1380;73665;3179;3233
2026-09-26T10:29:32;IDF12;site;RIS;acces_impose;2026-09-29 20:00;BEST_GUESS;OK;34869;1380;36249;2092;2106
2026-09-26T10:29:32;IDF12;site;RIS;impose_est;2026-09-29 20:00;BEST_GUESS;OK;32483;1380;33863;2332;2372
2026-09-26T10:29:33;IDF13;site;RIS;acces_impose;2026-09-29 20:00;BEST_GUESS;OK;36001;1380;37381;1895;1960
2026-09-26T10:29:33;IDF13;site;RIS;impose_est;2026-09-29 20:00;BEST_GUESS;OK;36001;1380;37381;1895;1960
2026-09-26T10:29:33;IDF14;site;RIS;acces_impose;2026-09-29 20:00;BEST_GUESS;OK;16078;1380;17458;1889;1912
2026-09-26T10:29:33;IDF14;site;RIS;impose_est;2026-09-29 20:00;BEST_GUESS;OK;33504;1380;34884;2009;2057
2026-09-26T10:29:33;IDF15;site;RIS;acces_impose;2026-09-29 20:00;BEST_GUESS;OK;55151;1380;56531;2725;2819
2026-09-26T10:29:34;IDF15;site;RIS;impose_ouest;2026-09-29 20:00;BEST_GUESS;OK;69927;1380;71307;3298;3454
2026-09-26T10:29:34;HDF1;site;RIS;acces_impose;2026-09-29 20:00;BEST_GUESS;OK;228870;1380;230250;9826;10000
2026-09-26T10:29:34;HDF1;site;RIS;impose_est;2026-09-29 20:00;BEST_GUESS;OK;224950;1380;226330;9875;10145
2026-09-26T10:29:34;HDF2;site;RIS;acces_impose;2026-09-29 20:00;BEST_GUESS;OK;222412;1380;223792;8925;8889
2026-09-26T10:29:35;HDF2;site;RIS;impose_ouest;2026-09-29 20:00;BEST_GUESS;OK;241174;1380;242554;9753;9736
2026-09-26T10:29:35;HDF3;site;RIS;acces_impose;2026-09-29 20:00;BEST_GUESS;OK;270399;1380;271779;10975;11024
2026-09-26T10:29:35;HDF3;site;RIS;impose_ouest;2026-09-29 20:00;BEST_GUESS;OK;289161;1380;290541;11802;11871
2026-09-26T10:29:35;HDF4;site;RIS;acces_impose;2026-09-29 20:00;BEST_GUESS;OK;222410;1380;223790;9117;9013
2026-09-26T10:29:36;HDF4;site;RIS;impose_ouest;2026-09-29 20:00;BEST_GUESS;OK;241172;1380;242552;9944;9861
2026-09-26T10:29:36;HDF5;site;RIS;acces_impose;2026-09-29 20:00;BEST_GUESS;OK;243220;1380;244600;9770;9741
2026-09-26T10:29:36;HDF5;site;RIS;impose_ouest;2026-09-29 20:00;BEST_GUESS;OK;261982;1380;263362;10589;10588
2026-09-26T10:29:36;NOR1;site;RIS;acces_impose;2026-09-29 20:00;BEST_GUESS;OK;218404;1380;219784;7971;8179
2026-09-26T10:29:37;NOR1;site;RIS;impose_ouest;2026-09-29 20:00;BEST_GUESS;OK;233181;1380;234561;8623;8814
2026-09-26T10:29:37;NOR2;site;RIS;acces_impose;2026-09-29 20:00;BEST_GUESS;OK;147795;1380;149175;5605;5767
2026-09-26T10:29:38;NOR2;site;RIS;impose_ouest;2026-09-29 20:00;BEST_GUESS;OK;162572;1380;163952;6235;6402
2026-09-26T10:29:38;NOR3;site;RIS;acces_impose;2026-09-29 20:00;BEST_GUESS;OK;142728;1380;144108;5684;5877
2026-09-26T10:29:38;NOR3;site;RIS;impose_ouest;2026-09-29 20:00;BEST_GUESS;OK;157505;1380;158885;6313;6512
2026-09-26T10:29:39;CVL1;site;RIS;acces_impose;2026-09-29 20:00;BEST_GUESS;OK;222599;1380;223979;7959;7981
2026-09-26T10:29:39;CVL1;site;RIS;impose_ouest;2026-09-29 20:00;BEST_GUESS;OK;222599;1380;223979;7959;7981
2026-09-26T10:29:39;CVL2;site;RIS;acces_impose;2026-09-29 20:00;BEST_GUESS;OK;258419;1380;259799;9779;9975
2026-09-26T10:29:39;CVL2;site;RIS;impose_ouest;2026-09-29 20:00;BEST_GUESS;OK;258419;1380;259799;9779;9975
2026-09-26T10:29:39;CVL3;site;RIS;acces_impose;2026-09-29 20:00;BEST_GUESS;OK;126864;1380;128244;4897;5006
2026-09-26T10:29:40;CVL3;site;RIS;impose_ouest;2026-09-29 20:00;BEST_GUESS;OK;126864;1380;128244;4897;5006
2026-09-26T10:29:40;GE1;site;RIS;acces_impose;2026-09-29 20:00;BEST_GUESS;OK;208102;1380;209482;7590;7779
2026-09-26T10:29:40;GE1;site;RIS;impose_est;2026-09-29 20:00;BEST_GUESS;OK;208102;1380;209482;7590;7779
2026-09-26T10:29:40;BFC1;site;RIS;acces_impose;2026-09-29 20:00;BEST_GUESS;OK;290785;1380;292165;9941;9823
2026-09-26T10:29:41;BFC1;site;RIS;impose_est;2026-09-29 20:00;BEST_GUESS;OK;304701;1380;306081;10570;10474
2026-09-26T10:29:41;E_A1;entree;VITRY;rapide;2026-09-30 08:00;BEST_GUESS;OK;48820;0;48820;3808;2558
2026-09-26T10:29:41;E_A1;entree;RIS;rapide;2026-09-30 08:00;BEST_GUESS;OK;65882;1380;67262;4685;3448
2026-09-26T10:29:41;E_A4;entree;VITRY;rapide;2026-09-30 08:00;BEST_GUESS;OK;73090;0;73090;4162;3052
2026-09-26T10:29:41;E_A4;entree;RIS;rapide;2026-09-30 08:00;BEST_GUESS;OK;92509;1380;93889;4414;3970
2026-09-26T10:29:41;E_A5;entree;VITRY;rapide;2026-09-30 08:00;BEST_GUESS;OK;82488;0;82488;4088;3626
2026-09-26T10:29:41;E_A5;entree;RIS;rapide;2026-09-30 08:00;BEST_GUESS;OK;70634;1380;72014;3086;2857
2026-09-26T10:29:41;E_A6;entree;VITRY;rapide;2026-09-30 08:00;BEST_GUESS;OK;93772;0;93772;4314;3537
2026-09-26T10:29:41;E_A6;entree;RIS;rapide;2026-09-30 08:00;BEST_GUESS;OK;72354;1380;73734;2842;2642
2026-09-26T10:29:41;E_A10;entree;VITRY;rapide;2026-09-30 08:00;BEST_GUESS;OK;62958;0;62958;3220;2616
2026-09-26T10:29:41;E_A10;entree;RIS;rapide;2026-09-30 08:00;BEST_GUESS;OK;59203;1380;60583;2606;2411
2026-09-26T10:29:41;E_A11;entree;VITRY;rapide;2026-09-30 08:00;BEST_GUESS;OK;62192;0;62192;3308;2733
2026-09-26T10:29:41;E_A11;entree;RIS;rapide;2026-09-30 08:00;BEST_GUESS;OK;58437;1380;59817;2726;2528
2026-09-26T10:29:41;E_A13;entree;VITRY;rapide;2026-09-30 08:00;BEST_GUESS;OK;92461;0;92461;4612;3779
2026-09-26T10:29:41;E_A13;entree;RIS;rapide;2026-09-30 08:00;BEST_GUESS;OK;99218;1380;100598;4794;4096
2026-09-26T10:29:41;E_A16;entree;VITRY;rapide;2026-09-30 08:00;BEST_GUESS;OK;69185;0;69185;5029;3564
2026-09-26T10:29:41;E_A16;entree;RIS;rapide;2026-09-30 08:00;BEST_GUESS;OK;89679;1380;91059;6008;4332
2026-09-26T10:29:41;IDF1;site;VITRY;rapide;2026-09-30 08:00;BEST_GUESS;OK;41890;0;41890;4106;2841
2026-09-26T10:29:41;IDF1;site;RIS;rapide;2026-09-30 08:00;BEST_GUESS;OK;58952;1380;60332;4973;3731
2026-09-26T10:29:41;IDF2;site;VITRY;rapide;2026-09-30 08:00;BEST_GUESS;OK;35448;0;35448;2831;2082
2026-09-26T10:29:41;IDF2;site;RIS;rapide;2026-09-30 08:00;BEST_GUESS;OK;14026;1380;15406;1234;1177
2026-09-26T10:29:41;IDF3;site;VITRY;rapide;2026-09-30 08:00;BEST_GUESS;OK;66563;0;66563;5184;3895
2026-09-26T10:29:41;IDF3;site;RIS;rapide;2026-09-30 08:00;BEST_GUESS;OK;90870;1380;92250;6210;4706
2026-09-26T10:29:41;IDF4;site;VITRY;rapide;2026-09-30 08:00;BEST_GUESS;OK;31174;0;31174;3285;2409
2026-09-26T10:29:41;IDF4;site;RIS;rapide;2026-09-30 08:00;BEST_GUESS;OK;48236;1380;49616;4128;3299
2026-09-26T10:29:41;IDF5;site;VITRY;rapide;2026-09-30 08:00;BEST_GUESS;OK;27596;0;27596;3864;2840
2026-09-26T10:29:41;IDF5;site;RIS;rapide;2026-09-30 08:00;BEST_GUESS;OK;48346;1380;49726;4668;3517
2026-09-26T10:29:41;IDF6;site;VITRY;rapide;2026-09-30 08:00;BEST_GUESS;OK;41449;0;41449;3838;2811
2026-09-26T10:29:41;IDF6;site;RIS;rapide;2026-09-30 08:00;BEST_GUESS;OK;57321;1380;58701;4160;3170
2026-09-26T10:29:41;IDF7;site;VITRY;rapide;2026-09-30 08:00;BEST_GUESS;OK;40735;0;40735;3705;2678
2026-09-26T10:29:41;IDF7;site;RIS;rapide;2026-09-30 08:00;BEST_GUESS;OK;56204;1380;57584;3942;3049
2026-09-26T10:29:41;IDF8;site;VITRY;rapide;2026-09-30 08:00;BEST_GUESS;OK;45059;0;45059;3660;2489
2026-09-26T10:29:41;IDF8;site;RIS;rapide;2026-09-30 08:00;BEST_GUESS;OK;64478;1380;65858;3898;3408
2026-09-26T10:29:41;IDF9;site;VITRY;rapide;2026-09-30 08:00;BEST_GUESS;OK;46751;0;46751;3880;2980
2026-09-26T10:29:41;IDF9;site;RIS;rapide;2026-09-30 08:00;BEST_GUESS;OK;53507;1380;54887;4059;3297
2026-09-26T10:29:41;IDF10;site;VITRY;rapide;2026-09-30 08:00;BEST_GUESS;OK;34363;0;34363;3611;2348
2026-09-26T10:29:41;IDF10;site;RIS;rapide;2026-09-30 08:00;BEST_GUESS;OK;51425;1380;52805;4514;3238
2026-09-26T10:29:41;IDF11;site;VITRY;rapide;2026-09-30 08:00;BEST_GUESS;OK;49468;0;49468;3505;2370
2026-09-26T10:29:41;IDF11;site;RIS;rapide;2026-09-30 08:00;BEST_GUESS;OK;68887;1380;70267;3736;3288
2026-09-26T10:29:41;IDF12;site;VITRY;rapide;2026-09-30 08:00;BEST_GUESS;OK;11528;0;11528;1297;1049
2026-09-26T10:29:41;IDF12;site;RIS;rapide;2026-09-30 08:00;BEST_GUESS;OK;14828;1380;16208;2103;1956
2026-09-26T10:29:41;IDF13;site;VITRY;rapide;2026-09-30 08:00;BEST_GUESS;OK;38905;0;38905;3110;2536
2026-09-26T10:29:41;IDF13;site;RIS;rapide;2026-09-30 08:00;BEST_GUESS;OK;32603;1380;33983;2222;2015
2026-09-26T10:29:41;IDF14;site;VITRY;rapide;2026-09-30 08:00;BEST_GUESS;OK;7704;0;7704;1363;1243
2026-09-26T10:29:41;IDF14;site;RIS;rapide;2026-09-30 08:00;BEST_GUESS;OK;10572;1380;11952;1376;1306
2026-09-26T10:29:41;IDF15;site;VITRY;rapide;2026-09-30 08:00;BEST_GUESS;OK;46693;0;46693;3314;2492
2026-09-26T10:29:41;IDF15;site;RIS;rapide;2026-09-30 08:00;BEST_GUESS;OK;53449;1380;54829;3485;2809
2026-09-26T10:29:41;HDF1;site;VITRY;rapide;2026-09-30 08:00;BEST_GUESS;OK;210106;0;210106;9873;9101
2026-09-26T10:29:41;HDF1;site;RIS;rapide;2026-09-30 08:00;BEST_GUESS;OK;227168;1380;228548;11058;9991
2026-09-26T10:29:41;HDF2;site;VITRY;rapide;2026-09-30 08:00;BEST_GUESS;OK;203649;0;203649;8858;7989
2026-09-26T10:29:41;HDF2;site;RIS;rapide;2026-09-30 08:00;BEST_GUESS;OK;220711;1380;222091;9938;8880
2026-09-26T10:29:41;HDF3;site;VITRY;rapide;2026-09-30 08:00;BEST_GUESS;OK;251636;0;251636;10712;10124
2026-09-26T10:29:41;HDF3;site;RIS;rapide;2026-09-30 08:00;BEST_GUESS;OK;268698;1380;270078;11961;11014
2026-09-26T10:29:41;HDF4;site;VITRY;rapide;2026-09-30 08:00;BEST_GUESS;OK;203647;0;203647;8895;8114
2026-09-26T10:29:41;HDF4;site;RIS;rapide;2026-09-30 08:00;BEST_GUESS;OK;220709;1380;222089;9982;9004
2026-09-26T10:29:41;HDF5;site;VITRY;rapide;2026-09-30 08:00;BEST_GUESS;OK;224457;0;224457;9543;8842
2026-09-26T10:29:41;HDF5;site;RIS;rapide;2026-09-30 08:00;BEST_GUESS;OK;241519;1380;242899;10675;9732
2026-09-26T10:29:41;NOR1;site;VITRY;rapide;2026-09-30 08:00;BEST_GUESS;OK;209946;0;209946;8095;7853
2026-09-26T10:29:41;NOR1;site;RIS;rapide;2026-09-30 08:00;BEST_GUESS;OK;216703;1380;218083;8357;8170
2026-09-26T10:29:41;NOR2;site;VITRY;rapide;2026-09-30 08:00;BEST_GUESS;OK;139338;0;139338;6027;5440
2026-09-26T10:29:41;NOR2;site;RIS;rapide;2026-09-30 08:00;BEST_GUESS;OK;146094;1380;147474;6225;5757
2026-09-26T10:29:41;NOR3;site;VITRY;rapide;2026-09-30 08:00;BEST_GUESS;OK;134270;0;134270;6183;5551
2026-09-26T10:29:41;NOR3;site;RIS;rapide;2026-09-30 08:00;BEST_GUESS;OK;141027;1380;142407;6395;5868
2026-09-26T10:29:41;CVL1;site;VITRY;rapide;2026-09-30 08:00;BEST_GUESS;OK;226354;0;226354;8534;8187
2026-09-26T10:29:41;CVL1;site;RIS;rapide;2026-09-30 08:00;BEST_GUESS;OK;222599;1380;223979;8117;7982
2026-09-26T10:29:41;CVL2;site;VITRY;rapide;2026-09-30 08:00;BEST_GUESS;OK;262174;0;262174;10575;10181
2026-09-26T10:29:41;CVL2;site;RIS;rapide;2026-09-30 08:00;BEST_GUESS;OK;258419;1380;259799;10156;9975
2026-09-26T10:29:41;CVL3;site;VITRY;rapide;2026-09-30 08:00;BEST_GUESS;OK;130618;0;130618;5708;5212
2026-09-26T10:29:41;CVL3;site;RIS;rapide;2026-09-30 08:00;BEST_GUESS;OK;126864;1380;128244;5170;5006
2026-09-26T10:29:41;GE1;site;VITRY;rapide;2026-09-30 08:00;BEST_GUESS;OK;185285;0;185285;7625;6915
2026-09-26T10:29:41;GE1;site;RIS;rapide;2026-09-30 08:00;BEST_GUESS;OK;204704;1380;206084;8219;7834
2026-09-26T10:29:41;BFC1;site;VITRY;rapide;2026-09-30 08:00;BEST_GUESS;OK;312203;0;312203;11164;10719
2026-09-26T10:29:41;BFC1;site;RIS;rapide;2026-09-30 08:00;BEST_GUESS;OK;290785;1380;292165;10072;9824
2026-09-26T10:29:42;E_A1;entree;RIS;acces_impose;2026-09-30 08:00;BEST_GUESS;OK;67584;1380;68964;4691;3457
2026-09-26T10:29:42;E_A1;entree;RIS;impose_ouest;2026-09-30 08:00;BEST_GUESS;OK;86345;1380;87725;5626;4305
2026-09-26T10:29:42;E_A4;entree;RIS;acces_impose;2026-09-30 08:00;BEST_GUESS;OK;95907;1380;97287;4457;3915
2026-09-26T10:29:42;E_A4;entree;RIS;impose_est;2026-09-30 08:00;BEST_GUESS;OK;95907;1380;97287;4457;3915
2026-09-26T10:29:43;E_A5;entree;RIS;acces_impose;2026-09-30 08:00;BEST_GUESS;OK;74032;1380;75412;3167;2802
2026-09-26T10:29:43;E_A5;entree;RIS;impose_est;2026-09-30 08:00;BEST_GUESS;OK;74032;1380;75412;3167;2802
2026-09-26T10:29:43;E_A6;entree;RIS;acces_impose;2026-09-30 08:00;BEST_GUESS;OK;72354;1380;73734;2842;2641
2026-09-26T10:29:43;E_A6;entree;RIS;impose_est;2026-09-30 08:00;BEST_GUESS;OK;86270;1380;87650;3622;3292
2026-09-26T10:29:43;E_A10;entree;RIS;acces_impose;2026-09-30 08:00;BEST_GUESS;OK;59203;1380;60583;2606;2411
2026-09-26T10:29:44;E_A10;entree;RIS;impose_ouest;2026-09-30 08:00;BEST_GUESS;OK;59203;1380;60583;2606;2411
2026-09-26T10:29:44;E_A11;entree;RIS;acces_impose;2026-09-30 08:00;BEST_GUESS;OK;58437;1380;59817;2726;2527
2026-09-26T10:29:44;E_A11;entree;RIS;impose_ouest;2026-09-30 08:00;BEST_GUESS;OK;58437;1380;59817;2726;2527
2026-09-26T10:29:44;E_A13;entree;RIS;acces_impose;2026-09-30 08:00;BEST_GUESS;OK;100919;1380;102299;4800;4105
2026-09-26T10:29:44;E_A13;entree;RIS;impose_ouest;2026-09-30 08:00;BEST_GUESS;OK;115696;1380;117076;5348;4740
2026-09-26T10:29:45;E_A16;entree;RIS;acces_impose;2026-09-30 08:00;BEST_GUESS;OK;91380;1380;92760;6024;4341
2026-09-26T10:29:45;E_A16;entree;RIS;impose_ouest;2026-09-30 08:00;BEST_GUESS;OK;106157;1380;107537;6559;4977
2026-09-26T10:29:45;IDF1;site;RIS;acces_impose;2026-09-30 08:00;BEST_GUESS;OK;60653;1380;62033;4979;3740
2026-09-26T10:29:45;IDF1;site;RIS;impose_ouest;2026-09-30 08:00;BEST_GUESS;OK;79415;1380;80795;5904;4588
2026-09-26T10:29:45;IDF2;site;RIS;acces_impose;2026-09-30 08:00;BEST_GUESS;OK;14026;1380;15406;1234;1177
2026-09-26T10:29:46;IDF2;site;RIS;impose_ouest;2026-09-30 08:00;BEST_GUESS;OK;23176;1380;24556;1724;1590
2026-09-26T10:29:46;IDF3;site;RIS;acces_impose;2026-09-30 08:00;BEST_GUESS;OK;92571;1380;93951;6225;4715
2026-09-26T10:29:46;IDF3;site;RIS;impose_ouest;2026-09-30 08:00;BEST_GUESS;OK;107348;1380;108728;6784;5350
2026-09-26T10:29:46;IDF4;site;RIS;acces_impose;2026-09-30 08:00;BEST_GUESS;OK;49937;1380;51317;4134;3308
2026-09-26T10:29:46;IDF4;site;RIS;impose_ouest;2026-09-30 08:00;BEST_GUESS;OK;68699;1380;70079;5099;4155
2026-09-26T10:29:48;IDF5;site;RIS;acces_impose;2026-09-30 08:00;BEST_GUESS;OK;50047;1380;51427;4674;3526
2026-09-26T10:29:48;IDF5;site;RIS;impose_ouest;2026-09-30 08:00;BEST_GUESS;OK;68809;1380;70189;5610;4374
2026-09-26T10:29:48;IDF6;site;RIS;acces_impose;2026-09-30 08:00;BEST_GUESS;OK;59022;1380;60402;4168;3179
2026-09-26T10:29:48;IDF6;site;RIS;impose_ouest;2026-09-30 08:00;BEST_GUESS;OK;73799;1380;75179;4742;3814
2026-09-26T10:29:48;IDF7;site;RIS;acces_impose;2026-09-30 08:00;BEST_GUESS;OK;57906;1380;59286;3949;3058
2026-09-26T10:29:49;IDF7;site;RIS;impose_ouest;2026-09-30 08:00;BEST_GUESS;OK;72682;1380;74062;4554;3693
2026-09-26T10:29:49;IDF8;site;RIS;acces_impose;2026-09-30 08:00;BEST_GUESS;OK;67876;1380;69256;3943;3352
2026-09-26T10:29:50;IDF8;site;RIS;impose_est;2026-09-30 08:00;BEST_GUESS;OK;67876;1380;69256;3943;3352
2026-09-26T10:29:50;IDF9;site;RIS;acces_impose;2026-09-30 08:00;BEST_GUESS;OK;55209;1380;56589;4065;3306
2026-09-26T10:29:50;IDF9;site;RIS;impose_ouest;2026-09-30 08:00;BEST_GUESS;OK;69985;1380;71365;4664;3941
2026-09-26T10:29:50;IDF10;site;RIS;acces_impose;2026-09-30 08:00;BEST_GUESS;OK;53126;1380;54506;4520;3247
2026-09-26T10:29:50;IDF10;site;RIS;impose_ouest;2026-09-30 08:00;BEST_GUESS;OK;71888;1380;73268;5466;4094
2026-09-26T10:29:51;IDF11;site;RIS;acces_impose;2026-09-30 08:00;BEST_GUESS;OK;72285;1380;73665;3780;3233
2026-09-26T10:29:51;IDF11;site;RIS;impose_est;2026-09-30 08:00;BEST_GUESS;OK;72285;1380;73665;3780;3233
2026-09-26T10:29:51;IDF12;site;RIS;acces_impose;2026-09-30 08:00;BEST_GUESS;OK;34869;1380;36249;2697;2106
2026-09-26T10:29:51;IDF12;site;RIS;impose_est;2026-09-30 08:00;BEST_GUESS;OK;32483;1380;33863;2623;2372
2026-09-26T10:29:51;IDF13;site;RIS;acces_impose;2026-09-30 08:00;BEST_GUESS;OK;36001;1380;37381;2281;1960
2026-09-26T10:29:52;IDF13;site;RIS;impose_est;2026-09-30 08:00;BEST_GUESS;OK;36001;1380;37381;2281;1960
2026-09-26T10:29:52;IDF14;site;RIS;acces_impose;2026-09-30 08:00;BEST_GUESS;OK;16078;1380;17458;1994;1912
2026-09-26T10:29:52;IDF14;site;RIS;impose_est;2026-09-30 08:00;BEST_GUESS;OK;33504;1380;34884;2290;2057
2026-09-26T10:29:52;IDF15;site;RIS;acces_impose;2026-09-30 08:00;BEST_GUESS;OK;55151;1380;56531;3491;2819
2026-09-26T10:29:52;IDF15;site;RIS;impose_ouest;2026-09-30 08:00;BEST_GUESS;OK;69927;1380;71307;4122;3454
2026-09-26T10:29:52;HDF1;site;RIS;acces_impose;2026-09-30 08:00;BEST_GUESS;OK;228870;1380;230250;11067;10000
2026-09-26T10:29:53;HDF1;site;RIS;impose_est;2026-09-30 08:00;BEST_GUESS;OK;224950;1380;226330;10804;10145
2026-09-26T10:29:53;HDF2;site;RIS;acces_impose;2026-09-30 08:00;BEST_GUESS;OK;222412;1380;223792;9944;8889
2026-09-26T10:29:53;HDF2;site;RIS;impose_ouest;2026-09-30 08:00;BEST_GUESS;OK;241174;1380;242554;10823;9736
2026-09-26T10:29:54;HDF3;site;RIS;acces_impose;2026-09-30 08:00;BEST_GUESS;OK;270399;1380;271779;11975;11024
2026-09-26T10:29:54;HDF3;site;RIS;impose_ouest;2026-09-30 08:00;BEST_GUESS;OK;289161;1380;290541;12847;11871
2026-09-26T10:29:54;HDF4;site;RIS;acces_impose;2026-09-30 08:00;BEST_GUESS;OK;222410;1380;223790;9988;9013
2026-09-26T10:29:55;HDF4;site;RIS;impose_ouest;2026-09-30 08:00;BEST_GUESS;OK;241172;1380;242552;10867;9861
2026-09-26T10:29:55;HDF5;site;RIS;acces_impose;2026-09-30 08:00;BEST_GUESS;OK;243220;1380;244600;10681;9741
2026-09-26T10:29:55;HDF5;site;RIS;impose_ouest;2026-09-30 08:00;BEST_GUESS;OK;261982;1380;263362;11555;10588
2026-09-26T10:29:55;NOR1;site;RIS;acces_impose;2026-09-30 08:00;BEST_GUESS;OK;218404;1380;219784;8365;8179
2026-09-26T10:29:56;NOR1;site;RIS;impose_ouest;2026-09-30 08:00;BEST_GUESS;OK;233181;1380;234561;8947;8814
2026-09-26T10:29:56;NOR2;site;RIS;acces_impose;2026-09-30 08:00;BEST_GUESS;OK;147795;1380;149175;6241;5767
2026-09-26T10:29:56;NOR2;site;RIS;impose_ouest;2026-09-30 08:00;BEST_GUESS;OK;162572;1380;163952;6800;6402
2026-09-26T10:29:56;NOR3;site;RIS;acces_impose;2026-09-30 08:00;BEST_GUESS;OK;142728;1380;144108;6409;5877
2026-09-26T10:29:57;NOR3;site;RIS;impose_ouest;2026-09-30 08:00;BEST_GUESS;OK;157505;1380;158885;6968;6512
2026-09-26T10:29:57;CVL1;site;RIS;acces_impose;2026-09-30 08:00;BEST_GUESS;OK;222599;1380;223979;8117;7981
2026-09-26T10:29:57;CVL1;site;RIS;impose_ouest;2026-09-30 08:00;BEST_GUESS;OK;222599;1380;223979;8117;7981
2026-09-26T10:29:57;CVL2;site;RIS;acces_impose;2026-09-30 08:00;BEST_GUESS;OK;258419;1380;259799;10156;9975
2026-09-26T10:29:58;CVL2;site;RIS;impose_ouest;2026-09-30 08:00;BEST_GUESS;OK;258419;1380;259799;10156;9975
2026-09-26T10:29:58;CVL3;site;RIS;acces_impose;2026-09-30 08:00;BEST_GUESS;OK;126864;1380;128244;5170;5006
2026-09-26T10:29:58;CVL3;site;RIS;impose_ouest;2026-09-30 08:00;BEST_GUESS;OK;126864;1380;128244;5170;5006
2026-09-26T10:29:58;GE1;site;RIS;acces_impose;2026-09-30 08:00;BEST_GUESS;OK;208102;1380;209482;8201;7779
2026-09-26T10:29:58;GE1;site;RIS;impose_est;2026-09-30 08:00;BEST_GUESS;OK;208102;1380;209482;8201;7779
2026-09-26T10:29:59;BFC1;site;RIS;acces_impose;2026-09-30 08:00;BEST_GUESS;OK;290785;1380;292165;10072;9823
2026-09-26T10:29:59;BFC1;site;RIS;impose_est;2026-09-30 08:00;BEST_GUESS;OK;304701;1380;306081;10760;10474
2026-09-26T10:29:59;E_A1;entree;VITRY;rapide;2026-09-30 09:00;BEST_GUESS;OK;48820;0;48820;3487;2558
2026-09-26T10:29:59;E_A1;entree;RIS;rapide;2026-09-30 09:00;BEST_GUESS;OK;65882;1380;67262;4579;3448
2026-09-26T10:29:59;E_A4;entree;VITRY;rapide;2026-09-30 09:00;BEST_GUESS;OK;73090;0;73090;3708;3052
2026-09-26T10:29:59;E_A4;entree;RIS;rapide;2026-09-30 09:00;BEST_GUESS;OK;92509;1380;93889;4274;3971
2026-09-26T10:29:59;E_A5;entree;VITRY;rapide;2026-09-30 09:00;BEST_GUESS;OK;82488;0;82488;3850;3626
2026-09-26T10:29:59;E_A5;entree;RIS;rapide;2026-09-30 09:00;BEST_GUESS;OK;70634;1380;72014;2990;2857
2026-09-26T10:29:59;E_A6;entree;VITRY;rapide;2026-09-30 09:00;BEST_GUESS;OK;93772;0;93772;3876;3537
2026-09-26T10:29:59;E_A6;entree;RIS;rapide;2026-09-30 09:00;BEST_GUESS;OK;72354;1380;73734;2705;2642
2026-09-26T10:29:59;E_A10;entree;VITRY;rapide;2026-09-30 09:00;BEST_GUESS;OK;62958;0;62958;2970;2617
2026-09-26T10:29:59;E_A10;entree;RIS;rapide;2026-09-30 09:00;BEST_GUESS;OK;59203;1380;60583;2444;2411
2026-09-26T10:29:59;E_A11;entree;VITRY;rapide;2026-09-30 09:00;BEST_GUESS;OK;62192;0;62192;3101;2733
2026-09-26T10:29:59;E_A11;entree;RIS;rapide;2026-09-30 09:00;BEST_GUESS;OK;58437;1380;59817;2573;2528
2026-09-26T10:29:59;E_A13;entree;VITRY;rapide;2026-09-30 09:00;BEST_GUESS;OK;92461;0;92461;4102;3778
2026-09-26T10:29:59;E_A13;entree;RIS;rapide;2026-09-30 09:00;BEST_GUESS;OK;99218;1380;100598;4356;4096
2026-09-26T10:29:59;E_A16;entree;VITRY;rapide;2026-09-30 09:00;BEST_GUESS;OK;69185;0;69185;4695;3564
2026-09-26T10:29:59;E_A16;entree;RIS;rapide;2026-09-30 09:00;BEST_GUESS;OK;89679;1380;91059;5461;4332
2026-09-26T10:29:59;IDF1;site;VITRY;rapide;2026-09-30 09:00;BEST_GUESS;OK;41890;0;41890;3764;2841
2026-09-26T10:29:59;IDF1;site;RIS;rapide;2026-09-30 09:00;BEST_GUESS;OK;58952;1380;60332;4886;3731
2026-09-26T10:29:59;IDF2;site;VITRY;rapide;2026-09-30 09:00;BEST_GUESS;OK;35448;0;35448;2564;2082
2026-09-26T10:29:59;IDF2;site;RIS;rapide;2026-09-30 09:00;BEST_GUESS;OK;14026;1380;15406;1219;1177
2026-09-26T10:29:59;IDF3;site;VITRY;rapide;2026-09-30 09:00;BEST_GUESS;OK;66563;0;66563;4841;3895
2026-09-26T10:29:59;IDF3;site;RIS;rapide;2026-09-30 09:00;BEST_GUESS;OK;90870;1380;92250;5674;4706
2026-09-26T10:29:59;IDF4;site;VITRY;rapide;2026-09-30 09:00;BEST_GUESS;OK;31174;0;31174;3085;2409
2026-09-26T10:29:59;IDF4;site;RIS;rapide;2026-09-30 09:00;BEST_GUESS;OK;48236;1380;49616;4165;3299
2026-09-26T10:29:59;IDF5;site;VITRY;rapide;2026-09-30 09:00;BEST_GUESS;OK;27596;0;27596;3672;2840
2026-09-26T10:29:59;IDF5;site;RIS;rapide;2026-09-30 09:00;BEST_GUESS;OK;48346;1380;49726;4424;3517
2026-09-26T10:29:59;IDF6;site;VITRY;rapide;2026-09-30 09:00;BEST_GUESS;OK;41449;0;41449;3583;2811
2026-09-26T10:29:59;IDF6;site;RIS;rapide;2026-09-30 09:00;BEST_GUESS;OK;57321;1380;58701;3997;3170
2026-09-26T10:29:59;IDF7;site;VITRY;rapide;2026-09-30 09:00;BEST_GUESS;OK;40735;0;40735;3443;2678
2026-09-26T10:29:59;IDF7;site;RIS;rapide;2026-09-30 09:00;BEST_GUESS;OK;56204;1380;57584;3785;3049
2026-09-26T10:29:59;IDF8;site;VITRY;rapide;2026-09-30 09:00;BEST_GUESS;OK;45059;0;45059;3241;2489
2026-09-26T10:29:59;IDF8;site;RIS;rapide;2026-09-30 09:00;BEST_GUESS;OK;64478;1380;65858;3722;3408
2026-09-26T10:29:59;IDF9;site;VITRY;rapide;2026-09-30 09:00;BEST_GUESS;OK;46751;0;46751;3619;2980
2026-09-26T10:29:59;IDF9;site;RIS;rapide;2026-09-30 09:00;BEST_GUESS;OK;53507;1380;54887;3854;3297
2026-09-26T10:29:59;IDF10;site;VITRY;rapide;2026-09-30 09:00;BEST_GUESS;OK;34363;0;34363;3286;2348
2026-09-26T10:29:59;IDF10;site;RIS;rapide;2026-09-30 09:00;BEST_GUESS;OK;51425;1380;52805;4346;3238
2026-09-26T10:29:59;IDF11;site;VITRY;rapide;2026-09-30 09:00;BEST_GUESS;OK;49468;0;49468;3123;2370
2026-09-26T10:29:59;IDF11;site;RIS;rapide;2026-09-30 09:00;BEST_GUESS;OK;68887;1380;70267;3552;3288
2026-09-26T10:29:59;IDF12;site;VITRY;rapide;2026-09-30 09:00;BEST_GUESS;OK;11529;0;11529;1219;1049
2026-09-26T10:29:59;IDF12;site;RIS;rapide;2026-09-30 09:00;BEST_GUESS;OK;14828;1380;16208;2053;1956
2026-09-26T10:29:59;IDF13;site;VITRY;rapide;2026-09-30 09:00;BEST_GUESS;OK;38905;0;38905;2779;2536
2026-09-26T10:29:59;IDF13;site;RIS;rapide;2026-09-30 09:00;BEST_GUESS;OK;32603;1380;33983;2188;2015
2026-09-26T10:29:59;IDF14;site;VITRY;rapide;2026-09-30 09:00;BEST_GUESS;OK;7704;0;7704;1361;1243
2026-09-26T10:29:59;IDF14;site;RIS;rapide;2026-09-30 09:00;BEST_GUESS;OK;10572;1380;11952;1370;1306
2026-09-26T10:29:59;IDF15;site;VITRY;rapide;2026-09-30 09:00;BEST_GUESS;OK;46693;0;46693;2928;2492
2026-09-26T10:29:59;IDF15;site;RIS;rapide;2026-09-30 09:00;BEST_GUESS;OK;53449;1380;54829;3148;2809
2026-09-26T10:29:59;HDF1;site;VITRY;rapide;2026-09-30 09:00;BEST_GUESS;OK;210106;0;210106;9994;9101
2026-09-26T10:29:59;HDF1;site;RIS;rapide;2026-09-30 09:00;BEST_GUESS;OK;227168;1380;228548;11230;9991
2026-09-26T10:29:59;HDF2;site;VITRY;rapide;2026-09-30 09:00;BEST_GUESS;OK;203649;0;203649;8762;7989
2026-09-26T10:29:59;HDF2;site;RIS;rapide;2026-09-30 09:00;BEST_GUESS;OK;220711;1380;222091;9994;8880
2026-09-26T10:29:59;HDF3;site;VITRY;rapide;2026-09-30 09:00;BEST_GUESS;OK;251636;0;251636;10921;10124
2026-09-26T10:29:59;HDF3;site;RIS;rapide;2026-09-30 09:00;BEST_GUESS;OK;268698;1380;270078;12200;11014
2026-09-26T10:29:59;HDF4;site;VITRY;rapide;2026-09-30 09:00;BEST_GUESS;OK;203647;0;203647;8800;8114
2026-09-26T10:29:59;HDF4;site;RIS;rapide;2026-09-30 09:00;BEST_GUESS;OK;220709;1380;222089;10027;9004
2026-09-26T10:29:59;HDF5;site;VITRY;rapide;2026-09-30 09:00;BEST_GUESS;OK;224457;0;224457;9610;8842
2026-09-26T10:29:59;HDF5;site;RIS;rapide;2026-09-30 09:00;BEST_GUESS;OK;241519;1380;242899;10843;9732
2026-09-26T10:29:59;NOR1;site;VITRY;rapide;2026-09-30 09:00;BEST_GUESS;OK;209946;0;209946;8262;7853
2026-09-26T10:29:59;NOR1;site;RIS;rapide;2026-09-30 09:00;BEST_GUESS;OK;216703;1380;218083;8534;8170
2026-09-26T10:29:59;NOR2;site;VITRY;rapide;2026-09-30 09:00;BEST_GUESS;OK;139338;0;139338;5698;5440
2026-09-26T10:29:59;NOR2;site;RIS;rapide;2026-09-30 09:00;BEST_GUESS;OK;146094;1380;147474;5964;5757
2026-09-26T10:29:59;NOR3;site;VITRY;rapide;2026-09-30 09:00;BEST_GUESS;OK;134270;0;134270;5879;5551
2026-09-26T10:29:59;NOR3;site;RIS;rapide;2026-09-30 09:00;BEST_GUESS;OK;141027;1380;142407;6145;5868
2026-09-26T10:29:59;CVL1;site;VITRY;rapide;2026-09-30 09:00;BEST_GUESS;OK;226354;0;226354;8511;8187
2026-09-26T10:29:59;CVL1;site;RIS;rapide;2026-09-30 09:00;BEST_GUESS;OK;222599;1380;223979;8134;7982
2026-09-26T10:29:59;CVL2;site;VITRY;rapide;2026-09-30 09:00;BEST_GUESS;OK;262174;0;262174;10542;10181
2026-09-26T10:29:59;CVL2;site;RIS;rapide;2026-09-30 09:00;BEST_GUESS;OK;258419;1380;259799;10180;9975
2026-09-26T10:29:59;CVL3;site;VITRY;rapide;2026-09-30 09:00;BEST_GUESS;OK;130619;0;130619;5580;5212
2026-09-26T10:29:59;CVL3;site;RIS;rapide;2026-09-30 09:00;BEST_GUESS;OK;126864;1380;128244;5169;5006
2026-09-26T10:29:59;GE1;site;VITRY;rapide;2026-09-30 09:00;BEST_GUESS;OK;185285;0;185285;7437;6915
2026-09-26T10:29:59;GE1;site;RIS;rapide;2026-09-30 09:00;BEST_GUESS;OK;204704;1380;206084;8158;7834
2026-09-26T10:29:59;BFC1;site;VITRY;rapide;2026-09-30 09:00;BEST_GUESS;OK;312203;0;312203;11066;10719
2026-09-26T10:29:59;BFC1;site;RIS;rapide;2026-09-30 09:00;BEST_GUESS;OK;290785;1380;292165;10000;9824
2026-09-26T10:30:00;E_A1;entree;RIS;acces_impose;2026-09-30 09:00;BEST_GUESS;OK;67584;1380;68964;4587;3457
2026-09-26T10:30:00;E_A1;entree;RIS;impose_ouest;2026-09-30 09:00;BEST_GUESS;OK;86345;1380;87725;5472;4305
2026-09-26T10:30:00;E_A4;entree;RIS;acces_impose;2026-09-30 09:00;BEST_GUESS;OK;95907;1380;97287;4252;3915
2026-09-26T10:30:00;E_A4;entree;RIS;impose_est;2026-09-30 09:00;BEST_GUESS;OK;95907;1380;97287;4252;3915
2026-09-26T10:30:01;E_A5;entree;RIS;acces_impose;2026-09-30 09:00;BEST_GUESS;OK;74032;1380;75412;2977;2802
2026-09-26T10:30:01;E_A5;entree;RIS;impose_est;2026-09-30 09:00;BEST_GUESS;OK;74032;1380;75412;2977;2802
2026-09-26T10:30:01;E_A6;entree;RIS;acces_impose;2026-09-30 09:00;BEST_GUESS;OK;72354;1380;73734;2705;2641
2026-09-26T10:30:01;E_A6;entree;RIS;impose_est;2026-09-30 09:00;BEST_GUESS;OK;86270;1380;87650;3403;3292
2026-09-26T10:30:01;E_A10;entree;RIS;acces_impose;2026-09-30 09:00;BEST_GUESS;OK;59203;1380;60583;2444;2411
2026-09-26T10:30:02;E_A10;entree;RIS;impose_ouest;2026-09-30 09:00;BEST_GUESS;OK;59203;1380;60583;2444;2411
2026-09-26T10:30:02;E_A11;entree;RIS;acces_impose;2026-09-30 09:00;BEST_GUESS;OK;58437;1380;59817;2573;2527
2026-09-26T10:30:02;E_A11;entree;RIS;impose_ouest;2026-09-30 09:00;BEST_GUESS;OK;58437;1380;59817;2573;2527
2026-09-26T10:30:02;E_A13;entree;RIS;acces_impose;2026-09-30 09:00;BEST_GUESS;OK;100919;1380;102299;4367;4105
2026-09-26T10:30:05;E_A13;entree;RIS;impose_ouest;2026-09-30 09:00;BEST_GUESS;OK;115696;1380;117076;4917;4740
2026-09-26T10:30:05;E_A16;entree;RIS;acces_impose;2026-09-30 09:00;BEST_GUESS;OK;91380;1380;92760;5468;4341
2026-09-26T10:30:05;E_A16;entree;RIS;impose_ouest;2026-09-30 09:00;BEST_GUESS;OK;106157;1380;107537;6036;4977
2026-09-26T10:30:06;IDF1;site;RIS;acces_impose;2026-09-30 09:00;BEST_GUESS;OK;60653;1380;62033;4894;3740
2026-09-26T10:30:06;IDF1;site;RIS;impose_ouest;2026-09-30 09:00;BEST_GUESS;OK;79415;1380;80795;5780;4588
2026-09-26T10:30:06;IDF2;site;RIS;acces_impose;2026-09-30 09:00;BEST_GUESS;OK;14026;1380;15406;1219;1177
2026-09-26T10:30:06;IDF2;site;RIS;impose_ouest;2026-09-30 09:00;BEST_GUESS;OK;23176;1380;24556;1681;1590
2026-09-26T10:30:06;IDF3;site;RIS;acces_impose;2026-09-30 09:00;BEST_GUESS;OK;92571;1380;93951;5681;4715
2026-09-26T10:30:07;IDF3;site;RIS;impose_ouest;2026-09-30 09:00;BEST_GUESS;OK;107348;1380;108728;6242;5350
2026-09-26T10:30:07;IDF4;site;RIS;acces_impose;2026-09-30 09:00;BEST_GUESS;OK;49937;1380;51317;4177;3308
2026-09-26T10:30:07;IDF4;site;RIS;impose_ouest;2026-09-30 09:00;BEST_GUESS;OK;68699;1380;70079;5071;4155
2026-09-26T10:30:07;IDF5;site;RIS;acces_impose;2026-09-30 09:00;BEST_GUESS;OK;50047;1380;51427;4435;3526
2026-09-26T10:30:07;IDF5;site;RIS;impose_ouest;2026-09-30 09:00;BEST_GUESS;OK;68809;1380;70189;5319;4374
2026-09-26T10:30:08;IDF6;site;RIS;acces_impose;2026-09-30 09:00;BEST_GUESS;OK;59022;1380;60402;4007;3179
2026-09-26T10:30:08;IDF6;site;RIS;impose_ouest;2026-09-30 09:00;BEST_GUESS;OK;73799;1380;75179;4556;3814
2026-09-26T10:30:08;IDF7;site;RIS;acces_impose;2026-09-30 09:00;BEST_GUESS;OK;57906;1380;59286;3795;3058
2026-09-26T10:30:08;IDF7;site;RIS;impose_ouest;2026-09-30 09:00;BEST_GUESS;OK;72682;1380;74062;4350;3693
2026-09-26T10:30:09;IDF8;site;RIS;acces_impose;2026-09-30 09:00;BEST_GUESS;OK;67876;1380;69256;3704;3352
2026-09-26T10:30:09;IDF8;site;RIS;impose_est;2026-09-30 09:00;BEST_GUESS;OK;67876;1380;69256;3704;3352
2026-09-26T10:30:09;IDF9;site;RIS;acces_impose;2026-09-30 09:00;BEST_GUESS;OK;55209;1380;56589;3864;3306
2026-09-26T10:30:09;IDF9;site;RIS;impose_ouest;2026-09-30 09:00;BEST_GUESS;OK;69985;1380;71365;4415;3941
2026-09-26T10:30:09;IDF10;site;RIS;acces_impose;2026-09-30 09:00;BEST_GUESS;OK;53126;1380;54506;4357;3247
2026-09-26T10:30:10;IDF10;site;RIS;impose_ouest;2026-09-30 09:00;BEST_GUESS;OK;71888;1380;73268;5243;4094
2026-09-26T10:30:10;IDF11;site;RIS;acces_impose;2026-09-30 09:00;BEST_GUESS;OK;72285;1380;73665;3535;3233
2026-09-26T10:30:10;IDF11;site;RIS;impose_est;2026-09-30 09:00;BEST_GUESS;OK;72285;1380;73665;3535;3233
2026-09-26T10:30:10;IDF12;site;RIS;acces_impose;2026-09-30 09:00;BEST_GUESS;OK;34869;1380;36249;2592;2106
2026-09-26T10:30:10;IDF12;site;RIS;impose_est;2026-09-30 09:00;BEST_GUESS;OK;32483;1380;33863;2524;2372
2026-09-26T10:30:11;IDF13;site;RIS;acces_impose;2026-09-30 09:00;BEST_GUESS;OK;36001;1380;37381;2188;1960
2026-09-26T10:30:11;IDF13;site;RIS;impose_est;2026-09-30 09:00;BEST_GUESS;OK;36001;1380;37381;2188;1960
2026-09-26T10:30:11;IDF14;site;RIS;acces_impose;2026-09-30 09:00;BEST_GUESS;OK;16078;1380;17458;1964;1912
2026-09-26T10:30:11;IDF14;site;RIS;impose_est;2026-09-30 09:00;BEST_GUESS;OK;33504;1380;34884;2217;2057
2026-09-26T10:30:11;IDF15;site;RIS;acces_impose;2026-09-30 09:00;BEST_GUESS;OK;55151;1380;56531;3163;2819
2026-09-26T10:30:11;IDF15;site;RIS;impose_ouest;2026-09-30 09:00;BEST_GUESS;OK;69927;1380;71307;3718;3454
2026-09-26T10:30:12;HDF1;site;RIS;acces_impose;2026-09-30 09:00;BEST_GUESS;OK;228870;1380;230250;11239;10000
2026-09-26T10:30:12;HDF1;site;RIS;impose_est;2026-09-30 09:00;BEST_GUESS;OK;224950;1380;226330;10946;10145
2026-09-26T10:30:12;HDF2;site;RIS;acces_impose;2026-09-30 09:00;BEST_GUESS;OK;222412;1380;223792;10003;8889
2026-09-26T10:30:13;HDF2;site;RIS;impose_ouest;2026-09-30 09:00;BEST_GUESS;OK;241174;1380;242554;10901;9736
2026-09-26T10:30:13;HDF3;site;RIS;acces_impose;2026-09-30 09:00;BEST_GUESS;OK;270399;1380;271779;12205;11024
2026-09-26T10:30:13;HDF3;site;RIS;impose_ouest;2026-09-30 09:00;BEST_GUESS;OK;289161;1380;290541;13152;11871
2026-09-26T10:30:13;HDF4;site;RIS;acces_impose;2026-09-30 09:00;BEST_GUESS;OK;222410;1380;223790;10036;9013
2026-09-26T10:30:14;HDF4;site;RIS;impose_ouest;2026-09-30 09:00;BEST_GUESS;OK;241172;1380;242552;10934;9861
2026-09-26T10:30:14;HDF5;site;RIS;acces_impose;2026-09-30 09:00;BEST_GUESS;OK;243220;1380;244600;10853;9741
2026-09-26T10:30:14;HDF5;site;RIS;impose_ouest;2026-09-30 09:00;BEST_GUESS;OK;261982;1380;263362;11751;10588
2026-09-26T10:30:15;NOR1;site;RIS;acces_impose;2026-09-30 09:00;BEST_GUESS;OK;218404;1380;219784;8548;8179
2026-09-26T10:30:15;NOR1;site;RIS;impose_ouest;2026-09-30 09:00;BEST_GUESS;OK;233181;1380;234561;9093;8814
2026-09-26T10:30:15;NOR2;site;RIS;acces_impose;2026-09-30 09:00;BEST_GUESS;OK;147795;1380;149175;5970;5767
2026-09-26T10:30:16;NOR2;site;RIS;impose_ouest;2026-09-30 09:00;BEST_GUESS;OK;162572;1380;163952;6514;6402
2026-09-26T10:30:16;NOR3;site;RIS;acces_impose;2026-09-30 09:00;BEST_GUESS;OK;142728;1380;144108;6153;5877
2026-09-26T10:30:16;NOR3;site;RIS;impose_ouest;2026-09-30 09:00;BEST_GUESS;OK;157505;1380;158885;6684;6512
2026-09-26T10:30:16;CVL1;site;RIS;acces_impose;2026-09-30 09:00;BEST_GUESS;OK;222599;1380;223979;8134;7981
2026-09-26T10:30:17;CVL1;site;RIS;impose_ouest;2026-09-30 09:00;BEST_GUESS;OK;222599;1380;223979;8134;7981
2026-09-26T10:30:17;CVL2;site;RIS;acces_impose;2026-09-30 09:00;BEST_GUESS;OK;258419;1380;259799;10180;9975
2026-09-26T10:30:17;CVL2;site;RIS;impose_ouest;2026-09-30 09:00;BEST_GUESS;OK;258419;1380;259799;10180;9975
2026-09-26T10:30:17;CVL3;site;RIS;acces_impose;2026-09-30 09:00;BEST_GUESS;OK;126864;1380;128244;5169;5006
2026-09-26T10:30:18;CVL3;site;RIS;impose_ouest;2026-09-30 09:00;BEST_GUESS;OK;126864;1380;128244;5169;5006
2026-09-26T10:30:18;GE1;site;RIS;acces_impose;2026-09-30 09:00;BEST_GUESS;OK;208102;1380;209482;8114;7779
2026-09-26T10:30:18;GE1;site;RIS;impose_est;2026-09-30 09:00;BEST_GUESS;OK;208102;1380;209482;8114;7779
2026-09-26T10:30:19;BFC1;site;RIS;acces_impose;2026-09-30 09:00;BEST_GUESS;OK;290785;1380;292165;10000;9823
2026-09-26T10:30:19;BFC1;site;RIS;impose_est;2026-09-30 09:00;BEST_GUESS;OK;304701;1380;306081;10686;10474
2026-09-26T10:30:19;E_A1;entree;VITRY;rapide;2026-09-30 10:00;BEST_GUESS;OK;48820;0;48820;3252;2558
2026-09-26T10:30:19;E_A1;entree;RIS;rapide;2026-09-30 10:00;BEST_GUESS;OK;65882;1380;67262;4470;3448
2026-09-26T10:30:19;E_A4;entree;VITRY;rapide;2026-09-30 10:00;BEST_GUESS;OK;73090;0;73090;3465;3052
2026-09-26T10:30:19;E_A4;entree;RIS;rapide;2026-09-30 10:00;BEST_GUESS;OK;92509;1380;93889;4213;3971
2026-09-26T10:30:19;E_A5;entree;VITRY;rapide;2026-09-30 10:00;BEST_GUESS;OK;82488;0;82488;3816;3626
2026-09-26T10:30:19;E_A5;entree;RIS;rapide;2026-09-30 10:00;BEST_GUESS;OK;70634;1380;72014;2973;2857
2026-09-26T10:30:19;E_A6;entree;VITRY;rapide;2026-09-30 10:00;BEST_GUESS;OK;93772;0;93772;3796;3537
2026-09-26T10:30:19;E_A6;entree;RIS;rapide;2026-09-30 10:00;BEST_GUESS;OK;72354;1380;73734;2714;2642
2026-09-26T10:30:19;E_A10;entree;VITRY;rapide;2026-09-30 10:00;BEST_GUESS;OK;62958;0;62958;2876;2617
2026-09-26T10:30:19;E_A10;entree;RIS;rapide;2026-09-30 10:00;BEST_GUESS;OK;59203;1380;60583;2457;2411
2026-09-26T10:30:19;E_A11;entree;VITRY;rapide;2026-09-30 10:00;BEST_GUESS;OK;62192;0;62192;3006;2733
2026-09-26T10:30:19;E_A11;entree;RIS;rapide;2026-09-30 10:00;BEST_GUESS;OK;58437;1380;59817;2580;2528
2026-09-26T10:30:19;E_A13;entree;VITRY;rapide;2026-09-30 10:00;BEST_GUESS;OK;92461;0;92461;4080;3779
2026-09-26T10:30:19;E_A13;entree;RIS;rapide;2026-09-30 10:00;BEST_GUESS;OK;99218;1380;100598;4328;4096
2026-09-26T10:30:19;E_A16;entree;VITRY;rapide;2026-09-30 10:00;BEST_GUESS;OK;69185;0;69185;4304;3564
2026-09-26T10:30:19;E_A16;entree;RIS;rapide;2026-09-30 10:00;BEST_GUESS;OK;89679;1380;91059;5055;4332
2026-09-26T10:30:19;IDF1;site;VITRY;rapide;2026-09-30 10:00;BEST_GUESS;OK;41890;0;41890;3531;2841
2026-09-26T10:30:19;IDF1;site;RIS;rapide;2026-09-30 10:00;BEST_GUESS;OK;58952;1380;60332;4784;3731
2026-09-26T10:30:19;IDF2;site;VITRY;rapide;2026-09-30 10:00;BEST_GUESS;OK;35448;0;35448;2336;2082
2026-09-26T10:30:19;IDF2;site;RIS;rapide;2026-09-30 10:00;BEST_GUESS;OK;14025;1380;15405;1200;1177
2026-09-26T10:30:19;IDF3;site;VITRY;rapide;2026-09-30 10:00;BEST_GUESS;OK;66563;0;66563;4576;3895
2026-09-26T10:30:19;IDF3;site;RIS;rapide;2026-09-30 10:00;BEST_GUESS;OK;90870;1380;92250;5344;4706
2026-09-26T10:30:19;IDF4;site;VITRY;rapide;2026-09-30 10:00;BEST_GUESS;OK;31174;0;31174;2863;2409
2026-09-26T10:30:19;IDF4;site;RIS;rapide;2026-09-30 10:00;BEST_GUESS;OK;48236;1380;49616;4056;3299
2026-09-26T10:30:19;IDF5;site;VITRY;rapide;2026-09-30 10:00;BEST_GUESS;OK;27596;0;27596;3484;2840
2026-09-26T10:30:19;IDF5;site;RIS;rapide;2026-09-30 10:00;BEST_GUESS;OK;48346;1380;49726;4398;3517
2026-09-26T10:30:19;IDF6;site;VITRY;rapide;2026-09-30 10:00;BEST_GUESS;OK;41449;0;41449;3355;2811
2026-09-26T10:30:19;IDF6;site;RIS;rapide;2026-09-30 10:00;BEST_GUESS;OK;57321;1380;58701;3815;3170
2026-09-26T10:30:19;IDF7;site;VITRY;rapide;2026-09-30 10:00;BEST_GUESS;OK;40735;0;40735;3208;2678
2026-09-26T10:30:19;IDF7;site;RIS;rapide;2026-09-30 10:00;BEST_GUESS;OK;56204;1380;57584;3657;3049
2026-09-26T10:30:19;IDF8;site;VITRY;rapide;2026-09-30 10:00;BEST_GUESS;OK;45059;0;45059;2894;2489
2026-09-26T10:30:19;IDF8;site;RIS;rapide;2026-09-30 10:00;BEST_GUESS;OK;64478;1380;65858;3651;3408
2026-09-26T10:30:19;IDF9;site;VITRY;rapide;2026-09-30 10:00;BEST_GUESS;OK;46751;0;46751;3536;2980
2026-09-26T10:30:19;IDF9;site;RIS;rapide;2026-09-30 10:00;BEST_GUESS;OK;53507;1380;54887;3782;3297
2026-09-26T10:30:19;IDF10;site;VITRY;rapide;2026-09-30 10:00;BEST_GUESS;OK;34363;0;34363;3055;2348
2026-09-26T10:30:19;IDF10;site;RIS;rapide;2026-09-30 10:00;BEST_GUESS;OK;51425;1380;52805;4272;3238
2026-09-26T10:30:19;IDF11;site;VITRY;rapide;2026-09-30 10:00;BEST_GUESS;OK;49468;0;49468;2771;2370
2026-09-26T10:30:19;IDF11;site;RIS;rapide;2026-09-30 10:00;BEST_GUESS;OK;68887;1380;70267;3535;3288
2026-09-26T10:30:19;IDF12;site;VITRY;rapide;2026-09-30 10:00;BEST_GUESS;OK;11528;0;11528;1124;1049
2026-09-26T10:30:19;IDF12;site;RIS;rapide;2026-09-30 10:00;BEST_GUESS;OK;14828;1380;16208;2042;1956
2026-09-26T10:30:19;IDF13;site;VITRY;rapide;2026-09-30 10:00;BEST_GUESS;OK;38905;0;38905;2688;2536
2026-09-26T10:30:19;IDF13;site;RIS;rapide;2026-09-30 10:00;BEST_GUESS;OK;32603;1380;33983;2143;2015
2026-09-26T10:30:19;IDF14;site;VITRY;rapide;2026-09-30 10:00;BEST_GUESS;OK;7704;0;7704;1290;1243
2026-09-26T10:30:19;IDF14;site;RIS;rapide;2026-09-30 10:00;BEST_GUESS;OK;10572;1380;11952;1372;1305
2026-09-26T10:30:19;IDF15;site;VITRY;rapide;2026-09-30 10:00;BEST_GUESS;OK;46693;0;46693;2707;2492
2026-09-26T10:30:19;IDF15;site;RIS;rapide;2026-09-30 10:00;BEST_GUESS;OK;53449;1380;54829;2977;2809
2026-09-26T10:30:19;HDF1;site;VITRY;rapide;2026-09-30 10:00;BEST_GUESS;OK;210106;0;210106;9898;9101
2026-09-26T10:30:19;HDF1;site;RIS;rapide;2026-09-30 10:00;BEST_GUESS;OK;227168;1380;228548;11057;9991
2026-09-26T10:30:19;HDF2;site;VITRY;rapide;2026-09-30 10:00;BEST_GUESS;OK;203649;0;203649;8721;7989
2026-09-26T10:30:19;HDF2;site;RIS;rapide;2026-09-30 10:00;BEST_GUESS;OK;220711;1380;222091;9993;8880
2026-09-26T10:30:19;HDF3;site;VITRY;rapide;2026-09-30 10:00;BEST_GUESS;OK;251636;0;251636;10902;10124
2026-09-26T10:30:19;HDF3;site;RIS;rapide;2026-09-30 10:00;BEST_GUESS;OK;268698;1380;270078;12184;11014
2026-09-26T10:30:19;HDF4;site;VITRY;rapide;2026-09-30 10:00;BEST_GUESS;OK;203647;0;203647;8805;8114
2026-09-26T10:30:19;HDF4;site;RIS;rapide;2026-09-30 10:00;BEST_GUESS;OK;220709;1380;222089;10082;9004
2026-09-26T10:30:19;HDF5;site;VITRY;rapide;2026-09-30 10:00;BEST_GUESS;OK;224457;0;224457;9516;8842
2026-09-26T10:30:19;HDF5;site;RIS;rapide;2026-09-30 10:00;BEST_GUESS;OK;241519;1380;242899;10670;9732
2026-09-26T10:30:19;NOR1;site;VITRY;rapide;2026-09-30 10:00;BEST_GUESS;OK;209946;0;209946;8365;7853
2026-09-26T10:30:19;NOR1;site;RIS;rapide;2026-09-30 10:00;BEST_GUESS;OK;216703;1380;218083;8683;8170
2026-09-26T10:30:19;NOR2;site;VITRY;rapide;2026-09-30 10:00;BEST_GUESS;OK;139338;0;139338;5707;5440
2026-09-26T10:30:19;NOR2;site;RIS;rapide;2026-09-30 10:00;BEST_GUESS;OK;146094;1380;147474;5990;5757
2026-09-26T10:30:19;NOR3;site;VITRY;rapide;2026-09-30 10:00;BEST_GUESS;OK;134270;0;134270;5859;5551
2026-09-26T10:30:19;NOR3;site;RIS;rapide;2026-09-30 10:00;BEST_GUESS;OK;141027;1380;142407;6152;5868
2026-09-26T10:30:19;CVL1;site;VITRY;rapide;2026-09-30 10:00;BEST_GUESS;OK;226354;0;226354;8498;8187
2026-09-26T10:30:19;CVL1;site;RIS;rapide;2026-09-30 10:00;BEST_GUESS;OK;222598;1380;223978;8130;7980
2026-09-26T10:30:19;CVL2;site;VITRY;rapide;2026-09-30 10:00;BEST_GUESS;OK;262174;0;262174;10580;10181
2026-09-26T10:30:19;CVL2;site;RIS;rapide;2026-09-30 10:00;BEST_GUESS;OK;258418;1380;259798;10284;9974
2026-09-26T10:30:19;CVL3;site;VITRY;rapide;2026-09-30 10:00;BEST_GUESS;OK;130619;0;130619;5505;5212
2026-09-26T10:30:19;CVL3;site;RIS;rapide;2026-09-30 10:00;BEST_GUESS;OK;126864;1380;128244;5129;5006
2026-09-26T10:30:19;GE1;site;VITRY;rapide;2026-09-30 10:00;BEST_GUESS;OK;185285;0;185285;7381;6915
2026-09-26T10:30:19;GE1;site;RIS;rapide;2026-09-30 10:00;BEST_GUESS;OK;204704;1380;206084;8274;7834
2026-09-26T10:30:19;BFC1;site;VITRY;rapide;2026-09-30 10:00;BEST_GUESS;OK;312203;0;312203;11129;10719
2026-09-26T10:30:19;BFC1;site;RIS;rapide;2026-09-30 10:00;BEST_GUESS;OK;290785;1380;292165;10098;9824
2026-09-26T10:30:21;E_A1;entree;RIS;acces_impose;2026-09-30 10:00;BEST_GUESS;OK;67584;1380;68964;4482;3457
2026-09-26T10:30:21;E_A1;entree;RIS;impose_ouest;2026-09-30 10:00;BEST_GUESS;OK;86345;1380;87725;5355;4305
2026-09-26T10:30:21;E_A4;entree;RIS;acces_impose;2026-09-30 10:00;BEST_GUESS;OK;95907;1380;97287;4182;3915
2026-09-26T10:30:21;E_A4;entree;RIS;impose_est;2026-09-30 10:00;BEST_GUESS;OK;95907;1380;97287;4182;3915
2026-09-26T10:30:21;E_A5;entree;RIS;acces_impose;2026-09-30 10:00;BEST_GUESS;OK;74032;1380;75412;2935;2802
2026-09-26T10:30:22;E_A5;entree;RIS;impose_est;2026-09-30 10:00;BEST_GUESS;OK;74032;1380;75412;2935;2802
2026-09-26T10:30:22;E_A6;entree;RIS;acces_impose;2026-09-30 10:00;BEST_GUESS;OK;72354;1380;73734;2714;2641
2026-09-26T10:30:22;E_A6;entree;RIS;impose_est;2026-09-30 10:00;BEST_GUESS;OK;86270;1380;87650;3397;3292
2026-09-26T10:30:22;E_A10;entree;RIS;acces_impose;2026-09-30 10:00;BEST_GUESS;OK;59203;1380;60583;2457;2411
2026-09-26T10:30:22;E_A10;entree;RIS;impose_ouest;2026-09-30 10:00;BEST_GUESS;OK;59203;1380;60583;2457;2411
2026-09-26T10:30:23;E_A11;entree;RIS;acces_impose;2026-09-30 10:00;BEST_GUESS;OK;58437;1380;59817;2580;2527
2026-09-26T10:30:23;E_A11;entree;RIS;impose_ouest;2026-09-30 10:00;BEST_GUESS;OK;58437;1380;59817;2580;2527
2026-09-26T10:30:23;E_A13;entree;RIS;acces_impose;2026-09-30 10:00;BEST_GUESS;OK;100919;1380;102299;4340;4105
2026-09-26T10:30:23;E_A13;entree;RIS;impose_ouest;2026-09-30 10:00;BEST_GUESS;OK;115696;1380;117076;4854;4740
2026-09-26T10:30:23;E_A16;entree;RIS;acces_impose;2026-09-30 10:00;BEST_GUESS;OK;91380;1380;92760;5067;4341
2026-09-26T10:30:24;E_A16;entree;RIS;impose_ouest;2026-09-30 10:00;BEST_GUESS;OK;106157;1380;107537;5615;4977
2026-09-26T10:30:24;IDF1;site;RIS;acces_impose;2026-09-30 10:00;BEST_GUESS;OK;60653;1380;62033;4798;3740
2026-09-26T10:30:24;IDF1;site;RIS;impose_ouest;2026-09-30 10:00;BEST_GUESS;OK;79415;1380;80795;5670;4588
2026-09-26T10:30:24;IDF2;site;RIS;acces_impose;2026-09-30 10:00;BEST_GUESS;OK;14026;1380;15406;1200;1177
2026-09-26T10:30:24;IDF2;site;RIS;impose_ouest;2026-09-30 10:00;BEST_GUESS;OK;23176;1380;24556;1630;1590
2026-09-26T10:30:25;IDF3;site;RIS;acces_impose;2026-09-30 10:00;BEST_GUESS;OK;92571;1380;93951;5360;4715
2026-09-26T10:30:25;IDF3;site;RIS;impose_ouest;2026-09-30 10:00;BEST_GUESS;OK;107348;1380;108728;5934;5350
2026-09-26T10:30:25;IDF4;site;RIS;acces_impose;2026-09-30 10:00;BEST_GUESS;OK;49937;1380;51317;4064;3308
2026-09-26T10:30:25;IDF4;site;RIS;impose_ouest;2026-09-30 10:00;BEST_GUESS;OK;68699;1380;70079;4937;4155
2026-09-26T10:30:25;IDF5;site;RIS;acces_impose;2026-09-30 10:00;BEST_GUESS;OK;50047;1380;51427;4410;3526
2026-09-26T10:30:26;IDF5;site;RIS;impose_ouest;2026-09-30 10:00;BEST_GUESS;OK;68809;1380;70189;5281;4374
2026-09-26T10:30:26;IDF6;site;RIS;acces_impose;2026-09-30 10:00;BEST_GUESS;OK;59022;1380;60402;3824;3179
2026-09-26T10:30:26;IDF6;site;RIS;impose_ouest;2026-09-30 10:00;BEST_GUESS;OK;73799;1380;75179;4334;3814
2026-09-26T10:30:26;IDF7;site;RIS;acces_impose;2026-09-30 10:00;BEST_GUESS;OK;57906;1380;59286;3666;3058
2026-09-26T10:30:26;IDF7;site;RIS;impose_ouest;2026-09-30 10:00;BEST_GUESS;OK;72682;1380;74062;4161;3693
2026-09-26T10:30:27;IDF8;site;RIS;acces_impose;2026-09-30 10:00;BEST_GUESS;OK;67876;1380;69256;3618;3352
2026-09-26T10:30:27;IDF8;site;RIS;impose_est;2026-09-30 10:00;BEST_GUESS;OK;67876;1380;69256;3618;3352
2026-09-26T10:30:27;IDF9;site;RIS;acces_impose;2026-09-30 10:00;BEST_GUESS;OK;55209;1380;56589;3791;3306
2026-09-26T10:30:27;IDF9;site;RIS;impose_ouest;2026-09-30 10:00;BEST_GUESS;OK;69985;1380;71365;4303;3941
2026-09-26T10:30:27;IDF10;site;RIS;acces_impose;2026-09-30 10:00;BEST_GUESS;OK;53126;1380;54506;4285;3247
2026-09-26T10:30:28;IDF10;site;RIS;impose_ouest;2026-09-30 10:00;BEST_GUESS;OK;71888;1380;73268;5152;4094
2026-09-26T10:30:28;IDF11;site;RIS;acces_impose;2026-09-30 10:00;BEST_GUESS;OK;72285;1380;73665;3504;3233
2026-09-26T10:30:28;IDF11;site;RIS;impose_est;2026-09-30 10:00;BEST_GUESS;OK;72285;1380;73665;3504;3233
2026-09-26T10:30:28;IDF12;site;RIS;acces_impose;2026-09-30 10:00;BEST_GUESS;OK;34869;1380;36249;2530;2106
2026-09-26T10:30:28;IDF12;site;RIS;impose_est;2026-09-30 10:00;BEST_GUESS;OK;32483;1380;33863;2459;2372
2026-09-26T10:30:29;IDF13;site;RIS;acces_impose;2026-09-30 10:00;BEST_GUESS;OK;36001;1380;37381;2124;1960
2026-09-26T10:30:29;IDF13;site;RIS;impose_est;2026-09-30 10:00;BEST_GUESS;OK;36001;1380;37381;2124;1960
2026-09-26T10:30:29;IDF14;site;RIS;acces_impose;2026-09-30 10:00;BEST_GUESS;OK;16078;1380;17458;2002;1912
2026-09-26T10:30:29;IDF14;site;RIS;impose_est;2026-09-30 10:00;BEST_GUESS;OK;33504;1380;34884;2168;2057
2026-09-26T10:30:29;IDF15;site;RIS;acces_impose;2026-09-30 10:00;BEST_GUESS;OK;55151;1380;56531;2984;2819
2026-09-26T10:30:29;IDF15;site;RIS;impose_ouest;2026-09-30 10:00;BEST_GUESS;OK;69927;1380;71307;3491;3454
2026-09-26T10:30:30;HDF1;site;RIS;acces_impose;2026-09-30 10:00;BEST_GUESS;OK;228870;1380;230250;11060;10000
2026-09-26T10:30:30;HDF1;site;RIS;impose_est;2026-09-30 10:00;BEST_GUESS;OK;224950;1380;226330;10908;10145
2026-09-26T10:30:30;HDF2;site;RIS;acces_impose;2026-09-30 10:00;BEST_GUESS;OK;222412;1380;223792;9995;8889
2026-09-26T10:30:30;HDF2;site;RIS;impose_ouest;2026-09-30 10:00;BEST_GUESS;OK;241174;1380;242554;10920;9736
2026-09-26T10:30:31;HDF3;site;RIS;acces_impose;2026-09-30 10:00;BEST_GUESS;OK;270399;1380;271779;12185;11024
2026-09-26T10:30:31;HDF3;site;RIS;impose_ouest;2026-09-30 10:00;BEST_GUESS;OK;289161;1380;290541;13117;11871
2026-09-26T10:30:31;HDF4;site;RIS;acces_impose;2026-09-30 10:00;BEST_GUESS;OK;222410;1380;223790;10084;9013
2026-09-26T10:30:32;HDF4;site;RIS;impose_ouest;2026-09-30 10:00;BEST_GUESS;OK;241172;1380;242552;11007;9861
2026-09-26T10:30:32;HDF5;site;RIS;acces_impose;2026-09-30 10:00;BEST_GUESS;OK;243220;1380;244600;10672;9741
2026-09-26T10:30:32;HDF5;site;RIS;impose_ouest;2026-09-30 10:00;BEST_GUESS;OK;261982;1380;263362;11592;10588
2026-09-26T10:30:32;NOR1;site;RIS;acces_impose;2026-09-30 10:00;BEST_GUESS;OK;218404;1380;219784;8689;8179
2026-09-26T10:30:33;NOR1;site;RIS;impose_ouest;2026-09-30 10:00;BEST_GUESS;OK;233181;1380;234561;9174;8814
2026-09-26T10:30:33;NOR2;site;RIS;acces_impose;2026-09-30 10:00;BEST_GUESS;OK;147795;1380;149175;6004;5767
2026-09-26T10:30:33;NOR2;site;RIS;impose_ouest;2026-09-30 10:00;BEST_GUESS;OK;162572;1380;163952;6562;6402
2026-09-26T10:30:33;NOR3;site;RIS;acces_impose;2026-09-30 10:00;BEST_GUESS;OK;142728;1380;144108;6163;5877
2026-09-26T10:30:34;NOR3;site;RIS;impose_ouest;2026-09-30 10:00;BEST_GUESS;OK;157505;1380;158885;6707;6512
2026-09-26T10:30:34;CVL1;site;RIS;acces_impose;2026-09-30 10:00;BEST_GUESS;OK;222599;1380;223979;8129;7981
2026-09-26T10:30:34;CVL1;site;RIS;impose_ouest;2026-09-30 10:00;BEST_GUESS;OK;222599;1380;223979;8129;7981
2026-09-26T10:30:34;CVL2;site;RIS;acces_impose;2026-09-30 10:00;BEST_GUESS;OK;258419;1380;259799;10283;9975
2026-09-26T10:30:35;CVL2;site;RIS;impose_ouest;2026-09-30 10:00;BEST_GUESS;OK;258419;1380;259799;10283;9975
2026-09-26T10:30:35;CVL3;site;RIS;acces_impose;2026-09-30 10:00;BEST_GUESS;OK;126864;1380;128244;5129;5006
2026-09-26T10:30:36;CVL3;site;RIS;impose_ouest;2026-09-30 10:00;BEST_GUESS;OK;126864;1380;128244;5129;5006
2026-09-26T10:30:36;GE1;site;RIS;acces_impose;2026-09-30 10:00;BEST_GUESS;OK;208102;1380;209482;8222;7779
2026-09-26T10:30:36;GE1;site;RIS;impose_est;2026-09-30 10:00;BEST_GUESS;OK;208102;1380;209482;8222;7779
2026-09-26T10:30:36;BFC1;site;RIS;acces_impose;2026-09-30 10:00;BEST_GUESS;OK;290785;1380;292165;10098;9823
2026-09-26T10:30:36;BFC1;site;RIS;impose_est;2026-09-30 10:00;BEST_GUESS;OK;304701;1380;306081;10776;10474
2026-09-26T10:30:37;E_A1;entree;VITRY;rapide;2026-09-30 11:00;BEST_GUESS;OK;48820;0;48820;3269;2558
2026-09-26T10:30:37;E_A1;entree;RIS;rapide;2026-09-30 11:00;BEST_GUESS;OK;65882;1380;67262;4501;3448
2026-09-26T10:30:37;E_A4;entree;VITRY;rapide;2026-09-30 11:00;BEST_GUESS;OK;73090;0;73090;3410;3052
2026-09-26T10:30:37;E_A4;entree;RIS;rapide;2026-09-30 11:00;BEST_GUESS;OK;92509;1380;93889;4230;3971
2026-09-26T10:30:37;E_A5;entree;VITRY;rapide;2026-09-30 11:00;BEST_GUESS;OK;82488;0;82488;3790;3626
2026-09-26T10:30:37;E_A5;entree;RIS;rapide;2026-09-30 11:00;BEST_GUESS;OK;70634;1380;72014;2930;2857
2026-09-26T10:30:37;E_A6;entree;VITRY;rapide;2026-09-30 11:00;BEST_GUESS;OK;93772;0;93772;3759;3537
2026-09-26T10:30:37;E_A6;entree;RIS;rapide;2026-09-30 11:00;BEST_GUESS;OK;72354;1380;73734;2699;2642
2026-09-26T10:30:37;E_A10;entree;VITRY;rapide;2026-09-30 11:00;BEST_GUESS;OK;62958;0;62958;2831;2617
2026-09-26T10:30:37;E_A10;entree;RIS;rapide;2026-09-30 11:00;BEST_GUESS;OK;59203;1380;60583;2459;2411
2026-09-26T10:30:37;E_A11;entree;VITRY;rapide;2026-09-30 11:00;BEST_GUESS;OK;62192;0;62192;2963;2733
2026-09-26T10:30:37;E_A11;entree;RIS;rapide;2026-09-30 11:00;BEST_GUESS;OK;58437;1380;59817;2585;2528
2026-09-26T10:30:37;E_A13;entree;VITRY;rapide;2026-09-30 11:00;BEST_GUESS;OK;92461;0;92461;4101;3779
2026-09-26T10:30:37;E_A13;entree;RIS;rapide;2026-09-30 11:00;BEST_GUESS;OK;99218;1380;100598;4401;4096
2026-09-26T10:30:37;E_A16;entree;VITRY;rapide;2026-09-30 11:00;BEST_GUESS;OK;69185;0;69185;4292;3564
2026-09-26T10:30:37;E_A16;entree;RIS;rapide;2026-09-30 11:00;BEST_GUESS;OK;89679;1380;91059;4985;4332
2026-09-26T10:30:37;IDF1;site;VITRY;rapide;2026-09-30 11:00;BEST_GUESS;OK;41890;0;41890;3599;2841
2026-09-26T10:30:37;IDF1;site;RIS;rapide;2026-09-30 11:00;BEST_GUESS;OK;58952;1380;60332;4846;3731
2026-09-26T10:30:37;IDF2;site;VITRY;rapide;2026-09-30 11:00;BEST_GUESS;OK;35448;0;35448;2277;2082
2026-09-26T10:30:37;IDF2;site;RIS;rapide;2026-09-30 11:00;BEST_GUESS;OK;14026;1380;15406;1212;1177
2026-09-26T10:30:37;IDF3;site;VITRY;rapide;2026-09-30 11:00;BEST_GUESS;OK;66563;0;66563;4603;3895
2026-09-26T10:30:37;IDF3;site;RIS;rapide;2026-09-30 11:00;BEST_GUESS;OK;90870;1380;92250;5335;4706
2026-09-26T10:30:37;IDF4;site;VITRY;rapide;2026-09-30 11:00;BEST_GUESS;OK;31174;0;31174;2875;2409
2026-09-26T10:30:37;IDF4;site;RIS;rapide;2026-09-30 11:00;BEST_GUESS;OK;48236;1380;49616;4094;3299
2026-09-26T10:30:37;IDF5;site;VITRY;rapide;2026-09-30 11:00;BEST_GUESS;OK;27596;0;27596;3410;2840
2026-09-26T10:30:37;IDF5;site;RIS;rapide;2026-09-30 11:00;BEST_GUESS;OK;48346;1380;49726;4397;3517
2026-09-26T10:30:37;IDF6;site;VITRY;rapide;2026-09-30 11:00;BEST_GUESS;OK;41449;0;41449;3336;2811
2026-09-26T10:30:37;IDF6;site;RIS;rapide;2026-09-30 11:00;BEST_GUESS;OK;57321;1380;58701;3743;3170
2026-09-26T10:30:37;IDF7;site;VITRY;rapide;2026-09-30 11:00;BEST_GUESS;OK;40735;0;40735;3173;2678
2026-09-26T10:30:37;IDF7;site;RIS;rapide;2026-09-30 11:00;BEST_GUESS;OK;56204;1380;57584;3556;3049
2026-09-26T10:30:37;IDF8;site;VITRY;rapide;2026-09-30 11:00;BEST_GUESS;OK;45059;0;45059;2862;2489
2026-09-26T10:30:37;IDF8;site;RIS;rapide;2026-09-30 11:00;BEST_GUESS;OK;64478;1380;65858;3656;3408
2026-09-26T10:30:37;IDF9;site;VITRY;rapide;2026-09-30 11:00;BEST_GUESS;OK;46751;0;46751;3438;2980
2026-09-26T10:30:37;IDF9;site;RIS;rapide;2026-09-30 11:00;BEST_GUESS;OK;53507;1380;54887;3743;3297
2026-09-26T10:30:37;IDF10;site;VITRY;rapide;2026-09-30 11:00;BEST_GUESS;OK;34363;0;34363;3078;2348
2026-09-26T10:30:37;IDF10;site;RIS;rapide;2026-09-30 11:00;BEST_GUESS;OK;51425;1380;52805;4293;3238
2026-09-26T10:30:37;IDF11;site;VITRY;rapide;2026-09-30 11:00;BEST_GUESS;OK;49468;0;49468;2764;2370
2026-09-26T10:30:37;IDF11;site;RIS;rapide;2026-09-30 11:00;BEST_GUESS;OK;68887;1380;70267;3518;3288
2026-09-26T10:30:37;IDF12;site;VITRY;rapide;2026-09-30 11:00;BEST_GUESS;OK;11529;0;11529;1122;1049
2026-09-26T10:30:37;IDF12;site;RIS;rapide;2026-09-30 11:00;BEST_GUESS;OK;14828;1380;16208;2055;1956
2026-09-26T10:30:37;IDF13;site;VITRY;rapide;2026-09-30 11:00;BEST_GUESS;OK;38905;0;38905;2683;2536
2026-09-26T10:30:37;IDF13;site;RIS;rapide;2026-09-30 11:00;BEST_GUESS;OK;32603;1380;33983;2073;2014
2026-09-26T10:30:37;IDF14;site;VITRY;rapide;2026-09-30 11:00;BEST_GUESS;OK;7704;0;7704;1321;1243
2026-09-26T10:30:37;IDF14;site;RIS;rapide;2026-09-30 11:00;BEST_GUESS;OK;10572;1380;11952;1385;1306
2026-09-26T10:30:37;IDF15;site;VITRY;rapide;2026-09-30 11:00;BEST_GUESS;OK;46693;0;46693;2673;2493
2026-09-26T10:30:37;IDF15;site;RIS;rapide;2026-09-30 11:00;BEST_GUESS;OK;53449;1380;54829;2969;2809
2026-09-26T10:30:37;HDF1;site;VITRY;rapide;2026-09-30 11:00;BEST_GUESS;OK;210106;0;210106;9721;9101
2026-09-26T10:30:37;HDF1;site;RIS;rapide;2026-09-30 11:00;BEST_GUESS;OK;227168;1380;228548;10991;9991
2026-09-26T10:30:37;HDF2;site;VITRY;rapide;2026-09-30 11:00;BEST_GUESS;OK;203649;0;203649;8656;7989
2026-09-26T10:30:37;HDF2;site;RIS;rapide;2026-09-30 11:00;BEST_GUESS;OK;220710;1380;222090;10008;8880
2026-09-26T10:30:37;HDF3;site;VITRY;rapide;2026-09-30 11:00;BEST_GUESS;OK;251636;0;251636;10838;10124
2026-09-26T10:30:37;HDF3;site;RIS;rapide;2026-09-30 11:00;BEST_GUESS;OK;268698;1380;270078;12090;11014
2026-09-26T10:30:37;HDF4;site;VITRY;rapide;2026-09-30 11:00;BEST_GUESS;OK;203647;0;203647;8765;8114
2026-09-26T10:30:37;HDF4;site;RIS;rapide;2026-09-30 11:00;BEST_GUESS;OK;220709;1380;222089;10103;9004
2026-09-26T10:30:37;HDF5;site;VITRY;rapide;2026-09-30 11:00;BEST_GUESS;OK;224457;0;224457;9412;8842
2026-09-26T10:30:37;HDF5;site;RIS;rapide;2026-09-30 11:00;BEST_GUESS;OK;241519;1380;242899;10693;9732
2026-09-26T10:30:37;NOR1;site;VITRY;rapide;2026-09-30 11:00;BEST_GUESS;OK;209946;0;209946;8320;7853
2026-09-26T10:30:37;NOR1;site;RIS;rapide;2026-09-30 11:00;BEST_GUESS;OK;216703;1380;218083;8689;8170
2026-09-26T10:30:37;NOR2;site;VITRY;rapide;2026-09-30 11:00;BEST_GUESS;OK;139338;0;139338;5758;5440
2026-09-26T10:30:37;NOR2;site;RIS;rapide;2026-09-30 11:00;BEST_GUESS;OK;146094;1380;147474;6077;5757
2026-09-26T10:30:37;NOR3;site;VITRY;rapide;2026-09-30 11:00;BEST_GUESS;OK;134270;0;134270;5926;5551
2026-09-26T10:30:37;NOR3;site;RIS;rapide;2026-09-30 11:00;BEST_GUESS;OK;141027;1380;142407;6245;5868
2026-09-26T10:30:37;CVL1;site;VITRY;rapide;2026-09-30 11:00;BEST_GUESS;OK;226354;0;226354;8488;8187
2026-09-26T10:30:37;CVL1;site;RIS;rapide;2026-09-30 11:00;BEST_GUESS;OK;222599;1380;223979;8170;7982
2026-09-26T10:30:37;CVL2;site;VITRY;rapide;2026-09-30 11:00;BEST_GUESS;OK;262174;0;262174;10695;10181
2026-09-26T10:30:37;CVL2;site;RIS;rapide;2026-09-30 11:00;BEST_GUESS;OK;258419;1380;259799;10314;9975
2026-09-26T10:30:37;CVL3;site;VITRY;rapide;2026-09-30 11:00;BEST_GUESS;OK;130619;0;130619;5508;5212
2026-09-26T10:30:37;CVL3;site;RIS;rapide;2026-09-30 11:00;BEST_GUESS;OK;126864;1380;128244;5171;5006
2026-09-26T10:30:37;GE1;site;VITRY;rapide;2026-09-30 11:00;BEST_GUESS;OK;185285;0;185285;7336;6915
2026-09-26T10:30:37;GE1;site;RIS;rapide;2026-09-30 11:00;BEST_GUESS;OK;204704;1380;206084;8313;7834
2026-09-26T10:30:37;BFC1;site;VITRY;rapide;2026-09-30 11:00;BEST_GUESS;OK;312203;0;312203;11097;10719
2026-09-26T10:30:37;BFC1;site;RIS;rapide;2026-09-30 11:00;BEST_GUESS;OK;290785;1380;292165;9986;9824
2026-09-26T10:30:37;E_A1;entree;RIS;acces_impose;2026-09-30 11:00;BEST_GUESS;OK;67584;1380;68964;4505;3457
2026-09-26T10:30:37;E_A1;entree;RIS;impose_ouest;2026-09-30 11:00;BEST_GUESS;OK;86345;1380;87725;5441;4305
2026-09-26T10:30:37;E_A4;entree;RIS;acces_impose;2026-09-30 11:00;BEST_GUESS;OK;95907;1380;97287;4187;3915
2026-09-26T10:30:38;E_A4;entree;RIS;impose_est;2026-09-30 11:00;BEST_GUESS;OK;95907;1380;97287;4187;3915
2026-09-26T10:30:38;E_A5;entree;RIS;acces_impose;2026-09-30 11:00;BEST_GUESS;OK;74032;1380;75412;2897;2802
2026-09-26T10:30:38;E_A5;entree;RIS;impose_est;2026-09-30 11:00;BEST_GUESS;OK;74032;1380;75412;2897;2802
2026-09-26T10:30:38;E_A6;entree;RIS;acces_impose;2026-09-30 11:00;BEST_GUESS;OK;72354;1380;73734;2699;2641
2026-09-26T10:30:38;E_A6;entree;RIS;impose_est;2026-09-30 11:00;BEST_GUESS;OK;86270;1380;87650;3384;3292
2026-09-26T10:30:39;E_A10;entree;RIS;acces_impose;2026-09-30 11:00;BEST_GUESS;OK;59203;1380;60583;2459;2411
2026-09-26T10:30:39;E_A10;entree;RIS;impose_ouest;2026-09-30 11:00;BEST_GUESS;OK;59203;1380;60583;2459;2411
2026-09-26T10:30:39;E_A11;entree;RIS;acces_impose;2026-09-30 11:00;BEST_GUESS;OK;58437;1380;59817;2585;2527
2026-09-26T10:30:39;E_A11;entree;RIS;impose_ouest;2026-09-30 11:00;BEST_GUESS;OK;58437;1380;59817;2585;2527
2026-09-26T10:30:39;E_A13;entree;RIS;acces_impose;2026-09-30 11:00;BEST_GUESS;OK;100919;1380;102299;4406;4105
2026-09-26T10:30:40;E_A13;entree;RIS;impose_ouest;2026-09-30 11:00;BEST_GUESS;OK;115696;1380;117076;4938;4740
2026-09-26T10:30:40;E_A16;entree;RIS;acces_impose;2026-09-30 11:00;BEST_GUESS;OK;91380;1380;92760;4991;4341
2026-09-26T10:30:40;E_A16;entree;RIS;impose_ouest;2026-09-30 11:00;BEST_GUESS;OK;106157;1380;107537;5476;4977
2026-09-26T10:30:40;IDF1;site;RIS;acces_impose;2026-09-30 11:00;BEST_GUESS;OK;60653;1380;62033;4851;3740
2026-09-26T10:30:40;IDF1;site;RIS;impose_ouest;2026-09-30 11:00;BEST_GUESS;OK;79415;1380;80795;5802;4588
2026-09-26T10:30:41;IDF2;site;RIS;acces_impose;2026-09-30 11:00;BEST_GUESS;OK;14026;1380;15406;1212;1177
2026-09-26T10:30:41;IDF2;site;RIS;impose_ouest;2026-09-30 11:00;BEST_GUESS;OK;23176;1380;24556;1632;1590
2026-09-26T10:30:41;IDF3;site;RIS;acces_impose;2026-09-30 11:00;BEST_GUESS;OK;92571;1380;93951;5343;4715
2026-09-26T10:30:41;IDF3;site;RIS;impose_ouest;2026-09-30 11:00;BEST_GUESS;OK;107348;1380;108728;5878;5350
2026-09-26T10:30:41;IDF4;site;RIS;acces_impose;2026-09-30 11:00;BEST_GUESS;OK;49937;1380;51317;4104;3308
2026-09-26T10:30:42;IDF4;site;RIS;impose_ouest;2026-09-30 11:00;BEST_GUESS;OK;68699;1380;70079;5022;4155
2026-09-26T10:30:42;IDF5;site;RIS;acces_impose;2026-09-30 11:00;BEST_GUESS;OK;50047;1380;51427;4402;3526
2026-09-26T10:30:42;IDF5;site;RIS;impose_ouest;2026-09-30 11:00;BEST_GUESS;OK;68809;1380;70189;5335;4374
2026-09-26T10:30:42;IDF6;site;RIS;acces_impose;2026-09-30 11:00;BEST_GUESS;OK;59022;1380;60402;3752;3179
2026-09-26T10:30:42;IDF6;site;RIS;impose_ouest;2026-09-30 11:00;BEST_GUESS;OK;73799;1380;75179;4256;3814
2026-09-26T10:30:43;IDF7;site;RIS;acces_impose;2026-09-30 11:00;BEST_GUESS;OK;57906;1380;59286;3565;3058
2026-09-26T10:30:43;IDF7;site;RIS;impose_ouest;2026-09-30 11:00;BEST_GUESS;OK;72682;1380;74062;4096;3693
2026-09-26T10:30:43;IDF8;site;RIS;acces_impose;2026-09-30 11:00;BEST_GUESS;OK;67876;1380;69256;3617;3352
2026-09-26T10:30:43;IDF8;site;RIS;impose_est;2026-09-30 11:00;BEST_GUESS;OK;67876;1380;69256;3617;3352
2026-09-26T10:30:43;IDF9;site;RIS;acces_impose;2026-09-30 11:00;BEST_GUESS;OK;55209;1380;56589;3752;3306
2026-09-26T10:30:44;IDF9;site;RIS;impose_ouest;2026-09-30 11:00;BEST_GUESS;OK;69985;1380;71365;4256;3941
2026-09-26T10:30:44;IDF10;site;RIS;acces_impose;2026-09-30 11:00;BEST_GUESS;OK;53126;1380;54506;4301;3247
2026-09-26T10:30:44;IDF10;site;RIS;impose_ouest;2026-09-30 11:00;BEST_GUESS;OK;71888;1380;73268;5225;4094
2026-09-26T10:30:44;IDF11;site;RIS;acces_impose;2026-09-30 11:00;BEST_GUESS;OK;72285;1380;73665;3483;3233
2026-09-26T10:30:45;IDF11;site;RIS;impose_est;2026-09-30 11:00;BEST_GUESS;OK;72285;1380;73665;3483;3233
2026-09-26T10:30:45;IDF12;site;RIS;acces_impose;2026-09-30 11:00;BEST_GUESS;OK;34869;1380;36249;2607;2106
2026-09-26T10:30:45;IDF12;site;RIS;impose_est;2026-09-30 11:00;BEST_GUESS;OK;32483;1380;33863;2446;2372
2026-09-26T10:30:45;IDF13;site;RIS;acces_impose;2026-09-30 11:00;BEST_GUESS;OK;36001;1380;37381;2041;1960
2026-09-26T10:30:45;IDF13;site;RIS;impose_est;2026-09-30 11:00;BEST_GUESS;OK;36001;1380;37381;2041;1960
2026-09-26T10:30:45;IDF14;site;RIS;acces_impose;2026-09-30 11:00;BEST_GUESS;OK;16078;1380;17458;2015;1912
2026-09-26T10:30:46;IDF14;site;RIS;impose_est;2026-09-30 11:00;BEST_GUESS;OK;33504;1380;34884;2162;2057
2026-09-26T10:30:46;IDF15;site;RIS;acces_impose;2026-09-30 11:00;BEST_GUESS;OK;55151;1380;56531;2978;2819
2026-09-26T10:30:46;IDF15;site;RIS;impose_ouest;2026-09-30 11:00;BEST_GUESS;OK;69927;1380;71307;3543;3454
2026-09-26T10:30:46;HDF1;site;RIS;acces_impose;2026-09-30 11:00;BEST_GUESS;OK;228870;1380;230250;11006;10000
2026-09-26T10:30:46;HDF1;site;RIS;impose_est;2026-09-30 11:00;BEST_GUESS;OK;224950;1380;226330;10876;10145
2026-09-26T10:30:47;HDF2;site;RIS;acces_impose;2026-09-30 11:00;BEST_GUESS;OK;222412;1380;223792;10015;8889
2026-09-26T10:30:47;HDF2;site;RIS;impose_ouest;2026-09-30 11:00;BEST_GUESS;OK;241174;1380;242554;10998;9736
2026-09-26T10:30:47;HDF3;site;RIS;acces_impose;2026-09-30 11:00;BEST_GUESS;OK;270399;1380;271779;12095;11024
2026-09-26T10:30:48;HDF3;site;RIS;impose_ouest;2026-09-30 11:00;BEST_GUESS;OK;289161;1380;290541;13078;11871
2026-09-26T10:30:48;HDF4;site;RIS;acces_impose;2026-09-30 11:00;BEST_GUESS;OK;222410;1380;223790;10110;9013
2026-09-26T10:30:48;HDF4;site;RIS;impose_ouest;2026-09-30 11:00;BEST_GUESS;OK;241172;1380;242552;11104;9861
2026-09-26T10:30:49;HDF5;site;RIS;acces_impose;2026-09-30 11:00;BEST_GUESS;OK;243220;1380;244600;10708;9741
2026-09-26T10:30:49;HDF5;site;RIS;impose_ouest;2026-09-30 11:00;BEST_GUESS;OK;261982;1380;263362;11714;10588
2026-09-26T10:30:49;NOR1;site;RIS;acces_impose;2026-09-30 11:00;BEST_GUESS;OK;218404;1380;219784;8690;8179
2026-09-26T10:30:49;NOR1;site;RIS;impose_ouest;2026-09-30 11:00;BEST_GUESS;OK;233181;1380;234561;9184;8814
2026-09-26T10:30:50;NOR2;site;RIS;acces_impose;2026-09-30 11:00;BEST_GUESS;OK;147795;1380;149175;6078;5767
2026-09-26T10:30:50;NOR2;site;RIS;impose_ouest;2026-09-30 11:00;BEST_GUESS;OK;162572;1380;163952;6652;6402
2026-09-26T10:30:50;NOR3;site;RIS;acces_impose;2026-09-30 11:00;BEST_GUESS;OK;142728;1380;144108;6249;5877
2026-09-26T10:30:50;NOR3;site;RIS;impose_ouest;2026-09-30 11:00;BEST_GUESS;OK;157505;1380;158885;6818;6512
2026-09-26T10:30:51;CVL1;site;RIS;acces_impose;2026-09-30 11:00;BEST_GUESS;OK;222599;1380;223979;8170;7981
2026-09-26T10:30:51;CVL1;site;RIS;impose_ouest;2026-09-30 11:00;BEST_GUESS;OK;222599;1380;223979;8170;7981
2026-09-26T10:30:51;CVL2;site;RIS;acces_impose;2026-09-30 11:00;BEST_GUESS;OK;258419;1380;259799;10314;9975
2026-09-26T10:30:51;CVL2;site;RIS;impose_ouest;2026-09-30 11:00;BEST_GUESS;OK;258419;1380;259799;10314;9975
2026-09-26T10:30:52;CVL3;site;RIS;acces_impose;2026-09-30 11:00;BEST_GUESS;OK;126864;1380;128244;5171;5006
2026-09-26T10:30:52;CVL3;site;RIS;impose_ouest;2026-09-30 11:00;BEST_GUESS;OK;126864;1380;128244;5171;5006
2026-09-26T10:30:53;GE1;site;RIS;acces_impose;2026-09-30 11:00;BEST_GUESS;OK;208102;1380;209482;8246;7779
2026-09-26T10:30:53;GE1;site;RIS;impose_est;2026-09-30 11:00;BEST_GUESS;OK;208102;1380;209482;8246;7779
2026-09-26T10:30:53;BFC1;site;RIS;acces_impose;2026-09-30 11:00;BEST_GUESS;OK;290785;1380;292165;9986;9823
2026-09-26T10:30:53;BFC1;site;RIS;impose_est;2026-09-30 11:00;BEST_GUESS;OK;304701;1380;306081;10694;10474
2026-09-26T10:30:54;E_A1;entree;VITRY;rapide;2026-09-30 12:00;BEST_GUESS;OK;48820;0;48820;3204;2558
2026-09-26T10:30:54;E_A1;entree;RIS;rapide;2026-09-30 12:00;BEST_GUESS;OK;65882;1380;67262;4349;3448
2026-09-26T10:30:54;E_A4;entree;VITRY;rapide;2026-09-30 12:00;BEST_GUESS;OK;73090;0;73090;3316;3052
2026-09-26T10:30:54;E_A4;entree;RIS;rapide;2026-09-30 12:00;BEST_GUESS;OK;92509;1380;93889;4314;3971
2026-09-26T10:30:54;E_A5;entree;VITRY;rapide;2026-09-30 12:00;BEST_GUESS;OK;82488;0;82488;3747;3626
2026-09-26T10:30:54;E_A5;entree;RIS;rapide;2026-09-30 12:00;BEST_GUESS;OK;70634;1380;72014;2960;2857
2026-09-26T10:30:54;E_A6;entree;VITRY;rapide;2026-09-30 12:00;BEST_GUESS;OK;93772;0;93772;3753;3537
2026-09-26T10:30:54;E_A6;entree;RIS;rapide;2026-09-30 12:00;BEST_GUESS;OK;72354;1380;73734;2724;2642
2026-09-26T10:30:54;E_A10;entree;VITRY;rapide;2026-09-30 12:00;BEST_GUESS;OK;62958;0;62958;2832;2617
2026-09-26T10:30:54;E_A10;entree;RIS;rapide;2026-09-30 12:00;BEST_GUESS;OK;59203;1380;60583;2502;2411
2026-09-26T10:30:54;E_A11;entree;VITRY;rapide;2026-09-30 12:00;BEST_GUESS;OK;62192;0;62192;2968;2733
2026-09-26T10:30:54;E_A11;entree;RIS;rapide;2026-09-30 12:00;BEST_GUESS;OK;58437;1380;59817;2639;2526
2026-09-26T10:30:54;E_A13;entree;VITRY;rapide;2026-09-30 12:00;BEST_GUESS;OK;92461;0;92461;4079;3779
2026-09-26T10:30:54;E_A13;entree;RIS;rapide;2026-09-30 12:00;BEST_GUESS;OK;99218;1380;100598;4425;4096
2026-09-26T10:30:54;E_A16;entree;VITRY;rapide;2026-09-30 12:00;BEST_GUESS;OK;69185;0;69185;4243;3564
2026-09-26T10:30:54;E_A16;entree;RIS;rapide;2026-09-30 12:00;BEST_GUESS;OK;89679;1380;91059;4918;4332
2026-09-26T10:30:54;IDF1;site;VITRY;rapide;2026-09-30 12:00;BEST_GUESS;OK;41890;0;41890;3557;2841
2026-09-26T10:30:54;IDF1;site;RIS;rapide;2026-09-30 12:00;BEST_GUESS;OK;58952;1380;60332;4789;3731
2026-09-26T10:30:54;IDF2;site;VITRY;rapide;2026-09-30 12:00;BEST_GUESS;OK;35448;0;35448;2274;2082
2026-09-26T10:30:54;IDF2;site;RIS;rapide;2026-09-30 12:00;BEST_GUESS;OK;14026;1380;15406;1231;1177
2026-09-26T10:30:54;IDF3;site;VITRY;rapide;2026-09-30 12:00;BEST_GUESS;OK;66563;0;66563;4496;3895
2026-09-26T10:30:54;IDF3;site;RIS;rapide;2026-09-30 12:00;BEST_GUESS;OK;90870;1380;92250;5315;4706
2026-09-26T10:30:54;IDF4;site;VITRY;rapide;2026-09-30 12:00;BEST_GUESS;OK;31174;0;31174;2958;2409
2026-09-26T10:30:54;IDF4;site;RIS;rapide;2026-09-30 12:00;BEST_GUESS;OK;48235;1380;49615;4138;3299
2026-09-26T10:30:54;IDF5;site;VITRY;rapide;2026-09-30 12:00;BEST_GUESS;OK;27596;0;27596;3340;2840
2026-09-26T10:30:54;IDF5;site;RIS;rapide;2026-09-30 12:00;BEST_GUESS;OK;48346;1380;49726;4357;3517
2026-09-26T10:30:54;IDF6;site;VITRY;rapide;2026-09-30 12:00;BEST_GUESS;OK;41449;0;41449;3416;2811
2026-09-26T10:30:54;IDF6;site;RIS;rapide;2026-09-30 12:00;BEST_GUESS;OK;57321;1380;58701;3803;3170
2026-09-26T10:30:54;IDF7;site;VITRY;rapide;2026-09-30 12:00;BEST_GUESS;OK;40735;0;40735;3235;2678
2026-09-26T10:30:54;IDF7;site;RIS;rapide;2026-09-30 12:00;BEST_GUESS;OK;56204;1380;57584;3621;3049
2026-09-26T10:30:54;IDF8;site;VITRY;rapide;2026-09-30 12:00;BEST_GUESS;OK;45059;0;45059;2757;2489
2026-09-26T10:30:54;IDF8;site;RIS;rapide;2026-09-30 12:00;BEST_GUESS;OK;64478;1380;65858;3740;3408
2026-09-26T10:30:54;IDF9;site;VITRY;rapide;2026-09-30 12:00;BEST_GUESS;OK;46751;0;46751;3484;2980
2026-09-26T10:30:54;IDF9;site;RIS;rapide;2026-09-30 12:00;BEST_GUESS;OK;53507;1380;54887;3821;3297
2026-09-26T10:30:54;IDF10;site;VITRY;rapide;2026-09-30 12:00;BEST_GUESS;OK;34363;0;34363;3024;2348
2026-09-26T10:30:54;IDF10;site;RIS;rapide;2026-09-30 12:00;BEST_GUESS;OK;51425;1380;52805;4186;3238
2026-09-26T10:30:54;IDF11;site;VITRY;rapide;2026-09-30 12:00;BEST_GUESS;OK;49468;0;49468;2638;2370
2026-09-26T10:30:54;IDF11;site;RIS;rapide;2026-09-30 12:00;BEST_GUESS;OK;68887;1380;70267;3617;3288
2026-09-26T10:30:54;IDF12;site;VITRY;rapide;2026-09-30 12:00;BEST_GUESS;OK;11529;0;11529;1135;1049
2026-09-26T10:30:54;IDF12;site;RIS;rapide;2026-09-30 12:00;BEST_GUESS;OK;14828;1380;16208;2053;1956
2026-09-26T10:30:54;IDF13;site;VITRY;rapide;2026-09-30 12:00;BEST_GUESS;OK;38905;0;38905;2699;2536
2026-09-26T10:30:54;IDF13;site;RIS;rapide;2026-09-30 12:00;BEST_GUESS;OK;32603;1380;33983;2146;2015
2026-09-26T10:30:54;IDF14;site;VITRY;rapide;2026-09-30 12:00;BEST_GUESS;OK;7703;0;7703;1336;1243
2026-09-26T10:30:54;IDF14;site;RIS;rapide;2026-09-30 12:00;BEST_GUESS;OK;10572;1380;11952;1402;1306
2026-09-26T10:30:54;IDF15;site;VITRY;rapide;2026-09-30 12:00;BEST_GUESS;OK;46693;0;46693;2727;2492
2026-09-26T10:30:54;IDF15;site;RIS;rapide;2026-09-30 12:00;BEST_GUESS;OK;53449;1380;54829;3069;2809
2026-09-26T10:30:54;HDF1;site;VITRY;rapide;2026-09-30 12:00;BEST_GUESS;OK;210106;0;210106;9757;9101
2026-09-26T10:30:54;HDF1;site;RIS;rapide;2026-09-30 12:00;BEST_GUESS;OK;227168;1380;228548;11035;9991
2026-09-26T10:30:54;HDF2;site;VITRY;rapide;2026-09-30 12:00;BEST_GUESS;OK;203649;0;203649;8617;7989
2026-09-26T10:30:54;HDF2;site;RIS;rapide;2026-09-30 12:00;BEST_GUESS;OK;220711;1380;222091;9881;8880
2026-09-26T10:30:54;HDF3;site;VITRY;rapide;2026-09-30 12:00;BEST_GUESS;OK;251635;0;251635;10901;10124
2026-09-26T10:30:54;HDF3;site;RIS;rapide;2026-09-30 12:00;BEST_GUESS;OK;268698;1380;270078;12099;11014
2026-09-26T10:30:54;HDF4;site;VITRY;rapide;2026-09-30 12:00;BEST_GUESS;OK;203647;0;203647;8760;8114
2026-09-26T10:30:54;HDF4;site;RIS;rapide;2026-09-30 12:00;BEST_GUESS;OK;220709;1380;222089;10015;9004
2026-09-26T10:30:54;HDF5;site;VITRY;rapide;2026-09-30 12:00;BEST_GUESS;OK;224457;0;224457;9494;8842
2026-09-26T10:30:54;HDF5;site;RIS;rapide;2026-09-30 12:00;BEST_GUESS;OK;241519;1380;242899;10775;9732
2026-09-26T10:30:54;NOR1;site;VITRY;rapide;2026-09-30 12:00;BEST_GUESS;OK;209946;0;209946;8374;7853
2026-09-26T10:30:54;NOR1;site;RIS;rapide;2026-09-30 12:00;BEST_GUESS;OK;216703;1380;218083;8762;8170
2026-09-26T10:30:54;NOR2;site;VITRY;rapide;2026-09-30 12:00;BEST_GUESS;OK;139338;0;139338;5819;5440
2026-09-26T10:30:54;NOR2;site;RIS;rapide;2026-09-30 12:00;BEST_GUESS;OK;146094;1380;147474;6209;5757
2026-09-26T10:30:54;NOR3;site;VITRY;rapide;2026-09-30 12:00;BEST_GUESS;OK;134270;0;134270;5994;5551
2026-09-26T10:30:54;NOR3;site;RIS;rapide;2026-09-30 12:00;BEST_GUESS;OK;141027;1380;142407;6383;5868
2026-09-26T10:30:54;CVL1;site;VITRY;rapide;2026-09-30 12:00;BEST_GUESS;OK;226354;0;226354;8594;8187
2026-09-26T10:30:54;CVL1;site;RIS;rapide;2026-09-30 12:00;BEST_GUESS;OK;222599;1380;223979;8241;7982
2026-09-26T10:30:54;CVL2;site;VITRY;rapide;2026-09-30 12:00;BEST_GUESS;OK;262174;0;262174;10618;10181
2026-09-26T10:30:54;CVL2;site;RIS;rapide;2026-09-30 12:00;BEST_GUESS;OK;258419;1380;259799;10297;9975
2026-09-26T10:30:54;CVL3;site;VITRY;rapide;2026-09-30 12:00;BEST_GUESS;OK;130619;0;130619;5495;5212
2026-09-26T10:30:54;CVL3;site;RIS;rapide;2026-09-30 12:00;BEST_GUESS;OK;126864;1380;128244;5198;5006
2026-09-26T10:30:54;GE1;site;VITRY;rapide;2026-09-30 12:00;BEST_GUESS;OK;185285;0;185285;7316;6915
2026-09-26T10:30:54;GE1;site;RIS;rapide;2026-09-30 12:00;BEST_GUESS;OK;204704;1380;206084;8316;7834
2026-09-26T10:30:54;BFC1;site;VITRY;rapide;2026-09-30 12:00;BEST_GUESS;OK;312203;0;312203;11052;10719
2026-09-26T10:30:54;BFC1;site;RIS;rapide;2026-09-30 12:00;BEST_GUESS;OK;290785;1380;292165;9980;9824
2026-09-26T10:30:55;E_A1;entree;RIS;acces_impose;2026-09-30 12:00;BEST_GUESS;OK;67584;1380;68964;4350;3457
2026-09-26T10:30:55;E_A1;entree;RIS;impose_ouest;2026-09-30 12:00;BEST_GUESS;OK;86345;1380;87725;5293;4305
2026-09-26T10:30:55;E_A4;entree;RIS;acces_impose;2026-09-30 12:00;BEST_GUESS;OK;95907;1380;97287;4257;3915
2026-09-26T10:30:56;E_A4;entree;RIS;impose_est;2026-09-30 12:00;BEST_GUESS;OK;95907;1380;97287;4257;3915
2026-09-26T10:30:56;E_A5;entree;RIS;acces_impose;2026-09-30 12:00;BEST_GUESS;OK;74032;1380;75412;2920;2802
2026-09-26T10:30:56;E_A5;entree;RIS;impose_est;2026-09-30 12:00;BEST_GUESS;OK;74032;1380;75412;2920;2802
2026-09-26T10:30:57;E_A6;entree;RIS;acces_impose;2026-09-30 12:00;BEST_GUESS;OK;72354;1380;73734;2724;2641
2026-09-26T10:30:57;E_A6;entree;RIS;impose_est;2026-09-30 12:00;BEST_GUESS;OK;86270;1380;87650;3424;3292
2026-09-26T10:30:57;E_A10;entree;RIS;acces_impose;2026-09-30 12:00;BEST_GUESS;OK;59203;1380;60583;2502;2411
2026-09-26T10:30:57;E_A10;entree;RIS;impose_ouest;2026-09-30 12:00;BEST_GUESS;OK;59203;1380;60583;2502;2411
2026-09-26T10:30:57;E_A11;entree;RIS;acces_impose;2026-09-30 12:00;BEST_GUESS;OK;58437;1380;59817;2638;2527
2026-09-26T10:30:58;E_A11;entree;RIS;impose_ouest;2026-09-30 12:00;BEST_GUESS;OK;58437;1380;59817;2638;2527
2026-09-26T10:30:58;E_A13;entree;RIS;acces_impose;2026-09-30 12:00;BEST_GUESS;OK;100919;1380;102299;4427;4105
2026-09-26T10:30:58;E_A13;entree;RIS;impose_ouest;2026-09-30 12:00;BEST_GUESS;OK;115696;1380;117076;4944;4740
2026-09-26T10:30:58;E_A16;entree;RIS;acces_impose;2026-09-30 12:00;BEST_GUESS;OK;91380;1380;92760;4920;4341
2026-09-26T10:30:58;E_A16;entree;RIS;impose_ouest;2026-09-30 12:00;BEST_GUESS;OK;106157;1380;107537;5437;4977
2026-09-26T10:30:59;IDF1;site;RIS;acces_impose;2026-09-30 12:00;BEST_GUESS;OK;60653;1380;62033;4791;3740
2026-09-26T10:30:59;IDF1;site;RIS;impose_ouest;2026-09-30 12:00;BEST_GUESS;OK;79415;1380;80795;5717;4588
2026-09-26T10:30:59;IDF2;site;RIS;acces_impose;2026-09-30 12:00;BEST_GUESS;OK;14026;1380;15406;1231;1177
2026-09-26T10:30:59;IDF2;site;RIS;impose_ouest;2026-09-30 12:00;BEST_GUESS;OK;23176;1380;24556;1686;1590
2026-09-26T10:31:00;IDF3;site;RIS;acces_impose;2026-09-30 12:00;BEST_GUESS;OK;92571;1380;93951;5320;4715
2026-09-26T10:31:00;IDF3;site;RIS;impose_ouest;2026-09-30 12:00;BEST_GUESS;OK;107348;1380;108728;5791;5350
2026-09-26T10:31:00;IDF4;site;RIS;acces_impose;2026-09-30 12:00;BEST_GUESS;OK;49937;1380;51317;4143;3308
2026-09-26T10:31:00;IDF4;site;RIS;impose_ouest;2026-09-30 12:00;BEST_GUESS;OK;68699;1380;70079;5078;4155
2026-09-26T10:31:00;IDF5;site;RIS;acces_impose;2026-09-30 12:00;BEST_GUESS;OK;50047;1380;51427;4359;3526
2026-09-26T10:31:01;IDF5;site;RIS;impose_ouest;2026-09-30 12:00;BEST_GUESS;OK;68809;1380;70189;5302;4374
2026-09-26T10:31:01;IDF6;site;RIS;acces_impose;2026-09-30 12:00;BEST_GUESS;OK;59022;1380;60402;3806;3179
2026-09-26T10:31:01;IDF6;site;RIS;impose_ouest;2026-09-30 12:00;BEST_GUESS;OK;73799;1380;75179;4290;3814
2026-09-26T10:31:01;IDF7;site;RIS;acces_impose;2026-09-30 12:00;BEST_GUESS;OK;57906;1380;59286;3624;3058
2026-09-26T10:31:01;IDF7;site;RIS;impose_ouest;2026-09-30 12:00;BEST_GUESS;OK;72682;1380;74062;4113;3693
2026-09-26T10:31:02;IDF8;site;RIS;acces_impose;2026-09-30 12:00;BEST_GUESS;OK;67876;1380;69256;3683;3352
2026-09-26T10:31:02;IDF8;site;RIS;impose_est;2026-09-30 12:00;BEST_GUESS;OK;67876;1380;69256;3683;3352
2026-09-26T10:31:03;IDF9;site;RIS;acces_impose;2026-09-30 12:00;BEST_GUESS;OK;55209;1380;56589;3824;3306
2026-09-26T10:31:03;IDF9;site;RIS;impose_ouest;2026-09-30 12:00;BEST_GUESS;OK;69985;1380;71365;4308;3941
2026-09-26T10:31:03;IDF10;site;RIS;acces_impose;2026-09-30 12:00;BEST_GUESS;OK;53126;1380;54506;4191;3247
2026-09-26T10:31:03;IDF10;site;RIS;impose_ouest;2026-09-30 12:00;BEST_GUESS;OK;71888;1380;73268;5127;4094
2026-09-26T10:31:04;IDF11;site;RIS;acces_impose;2026-09-30 12:00;BEST_GUESS;OK;72285;1380;73665;3568;3233
2026-09-26T10:31:04;IDF11;site;RIS;impose_est;2026-09-30 12:00;BEST_GUESS;OK;72285;1380;73665;3568;3233
2026-09-26T10:31:04;IDF12;site;RIS;acces_impose;2026-09-30 12:00;BEST_GUESS;OK;34869;1380;36249;2488;2106
2026-09-26T10:31:04;IDF12;site;RIS;impose_est;2026-09-30 12:00;BEST_GUESS;OK;32483;1380;33863;2464;2372
2026-09-26T10:31:04;IDF13;site;RIS;acces_impose;2026-09-30 12:00;BEST_GUESS;OK;36001;1380;37381;2086;1960
2026-09-26T10:31:05;IDF13;site;RIS;impose_est;2026-09-30 12:00;BEST_GUESS;OK;36001;1380;37381;2086;1960
2026-09-26T10:31:05;IDF14;site;RIS;acces_impose;2026-09-30 12:00;BEST_GUESS;OK;16078;1380;17458;2040;1912
2026-09-26T10:31:05;IDF14;site;RIS;impose_est;2026-09-30 12:00;BEST_GUESS;OK;33504;1380;34884;2197;2057
2026-09-26T10:31:05;IDF15;site;RIS;acces_impose;2026-09-30 12:00;BEST_GUESS;OK;55151;1380;56531;3071;2819
2026-09-26T10:31:05;IDF15;site;RIS;impose_ouest;2026-09-30 12:00;BEST_GUESS;OK;69927;1380;71307;3576;3454
2026-09-26T10:31:05;HDF1;site;RIS;acces_impose;2026-09-30 12:00;BEST_GUESS;OK;228870;1380;230250;11042;10000
2026-09-26T10:31:06;HDF1;site;RIS;impose_est;2026-09-30 12:00;BEST_GUESS;OK;224950;1380;226330;10873;10145
2026-09-26T10:31:06;HDF2;site;RIS;acces_impose;2026-09-30 12:00;BEST_GUESS;OK;222412;1380;223792;9884;8889
2026-09-26T10:31:06;HDF2;site;RIS;impose_ouest;2026-09-30 12:00;BEST_GUESS;OK;241174;1380;242554;10908;9736
2026-09-26T10:31:07;HDF3;site;RIS;acces_impose;2026-09-30 12:00;BEST_GUESS;OK;270399;1380;271779;12102;11024
2026-09-26T10:31:08;HDF3;site;RIS;impose_ouest;2026-09-30 12:00;BEST_GUESS;OK;289161;1380;290541;13139;11871
2026-09-26T10:31:08;HDF4;site;RIS;acces_impose;2026-09-30 12:00;BEST_GUESS;OK;222410;1380;223790;10018;9013
2026-09-26T10:31:08;HDF4;site;RIS;impose_ouest;2026-09-30 12:00;BEST_GUESS;OK;241172;1380;242552;11039;9861
2026-09-26T10:31:09;HDF5;site;RIS;acces_impose;2026-09-30 12:00;BEST_GUESS;OK;243220;1380;244600;10781;9741
2026-09-26T10:31:09;HDF5;site;RIS;impose_ouest;2026-09-30 12:00;BEST_GUESS;OK;261982;1380;263362;11775;10588
2026-09-26T10:31:09;NOR1;site;RIS;acces_impose;2026-09-30 12:00;BEST_GUESS;OK;218404;1380;219784;8771;8179
2026-09-26T10:31:10;NOR1;site;RIS;impose_ouest;2026-09-30 12:00;BEST_GUESS;OK;233181;1380;234561;9272;8814
2026-09-26T10:31:10;NOR2;site;RIS;acces_impose;2026-09-30 12:00;BEST_GUESS;OK;147795;1380;149175;6216;5767
2026-09-26T10:31:10;NOR2;site;RIS;impose_ouest;2026-09-30 12:00;BEST_GUESS;OK;162572;1380;163952;6679;6402
2026-09-26T10:31:10;NOR3;site;RIS;acces_impose;2026-09-30 12:00;BEST_GUESS;OK;142728;1380;144108;6390;5877
2026-09-26T10:31:11;NOR3;site;RIS;impose_ouest;2026-09-30 12:00;BEST_GUESS;OK;157505;1380;158885;6857;6512
2026-09-26T10:31:11;CVL1;site;RIS;acces_impose;2026-09-30 12:00;BEST_GUESS;OK;222599;1380;223979;8241;7981
2026-09-26T10:31:11;CVL1;site;RIS;impose_ouest;2026-09-30 12:00;BEST_GUESS;OK;222599;1380;223979;8241;7981
2026-09-26T10:31:12;CVL2;site;RIS;acces_impose;2026-09-30 12:00;BEST_GUESS;OK;258419;1380;259799;10297;9975
2026-09-26T10:31:12;CVL2;site;RIS;impose_ouest;2026-09-30 12:00;BEST_GUESS;OK;258419;1380;259799;10297;9975
2026-09-26T10:31:12;CVL3;site;RIS;acces_impose;2026-09-30 12:00;BEST_GUESS;OK;126864;1380;128244;5198;5006
2026-09-26T10:31:13;CVL3;site;RIS;impose_ouest;2026-09-30 12:00;BEST_GUESS;OK;126864;1380;128244;5198;5006
2026-09-26T10:31:13;GE1;site;RIS;acces_impose;2026-09-30 12:00;BEST_GUESS;OK;208102;1380;209482;8246;7779
2026-09-26T10:31:13;GE1;site;RIS;impose_est;2026-09-30 12:00;BEST_GUESS;OK;208102;1380;209482;8246;7779
2026-09-26T10:31:15;BFC1;site;RIS;acces_impose;2026-09-30 12:00;BEST_GUESS;OK;290785;1380;292165;9980;9823
2026-09-26T10:31:15;BFC1;site;RIS;impose_est;2026-09-30 12:00;BEST_GUESS;OK;304701;1380;306081;10735;10474
2026-09-26T10:31:15;E_A1;entree;VITRY;rapide;2026-09-30 13:00;BEST_GUESS;OK;48820;0;48820;3051;2558
2026-09-26T10:31:15;E_A1;entree;RIS;rapide;2026-09-30 13:00;BEST_GUESS;OK;65882;1380;67262;4341;3448
2026-09-26T10:31:15;E_A4;entree;VITRY;rapide;2026-09-30 13:00;BEST_GUESS;OK;73090;0;73090;3301;3052
2026-09-26T10:31:15;E_A4;entree;RIS;rapide;2026-09-30 13:00;BEST_GUESS;OK;92509;1380;93889;4325;3971
2026-09-26T10:31:15;E_A5;entree;VITRY;rapide;2026-09-30 13:00;BEST_GUESS;OK;82488;0;82488;3740;3626
2026-09-26T10:31:15;E_A5;entree;RIS;rapide;2026-09-30 13:00;BEST_GUESS;OK;70634;1380;72014;2970;2857
2026-09-26T10:31:15;E_A6;entree;VITRY;rapide;2026-09-30 13:00;BEST_GUESS;OK;93772;0;93772;3811;3537
2026-09-26T10:31:15;E_A6;entree;RIS;rapide;2026-09-30 13:00;BEST_GUESS;OK;72354;1380;73734;2697;2642
2026-09-26T10:31:15;E_A10;entree;VITRY;rapide;2026-09-30 13:00;BEST_GUESS;OK;62958;0;62958;2864;2617
2026-09-26T10:31:15;E_A10;entree;RIS;rapide;2026-09-30 13:00;BEST_GUESS;OK;59203;1380;60583;2508;2411
2026-09-26T10:31:15;E_A11;entree;VITRY;rapide;2026-09-30 13:00;BEST_GUESS;OK;62192;0;62192;2995;2733
2026-09-26T10:31:15;E_A11;entree;RIS;rapide;2026-09-30 13:00;BEST_GUESS;OK;58437;1380;59817;2644;2528
2026-09-26T10:31:15;E_A13;entree;VITRY;rapide;2026-09-30 13:00;BEST_GUESS;OK;92461;0;92461;4122;3778
2026-09-26T10:31:15;E_A13;entree;RIS;rapide;2026-09-30 13:00;BEST_GUESS;OK;99218;1380;100598;4470;4096
2026-09-26T10:31:15;E_A16;entree;VITRY;rapide;2026-09-30 13:00;BEST_GUESS;OK;69185;0;69185;4185;3564
2026-09-26T10:31:15;E_A16;entree;RIS;rapide;2026-09-30 13:00;BEST_GUESS;OK;89679;1380;91059;5084;4332
2026-09-26T10:31:15;IDF1;site;VITRY;rapide;2026-09-30 13:00;BEST_GUESS;OK;41890;0;41890;3392;2841
2026-09-26T10:31:15;IDF1;site;RIS;rapide;2026-09-30 13:00;BEST_GUESS;OK;58952;1380;60332;4655;3731
2026-09-26T10:31:15;IDF2;site;VITRY;rapide;2026-09-30 13:00;BEST_GUESS;OK;35448;0;35448;2319;2082
2026-09-26T10:31:15;IDF2;site;RIS;rapide;2026-09-30 13:00;BEST_GUESS;OK;14026;1380;15406;1221;1177
2026-09-26T10:31:15;IDF3;site;VITRY;rapide;2026-09-30 13:00;BEST_GUESS;OK;66563;0;66563;4405;3895
2026-09-26T10:31:15;IDF3;site;RIS;rapide;2026-09-30 13:00;BEST_GUESS;OK;90870;1380;92250;5424;4706
2026-09-26T10:31:15;IDF4;site;VITRY;rapide;2026-09-30 13:00;BEST_GUESS;OK;31174;0;31174;2779;2409
2026-09-26T10:31:15;IDF4;site;RIS;rapide;2026-09-30 13:00;BEST_GUESS;OK;48236;1380;49616;4066;3299
2026-09-26T10:31:15;IDF5;site;VITRY;rapide;2026-09-30 13:00;BEST_GUESS;OK;27596;0;27596;3304;2840
2026-09-26T10:31:15;IDF5;site;RIS;rapide;2026-09-30 13:00;BEST_GUESS;OK;48346;1380;49726;4306;3517
2026-09-26T10:31:15;IDF6;site;VITRY;rapide;2026-09-30 13:00;BEST_GUESS;OK;41449;0;41449;3272;2811
2026-09-26T10:31:15;IDF6;site;RIS;rapide;2026-09-30 13:00;BEST_GUESS;OK;57321;1380;58701;3788;3170
2026-09-26T10:31:15;IDF7;site;VITRY;rapide;2026-09-30 13:00;BEST_GUESS;OK;40735;0;40735;3122;2678
2026-09-26T10:31:15;IDF7;site;RIS;rapide;2026-09-30 13:00;BEST_GUESS;OK;56204;1380;57584;3660;3049
2026-09-26T10:31:15;IDF8;site;VITRY;rapide;2026-09-30 13:00;BEST_GUESS;OK;45059;0;45059;2712;2489
2026-09-26T10:31:15;IDF8;site;RIS;rapide;2026-09-30 13:00;BEST_GUESS;OK;64478;1380;65858;3728;3408
2026-09-26T10:31:15;IDF9;site;VITRY;rapide;2026-09-30 13:00;BEST_GUESS;OK;46751;0;46751;3482;2980
2026-09-26T10:31:15;IDF9;site;RIS;rapide;2026-09-30 13:00;BEST_GUESS;OK;53507;1380;54887;3837;3297
2026-09-26T10:31:15;IDF10;site;VITRY;rapide;2026-09-30 13:00;BEST_GUESS;OK;34363;0;34363;2863;2348
2026-09-26T10:31:15;IDF10;site;RIS;rapide;2026-09-30 13:00;BEST_GUESS;OK;51425;1380;52805;4150;3238
2026-09-26T10:31:15;IDF11;site;VITRY;rapide;2026-09-30 13:00;BEST_GUESS;OK;49468;0;49468;2583;2370
2026-09-26T10:31:15;IDF11;site;RIS;rapide;2026-09-30 13:00;BEST_GUESS;OK;68887;1380;70267;3613;3288
2026-09-26T10:31:15;IDF12;site;VITRY;rapide;2026-09-30 13:00;BEST_GUESS;OK;11529;0;11529;1080;1049
2026-09-26T10:31:15;IDF12;site;RIS;rapide;2026-09-30 13:00;BEST_GUESS;OK;14828;1380;16208;2065;1956
2026-09-26T10:31:15;IDF13;site;VITRY;rapide;2026-09-30 13:00;BEST_GUESS;OK;38905;0;38905;2621;2536
2026-09-26T10:31:15;IDF13;site;RIS;rapide;2026-09-30 13:00;BEST_GUESS;OK;32603;1380;33983;2119;2014
2026-09-26T10:31:15;IDF14;site;VITRY;rapide;2026-09-30 13:00;BEST_GUESS;OK;7704;0;7704;1271;1243
2026-09-26T10:31:15;IDF14;site;RIS;rapide;2026-09-30 13:00;BEST_GUESS;OK;10572;1380;11952;1384;1306
2026-09-26T10:31:15;IDF15;site;VITRY;rapide;2026-09-30 13:00;BEST_GUESS;OK;46693;0;46693;2794;2492
2026-09-26T10:31:15;IDF15;site;RIS;rapide;2026-09-30 13:00;BEST_GUESS;OK;53449;1380;54829;3187;2809
2026-09-26T10:31:15;HDF1;site;VITRY;rapide;2026-09-30 13:00;BEST_GUESS;OK;210106;0;210106;9964;9101
2026-09-26T10:31:15;HDF1;site;RIS;rapide;2026-09-30 13:00;BEST_GUESS;OK;227168;1380;228548;11262;9991
2026-09-26T10:31:15;HDF2;site;VITRY;rapide;2026-09-30 13:00;BEST_GUESS;OK;203649;0;203649;8823;7989
2026-09-26T10:31:15;HDF2;site;RIS;rapide;2026-09-30 13:00;BEST_GUESS;OK;220711;1380;222091;10085;8880
2026-09-26T10:31:15;HDF3;site;VITRY;rapide;2026-09-30 13:00;BEST_GUESS;OK;251636;0;251636;10987;10124
2026-09-26T10:31:15;HDF3;site;RIS;rapide;2026-09-30 13:00;BEST_GUESS;OK;268698;1380;270078;12352;11014
2026-09-26T10:31:15;HDF4;site;VITRY;rapide;2026-09-30 13:00;BEST_GUESS;OK;203647;0;203647;8940;8114
2026-09-26T10:31:15;HDF4;site;RIS;rapide;2026-09-30 13:00;BEST_GUESS;OK;220709;1380;222089;10201;9004
2026-09-26T10:31:15;HDF5;site;VITRY;rapide;2026-09-30 13:00;BEST_GUESS;OK;224457;0;224457;9703;8842
2026-09-26T10:31:15;HDF5;site;RIS;rapide;2026-09-30 13:00;BEST_GUESS;OK;241519;1380;242899;10969;9732
2026-09-26T10:31:15;NOR1;site;VITRY;rapide;2026-09-30 13:00;BEST_GUESS;OK;209946;0;209946;8420;7853
2026-09-26T10:31:15;NOR1;site;RIS;rapide;2026-09-30 13:00;BEST_GUESS;OK;216703;1380;218083;8795;8170
2026-09-26T10:31:15;NOR2;site;VITRY;rapide;2026-09-30 13:00;BEST_GUESS;OK;139338;0;139338;5877;5440
2026-09-26T10:31:15;NOR2;site;RIS;rapide;2026-09-30 13:00;BEST_GUESS;OK;146094;1380;147474;6295;5757
2026-09-26T10:31:15;NOR3;site;VITRY;rapide;2026-09-30 13:00;BEST_GUESS;OK;134270;0;134270;5995;5551
2026-09-26T10:31:15;NOR3;site;RIS;rapide;2026-09-30 13:00;BEST_GUESS;OK;141027;1380;142407;6416;5868
2026-09-26T10:31:15;CVL1;site;VITRY;rapide;2026-09-30 13:00;BEST_GUESS;OK;226354;0;226354;8564;8187
2026-09-26T10:31:15;CVL1;site;RIS;rapide;2026-09-30 13:00;BEST_GUESS;OK;222599;1380;223979;8178;7982
2026-09-26T10:31:15;CVL2;site;VITRY;rapide;2026-09-30 13:00;BEST_GUESS;OK;262174;0;262174;10679;10181
2026-09-26T10:31:15;CVL2;site;RIS;rapide;2026-09-30 13:00;BEST_GUESS;OK;258418;1380;259798;10251;9976
2026-09-26T10:31:15;CVL3;site;VITRY;rapide;2026-09-30 13:00;BEST_GUESS;OK;130618;0;130618;5579;5212
2026-09-26T10:31:15;CVL3;site;RIS;rapide;2026-09-30 13:00;BEST_GUESS;OK;126864;1380;128244;5186;5006
2026-09-26T10:31:15;GE1;site;VITRY;rapide;2026-09-30 13:00;BEST_GUESS;OK;185285;0;185285;7130;6915
2026-09-26T10:31:15;GE1;site;RIS;rapide;2026-09-30 13:00;BEST_GUESS;OK;204704;1380;206084;8271;7834
2026-09-26T10:31:15;BFC1;site;VITRY;rapide;2026-09-30 13:00;BEST_GUESS;OK;312203;0;312203;11079;10719
2026-09-26T10:31:15;BFC1;site;RIS;rapide;2026-09-30 13:00;BEST_GUESS;OK;290785;1380;292165;9864;9824
2026-09-26T10:31:16;E_A1;entree;RIS;acces_impose;2026-09-30 13:00;BEST_GUESS;OK;67584;1380;68964;4347;3457
2026-09-26T10:31:16;E_A1;entree;RIS;impose_ouest;2026-09-30 13:00;BEST_GUESS;OK;86345;1380;87725;5332;4305
2026-09-26T10:31:17;E_A4;entree;RIS;acces_impose;2026-09-30 13:00;BEST_GUESS;OK;95907;1380;97287;4267;3915
2026-09-26T10:31:17;E_A4;entree;RIS;impose_est;2026-09-30 13:00;BEST_GUESS;OK;95907;1380;97287;4267;3915
2026-09-26T10:31:17;E_A5;entree;RIS;acces_impose;2026-09-30 13:00;BEST_GUESS;OK;74032;1380;75412;2909;2802
2026-09-26T10:31:17;E_A5;entree;RIS;impose_est;2026-09-30 13:00;BEST_GUESS;OK;74032;1380;75412;2909;2802
2026-09-26T10:31:17;E_A6;entree;RIS;acces_impose;2026-09-30 13:00;BEST_GUESS;OK;72354;1380;73734;2697;2641
2026-09-26T10:31:18;E_A6;entree;RIS;impose_est;2026-09-30 13:00;BEST_GUESS;OK;86270;1380;87650;3402;3292
2026-09-26T10:31:18;E_A10;entree;RIS;acces_impose;2026-09-30 13:00;BEST_GUESS;OK;59203;1380;60583;2508;2411
2026-09-26T10:31:18;E_A10;entree;RIS;impose_ouest;2026-09-30 13:00;BEST_GUESS;OK;59203;1380;60583;2508;2411
2026-09-26T10:31:18;E_A11;entree;RIS;acces_impose;2026-09-30 13:00;BEST_GUESS;OK;58437;1380;59817;2644;2527
2026-09-26T10:31:18;E_A11;entree;RIS;impose_ouest;2026-09-30 13:00;BEST_GUESS;OK;58437;1380;59817;2644;2527
2026-09-26T10:31:19;E_A13;entree;RIS;acces_impose;2026-09-30 13:00;BEST_GUESS;OK;100919;1380;102299;4475;4105
2026-09-26T10:31:19;E_A13;entree;RIS;impose_ouest;2026-09-30 13:00;BEST_GUESS;OK;115696;1380;117076;5027;4740
2026-09-26T10:31:19;E_A16;entree;RIS;acces_impose;2026-09-30 13:00;BEST_GUESS;OK;91380;1380;92760;5092;4341
2026-09-26T10:31:19;E_A16;entree;RIS;impose_ouest;2026-09-30 13:00;BEST_GUESS;OK;106157;1380;107537;5591;4977
2026-09-26T10:31:20;IDF1;site;RIS;acces_impose;2026-09-30 13:00;BEST_GUESS;OK;60653;1380;62033;4660;3740
2026-09-26T10:31:20;IDF1;site;RIS;impose_ouest;2026-09-30 13:00;BEST_GUESS;OK;79415;1380;80795;5649;4588
2026-09-26T10:31:21;IDF2;site;RIS;acces_impose;2026-09-30 13:00;BEST_GUESS;OK;14026;1380;15406;1221;1177
2026-09-26T10:31:21;IDF2;site;RIS;impose_ouest;2026-09-30 13:00;BEST_GUESS;OK;23176;1380;24556;1694;1590
2026-09-26T10:31:21;IDF3;site;RIS;acces_impose;2026-09-30 13:00;BEST_GUESS;OK;92571;1380;93951;5428;4715
2026-09-26T10:31:22;IDF3;site;RIS;impose_ouest;2026-09-30 13:00;BEST_GUESS;OK;107348;1380;108728;5910;5350
2026-09-26T10:31:22;IDF4;site;RIS;acces_impose;2026-09-30 13:00;BEST_GUESS;OK;49937;1380;51317;4081;3308
2026-09-26T10:31:22;IDF4;site;RIS;impose_ouest;2026-09-30 13:00;BEST_GUESS;OK;68699;1380;70079;5063;4155
2026-09-26T10:31:22;IDF5;site;RIS;acces_impose;2026-09-30 13:00;BEST_GUESS;OK;50047;1380;51427;4315;3526
2026-09-26T10:31:22;IDF5;site;RIS;impose_ouest;2026-09-30 13:00;BEST_GUESS;OK;68809;1380;70189;5298;4374
2026-09-26T10:31:23;IDF6;site;RIS;acces_impose;2026-09-30 13:00;BEST_GUESS;OK;59022;1380;60402;3803;3179
2026-09-26T10:31:23;IDF6;site;RIS;impose_ouest;2026-09-30 13:00;BEST_GUESS;OK;73799;1380;75179;4318;3814
2026-09-26T10:31:23;IDF7;site;RIS;acces_impose;2026-09-30 13:00;BEST_GUESS;OK;57906;1380;59286;3676;3058
2026-09-26T10:31:23;IDF7;site;RIS;impose_ouest;2026-09-30 13:00;BEST_GUESS;OK;72682;1380;74062;4163;3693
2026-09-26T10:31:24;IDF8;site;RIS;acces_impose;2026-09-30 13:00;BEST_GUESS;OK;67876;1380;69256;3673;3352
2026-09-26T10:31:24;IDF8;site;RIS;impose_est;2026-09-30 13:00;BEST_GUESS;OK;67876;1380;69256;3673;3352
2026-09-26T10:31:24;IDF9;site;RIS;acces_impose;2026-09-30 13:00;BEST_GUESS;OK;55209;1380;56589;3852;3306
2026-09-26T10:31:24;IDF9;site;RIS;impose_ouest;2026-09-30 13:00;BEST_GUESS;OK;69985;1380;71365;4369;3941
2026-09-26T10:31:24;IDF10;site;RIS;acces_impose;2026-09-30 13:00;BEST_GUESS;OK;53126;1380;54506;4163;3247
2026-09-26T10:31:25;IDF10;site;RIS;impose_ouest;2026-09-30 13:00;BEST_GUESS;OK;71888;1380;73268;5149;4094
2026-09-26T10:31:25;IDF11;site;RIS;acces_impose;2026-09-30 13:00;BEST_GUESS;OK;72285;1380;73665;3558;3233
2026-09-26T10:31:25;IDF11;site;RIS;impose_est;2026-09-30 13:00;BEST_GUESS;OK;72285;1380;73665;3558;3233
2026-09-26T10:31:25;IDF12;site;RIS;acces_impose;2026-09-30 13:00;BEST_GUESS;OK;34869;1380;36249;2476;2106
2026-09-26T10:31:25;IDF12;site;RIS;impose_est;2026-09-30 13:00;BEST_GUESS;OK;32483;1380;33863;2443;2372
2026-09-26T10:31:26;IDF13;site;RIS;acces_impose;2026-09-30 13:00;BEST_GUESS;OK;36001;1380;37381;2048;1960
2026-09-26T10:31:26;IDF13;site;RIS;impose_est;2026-09-30 13:00;BEST_GUESS;OK;36001;1380;37381;2048;1960
2026-09-26T10:31:26;IDF14;site;RIS;acces_impose;2026-09-30 13:00;BEST_GUESS;OK;16078;1380;17458;2016;1912
2026-09-26T10:31:26;IDF14;site;RIS;impose_est;2026-09-30 13:00;BEST_GUESS;OK;33504;1380;34884;2176;2057
2026-09-26T10:31:26;IDF15;site;RIS;acces_impose;2026-09-30 13:00;BEST_GUESS;OK;55151;1380;56531;3195;2819
2026-09-26T10:31:27;IDF15;site;RIS;impose_ouest;2026-09-30 13:00;BEST_GUESS;OK;69927;1380;71307;3626;3454
2026-09-26T10:31:27;HDF1;site;RIS;acces_impose;2026-09-30 13:00;BEST_GUESS;OK;228870;1380;230250;11284;10000
2026-09-26T10:31:27;HDF1;site;RIS;impose_est;2026-09-30 13:00;BEST_GUESS;OK;224950;1380;226330;10920;10145
2026-09-26T10:31:27;HDF2;site;RIS;acces_impose;2026-09-30 13:00;BEST_GUESS;OK;222412;1380;223792;10099;8889
2026-09-26T10:31:27;HDF2;site;RIS;impose_ouest;2026-09-30 13:00;BEST_GUESS;OK;241174;1380;242554;11157;9736
2026-09-26T10:31:28;HDF3;site;RIS;acces_impose;2026-09-30 13:00;BEST_GUESS;OK;270399;1380;271779;12366;11024
2026-09-26T10:31:28;HDF3;site;RIS;impose_ouest;2026-09-30 13:00;BEST_GUESS;OK;289161;1380;290541;13464;11871
2026-09-26T10:31:28;HDF4;site;RIS;acces_impose;2026-09-30 13:00;BEST_GUESS;OK;222410;1380;223790;10215;9013
2026-09-26T10:31:29;HDF4;site;RIS;impose_ouest;2026-09-30 13:00;BEST_GUESS;OK;241172;1380;242552;11285;9861
2026-09-26T10:31:29;HDF5;site;RIS;acces_impose;2026-09-30 13:00;BEST_GUESS;OK;243220;1380;244600;10992;9741
2026-09-26T10:31:29;HDF5;site;RIS;impose_ouest;2026-09-30 13:00;BEST_GUESS;OK;261982;1380;263362;12068;10588
2026-09-26T10:31:30;NOR1;site;RIS;acces_impose;2026-09-30 13:00;BEST_GUESS;OK;218404;1380;219784;8795;8179
2026-09-26T10:31:30;NOR1;site;RIS;impose_ouest;2026-09-30 13:00;BEST_GUESS;OK;233181;1380;234561;9265;8814
2026-09-26T10:31:30;NOR2;site;RIS;acces_impose;2026-09-30 13:00;BEST_GUESS;OK;147795;1380;149175;6299;5767
2026-09-26T10:31:30;NOR2;site;RIS;impose_ouest;2026-09-30 13:00;BEST_GUESS;OK;162572;1380;163952;6741;6402
2026-09-26T10:31:31;NOR3;site;RIS;acces_impose;2026-09-30 13:00;BEST_GUESS;OK;142728;1380;144108;6420;5877
2026-09-26T10:31:31;NOR3;site;RIS;impose_ouest;2026-09-30 13:00;BEST_GUESS;OK;157505;1380;158885;6867;6512
2026-09-26T10:31:31;CVL1;site;RIS;acces_impose;2026-09-30 13:00;BEST_GUESS;OK;222599;1380;223979;8178;7981
2026-09-26T10:31:31;CVL1;site;RIS;impose_ouest;2026-09-30 13:00;BEST_GUESS;OK;222599;1380;223979;8178;7981
2026-09-26T10:31:32;CVL2;site;RIS;acces_impose;2026-09-30 13:00;BEST_GUESS;OK;258419;1380;259799;10251;9975
2026-09-26T10:31:32;CVL2;site;RIS;impose_ouest;2026-09-30 13:00;BEST_GUESS;OK;258419;1380;259799;10251;9975
2026-09-26T10:31:32;CVL3;site;RIS;acces_impose;2026-09-30 13:00;BEST_GUESS;OK;126864;1380;128244;5186;5006
2026-09-26T10:31:32;CVL3;site;RIS;impose_ouest;2026-09-30 13:00;BEST_GUESS;OK;126864;1380;128244;5186;5006
2026-09-26T10:31:33;GE1;site;RIS;acces_impose;2026-09-30 13:00;BEST_GUESS;OK;208102;1380;209482;8193;7779
2026-09-26T10:31:33;GE1;site;RIS;impose_est;2026-09-30 13:00;BEST_GUESS;OK;208102;1380;209482;8193;7779
2026-09-26T10:31:33;BFC1;site;RIS;acces_impose;2026-09-30 13:00;BEST_GUESS;OK;290785;1380;292165;9864;9823
2026-09-26T10:31:33;BFC1;site;RIS;impose_est;2026-09-30 13:00;BEST_GUESS;OK;304701;1380;306081;10679;10474
2026-09-26T10:31:34;E_A1;entree;VITRY;rapide;2026-09-30 14:00;BEST_GUESS;OK;48820;0;48820;3141;2558
2026-09-26T10:31:34;E_A1;entree;RIS;rapide;2026-09-30 14:00;BEST_GUESS;OK;65882;1380;67262;4354;3448
2026-09-26T10:31:34;E_A4;entree;VITRY;rapide;2026-09-30 14:00;BEST_GUESS;OK;73090;0;73090;3221;3052
2026-09-26T10:31:34;E_A4;entree;RIS;rapide;2026-09-30 14:00;BEST_GUESS;OK;92509;1380;93889;4344;3971
2026-09-26T10:31:34;E_A5;entree;VITRY;rapide;2026-09-30 14:00;BEST_GUESS;OK;82488;0;82488;3704;3626
2026-09-26T10:31:34;E_A5;entree;RIS;rapide;2026-09-30 14:00;BEST_GUESS;OK;70634;1380;72014;3039;2857
2026-09-26T10:31:34;E_A6;entree;VITRY;rapide;2026-09-30 14:00;BEST_GUESS;OK;93772;0;93772;3760;3537
2026-09-26T10:31:34;E_A6;entree;RIS;rapide;2026-09-30 14:00;BEST_GUESS;OK;72354;1380;73734;2688;2642
2026-09-26T10:31:34;E_A10;entree;VITRY;rapide;2026-09-30 14:00;BEST_GUESS;OK;62958;0;62958;2938;2617
2026-09-26T10:31:34;E_A10;entree;RIS;rapide;2026-09-30 14:00;BEST_GUESS;OK;59203;1380;60583;2576;2411
2026-09-26T10:31:34;E_A11;entree;VITRY;rapide;2026-09-30 14:00;BEST_GUESS;OK;62192;0;62192;3065;2733
2026-09-26T10:31:34;E_A11;entree;RIS;rapide;2026-09-30 14:00;BEST_GUESS;OK;58437;1380;59817;2710;2528
2026-09-26T10:31:34;E_A13;entree;VITRY;rapide;2026-09-30 14:00;BEST_GUESS;OK;92461;0;92461;4200;3779
2026-09-26T10:31:34;E_A13;entree;RIS;rapide;2026-09-30 14:00;BEST_GUESS;OK;99218;1380;100598;4605;4096
2026-09-26T10:31:34;E_A16;entree;VITRY;rapide;2026-09-30 14:00;BEST_GUESS;OK;69185;0;69185;4176;3564
2026-09-26T10:31:34;E_A16;entree;RIS;rapide;2026-09-30 14:00;BEST_GUESS;OK;89679;1380;91059;5054;4332
2026-09-26T10:31:34;IDF1;site;VITRY;rapide;2026-09-30 14:00;BEST_GUESS;OK;41890;0;41890;3488;2841
2026-09-26T10:31:34;IDF1;site;RIS;rapide;2026-09-30 14:00;BEST_GUESS;OK;58952;1380;60332;4697;3731
2026-09-26T10:31:34;IDF2;site;VITRY;rapide;2026-09-30 14:00;BEST_GUESS;OK;35448;0;35448;2318;2082
2026-09-26T10:31:34;IDF2;site;RIS;rapide;2026-09-30 14:00;BEST_GUESS;OK;14026;1380;15406;1226;1177
2026-09-26T10:31:34;IDF3;site;VITRY;rapide;2026-09-30 14:00;BEST_GUESS;OK;66563;0;66563;4536;3895
2026-09-26T10:31:34;IDF3;site;RIS;rapide;2026-09-30 14:00;BEST_GUESS;OK;90870;1380;92250;5384;4706
2026-09-26T10:31:34;IDF4;site;VITRY;rapide;2026-09-30 14:00;BEST_GUESS;OK;31174;0;31174;2865;2409
2026-09-26T10:31:34;IDF4;site;RIS;rapide;2026-09-30 14:00;BEST_GUESS;OK;48236;1380;49616;4106;3299
2026-09-26T10:31:34;IDF5;site;VITRY;rapide;2026-09-30 14:00;BEST_GUESS;OK;27596;0;27596;3242;2840
2026-09-26T10:31:34;IDF5;site;RIS;rapide;2026-09-30 14:00;BEST_GUESS;OK;48346;1380;49726;4322;3517
2026-09-26T10:31:34;IDF6;site;VITRY;rapide;2026-09-30 14:00;BEST_GUESS;OK;41449;0;41449;3429;2811
2026-09-26T10:31:34;IDF6;site;RIS;rapide;2026-09-30 14:00;BEST_GUESS;OK;57321;1380;58701;3910;3170
2026-09-26T10:31:34;IDF7;site;VITRY;rapide;2026-09-30 14:00;BEST_GUESS;OK;40735;0;40735;3256;2678
2026-09-26T10:31:34;IDF7;site;RIS;rapide;2026-09-30 14:00;BEST_GUESS;OK;56204;1380;57584;3745;3049
2026-09-26T10:31:34;IDF8;site;VITRY;rapide;2026-09-30 14:00;BEST_GUESS;OK;45059;0;45059;2654;2489
2026-09-26T10:31:34;IDF8;site;RIS;rapide;2026-09-30 14:00;BEST_GUESS;OK;64478;1380;65858;3753;3408
2026-09-26T10:31:34;IDF9;site;VITRY;rapide;2026-09-30 14:00;BEST_GUESS;OK;46751;0;46751;3537;2980
2026-09-26T10:31:34;IDF9;site;RIS;rapide;2026-09-30 14:00;BEST_GUESS;OK;53507;1380;54887;3971;3297
2026-09-26T10:31:34;IDF10;site;VITRY;rapide;2026-09-30 14:00;BEST_GUESS;OK;34363;0;34363;2935;2348
2026-09-26T10:31:34;IDF10;site;RIS;rapide;2026-09-30 14:00;BEST_GUESS;OK;51425;1380;52805;4161;3238
2026-09-26T10:31:34;IDF11;site;VITRY;rapide;2026-09-30 14:00;BEST_GUESS;OK;49468;0;49468;2523;2370
2026-09-26T10:31:34;IDF11;site;RIS;rapide;2026-09-30 14:00;BEST_GUESS;OK;68887;1380;70267;3630;3288
2026-09-26T10:31:34;IDF12;site;VITRY;rapide;2026-09-30 14:00;BEST_GUESS;OK;11529;0;11529;1084;1049
2026-09-26T10:31:34;IDF12;site;RIS;rapide;2026-09-30 14:00;BEST_GUESS;OK;14828;1380;16208;2049;1956
2026-09-26T10:31:34;IDF13;site;VITRY;rapide;2026-09-30 14:00;BEST_GUESS;OK;38905;0;38905;2637;2536
2026-09-26T10:31:34;IDF13;site;RIS;rapide;2026-09-30 14:00;BEST_GUESS;OK;32603;1380;33983;2189;2015
2026-09-26T10:31:34;IDF14;site;VITRY;rapide;2026-09-30 14:00;BEST_GUESS;OK;7704;0;7704;1283;1243
2026-09-26T10:31:34;IDF14;site;RIS;rapide;2026-09-30 14:00;BEST_GUESS;OK;10572;1380;11952;1381;1306
2026-09-26T10:31:34;IDF15;site;VITRY;rapide;2026-09-30 14:00;BEST_GUESS;OK;46693;0;46693;2824;2492
2026-09-26T10:31:34;IDF15;site;RIS;rapide;2026-09-30 14:00;BEST_GUESS;OK;53449;1380;54829;3243;2809
2026-09-26T10:31:34;HDF1;site;VITRY;rapide;2026-09-30 14:00;BEST_GUESS;OK;210106;0;210106;10116;9101
2026-09-26T10:31:34;HDF1;site;RIS;rapide;2026-09-30 14:00;BEST_GUESS;OK;227168;1380;228548;11615;9991
2026-09-26T10:31:34;HDF2;site;VITRY;rapide;2026-09-30 14:00;BEST_GUESS;OK;203649;0;203649;8795;7989
2026-09-26T10:31:34;HDF2;site;RIS;rapide;2026-09-30 14:00;BEST_GUESS;OK;220711;1380;222091;10217;8880
2026-09-26T10:31:34;HDF3;site;VITRY;rapide;2026-09-30 14:00;BEST_GUESS;OK;251636;0;251636;11323;10124
2026-09-26T10:31:34;HDF3;site;RIS;rapide;2026-09-30 14:00;BEST_GUESS;OK;268698;1380;270078;12871;11014
2026-09-26T10:31:34;HDF4;site;VITRY;rapide;2026-09-30 14:00;BEST_GUESS;OK;203647;0;203647;8947;8114
2026-09-26T10:31:34;HDF4;site;RIS;rapide;2026-09-30 14:00;BEST_GUESS;OK;220709;1380;222089;10369;9004
2026-09-26T10:31:34;HDF5;site;VITRY;rapide;2026-09-30 14:00;BEST_GUESS;OK;224457;0;224457;9782;8842
2026-09-26T10:31:34;HDF5;site;RIS;rapide;2026-09-30 14:00;BEST_GUESS;OK;241519;1380;242899;11236;9732
2026-09-26T10:31:34;NOR1;site;VITRY;rapide;2026-09-30 14:00;BEST_GUESS;OK;209946;0;209946;8607;7853
2026-09-26T10:31:34;NOR1;site;RIS;rapide;2026-09-30 14:00;BEST_GUESS;OK;216703;1380;218083;9001;8170
2026-09-26T10:31:34;NOR2;site;VITRY;rapide;2026-09-30 14:00;BEST_GUESS;OK;139338;0;139338;5965;5440
2026-09-26T10:31:34;NOR2;site;RIS;rapide;2026-09-30 14:00;BEST_GUESS;OK;146094;1380;147474;6293;5757
2026-09-26T10:31:34;NOR3;site;VITRY;rapide;2026-09-30 14:00;BEST_GUESS;OK;134270;0;134270;6127;5551
2026-09-26T10:31:34;NOR3;site;RIS;rapide;2026-09-30 14:00;BEST_GUESS;OK;141026;1380;142406;6451;5867
2026-09-26T10:31:34;CVL1;site;VITRY;rapide;2026-09-30 14:00;BEST_GUESS;OK;226354;0;226354;8702;8187
2026-09-26T10:31:34;CVL1;site;RIS;rapide;2026-09-30 14:00;BEST_GUESS;OK;222599;1380;223979;8296;7982
2026-09-26T10:31:34;CVL2;site;VITRY;rapide;2026-09-30 14:00;BEST_GUESS;OK;262174;0;262174;10901;10181
2026-09-26T10:31:34;CVL2;site;RIS;rapide;2026-09-30 14:00;BEST_GUESS;OK;258419;1380;259799;10398;9975
2026-09-26T10:31:34;CVL3;site;VITRY;rapide;2026-09-30 14:00;BEST_GUESS;OK;130619;0;130619;5638;5212
2026-09-26T10:31:34;CVL3;site;RIS;rapide;2026-09-30 14:00;BEST_GUESS;OK;126864;1380;128244;5202;5006
2026-09-26T10:31:34;GE1;site;VITRY;rapide;2026-09-30 14:00;BEST_GUESS;OK;185284;0;185284;7169;6916
2026-09-26T10:31:34;GE1;site;RIS;rapide;2026-09-30 14:00;BEST_GUESS;OK;204703;1380;206083;8311;7834
2026-09-26T10:31:34;BFC1;site;VITRY;rapide;2026-09-30 14:00;BEST_GUESS;OK;312203;0;312203;11170;10719
2026-09-26T10:31:34;BFC1;site;RIS;rapide;2026-09-30 14:00;BEST_GUESS;OK;290785;1380;292165;9887;9824
2026-09-26T10:31:34;E_A1;entree;RIS;acces_impose;2026-09-30 14:00;BEST_GUESS;OK;67584;1380;68964;4361;3457
2026-09-26T10:31:34;E_A1;entree;RIS;impose_ouest;2026-09-30 14:00;BEST_GUESS;OK;86345;1380;87725;5379;4305
2026-09-26T10:31:35;E_A4;entree;RIS;acces_impose;2026-09-30 14:00;BEST_GUESS;OK;95907;1380;97287;4273;3915
2026-09-26T10:31:35;E_A4;entree;RIS;impose_est;2026-09-30 14:00;BEST_GUESS;OK;95907;1380;97287;4273;3915
2026-09-26T10:31:35;E_A5;entree;RIS;acces_impose;2026-09-30 14:00;BEST_GUESS;OK;74032;1380;75412;2964;2802
2026-09-26T10:31:35;E_A5;entree;RIS;impose_est;2026-09-30 14:00;BEST_GUESS;OK;74032;1380;75412;2964;2802
2026-09-26T10:31:35;E_A6;entree;RIS;acces_impose;2026-09-30 14:00;BEST_GUESS;OK;72354;1380;73734;2688;2641
2026-09-26T10:31:35;E_A6;entree;RIS;impose_est;2026-09-30 14:00;BEST_GUESS;OK;86270;1380;87650;3441;3292
2026-09-26T10:31:36;E_A10;entree;RIS;acces_impose;2026-09-30 14:00;BEST_GUESS;OK;59203;1380;60583;2576;2411
2026-09-26T10:31:36;E_A10;entree;RIS;impose_ouest;2026-09-30 14:00;BEST_GUESS;OK;59203;1380;60583;2576;2411
2026-09-26T10:31:36;E_A11;entree;RIS;acces_impose;2026-09-30 14:00;BEST_GUESS;OK;58437;1380;59817;2710;2527
2026-09-26T10:31:36;E_A11;entree;RIS;impose_ouest;2026-09-30 14:00;BEST_GUESS;OK;58437;1380;59817;2710;2527
2026-09-26T10:31:36;E_A13;entree;RIS;acces_impose;2026-09-30 14:00;BEST_GUESS;OK;100919;1380;102299;4608;4105
2026-09-26T10:31:37;E_A13;entree;RIS;impose_ouest;2026-09-30 14:00;BEST_GUESS;OK;115696;1380;117076;5041;4740
2026-09-26T10:31:37;E_A16;entree;RIS;acces_impose;2026-09-30 14:00;BEST_GUESS;OK;91380;1380;92760;5053;4341
2026-09-26T10:31:37;E_A16;entree;RIS;impose_ouest;2026-09-30 14:00;BEST_GUESS;OK;106157;1380;107537;5509;4977
2026-09-26T10:31:37;IDF1;site;RIS;acces_impose;2026-09-30 14:00;BEST_GUESS;OK;60653;1380;62033;4700;3740
2026-09-26T10:31:37;IDF1;site;RIS;impose_ouest;2026-09-30 14:00;BEST_GUESS;OK;79415;1380;80795;5729;4588
2026-09-26T10:31:38;IDF2;site;RIS;acces_impose;2026-09-30 14:00;BEST_GUESS;OK;14026;1380;15406;1226;1177
2026-09-26T10:31:38;IDF2;site;RIS;impose_ouest;2026-09-30 14:00;BEST_GUESS;OK;23176;1380;24556;1754;1590
2026-09-26T10:31:38;IDF3;site;RIS;acces_impose;2026-09-30 14:00;BEST_GUESS;OK;92571;1380;93951;5389;4715
2026-09-26T10:31:38;IDF3;site;RIS;impose_ouest;2026-09-30 14:00;BEST_GUESS;OK;107348;1380;108728;5855;5350
2026-09-26T10:31:38;IDF4;site;RIS;acces_impose;2026-09-30 14:00;BEST_GUESS;OK;49937;1380;51317;4112;3308
2026-09-26T10:31:39;IDF4;site;RIS;impose_ouest;2026-09-30 14:00;BEST_GUESS;OK;68699;1380;70079;5114;4155
2026-09-26T10:31:39;IDF5;site;RIS;acces_impose;2026-09-30 14:00;BEST_GUESS;OK;50047;1380;51427;4330;3526
2026-09-26T10:31:39;IDF5;site;RIS;impose_ouest;2026-09-30 14:00;BEST_GUESS;OK;68809;1380;70189;5344;4374
2026-09-26T10:31:39;IDF6;site;RIS;acces_impose;2026-09-30 14:00;BEST_GUESS;OK;59022;1380;60402;3917;3179
2026-09-26T10:31:39;IDF6;site;RIS;impose_ouest;2026-09-30 14:00;BEST_GUESS;OK;73799;1380;75179;4331;3814
2026-09-26T10:31:40;IDF7;site;RIS;acces_impose;2026-09-30 14:00;BEST_GUESS;OK;57906;1380;59286;3752;3058
2026-09-26T10:31:40;IDF7;site;RIS;impose_ouest;2026-09-30 14:00;BEST_GUESS;OK;72682;1380;74062;4175;3693
2026-09-26T10:31:40;IDF8;site;RIS;acces_impose;2026-09-30 14:00;BEST_GUESS;OK;67876;1380;69256;3678;3352
2026-09-26T10:31:40;IDF8;site;RIS;impose_est;2026-09-30 14:00;BEST_GUESS;OK;67876;1380;69256;3678;3352
2026-09-26T10:31:40;IDF9;site;RIS;acces_impose;2026-09-30 14:00;BEST_GUESS;OK;55209;1380;56589;3978;3306
2026-09-26T10:31:41;IDF9;site;RIS;impose_ouest;2026-09-30 14:00;BEST_GUESS;OK;69985;1380;71365;4383;3941
2026-09-26T10:31:41;IDF10;site;RIS;acces_impose;2026-09-30 14:00;BEST_GUESS;OK;53126;1380;54506;4167;3247
2026-09-26T10:31:41;IDF10;site;RIS;impose_ouest;2026-09-30 14:00;BEST_GUESS;OK;71888;1380;73268;5169;4094
2026-09-26T10:31:41;IDF11;site;RIS;acces_impose;2026-09-30 14:00;BEST_GUESS;OK;72285;1380;73665;3555;3233
2026-09-26T10:31:42;IDF11;site;RIS;impose_est;2026-09-30 14:00;BEST_GUESS;OK;72285;1380;73665;3555;3233
2026-09-26T10:31:42;IDF12;site;RIS;acces_impose;2026-09-30 14:00;BEST_GUESS;OK;34869;1380;36249;2513;2106
2026-09-26T10:31:42;IDF12;site;RIS;impose_est;2026-09-30 14:00;BEST_GUESS;OK;32483;1380;33863;2508;2372
2026-09-26T10:31:42;IDF13;site;RIS;acces_impose;2026-09-30 14:00;BEST_GUESS;OK;36001;1380;37381;2117;1960
2026-09-26T10:31:42;IDF13;site;RIS;impose_est;2026-09-30 14:00;BEST_GUESS;OK;36001;1380;37381;2117;1960
2026-09-26T10:31:43;IDF14;site;RIS;acces_impose;2026-09-30 14:00;BEST_GUESS;OK;16078;1380;17458;2020;1912
2026-09-26T10:31:43;IDF14;site;RIS;impose_est;2026-09-30 14:00;BEST_GUESS;OK;33504;1380;34884;2254;2057
2026-09-26T10:31:43;IDF15;site;RIS;acces_impose;2026-09-30 14:00;BEST_GUESS;OK;55151;1380;56531;3246;2819
2026-09-26T10:31:43;IDF15;site;RIS;impose_ouest;2026-09-30 14:00;BEST_GUESS;OK;69927;1380;71307;3692;3454
2026-09-26T10:31:43;HDF1;site;RIS;acces_impose;2026-09-30 14:00;BEST_GUESS;OK;228870;1380;230250;11621;10000
2026-09-26T10:31:44;HDF1;site;RIS;impose_est;2026-09-30 14:00;BEST_GUESS;OK;224950;1380;226330;11250;10145
2026-09-26T10:31:44;HDF2;site;RIS;acces_impose;2026-09-30 14:00;BEST_GUESS;OK;222412;1380;223792;10230;8889
2026-09-26T10:31:44;HDF2;site;RIS;impose_ouest;2026-09-30 14:00;BEST_GUESS;OK;241174;1380;242554;11374;9736
2026-09-26T10:31:44;HDF3;site;RIS;acces_impose;2026-09-30 14:00;BEST_GUESS;OK;270399;1380;271779;12872;11024
2026-09-26T10:31:45;HDF3;site;RIS;impose_ouest;2026-09-30 14:00;BEST_GUESS;OK;289161;1380;290541;14108;11871
2026-09-26T10:31:45;HDF4;site;RIS;acces_impose;2026-09-30 14:00;BEST_GUESS;OK;222410;1380;223790;10383;9013
2026-09-26T10:31:45;HDF4;site;RIS;impose_ouest;2026-09-30 14:00;BEST_GUESS;OK;241172;1380;242552;11525;9861
2026-09-26T10:31:46;HDF5;site;RIS;acces_impose;2026-09-30 14:00;BEST_GUESS;OK;243220;1380;244600;11245;9741
2026-09-26T10:31:46;HDF5;site;RIS;impose_ouest;2026-09-30 14:00;BEST_GUESS;OK;261982;1380;263362;12471;10588
2026-09-26T10:31:46;NOR1;site;RIS;acces_impose;2026-09-30 14:00;BEST_GUESS;OK;218404;1380;219784;9012;8179
2026-09-26T10:31:46;NOR1;site;RIS;impose_ouest;2026-09-30 14:00;BEST_GUESS;OK;233181;1380;234561;9484;8814
2026-09-26T10:31:47;NOR2;site;RIS;acces_impose;2026-09-30 14:00;BEST_GUESS;OK;147795;1380;149175;6306;5767
2026-09-26T10:31:47;NOR2;site;RIS;impose_ouest;2026-09-30 14:00;BEST_GUESS;OK;162572;1380;163952;6796;6402
2026-09-26T10:31:47;NOR3;site;RIS;acces_impose;2026-09-30 14:00;BEST_GUESS;OK;142728;1380;144108;6465;5877
2026-09-26T10:31:47;NOR3;site;RIS;impose_ouest;2026-09-30 14:00;BEST_GUESS;OK;157505;1380;158885;6967;6512
2026-09-26T10:31:48;CVL1;site;RIS;acces_impose;2026-09-30 14:00;BEST_GUESS;OK;222599;1380;223979;8296;7981
2026-09-26T10:31:48;CVL1;site;RIS;impose_ouest;2026-09-30 14:00;BEST_GUESS;OK;222599;1380;223979;8296;7981
2026-09-26T10:31:48;CVL2;site;RIS;acces_impose;2026-09-30 14:00;BEST_GUESS;OK;258419;1380;259799;10398;9975
2026-09-26T10:31:48;CVL2;site;RIS;impose_ouest;2026-09-30 14:00;BEST_GUESS;OK;258419;1380;259799;10398;9975
2026-09-26T10:31:49;CVL3;site;RIS;acces_impose;2026-09-30 14:00;BEST_GUESS;OK;126864;1380;128244;5202;5006
2026-09-26T10:31:49;CVL3;site;RIS;impose_ouest;2026-09-30 14:00;BEST_GUESS;OK;126864;1380;128244;5202;5006
2026-09-26T10:31:49;GE1;site;RIS;acces_impose;2026-09-30 14:00;BEST_GUESS;OK;208102;1380;209482;8253;7779
2026-09-26T10:31:49;GE1;site;RIS;impose_est;2026-09-30 14:00;BEST_GUESS;OK;208102;1380;209482;8253;7779
2026-09-26T10:31:50;BFC1;site;RIS;acces_impose;2026-09-30 14:00;BEST_GUESS;OK;290785;1380;292165;9887;9823
2026-09-26T10:31:50;BFC1;site;RIS;impose_est;2026-09-30 14:00;BEST_GUESS;OK;304701;1380;306081;10843;10474
2026-09-26T10:31:50;E_A1;entree;VITRY;rapide;2026-09-30 15:00;BEST_GUESS;OK;48820;0;48820;3309;2558
2026-09-26T10:31:50;E_A1;entree;RIS;rapide;2026-09-30 15:00;BEST_GUESS;OK;65882;1380;67262;4579;3448
2026-09-26T10:31:50;E_A4;entree;VITRY;rapide;2026-09-30 15:00;BEST_GUESS;OK;73090;0;73090;3252;3052
2026-09-26T10:31:50;E_A4;entree;RIS;rapide;2026-09-30 15:00;BEST_GUESS;OK;92509;1380;93889;4368;3971
2026-09-26T10:31:50;E_A5;entree;VITRY;rapide;2026-09-30 15:00;BEST_GUESS;OK;82488;0;82488;3699;3626
2026-09-26T10:31:50;E_A5;entree;RIS;rapide;2026-09-30 15:00;BEST_GUESS;OK;70634;1380;72014;2973;2857
2026-09-26T10:31:50;E_A6;entree;VITRY;rapide;2026-09-30 15:00;BEST_GUESS;OK;93772;0;93772;3894;3537
2026-09-26T10:31:50;E_A6;entree;RIS;rapide;2026-09-30 15:00;BEST_GUESS;OK;72354;1380;73734;2680;2642
2026-09-26T10:31:50;E_A10;entree;VITRY;rapide;2026-09-30 15:00;BEST_GUESS;OK;62958;0;62958;3044;2617
2026-09-26T10:31:50;E_A10;entree;RIS;rapide;2026-09-30 15:00;BEST_GUESS;OK;59203;1380;60583;2602;2411
2026-09-26T10:31:50;E_A11;entree;VITRY;rapide;2026-09-30 15:00;BEST_GUESS;OK;62192;0;62192;3185;2733
2026-09-26T10:31:50;E_A11;entree;RIS;rapide;2026-09-30 15:00;BEST_GUESS;OK;58437;1380;59817;2749;2528
2026-09-26T10:31:50;E_A13;entree;VITRY;rapide;2026-09-30 15:00;BEST_GUESS;OK;92461;0;92461;4408;3779
2026-09-26T10:31:50;E_A13;entree;RIS;rapide;2026-09-30 15:00;BEST_GUESS;OK;99218;1380;100598;4742;4096
2026-09-26T10:31:50;E_A16;entree;VITRY;rapide;2026-09-30 15:00;BEST_GUESS;OK;69185;0;69185;4290;3564
2026-09-26T10:31:50;E_A16;entree;RIS;rapide;2026-09-30 15:00;BEST_GUESS;OK;89679;1380;91059;5273;4332
2026-09-26T10:31:50;IDF1;site;VITRY;rapide;2026-09-30 15:00;BEST_GUESS;OK;41890;0;41890;3593;2841
2026-09-26T10:31:50;IDF1;site;RIS;rapide;2026-09-30 15:00;BEST_GUESS;OK;58952;1380;60332;4895;3731
2026-09-26T10:31:50;IDF2;site;VITRY;rapide;2026-09-30 15:00;BEST_GUESS;OK;35448;0;35448;2362;2082
2026-09-26T10:31:50;IDF2;site;RIS;rapide;2026-09-30 15:00;BEST_GUESS;OK;14026;1380;15406;1220;1177
2026-09-26T10:31:50;IDF3;site;VITRY;rapide;2026-09-30 15:00;BEST_GUESS;OK;66563;0;66563;4595;3895
2026-09-26T10:31:50;IDF3;site;RIS;rapide;2026-09-30 15:00;BEST_GUESS;OK;90870;1380;92250;5664;4706
2026-09-26T10:31:50;IDF4;site;VITRY;rapide;2026-09-30 15:00;BEST_GUESS;OK;31174;0;31174;2981;2409
2026-09-26T10:31:50;IDF4;site;RIS;rapide;2026-09-30 15:00;BEST_GUESS;OK;48236;1380;49616;4285;3299
2026-09-26T10:31:50;IDF5;site;VITRY;rapide;2026-09-30 15:00;BEST_GUESS;OK;27596;0;27596;3282;2840
2026-09-26T10:31:50;IDF5;site;RIS;rapide;2026-09-30 15:00;BEST_GUESS;OK;48346;1380;49726;4449;3517
2026-09-26T10:31:50;IDF6;site;VITRY;rapide;2026-09-30 15:00;BEST_GUESS;OK;41449;0;41449;3503;2811
2026-09-26T10:31:50;IDF6;site;RIS;rapide;2026-09-30 15:00;BEST_GUESS;OK;57321;1380;58701;3930;3170
2026-09-26T10:31:50;IDF7;site;VITRY;rapide;2026-09-30 15:00;BEST_GUESS;OK;40735;0;40735;3375;2678
2026-09-26T10:31:50;IDF7;site;RIS;rapide;2026-09-30 15:00;BEST_GUESS;OK;56204;1380;57584;3770;3049
2026-09-26T10:31:50;IDF8;site;VITRY;rapide;2026-09-30 15:00;BEST_GUESS;OK;45059;0;45059;2660;2489
2026-09-26T10:31:50;IDF8;site;RIS;rapide;2026-09-30 15:00;BEST_GUESS;OK;64478;1380;65858;3765;3408
2026-09-26T10:31:50;IDF9;site;VITRY;rapide;2026-09-30 15:00;BEST_GUESS;OK;46751;0;46751;3704;2980
2026-09-26T10:31:50;IDF9;site;RIS;rapide;2026-09-30 15:00;BEST_GUESS;OK;53507;1380;54887;4023;3297
2026-09-26T10:31:50;IDF10;site;VITRY;rapide;2026-09-30 15:00;BEST_GUESS;OK;34363;0;34363;3133;2348
2026-09-26T10:31:50;IDF10;site;RIS;rapide;2026-09-30 15:00;BEST_GUESS;OK;51425;1380;52805;4421;3238
2026-09-26T10:31:50;IDF11;site;VITRY;rapide;2026-09-30 15:00;BEST_GUESS;OK;49468;0;49468;2524;2370
2026-09-26T10:31:50;IDF11;site;RIS;rapide;2026-09-30 15:00;BEST_GUESS;OK;68887;1380;70267;3645;3288
2026-09-26T10:31:50;IDF12;site;VITRY;rapide;2026-09-30 15:00;BEST_GUESS;OK;11529;0;11529;1082;1049
2026-09-26T10:31:50;IDF12;site;RIS;rapide;2026-09-30 15:00;BEST_GUESS;OK;14828;1380;16208;2105;1956
2026-09-26T10:31:50;IDF13;site;VITRY;rapide;2026-09-30 15:00;BEST_GUESS;OK;38905;0;38905;2623;2536
2026-09-26T10:31:50;IDF13;site;RIS;rapide;2026-09-30 15:00;BEST_GUESS;OK;32603;1380;33983;2164;2015
2026-09-26T10:31:50;IDF14;site;VITRY;rapide;2026-09-30 15:00;BEST_GUESS;OK;7704;0;7704;1291;1243
2026-09-26T10:31:50;IDF14;site;RIS;rapide;2026-09-30 15:00;BEST_GUESS;OK;10572;1380;11952;1412;1306
2026-09-26T10:31:50;IDF15;site;VITRY;rapide;2026-09-30 15:00;BEST_GUESS;OK;46693;0;46693;2973;2492
2026-09-26T10:31:50;IDF15;site;RIS;rapide;2026-09-30 15:00;BEST_GUESS;OK;53449;1380;54829;3296;2809
2026-09-26T10:31:50;HDF1;site;VITRY;rapide;2026-09-30 15:00;BEST_GUESS;OK;210106;0;210106;10391;9101
2026-09-26T10:31:50;HDF1;site;RIS;rapide;2026-09-30 15:00;BEST_GUESS;OK;227168;1380;228548;11980;9991
2026-09-26T10:31:50;HDF2;site;VITRY;rapide;2026-09-30 15:00;BEST_GUESS;OK;203649;0;203649;9177;7989
2026-09-26T10:31:50;HDF2;site;RIS;rapide;2026-09-30 15:00;BEST_GUESS;OK;220711;1380;222091;10826;8880
2026-09-26T10:31:50;HDF3;site;VITRY;rapide;2026-09-30 15:00;BEST_GUESS;OK;251636;0;251636;11584;10124
2026-09-26T10:31:50;HDF3;site;RIS;rapide;2026-09-30 15:00;BEST_GUESS;OK;268698;1380;270078;13173;11014
2026-09-26T10:31:50;HDF4;site;VITRY;rapide;2026-09-30 15:00;BEST_GUESS;OK;203647;0;203647;9323;8114
2026-09-26T10:31:50;HDF4;site;RIS;rapide;2026-09-30 15:00;BEST_GUESS;OK;220709;1380;222089;10962;9004
2026-09-26T10:31:50;HDF5;site;VITRY;rapide;2026-09-30 15:00;BEST_GUESS;OK;224457;0;224457;10113;8842
2026-09-26T10:31:50;HDF5;site;RIS;rapide;2026-09-30 15:00;BEST_GUESS;OK;241519;1380;242899;11767;9732
2026-09-26T10:31:50;NOR1;site;VITRY;rapide;2026-09-30 15:00;BEST_GUESS;OK;209946;0;209946;9019;7853
2026-09-26T10:31:50;NOR1;site;RIS;rapide;2026-09-30 15:00;BEST_GUESS;OK;216703;1380;218083;9488;8170
2026-09-26T10:31:50;NOR2;site;VITRY;rapide;2026-09-30 15:00;BEST_GUESS;OK;139338;0;139338;6246;5440
2026-09-26T10:31:50;NOR2;site;RIS;rapide;2026-09-30 15:00;BEST_GUESS;OK;146094;1380;147474;6644;5757
2026-09-26T10:31:50;NOR3;site;VITRY;rapide;2026-09-30 15:00;BEST_GUESS;OK;134270;0;134270;6376;5550
2026-09-26T10:31:50;NOR3;site;RIS;rapide;2026-09-30 15:00;BEST_GUESS;OK;141026;1380;142406;6782;5867
2026-09-26T10:31:50;CVL1;site;VITRY;rapide;2026-09-30 15:00;BEST_GUESS;OK;226354;0;226354;8946;8187
2026-09-26T10:31:50;CVL1;site;RIS;rapide;2026-09-30 15:00;BEST_GUESS;OK;222599;1380;223979;8454;7982
2026-09-26T10:31:50;CVL2;site;VITRY;rapide;2026-09-30 15:00;BEST_GUESS;OK;262174;0;262174;11024;10181
2026-09-26T10:31:50;CVL2;site;RIS;rapide;2026-09-30 15:00;BEST_GUESS;OK;258419;1380;259799;10529;9975
2026-09-26T10:31:50;CVL3;site;VITRY;rapide;2026-09-30 15:00;BEST_GUESS;OK;130619;0;130619;5777;5212
2026-09-26T10:31:50;CVL3;site;RIS;rapide;2026-09-30 15:00;BEST_GUESS;OK;126864;1380;128244;5340;5006
2026-09-26T10:31:50;GE1;site;VITRY;rapide;2026-09-30 15:00;BEST_GUESS;OK;185285;0;185285;7329;6915
2026-09-26T10:31:50;GE1;site;RIS;rapide;2026-09-30 15:00;BEST_GUESS;OK;204704;1380;206084;8429;7834
2026-09-26T10:31:50;BFC1;site;VITRY;rapide;2026-09-30 15:00;BEST_GUESS;OK;312203;0;312203;11532;10719
2026-09-26T10:31:50;BFC1;site;RIS;rapide;2026-09-30 15:00;BEST_GUESS;OK;290785;1380;292165;10074;9824
2026-09-26T10:31:51;E_A1;entree;RIS;acces_impose;2026-09-30 15:00;BEST_GUESS;OK;67584;1380;68964;4594;3457
2026-09-26T10:31:51;E_A1;entree;RIS;impose_ouest;2026-09-30 15:00;BEST_GUESS;OK;86345;1380;87725;5674;4305
2026-09-26T10:31:51;E_A4;entree;RIS;acces_impose;2026-09-30 15:00;BEST_GUESS;OK;95907;1380;97287;4315;3915
2026-09-26T10:31:51;E_A4;entree;RIS;impose_est;2026-09-30 15:00;BEST_GUESS;OK;95907;1380;97287;4315;3915
2026-09-26T10:31:51;E_A5;entree;RIS;acces_impose;2026-09-30 15:00;BEST_GUESS;OK;74032;1380;75412;2924;2802
2026-09-26T10:31:52;E_A5;entree;RIS;impose_est;2026-09-30 15:00;BEST_GUESS;OK;74032;1380;75412;2924;2802
2026-09-26T10:31:52;E_A6;entree;RIS;acces_impose;2026-09-30 15:00;BEST_GUESS;OK;72354;1380;73734;2680;2641
2026-09-26T10:31:52;E_A6;entree;RIS;impose_est;2026-09-30 15:00;BEST_GUESS;OK;86270;1380;87650;3496;3292
2026-09-26T10:31:52;E_A10;entree;RIS;acces_impose;2026-09-30 15:00;BEST_GUESS;OK;59203;1380;60583;2602;2411
2026-09-26T10:31:52;E_A10;entree;RIS;impose_ouest;2026-09-30 15:00;BEST_GUESS;OK;59203;1380;60583;2602;2411
2026-09-26T10:31:53;E_A11;entree;RIS;acces_impose;2026-09-30 15:00;BEST_GUESS;OK;58437;1380;59817;2749;2527
2026-09-26T10:31:53;E_A11;entree;RIS;impose_ouest;2026-09-30 15:00;BEST_GUESS;OK;58437;1380;59817;2749;2527
2026-09-26T10:31:53;E_A13;entree;RIS;acces_impose;2026-09-30 15:00;BEST_GUESS;OK;100919;1380;102299;4757;4105
2026-09-26T10:31:53;E_A13;entree;RIS;impose_ouest;2026-09-30 15:00;BEST_GUESS;OK;115696;1380;117076;5228;4740
2026-09-26T10:31:53;E_A16;entree;RIS;acces_impose;2026-09-30 15:00;BEST_GUESS;OK;91380;1380;92760;5285;4341
2026-09-26T10:31:53;E_A16;entree;RIS;impose_ouest;2026-09-30 15:00;BEST_GUESS;OK;106157;1380;107537;5763;4977
2026-09-26T10:31:54;IDF1;site;RIS;acces_impose;2026-09-30 15:00;BEST_GUESS;OK;60653;1380;62033;4909;3740
2026-09-26T10:31:54;IDF1;site;RIS;impose_ouest;2026-09-30 15:00;BEST_GUESS;OK;79415;1380;80795;5999;4588
2026-09-26T10:31:54;IDF2;site;RIS;acces_impose;2026-09-30 15:00;BEST_GUESS;OK;14026;1380;15406;1220;1177
2026-09-26T10:31:54;IDF2;site;RIS;impose_ouest;2026-09-30 15:00;BEST_GUESS;OK;23176;1380;24556;1753;1590
2026-09-26T10:31:55;IDF3;site;RIS;acces_impose;2026-09-30 15:00;BEST_GUESS;OK;92571;1380;93951;5675;4715
2026-09-26T10:31:55;IDF3;site;RIS;impose_ouest;2026-09-30 15:00;BEST_GUESS;OK;107348;1380;108728;6167;5350
2026-09-26T10:31:55;IDF4;site;RIS;acces_impose;2026-09-30 15:00;BEST_GUESS;OK;49937;1380;51317;4306;3308
2026-09-26T10:31:55;IDF4;site;RIS;impose_ouest;2026-09-30 15:00;BEST_GUESS;OK;68699;1380;70079;5396;4155
2026-09-26T10:31:55;IDF5;site;RIS;acces_impose;2026-09-30 15:00;BEST_GUESS;OK;50047;1380;51427;4465;3526
2026-09-26T10:31:55;IDF5;site;RIS;impose_ouest;2026-09-30 15:00;BEST_GUESS;OK;68809;1380;70189;5560;4374
2026-09-26T10:31:56;IDF6;site;RIS;acces_impose;2026-09-30 15:00;BEST_GUESS;OK;59022;1380;60402;3953;3179
2026-09-26T10:31:56;IDF6;site;RIS;impose_ouest;2026-09-30 15:00;BEST_GUESS;OK;73799;1380;75179;4412;3814
2026-09-26T10:31:56;IDF7;site;RIS;acces_impose;2026-09-30 15:00;BEST_GUESS;OK;57906;1380;59286;3793;3058
2026-09-26T10:31:56;IDF7;site;RIS;impose_ouest;2026-09-30 15:00;BEST_GUESS;OK;72682;1380;74062;4263;3693
2026-09-26T10:31:57;IDF8;site;RIS;acces_impose;2026-09-30 15:00;BEST_GUESS;OK;67876;1380;69256;3721;3352
2026-09-26T10:31:57;IDF8;site;RIS;impose_est;2026-09-30 15:00;BEST_GUESS;OK;67876;1380;69256;3721;3352
2026-09-26T10:31:57;IDF9;site;RIS;acces_impose;2026-09-30 15:00;BEST_GUESS;OK;55209;1380;56589;4046;3306
2026-09-26T10:31:57;IDF9;site;RIS;impose_ouest;2026-09-30 15:00;BEST_GUESS;OK;69985;1380;71365;4500;3941
2026-09-26T10:31:57;IDF10;site;RIS;acces_impose;2026-09-30 15:00;BEST_GUESS;OK;53126;1380;54506;4436;3247
2026-09-26T10:31:58;IDF10;site;RIS;impose_ouest;2026-09-30 15:00;BEST_GUESS;OK;71888;1380;73268;5533;4094
2026-09-26T10:31:58;IDF11;site;RIS;acces_impose;2026-09-30 15:00;BEST_GUESS;OK;72285;1380;73665;3603;3233
2026-09-26T10:31:58;IDF11;site;RIS;impose_est;2026-09-30 15:00;BEST_GUESS;OK;72285;1380;73665;3603;3233
2026-09-26T10:31:58;IDF12;site;RIS;acces_impose;2026-09-30 15:00;BEST_GUESS;OK;34869;1380;36249;2505;2106
2026-09-26T10:31:58;IDF12;site;RIS;impose_est;2026-09-30 15:00;BEST_GUESS;OK;32483;1380;33863;2490;2372
2026-09-26T10:31:59;IDF13;site;RIS;acces_impose;2026-09-30 15:00;BEST_GUESS;OK;36001;1380;37381;2103;1960
2026-09-26T10:31:59;IDF13;site;RIS;impose_est;2026-09-30 15:00;BEST_GUESS;OK;36001;1380;37381;2103;1960
2026-09-26T10:31:59;IDF14;site;RIS;acces_impose;2026-09-30 15:00;BEST_GUESS;OK;16078;1380;17458;2046;1912
2026-09-26T10:31:59;IDF14;site;RIS;impose_est;2026-09-30 15:00;BEST_GUESS;OK;33504;1380;34884;2226;2057
2026-09-26T10:31:59;IDF15;site;RIS;acces_impose;2026-09-30 15:00;BEST_GUESS;OK;55151;1380;56531;3312;2819
2026-09-26T10:32:00;IDF15;site;RIS;impose_ouest;2026-09-30 15:00;BEST_GUESS;OK;69927;1380;71307;3779;3454
2026-09-26T10:32:00;HDF1;site;RIS;acces_impose;2026-09-30 15:00;BEST_GUESS;OK;228870;1380;230250;11976;10000
2026-09-26T10:32:00;HDF1;site;RIS;impose_est;2026-09-30 15:00;BEST_GUESS;OK;224950;1380;226330;11412;10145
2026-09-26T10:32:01;HDF2;site;RIS;acces_impose;2026-09-30 15:00;BEST_GUESS;OK;222412;1380;223792;10823;8889
2026-09-26T10:32:01;HDF2;site;RIS;impose_ouest;2026-09-30 15:00;BEST_GUESS;OK;241174;1380;242554;11970;9736
2026-09-26T10:32:01;HDF3;site;RIS;acces_impose;2026-09-30 15:00;BEST_GUESS;OK;270399;1380;271779;13172;11024
2026-09-26T10:32:01;HDF3;site;RIS;impose_ouest;2026-09-30 15:00;BEST_GUESS;OK;289161;1380;290541;14211;11871
2026-09-26T10:32:02;HDF4;site;RIS;acces_impose;2026-09-30 15:00;BEST_GUESS;OK;222410;1380;223790;10958;9013
2026-09-26T10:32:02;HDF4;site;RIS;impose_ouest;2026-09-30 15:00;BEST_GUESS;OK;241172;1380;242552;12126;9861
2026-09-26T10:32:02;HDF5;site;RIS;acces_impose;2026-09-30 15:00;BEST_GUESS;OK;243220;1380;244600;11763;9741
2026-09-26T10:32:02;HDF5;site;RIS;impose_ouest;2026-09-30 15:00;BEST_GUESS;OK;261982;1380;263362;12885;10588
2026-09-26T10:32:03;NOR1;site;RIS;acces_impose;2026-09-30 15:00;BEST_GUESS;OK;218404;1380;219784;9488;8179
2026-09-26T10:32:03;NOR1;site;RIS;impose_ouest;2026-09-30 15:00;BEST_GUESS;OK;233181;1380;234561;9859;8814
2026-09-26T10:32:03;NOR2;site;RIS;acces_impose;2026-09-30 15:00;BEST_GUESS;OK;147795;1380;149175;6657;5767
2026-09-26T10:32:04;NOR2;site;RIS;impose_ouest;2026-09-30 15:00;BEST_GUESS;OK;162572;1380;163952;7091;6402
2026-09-26T10:32:04;NOR3;site;RIS;acces_impose;2026-09-30 15:00;BEST_GUESS;OK;142728;1380;144108;6795;5877
2026-09-26T10:32:04;NOR3;site;RIS;impose_ouest;2026-09-30 15:00;BEST_GUESS;OK;157505;1380;158885;7277;6512
2026-09-26T10:32:04;CVL1;site;RIS;acces_impose;2026-09-30 15:00;BEST_GUESS;OK;222599;1380;223979;8454;7981
2026-09-26T10:32:05;CVL1;site;RIS;impose_ouest;2026-09-30 15:00;BEST_GUESS;OK;222599;1380;223979;8454;7981
2026-09-26T10:32:05;CVL2;site;RIS;acces_impose;2026-09-30 15:00;BEST_GUESS;OK;258419;1380;259799;10529;9975
2026-09-26T10:32:05;CVL2;site;RIS;impose_ouest;2026-09-30 15:00;BEST_GUESS;OK;258419;1380;259799;10529;9975
2026-09-26T10:32:05;CVL3;site;RIS;acces_impose;2026-09-30 15:00;BEST_GUESS;OK;126864;1380;128244;5340;5006
2026-09-26T10:32:06;CVL3;site;RIS;impose_ouest;2026-09-30 15:00;BEST_GUESS;OK;126864;1380;128244;5340;5006
2026-09-26T10:32:06;GE1;site;RIS;acces_impose;2026-09-30 15:00;BEST_GUESS;OK;208102;1380;209482;8411;7779
2026-09-26T10:32:06;GE1;site;RIS;impose_est;2026-09-30 15:00;BEST_GUESS;OK;208102;1380;209482;8411;7779
2026-09-26T10:32:06;BFC1;site;RIS;acces_impose;2026-09-30 15:00;BEST_GUESS;OK;290785;1380;292165;10074;9823
2026-09-26T10:32:07;BFC1;site;RIS;impose_est;2026-09-30 15:00;BEST_GUESS;OK;304701;1380;306081;11138;10474
2026-09-26T10:32:07;E_A1;entree;VITRY;rapide;2026-09-30 16:00;BEST_GUESS;OK;48820;0;48820;3423;2558
2026-09-26T10:32:07;E_A1;entree;RIS;rapide;2026-09-30 16:00;BEST_GUESS;OK;65882;1380;67262;5012;3448
2026-09-26T10:32:07;E_A4;entree;VITRY;rapide;2026-09-30 16:00;BEST_GUESS;OK;73090;0;73090;3375;3052
2026-09-26T10:32:07;E_A4;entree;RIS;rapide;2026-09-30 16:00;BEST_GUESS;OK;92509;1380;93889;4521;3971
2026-09-26T10:32:07;E_A5;entree;VITRY;rapide;2026-09-30 16:00;BEST_GUESS;OK;82488;0;82488;3725;3626
2026-09-26T10:32:07;E_A5;entree;RIS;rapide;2026-09-30 16:00;BEST_GUESS;OK;70634;1380;72014;3035;2857
2026-09-26T10:32:07;E_A6;entree;VITRY;rapide;2026-09-30 16:00;BEST_GUESS;OK;93772;0;93772;4001;3537
2026-09-26T10:32:07;E_A6;entree;RIS;rapide;2026-09-30 16:00;BEST_GUESS;OK;72354;1380;73734;2724;2642
2026-09-26T10:32:07;E_A10;entree;VITRY;rapide;2026-09-30 16:00;BEST_GUESS;OK;62958;0;62958;3231;2617
2026-09-26T10:32:07;E_A10;entree;RIS;rapide;2026-09-30 16:00;BEST_GUESS;OK;59203;1380;60583;2748;2411
2026-09-26T10:32:07;E_A11;entree;VITRY;rapide;2026-09-30 16:00;BEST_GUESS;OK;62192;0;62192;3362;2733
2026-09-26T10:32:07;E_A11;entree;RIS;rapide;2026-09-30 16:00;BEST_GUESS;OK;58437;1380;59817;2878;2528
2026-09-26T10:32:07;E_A13;entree;VITRY;rapide;2026-09-30 16:00;BEST_GUESS;OK;92461;0;92461;4812;3779
2026-09-26T10:32:07;E_A13;entree;RIS;rapide;2026-09-30 16:00;BEST_GUESS;OK;99218;1380;100598;5307;4096
2026-09-26T10:32:07;E_A16;entree;VITRY;rapide;2026-09-30 16:00;BEST_GUESS;OK;69185;0;69185;4651;3564
2026-09-26T10:32:07;E_A16;entree;RIS;rapide;2026-09-30 16:00;BEST_GUESS;OK;89679;1380;91059;5764;4332
2026-09-26T10:32:07;IDF1;site;VITRY;rapide;2026-09-30 16:00;BEST_GUESS;OK;41890;0;41890;3732;2841
2026-09-26T10:32:07;IDF1;site;RIS;rapide;2026-09-30 16:00;BEST_GUESS;OK;58952;1380;60332;5341;3731
2026-09-26T10:32:07;IDF2;site;VITRY;rapide;2026-09-30 16:00;BEST_GUESS;OK;35448;0;35448;2473;2082
2026-09-26T10:32:07;IDF2;site;RIS;rapide;2026-09-30 16:00;BEST_GUESS;OK;14026;1380;15406;1228;1177
2026-09-26T10:32:07;IDF3;site;VITRY;rapide;2026-09-30 16:00;BEST_GUESS;OK;66563;0;66563;4930;3895
2026-09-26T10:32:07;IDF3;site;RIS;rapide;2026-09-30 16:00;BEST_GUESS;OK;90869;1380;92249;6003;4705
2026-09-26T10:32:07;IDF4;site;VITRY;rapide;2026-09-30 16:00;BEST_GUESS;OK;31174;0;31174;3224;2409
2026-09-26T10:32:07;IDF4;site;RIS;rapide;2026-09-30 16:00;BEST_GUESS;OK;48236;1380;49616;4806;3299
2026-09-26T10:32:07;IDF5;site;VITRY;rapide;2026-09-30 16:00;BEST_GUESS;OK;27596;0;27596;3357;2840
2026-09-26T10:32:07;IDF5;site;RIS;rapide;2026-09-30 16:00;BEST_GUESS;OK;48346;1380;49726;4851;3517
2026-09-26T10:32:07;IDF6;site;VITRY;rapide;2026-09-30 16:00;BEST_GUESS;OK;41449;0;41449;3791;2811
2026-09-26T10:32:07;IDF6;site;RIS;rapide;2026-09-30 16:00;BEST_GUESS;OK;57321;1380;58701;4338;3170
2026-09-26T10:32:07;IDF7;site;VITRY;rapide;2026-09-30 16:00;BEST_GUESS;OK;40735;0;40735;3632;2678
2026-09-26T10:32:07;IDF7;site;RIS;rapide;2026-09-30 16:00;BEST_GUESS;OK;56204;1380;57584;4137;3049
2026-09-26T10:32:07;IDF8;site;VITRY;rapide;2026-09-30 16:00;BEST_GUESS;OK;45059;0;45059;2760;2489
2026-09-26T10:32:07;IDF8;site;RIS;rapide;2026-09-30 16:00;BEST_GUESS;OK;64478;1380;65858;3949;3408
2026-09-26T10:32:07;IDF9;site;VITRY;rapide;2026-09-30 16:00;BEST_GUESS;OK;46751;0;46751;3938;2980
2026-09-26T10:32:07;IDF9;site;RIS;rapide;2026-09-30 16:00;BEST_GUESS;OK;53507;1380;54887;4392;3297
2026-09-26T10:32:07;IDF10;site;VITRY;rapide;2026-09-30 16:00;BEST_GUESS;OK;34363;0;34363;3196;2348
2026-09-26T10:32:07;IDF10;site;RIS;rapide;2026-09-30 16:00;BEST_GUESS;OK;51425;1380;52805;4783;3238
2026-09-26T10:32:07;IDF11;site;VITRY;rapide;2026-09-30 16:00;BEST_GUESS;OK;49468;0;49468;2630;2370
2026-09-26T10:32:07;IDF11;site;RIS;rapide;2026-09-30 16:00;BEST_GUESS;OK;68887;1380;70267;3830;3288
2026-09-26T10:32:07;IDF12;site;VITRY;rapide;2026-09-30 16:00;BEST_GUESS;OK;11529;0;11529;1091;1049
2026-09-26T10:32:07;IDF12;site;RIS;rapide;2026-09-30 16:00;BEST_GUESS;OK;14828;1380;16208;2134;1956
2026-09-26T10:32:07;IDF13;site;VITRY;rapide;2026-09-30 16:00;BEST_GUESS;OK;38905;0;38905;2613;2536
2026-09-26T10:32:07;IDF13;site;RIS;rapide;2026-09-30 16:00;BEST_GUESS;OK;32603;1380;33983;2200;2015
2026-09-26T10:32:07;IDF14;site;VITRY;rapide;2026-09-30 16:00;BEST_GUESS;OK;7704;0;7704;1317;1243
2026-09-26T10:32:07;IDF14;site;RIS;rapide;2026-09-30 16:00;BEST_GUESS;OK;10572;1380;11952;1386;1306
2026-09-26T10:32:07;IDF15;site;VITRY;rapide;2026-09-30 16:00;BEST_GUESS;OK;46693;0;46693;3277;2492
2026-09-26T10:32:07;IDF15;site;RIS;rapide;2026-09-30 16:00;BEST_GUESS;OK;53449;1380;54829;3694;2809
2026-09-26T10:32:07;HDF1;site;VITRY;rapide;2026-09-30 16:00;BEST_GUESS;OK;210106;0;210106;10576;9101
2026-09-26T10:32:07;HDF1;site;RIS;rapide;2026-09-30 16:00;BEST_GUESS;OK;227168;1380;228548;11811;9991
2026-09-26T10:32:07;HDF2;site;VITRY;rapide;2026-09-30 16:00;BEST_GUESS;OK;203649;0;203649;9467;7989
2026-09-26T10:32:07;HDF2;site;RIS;rapide;2026-09-30 16:00;BEST_GUESS;OK;220711;1380;222091;10896;8880
2026-09-26T10:32:07;HDF3;site;VITRY;rapide;2026-09-30 16:00;BEST_GUESS;OK;251636;0;251636;11544;10124
2026-09-26T10:32:07;HDF3;site;RIS;rapide;2026-09-30 16:00;BEST_GUESS;OK;268698;1380;270078;12740;11014
2026-09-26T10:32:07;HDF4;site;VITRY;rapide;2026-09-30 16:00;BEST_GUESS;OK;203647;0;203647;9622;8114
2026-09-26T10:32:07;HDF4;site;RIS;rapide;2026-09-30 16:00;BEST_GUESS;OK;220709;1380;222089;11027;9004
2026-09-26T10:32:07;HDF5;site;VITRY;rapide;2026-09-30 16:00;BEST_GUESS;OK;224457;0;224457;10386;8842
2026-09-26T10:32:07;HDF5;site;RIS;rapide;2026-09-30 16:00;BEST_GUESS;OK;241519;1380;242899;11619;9732
2026-09-26T10:32:07;NOR1;site;VITRY;rapide;2026-09-30 16:00;BEST_GUESS;OK;209946;0;209946;8990;7853
2026-09-26T10:32:07;NOR1;site;RIS;rapide;2026-09-30 16:00;BEST_GUESS;OK;216703;1380;218083;9450;8170
2026-09-26T10:32:07;NOR2;site;VITRY;rapide;2026-09-30 16:00;BEST_GUESS;OK;139338;0;139338;6516;5440
2026-09-26T10:32:07;NOR2;site;RIS;rapide;2026-09-30 16:00;BEST_GUESS;OK;146094;1380;147474;7025;5756
2026-09-26T10:32:07;NOR3;site;VITRY;rapide;2026-09-30 16:00;BEST_GUESS;OK;134270;0;134270;6669;5551
2026-09-26T10:32:07;NOR3;site;RIS;rapide;2026-09-30 16:00;BEST_GUESS;OK;141027;1380;142407;7167;5868
2026-09-26T10:32:07;CVL1;site;VITRY;rapide;2026-09-30 16:00;BEST_GUESS;OK;226354;0;226354;8945;8187
2026-09-26T10:32:07;CVL1;site;RIS;rapide;2026-09-30 16:00;BEST_GUESS;OK;222599;1380;223979;8469;7982
2026-09-26T10:32:07;CVL2;site;VITRY;rapide;2026-09-30 16:00;BEST_GUESS;OK;262174;0;262174;10899;10181
2026-09-26T10:32:07;CVL2;site;RIS;rapide;2026-09-30 16:00;BEST_GUESS;OK;258419;1380;259799;10332;9975
2026-09-26T10:32:07;CVL3;site;VITRY;rapide;2026-09-30 16:00;BEST_GUESS;OK;130619;0;130619;6002;5212
2026-09-26T10:32:07;CVL3;site;RIS;rapide;2026-09-30 16:00;BEST_GUESS;OK;126864;1380;128244;5507;5006
2026-09-26T10:32:07;GE1;site;VITRY;rapide;2026-09-30 16:00;BEST_GUESS;OK;185285;0;185285;7325;6915
2026-09-26T10:32:07;GE1;site;RIS;rapide;2026-09-30 16:00;BEST_GUESS;OK;204704;1380;206084;8653;7834
2026-09-26T10:32:07;BFC1;site;VITRY;rapide;2026-09-30 16:00;BEST_GUESS;OK;312203;0;312203;11328;10719
2026-09-26T10:32:07;BFC1;site;RIS;rapide;2026-09-30 16:00;BEST_GUESS;OK;290785;1380;292165;10055;9824
2026-09-26T10:32:08;E_A1;entree;RIS;acces_impose;2026-09-30 16:00;BEST_GUESS;OK;67584;1380;68964;5016;3457
2026-09-26T10:32:08;E_A1;entree;RIS;impose_ouest;2026-09-30 16:00;BEST_GUESS;OK;86345;1380;87725;6296;4305
2026-09-26T10:32:09;E_A4;entree;RIS;acces_impose;2026-09-30 16:00;BEST_GUESS;OK;95907;1380;97287;4485;3915
2026-09-26T10:32:09;E_A4;entree;RIS;impose_est;2026-09-30 16:00;BEST_GUESS;OK;95907;1380;97287;4485;3915
2026-09-26T10:32:09;E_A5;entree;RIS;acces_impose;2026-09-30 16:00;BEST_GUESS;OK;74032;1380;75412;2989;2802
2026-09-26T10:32:09;E_A5;entree;RIS;impose_est;2026-09-30 16:00;BEST_GUESS;OK;74032;1380;75412;2989;2802
2026-09-26T10:32:10;E_A6;entree;RIS;acces_impose;2026-09-30 16:00;BEST_GUESS;OK;72354;1380;73734;2724;2641
2026-09-26T10:32:10;E_A6;entree;RIS;impose_est;2026-09-30 16:00;BEST_GUESS;OK;86270;1380;87650;3678;3292
2026-09-26T10:32:10;E_A10;entree;RIS;acces_impose;2026-09-30 16:00;BEST_GUESS;OK;59203;1380;60583;2748;2411
2026-09-26T10:32:10;E_A10;entree;RIS;impose_ouest;2026-09-30 16:00;BEST_GUESS;OK;59203;1380;60583;2748;2411
2026-09-26T10:32:10;E_A11;entree;RIS;acces_impose;2026-09-30 16:00;BEST_GUESS;OK;58437;1380;59817;2878;2527
2026-09-26T10:32:11;E_A11;entree;RIS;impose_ouest;2026-09-30 16:00;BEST_GUESS;OK;58437;1380;59817;2878;2527
2026-09-26T10:32:11;E_A13;entree;RIS;acces_impose;2026-09-30 16:00;BEST_GUESS;OK;100919;1380;102299;5311;4105
2026-09-26T10:32:11;E_A13;entree;RIS;impose_ouest;2026-09-30 16:00;BEST_GUESS;OK;115696;1380;117076;5556;4740
2026-09-26T10:32:11;E_A16;entree;RIS;acces_impose;2026-09-30 16:00;BEST_GUESS;OK;91380;1380;92760;5765;4341
2026-09-26T10:32:11;E_A16;entree;RIS;impose_ouest;2026-09-30 16:00;BEST_GUESS;OK;106157;1380;107537;6055;4977
2026-09-26T10:32:12;IDF1;site;RIS;acces_impose;2026-09-30 16:00;BEST_GUESS;OK;60653;1380;62033;5346;3740
2026-09-26T10:32:12;IDF1;site;RIS;impose_ouest;2026-09-30 16:00;BEST_GUESS;OK;79415;1380;80795;6627;4588
2026-09-26T10:32:12;IDF2;site;RIS;acces_impose;2026-09-30 16:00;BEST_GUESS;OK;14026;1380;15406;1228;1177
2026-09-26T10:32:12;IDF2;site;RIS;impose_ouest;2026-09-30 16:00;BEST_GUESS;OK;23176;1380;24556;1834;1590
2026-09-26T10:32:12;IDF3;site;RIS;acces_impose;2026-09-30 16:00;BEST_GUESS;OK;92571;1380;93951;6010;4715
2026-09-26T10:32:13;IDF3;site;RIS;impose_ouest;2026-09-30 16:00;BEST_GUESS;OK;107348;1380;108728;6447;5350
2026-09-26T10:32:13;IDF4;site;RIS;acces_impose;2026-09-30 16:00;BEST_GUESS;OK;49937;1380;51317;4810;3308
2026-09-26T10:32:13;IDF4;site;RIS;impose_ouest;2026-09-30 16:00;BEST_GUESS;OK;68699;1380;70079;6073;4155
2026-09-26T10:32:13;IDF5;site;RIS;acces_impose;2026-09-30 16:00;BEST_GUESS;OK;50047;1380;51427;4855;3526
2026-09-26T10:32:13;IDF5;site;RIS;impose_ouest;2026-09-30 16:00;BEST_GUESS;OK;68809;1380;70189;6128;4374
2026-09-26T10:32:14;IDF6;site;RIS;acces_impose;2026-09-30 16:00;BEST_GUESS;OK;59022;1380;60402;4343;3179
2026-09-26T10:32:14;IDF6;site;RIS;impose_ouest;2026-09-30 16:00;BEST_GUESS;OK;73799;1380;75179;4746;3814
2026-09-26T10:32:14;IDF7;site;RIS;acces_impose;2026-09-30 16:00;BEST_GUESS;OK;57906;1380;59286;4146;3058
2026-09-26T10:32:14;IDF7;site;RIS;impose_ouest;2026-09-30 16:00;BEST_GUESS;OK;72682;1380;74062;4539;3693
2026-09-26T10:32:14;IDF8;site;RIS;acces_impose;2026-09-30 16:00;BEST_GUESS;OK;67876;1380;69256;3907;3352
2026-09-26T10:32:15;IDF8;site;RIS;impose_est;2026-09-30 16:00;BEST_GUESS;OK;67876;1380;69256;3907;3352
2026-09-26T10:32:15;IDF9;site;RIS;acces_impose;2026-09-30 16:00;BEST_GUESS;OK;55209;1380;56589;4398;3306
2026-09-26T10:32:15;IDF9;site;RIS;impose_ouest;2026-09-30 16:00;BEST_GUESS;OK;69985;1380;71365;4795;3941
2026-09-26T10:32:15;IDF10;site;RIS;acces_impose;2026-09-30 16:00;BEST_GUESS;OK;53126;1380;54506;4788;3247
2026-09-26T10:32:15;IDF10;site;RIS;impose_ouest;2026-09-30 16:00;BEST_GUESS;OK;71888;1380;73268;6046;4094
2026-09-26T10:32:16;IDF11;site;RIS;acces_impose;2026-09-30 16:00;BEST_GUESS;OK;72285;1380;73665;3791;3233
2026-09-26T10:32:16;IDF11;site;RIS;impose_est;2026-09-30 16:00;BEST_GUESS;OK;72285;1380;73665;3791;3233
2026-09-26T10:32:16;IDF12;site;RIS;acces_impose;2026-09-30 16:00;BEST_GUESS;OK;34869;1380;36249;2694;2106
2026-09-26T10:32:16;IDF12;site;RIS;impose_est;2026-09-30 16:00;BEST_GUESS;OK;32483;1380;33863;2567;2372
2026-09-26T10:32:16;IDF13;site;RIS;acces_impose;2026-09-30 16:00;BEST_GUESS;OK;36001;1380;37381;2141;1960
2026-09-26T10:32:16;IDF13;site;RIS;impose_est;2026-09-30 16:00;BEST_GUESS;OK;36001;1380;37381;2141;1960
2026-09-26T10:32:17;IDF14;site;RIS;acces_impose;2026-09-30 16:00;BEST_GUESS;OK;16078;1380;17458;2045;1912
2026-09-26T10:32:17;IDF14;site;RIS;impose_est;2026-09-30 16:00;BEST_GUESS;OK;33504;1380;34884;2260;2057
2026-09-26T10:32:17;IDF15;site;RIS;acces_impose;2026-09-30 16:00;BEST_GUESS;OK;55151;1380;56531;3703;2819
2026-09-26T10:32:17;IDF15;site;RIS;impose_ouest;2026-09-30 16:00;BEST_GUESS;OK;69927;1380;71307;4101;3454
2026-09-26T10:32:18;HDF1;site;RIS;acces_impose;2026-09-30 16:00;BEST_GUESS;OK;228870;1380;230250;11812;10000
2026-09-26T10:32:18;HDF1;site;RIS;impose_est;2026-09-30 16:00;BEST_GUESS;OK;224950;1380;226330;11228;10145
2026-09-26T10:32:18;HDF2;site;RIS;acces_impose;2026-09-30 16:00;BEST_GUESS;OK;222412;1380;223792;10891;8889
2026-09-26T10:32:18;HDF2;site;RIS;impose_ouest;2026-09-30 16:00;BEST_GUESS;OK;241174;1380;242554;11825;9736
2026-09-26T10:32:19;HDF3;site;RIS;acces_impose;2026-09-30 16:00;BEST_GUESS;OK;270399;1380;271779;12744;11024
2026-09-26T10:32:19;HDF3;site;RIS;impose_ouest;2026-09-30 16:00;BEST_GUESS;OK;289161;1380;290541;13621;11871
2026-09-26T10:32:19;HDF4;site;RIS;acces_impose;2026-09-30 16:00;BEST_GUESS;OK;222410;1380;223790;11023;9013
2026-09-26T10:32:20;HDF4;site;RIS;impose_ouest;2026-09-30 16:00;BEST_GUESS;OK;241172;1380;242552;11935;9861
2026-09-26T10:32:20;HDF5;site;RIS;acces_impose;2026-09-30 16:00;BEST_GUESS;OK;243220;1380;244600;11620;9741
2026-09-26T10:32:20;HDF5;site;RIS;impose_ouest;2026-09-30 16:00;BEST_GUESS;OK;261982;1380;263362;12521;10588
2026-09-26T10:32:20;NOR1;site;RIS;acces_impose;2026-09-30 16:00;BEST_GUESS;OK;218404;1380;219784;9448;8179
2026-09-26T10:32:21;NOR1;site;RIS;impose_ouest;2026-09-30 16:00;BEST_GUESS;OK;233181;1380;234561;9742;8814
2026-09-26T10:32:21;NOR2;site;RIS;acces_impose;2026-09-30 16:00;BEST_GUESS;OK;147795;1380;149175;7025;5767
2026-09-26T10:32:21;NOR2;site;RIS;impose_ouest;2026-09-30 16:00;BEST_GUESS;OK;162572;1380;163952;7415;6402
2026-09-26T10:32:22;NOR3;site;RIS;acces_impose;2026-09-30 16:00;BEST_GUESS;OK;142728;1380;144108;7167;5877
2026-09-26T10:32:22;NOR3;site;RIS;impose_ouest;2026-09-30 16:00;BEST_GUESS;OK;157505;1380;158885;7575;6512
2026-09-26T10:32:22;CVL1;site;RIS;acces_impose;2026-09-30 16:00;BEST_GUESS;OK;222599;1380;223979;8469;7981
2026-09-26T10:32:22;CVL1;site;RIS;impose_ouest;2026-09-30 16:00;BEST_GUESS;OK;222599;1380;223979;8469;7981
2026-09-26T10:32:22;CVL2;site;RIS;acces_impose;2026-09-30 16:00;BEST_GUESS;OK;258419;1380;259799;10332;9975
2026-09-26T10:32:23;CVL2;site;RIS;impose_ouest;2026-09-30 16:00;BEST_GUESS;OK;258419;1380;259799;10332;9975
2026-09-26T10:32:23;CVL3;site;RIS;acces_impose;2026-09-30 16:00;BEST_GUESS;OK;126864;1380;128244;5507;5006
2026-09-26T10:32:23;CVL3;site;RIS;impose_ouest;2026-09-30 16:00;BEST_GUESS;OK;126864;1380;128244;5507;5006
2026-09-26T10:32:23;GE1;site;RIS;acces_impose;2026-09-30 16:00;BEST_GUESS;OK;208102;1380;209482;8658;7779
2026-09-26T10:32:24;GE1;site;RIS;impose_est;2026-09-30 16:00;BEST_GUESS;OK;208102;1380;209482;8658;7779
2026-09-26T10:32:24;BFC1;site;RIS;acces_impose;2026-09-30 16:00;BEST_GUESS;OK;290785;1380;292165;10055;9823
2026-09-26T10:32:24;BFC1;site;RIS;impose_est;2026-09-30 16:00;BEST_GUESS;OK;304701;1380;306081;10970;10474
2026-09-26T10:32:25;E_A1;entree;VITRY;rapide;2026-09-30 17:00;BEST_GUESS;OK;48820;0;48820;3726;2558
2026-09-26T10:32:25;E_A1;entree;RIS;rapide;2026-09-30 17:00;BEST_GUESS;OK;65882;1380;67262;5251;3448
2026-09-26T10:32:25;E_A4;entree;VITRY;rapide;2026-09-30 17:00;BEST_GUESS;OK;73090;0;73090;3400;3052
2026-09-26T10:32:25;E_A4;entree;RIS;rapide;2026-09-30 17:00;BEST_GUESS;OK;92509;1380;93889;4663;3971
2026-09-26T10:32:25;E_A5;entree;VITRY;rapide;2026-09-30 17:00;BEST_GUESS;OK;82488;0;82488;3803;3626
2026-09-26T10:32:25;E_A5;entree;RIS;rapide;2026-09-30 17:00;BEST_GUESS;OK;70634;1380;72014;3137;2857
2026-09-26T10:32:25;E_A6;entree;VITRY;rapide;2026-09-30 17:00;BEST_GUESS;OK;93772;0;93772;4260;3537
2026-09-26T10:32:25;E_A6;entree;RIS;rapide;2026-09-30 17:00;BEST_GUESS;OK;72354;1380;73734;2793;2642
2026-09-26T10:32:25;E_A10;entree;VITRY;rapide;2026-09-30 17:00;BEST_GUESS;OK;62958;0;62958;3381;2617
2026-09-26T10:32:25;E_A10;entree;RIS;rapide;2026-09-30 17:00;BEST_GUESS;OK;59203;1380;60583;2944;2411
2026-09-26T10:32:25;E_A11;entree;VITRY;rapide;2026-09-30 17:00;BEST_GUESS;OK;62192;0;62192;3555;2733
2026-09-26T10:32:25;E_A11;entree;RIS;rapide;2026-09-30 17:00;BEST_GUESS;OK;58437;1380;59817;3101;2528
2026-09-26T10:32:25;E_A13;entree;VITRY;rapide;2026-09-30 17:00;BEST_GUESS;OK;92461;0;92461;4877;3779
2026-09-26T10:32:25;E_A13;entree;RIS;rapide;2026-09-30 17:00;BEST_GUESS;OK;99218;1380;100598;5327;4096
2026-09-26T10:32:25;E_A16;entree;VITRY;rapide;2026-09-30 17:00;BEST_GUESS;OK;69185;0;69185;4858;3564
2026-09-26T10:32:25;E_A16;entree;RIS;rapide;2026-09-30 17:00;BEST_GUESS;OK;89679;1380;91059;5796;4332
2026-09-26T10:32:25;IDF1;site;VITRY;rapide;2026-09-30 17:00;BEST_GUESS;OK;41890;0;41890;4063;2841
2026-09-26T10:32:25;IDF1;site;RIS;rapide;2026-09-30 17:00;BEST_GUESS;OK;58952;1380;60332;5649;3731
2026-09-26T10:32:25;IDF2;site;VITRY;rapide;2026-09-30 17:00;BEST_GUESS;OK;35448;0;35448;2696;2082
2026-09-26T10:32:25;IDF2;site;RIS;rapide;2026-09-30 17:00;BEST_GUESS;OK;14026;1380;15406;1291;1177
2026-09-26T10:32:25;IDF3;site;VITRY;rapide;2026-09-30 17:00;BEST_GUESS;OK;66563;0;66563;5179;3895
2026-09-26T10:32:25;IDF3;site;RIS;rapide;2026-09-30 17:00;BEST_GUESS;OK;90870;1380;92250;6126;4706
2026-09-26T10:32:25;IDF4;site;VITRY;rapide;2026-09-30 17:00;BEST_GUESS;OK;31174;0;31174;3369;2409
2026-09-26T10:32:25;IDF4;site;RIS;rapide;2026-09-30 17:00;BEST_GUESS;OK;48236;1380;49616;4934;3299
2026-09-26T10:32:25;IDF5;site;VITRY;rapide;2026-09-30 17:00;BEST_GUESS;OK;27596;0;27596;3498;2840
2026-09-26T10:32:25;IDF5;site;RIS;rapide;2026-09-30 17:00;BEST_GUESS;OK;48346;1380;49726;5042;3517
2026-09-26T10:32:25;IDF6;site;VITRY;rapide;2026-09-30 17:00;BEST_GUESS;OK;41449;0;41449;4017;2811
2026-09-26T10:32:25;IDF6;site;RIS;rapide;2026-09-30 17:00;BEST_GUESS;OK;57321;1380;58701;4690;3170
2026-09-26T10:32:25;IDF7;site;VITRY;rapide;2026-09-30 17:00;BEST_GUESS;OK;40735;0;40735;3893;2678
2026-09-26T10:32:25;IDF7;site;RIS;rapide;2026-09-30 17:00;BEST_GUESS;OK;56204;1380;57584;4438;3049
2026-09-26T10:32:25;IDF8;site;VITRY;rapide;2026-09-30 17:00;BEST_GUESS;OK;45059;0;45059;2858;2489
2026-09-26T10:32:25;IDF8;site;RIS;rapide;2026-09-30 17:00;BEST_GUESS;OK;64478;1380;65858;4106;3408
2026-09-26T10:32:25;IDF9;site;VITRY;rapide;2026-09-30 17:00;BEST_GUESS;OK;46751;0;46751;4241;2980
2026-09-26T10:32:25;IDF9;site;RIS;rapide;2026-09-30 17:00;BEST_GUESS;OK;53507;1380;54887;4740;3297
2026-09-26T10:32:25;IDF10;site;VITRY;rapide;2026-09-30 17:00;BEST_GUESS;OK;34363;0;34363;3518;2347
2026-09-26T10:32:25;IDF10;site;RIS;rapide;2026-09-30 17:00;BEST_GUESS;OK;51425;1380;52805;5051;3238
2026-09-26T10:32:25;IDF11;site;VITRY;rapide;2026-09-30 17:00;BEST_GUESS;OK;49468;0;49468;2747;2370
2026-09-26T10:32:25;IDF11;site;RIS;rapide;2026-09-30 17:00;BEST_GUESS;OK;68887;1380;70267;3965;3288
2026-09-26T10:32:25;IDF12;site;VITRY;rapide;2026-09-30 17:00;BEST_GUESS;OK;11529;0;11529;1142;1049
2026-09-26T10:32:25;IDF12;site;RIS;rapide;2026-09-30 17:00;BEST_GUESS;OK;14828;1380;16208;2191;1956
2026-09-26T10:32:25;IDF13;site;VITRY;rapide;2026-09-30 17:00;BEST_GUESS;OK;38905;0;38905;2757;2536
2026-09-26T10:32:25;IDF13;site;RIS;rapide;2026-09-30 17:00;BEST_GUESS;OK;32603;1380;33983;2311;2015
2026-09-26T10:32:25;IDF14;site;VITRY;rapide;2026-09-30 17:00;BEST_GUESS;OK;7704;0;7704;1356;1243
2026-09-26T10:32:25;IDF14;site;RIS;rapide;2026-09-30 17:00;BEST_GUESS;OK;10572;1380;11952;1418;1306
2026-09-26T10:32:25;IDF15;site;VITRY;rapide;2026-09-30 17:00;BEST_GUESS;OK;46693;0;46693;3500;2492
2026-09-26T10:32:25;IDF15;site;RIS;rapide;2026-09-30 17:00;BEST_GUESS;OK;53449;1380;54829;3970;2809
2026-09-26T10:32:25;HDF1;site;VITRY;rapide;2026-09-30 17:00;BEST_GUESS;OK;210106;0;210106;10072;9101
2026-09-26T10:32:25;HDF1;site;RIS;rapide;2026-09-30 17:00;BEST_GUESS;OK;227168;1380;228548;11151;9991
2026-09-26T10:32:25;HDF2;site;VITRY;rapide;2026-09-30 17:00;BEST_GUESS;OK;203649;0;203649;9167;7989
2026-09-26T10:32:25;HDF2;site;RIS;rapide;2026-09-30 17:00;BEST_GUESS;OK;220711;1380;222091;10332;8880
2026-09-26T10:32:25;HDF3;site;VITRY;rapide;2026-09-30 17:00;BEST_GUESS;OK;251636;0;251636;10925;10124
2026-09-26T10:32:25;HDF3;site;RIS;rapide;2026-09-30 17:00;BEST_GUESS;OK;268698;1380;270078;11906;11014
2026-09-26T10:32:25;HDF4;site;VITRY;rapide;2026-09-30 17:00;BEST_GUESS;OK;203647;0;203647;9347;8114
2026-09-26T10:32:25;HDF4;site;RIS;rapide;2026-09-30 17:00;BEST_GUESS;OK;220709;1380;222089;10459;9004
2026-09-26T10:32:25;HDF5;site;VITRY;rapide;2026-09-30 17:00;BEST_GUESS;OK;224457;0;224457;9929;8842
2026-09-26T10:32:25;HDF5;site;RIS;rapide;2026-09-30 17:00;BEST_GUESS;OK;241519;1380;242899;11024;9732
2026-09-26T10:32:25;NOR1;site;VITRY;rapide;2026-09-30 17:00;BEST_GUESS;OK;209946;0;209946;8550;7853
2026-09-26T10:32:25;NOR1;site;RIS;rapide;2026-09-30 17:00;BEST_GUESS;OK;216703;1380;218083;8861;8170
2026-09-26T10:32:25;NOR2;site;VITRY;rapide;2026-09-30 17:00;BEST_GUESS;OK;139338;0;139338;6403;5440
2026-09-26T10:32:25;NOR2;site;RIS;rapide;2026-09-30 17:00;BEST_GUESS;OK;146094;1380;147474;6813;5757
2026-09-26T10:32:25;NOR3;site;VITRY;rapide;2026-09-30 17:00;BEST_GUESS;OK;134270;0;134270;6653;5551
2026-09-26T10:32:25;NOR3;site;RIS;rapide;2026-09-30 17:00;BEST_GUESS;OK;141027;1380;142407;7053;5868
2026-09-26T10:32:25;CVL1;site;VITRY;rapide;2026-09-30 17:00;BEST_GUESS;OK;226354;0;226354;8588;8187
2026-09-26T10:32:25;CVL1;site;RIS;rapide;2026-09-30 17:00;BEST_GUESS;OK;222599;1380;223979;8119;7982
2026-09-26T10:32:25;CVL2;site;VITRY;rapide;2026-09-30 17:00;BEST_GUESS;OK;262174;0;262174;10452;10181
2026-09-26T10:32:25;CVL2;site;RIS;rapide;2026-09-30 17:00;BEST_GUESS;OK;258419;1380;259799;10032;9975
2026-09-26T10:32:25;CVL3;site;VITRY;rapide;2026-09-30 17:00;BEST_GUESS;OK;130619;0;130619;5938;5212
2026-09-26T10:32:25;CVL3;site;RIS;rapide;2026-09-30 17:00;BEST_GUESS;OK;126863;1380;128243;5453;5005
2026-09-26T10:32:25;GE1;site;VITRY;rapide;2026-09-30 17:00;BEST_GUESS;OK;185285;0;185285;7354;6915
2026-09-26T10:32:25;GE1;site;RIS;rapide;2026-09-30 17:00;BEST_GUESS;OK;204704;1380;206084;8317;7834
2026-09-26T10:32:25;BFC1;site;VITRY;rapide;2026-09-30 17:00;BEST_GUESS;OK;312203;0;312203;11014;10719
2026-09-26T10:32:25;BFC1;site;RIS;rapide;2026-09-30 17:00;BEST_GUESS;OK;290784;1380;292164;9989;9823
2026-09-26T10:32:25;E_A1;entree;RIS;acces_impose;2026-09-30 17:00;BEST_GUESS;OK;67584;1380;68964;5244;3457
2026-09-26T10:32:25;E_A1;entree;RIS;impose_ouest;2026-09-30 17:00;BEST_GUESS;OK;86345;1380;87725;6325;4305
2026-09-26T10:32:25;E_A4;entree;RIS;acces_impose;2026-09-30 17:00;BEST_GUESS;OK;95907;1380;97287;4670;3915
2026-09-26T10:32:26;E_A4;entree;RIS;impose_est;2026-09-30 17:00;BEST_GUESS;OK;95907;1380;97287;4670;3915
2026-09-26T10:32:26;E_A5;entree;RIS;acces_impose;2026-09-30 17:00;BEST_GUESS;OK;74032;1380;75412;3152;2802
2026-09-26T10:32:26;E_A5;entree;RIS;impose_est;2026-09-30 17:00;BEST_GUESS;OK;74032;1380;75412;3152;2802
2026-09-26T10:32:26;E_A6;entree;RIS;acces_impose;2026-09-30 17:00;BEST_GUESS;OK;72354;1380;73734;2793;2641
2026-09-26T10:32:26;E_A6;entree;RIS;impose_est;2026-09-30 17:00;BEST_GUESS;OK;86270;1380;87650;3872;3292
2026-09-26T10:32:27;E_A10;entree;RIS;acces_impose;2026-09-30 17:00;BEST_GUESS;OK;59203;1380;60583;2944;2411
2026-09-26T10:32:27;E_A10;entree;RIS;impose_ouest;2026-09-30 17:00;BEST_GUESS;OK;59203;1380;60583;2944;2411
2026-09-26T10:32:27;E_A11;entree;RIS;acces_impose;2026-09-30 17:00;BEST_GUESS;OK;58437;1380;59817;3101;2527
2026-09-26T10:32:27;E_A11;entree;RIS;impose_ouest;2026-09-30 17:00;BEST_GUESS;OK;58437;1380;59817;3101;2527
2026-09-26T10:32:27;E_A13;entree;RIS;acces_impose;2026-09-30 17:00;BEST_GUESS;OK;100919;1380;102299;5324;4105
2026-09-26T10:32:28;E_A13;entree;RIS;impose_ouest;2026-09-30 17:00;BEST_GUESS;OK;115696;1380;117076;5538;4740
2026-09-26T10:32:28;E_A16;entree;RIS;acces_impose;2026-09-30 17:00;BEST_GUESS;OK;91380;1380;92760;5794;4341
2026-09-26T10:32:28;E_A16;entree;RIS;impose_ouest;2026-09-30 17:00;BEST_GUESS;OK;106157;1380;107537;6099;4977
2026-09-26T10:32:28;IDF1;site;RIS;acces_impose;2026-09-30 17:00;BEST_GUESS;OK;60653;1380;62033;5647;3740
2026-09-26T10:32:28;IDF1;site;RIS;impose_ouest;2026-09-30 17:00;BEST_GUESS;OK;79415;1380;80795;6702;4588
2026-09-26T10:32:29;IDF2;site;RIS;acces_impose;2026-09-30 17:00;BEST_GUESS;OK;14026;1380;15406;1291;1177
2026-09-26T10:32:29;IDF2;site;RIS;impose_ouest;2026-09-30 17:00;BEST_GUESS;OK;23176;1380;24556;1993;1590
2026-09-26T10:32:29;IDF3;site;RIS;acces_impose;2026-09-30 17:00;BEST_GUESS;OK;92571;1380;93951;6123;4715
2026-09-26T10:32:29;IDF3;site;RIS;impose_ouest;2026-09-30 17:00;BEST_GUESS;OK;107348;1380;108728;6419;5350
2026-09-26T10:32:29;IDF4;site;RIS;acces_impose;2026-09-30 17:00;BEST_GUESS;OK;49937;1380;51317;4930;3308
2026-09-26T10:32:30;IDF4;site;RIS;impose_ouest;2026-09-30 17:00;BEST_GUESS;OK;68699;1380;70079;6036;4155
2026-09-26T10:32:30;IDF5;site;RIS;acces_impose;2026-09-30 17:00;BEST_GUESS;OK;50047;1380;51427;5038;3526
2026-09-26T10:32:30;IDF5;site;RIS;impose_ouest;2026-09-30 17:00;BEST_GUESS;OK;68809;1380;70189;6140;4374
2026-09-26T10:32:30;IDF6;site;RIS;acces_impose;2026-09-30 17:00;BEST_GUESS;OK;59022;1380;60402;4685;3179
2026-09-26T10:32:30;IDF6;site;RIS;impose_ouest;2026-09-30 17:00;BEST_GUESS;OK;73799;1380;75179;4913;3814
2026-09-26T10:32:31;IDF7;site;RIS;acces_impose;2026-09-30 17:00;BEST_GUESS;OK;57906;1380;59286;4430;3058
2026-09-26T10:32:31;IDF7;site;RIS;impose_ouest;2026-09-30 17:00;BEST_GUESS;OK;72682;1380;74062;4652;3693
2026-09-26T10:32:31;IDF8;site;RIS;acces_impose;2026-09-30 17:00;BEST_GUESS;OK;67876;1380;69256;4117;3352
2026-09-26T10:32:31;IDF8;site;RIS;impose_est;2026-09-30 17:00;BEST_GUESS;OK;67876;1380;69256;4117;3352
2026-09-26T10:32:31;IDF9;site;RIS;acces_impose;2026-09-30 17:00;BEST_GUESS;OK;55209;1380;56589;4735;3306
2026-09-26T10:32:32;IDF9;site;RIS;impose_ouest;2026-09-30 17:00;BEST_GUESS;OK;69985;1380;71365;4954;3941
2026-09-26T10:32:32;IDF10;site;RIS;acces_impose;2026-09-30 17:00;BEST_GUESS;OK;53126;1380;54506;5047;3247
2026-09-26T10:32:32;IDF10;site;RIS;impose_ouest;2026-09-30 17:00;BEST_GUESS;OK;71888;1380;73268;6150;4094
2026-09-26T10:32:32;IDF11;site;RIS;acces_impose;2026-09-30 17:00;BEST_GUESS;OK;72285;1380;73665;3976;3233
2026-09-26T10:32:32;IDF11;site;RIS;impose_est;2026-09-30 17:00;BEST_GUESS;OK;72285;1380;73665;3976;3233
2026-09-26T10:32:33;IDF12;site;RIS;acces_impose;2026-09-30 17:00;BEST_GUESS;OK;34869;1380;36249;3014;2106
2026-09-26T10:32:33;IDF12;site;RIS;impose_est;2026-09-30 17:00;BEST_GUESS;OK;32483;1380;33863;2761;2372
2026-09-26T10:32:33;IDF13;site;RIS;acces_impose;2026-09-30 17:00;BEST_GUESS;OK;36001;1380;37381;2326;1960
2026-09-26T10:32:33;IDF13;site;RIS;impose_est;2026-09-30 17:00;BEST_GUESS;OK;36001;1380;37381;2326;1960
2026-09-26T10:32:33;IDF14;site;RIS;acces_impose;2026-09-30 17:00;BEST_GUESS;OK;16078;1380;17458;2104;1912
2026-09-26T10:32:34;IDF14;site;RIS;impose_est;2026-09-30 17:00;BEST_GUESS;OK;33504;1380;34884;2468;2057
2026-09-26T10:32:34;IDF15;site;RIS;acces_impose;2026-09-30 17:00;BEST_GUESS;OK;55151;1380;56531;3966;2819
2026-09-26T10:32:34;IDF15;site;RIS;impose_ouest;2026-09-30 17:00;BEST_GUESS;OK;69927;1380;71307;4263;3454
2026-09-26T10:32:34;HDF1;site;RIS;acces_impose;2026-09-30 17:00;BEST_GUESS;OK;228870;1380;230250;11154;10000
2026-09-26T10:32:35;HDF1;site;RIS;impose_est;2026-09-30 17:00;BEST_GUESS;OK;224950;1380;226330;10695;10145
2026-09-26T10:32:35;HDF2;site;RIS;acces_impose;2026-09-30 17:00;BEST_GUESS;OK;222412;1380;223792;10332;8889
2026-09-26T10:32:35;HDF2;site;RIS;impose_ouest;2026-09-30 17:00;BEST_GUESS;OK;241174;1380;242554;11151;9736
2026-09-26T10:32:35;HDF3;site;RIS;acces_impose;2026-09-30 17:00;BEST_GUESS;OK;270399;1380;271779;11908;11024
2026-09-26T10:32:36;HDF3;site;RIS;impose_ouest;2026-09-30 17:00;BEST_GUESS;OK;289161;1380;290541;12723;11871
2026-09-26T10:32:36;HDF4;site;RIS;acces_impose;2026-09-30 17:00;BEST_GUESS;OK;222410;1380;223790;10457;9013
2026-09-26T10:32:36;HDF4;site;RIS;impose_ouest;2026-09-30 17:00;BEST_GUESS;OK;241172;1380;242552;11279;9861
2026-09-26T10:32:37;HDF5;site;RIS;acces_impose;2026-09-30 17:00;BEST_GUESS;OK;243220;1380;244600;11026;9741
2026-09-26T10:32:37;HDF5;site;RIS;impose_ouest;2026-09-30 17:00;BEST_GUESS;OK;261982;1380;263362;11844;10588
2026-09-26T10:32:37;NOR1;site;RIS;acces_impose;2026-09-30 17:00;BEST_GUESS;OK;218404;1380;219784;8869;8179
2026-09-26T10:32:37;NOR1;site;RIS;impose_ouest;2026-09-30 17:00;BEST_GUESS;OK;233181;1380;234561;9203;8814
2026-09-26T10:32:38;NOR2;site;RIS;acces_impose;2026-09-30 17:00;BEST_GUESS;OK;147795;1380;149175;6807;5767
2026-09-26T10:32:38;NOR2;site;RIS;impose_ouest;2026-09-30 17:00;BEST_GUESS;OK;162572;1380;163952;7148;6402
2026-09-26T10:32:38;NOR3;site;RIS;acces_impose;2026-09-30 17:00;BEST_GUESS;OK;142728;1380;144108;7049;5877
2026-09-26T10:32:38;NOR3;site;RIS;impose_ouest;2026-09-30 17:00;BEST_GUESS;OK;157505;1380;158885;7341;6512
2026-09-26T10:32:39;CVL1;site;RIS;acces_impose;2026-09-30 17:00;BEST_GUESS;OK;222599;1380;223979;8119;7981
2026-09-26T10:32:39;CVL1;site;RIS;impose_ouest;2026-09-30 17:00;BEST_GUESS;OK;222599;1380;223979;8119;7981
2026-09-26T10:32:39;CVL2;site;RIS;acces_impose;2026-09-30 17:00;BEST_GUESS;OK;258419;1380;259799;10032;9975
2026-09-26T10:32:39;CVL2;site;RIS;impose_ouest;2026-09-30 17:00;BEST_GUESS;OK;258419;1380;259799;10032;9975
2026-09-26T10:32:40;CVL3;site;RIS;acces_impose;2026-09-30 17:00;BEST_GUESS;OK;126864;1380;128244;5452;5006
2026-09-26T10:32:40;CVL3;site;RIS;impose_ouest;2026-09-30 17:00;BEST_GUESS;OK;126864;1380;128244;5452;5006
2026-09-26T10:32:40;GE1;site;RIS;acces_impose;2026-09-30 17:00;BEST_GUESS;OK;208102;1380;209482;8241;7779
2026-09-26T10:32:41;GE1;site;RIS;impose_est;2026-09-30 17:00;BEST_GUESS;OK;208102;1380;209482;8241;7779
2026-09-26T10:32:41;BFC1;site;RIS;acces_impose;2026-09-30 17:00;BEST_GUESS;OK;290785;1380;292165;9989;9823
2026-09-26T10:32:41;BFC1;site;RIS;impose_est;2026-09-30 17:00;BEST_GUESS;OK;304701;1380;306081;10704;10474
2026-09-26T10:32:42;E_A1;entree;VITRY;rapide;2026-09-30 18:00;BEST_GUESS;OK;48820;0;48820;3790;2558
2026-09-26T10:32:42;E_A1;entree;RIS;rapide;2026-09-30 18:00;BEST_GUESS;OK;65882;1380;67262;5001;3448
2026-09-26T10:32:42;E_A4;entree;VITRY;rapide;2026-09-30 18:00;BEST_GUESS;OK;73090;0;73090;3440;3052
2026-09-26T10:32:42;E_A4;entree;RIS;rapide;2026-09-30 18:00;BEST_GUESS;OK;92509;1380;93889;4423;3971
2026-09-26T10:32:42;E_A5;entree;VITRY;rapide;2026-09-30 18:00;BEST_GUESS;OK;82488;0;82488;3734;3626
2026-09-26T10:32:42;E_A5;entree;RIS;rapide;2026-09-30 18:00;BEST_GUESS;OK;70634;1380;72014;3110;2857
2026-09-26T10:32:42;E_A6;entree;VITRY;rapide;2026-09-30 18:00;BEST_GUESS;OK;93772;0;93772;4026;3537
2026-09-26T10:32:42;E_A6;entree;RIS;rapide;2026-09-30 18:00;BEST_GUESS;OK;72354;1380;73734;2737;2642
2026-09-26T10:32:42;E_A10;entree;VITRY;rapide;2026-09-30 18:00;BEST_GUESS;OK;62958;0;62958;3331;2617
2026-09-26T10:32:42;E_A10;entree;RIS;rapide;2026-09-30 18:00;BEST_GUESS;OK;59203;1380;60583;2724;2411
2026-09-26T10:32:42;E_A11;entree;VITRY;rapide;2026-09-30 18:00;BEST_GUESS;OK;62192;0;62192;3424;2733
2026-09-26T10:32:42;E_A11;entree;RIS;rapide;2026-09-30 18:00;BEST_GUESS;OK;58437;1380;59817;2813;2528
2026-09-26T10:32:42;E_A13;entree;VITRY;rapide;2026-09-30 18:00;BEST_GUESS;OK;92461;0;92461;4468;3779
2026-09-26T10:32:42;E_A13;entree;RIS;rapide;2026-09-30 18:00;BEST_GUESS;OK;99218;1380;100598;4845;4096
2026-09-26T10:32:42;E_A16;entree;VITRY;rapide;2026-09-30 18:00;BEST_GUESS;OK;69185;0;69185;4861;3564
2026-09-26T10:32:42;E_A16;entree;RIS;rapide;2026-09-30 18:00;BEST_GUESS;OK;89678;1380;91058;5369;4333
2026-09-26T10:32:42;IDF1;site;VITRY;rapide;2026-09-30 18:00;BEST_GUESS;OK;41890;0;41890;4119;2841
2026-09-26T10:32:42;IDF1;site;RIS;rapide;2026-09-30 18:00;BEST_GUESS;OK;58952;1380;60332;5324;3731
2026-09-26T10:32:42;IDF2;site;VITRY;rapide;2026-09-30 18:00;BEST_GUESS;OK;35448;0;35448;2767;2082
2026-09-26T10:32:42;IDF2;site;RIS;rapide;2026-09-30 18:00;BEST_GUESS;OK;14026;1380;15406;1314;1177
2026-09-26T10:32:42;IDF3;site;VITRY;rapide;2026-09-30 18:00;BEST_GUESS;OK;66563;0;66563;4988;3895
2026-09-26T10:32:42;IDF3;site;RIS;rapide;2026-09-30 18:00;BEST_GUESS;OK;90870;1380;92250;5689;4706
2026-09-26T10:32:42;IDF4;site;VITRY;rapide;2026-09-30 18:00;BEST_GUESS;OK;31174;0;31174;3394;2409
2026-09-26T10:32:42;IDF4;site;RIS;rapide;2026-09-30 18:00;BEST_GUESS;OK;48236;1380;49616;4633;3299
2026-09-26T10:32:42;IDF5;site;VITRY;rapide;2026-09-30 18:00;BEST_GUESS;OK;27596;0;27596;3491;2840
2026-09-26T10:32:42;IDF5;site;RIS;rapide;2026-09-30 18:00;BEST_GUESS;OK;48346;1380;49726;4753;3517
2026-09-26T10:32:42;IDF6;site;VITRY;rapide;2026-09-30 18:00;BEST_GUESS;OK;41449;0;41449;3920;2811
2026-09-26T10:32:42;IDF6;site;RIS;rapide;2026-09-30 18:00;BEST_GUESS;OK;57321;1380;58701;4336;3170
2026-09-26T10:32:42;IDF7;site;VITRY;rapide;2026-09-30 18:00;BEST_GUESS;OK;40735;0;40735;3821;2678
2026-09-26T10:32:42;IDF7;site;RIS;rapide;2026-09-30 18:00;BEST_GUESS;OK;56204;1380;57584;4083;3049
2026-09-26T10:32:42;IDF8;site;VITRY;rapide;2026-09-30 18:00;BEST_GUESS;OK;45059;0;45059;2825;2489
2026-09-26T10:32:42;IDF8;site;RIS;rapide;2026-09-30 18:00;BEST_GUESS;OK;64478;1380;65858;3934;3407
2026-09-26T10:32:42;IDF9;site;VITRY;rapide;2026-09-30 18:00;BEST_GUESS;OK;46751;0;46751;3932;2980
2026-09-26T10:32:42;IDF9;site;RIS;rapide;2026-09-30 18:00;BEST_GUESS;OK;53507;1380;54887;4333;3297
2026-09-26T10:32:42;IDF10;site;VITRY;rapide;2026-09-30 18:00;BEST_GUESS;OK;34363;0;34363;3605;2348
2026-09-26T10:32:42;IDF10;site;RIS;rapide;2026-09-30 18:00;BEST_GUESS;OK;51425;1380;52805;4857;3238
2026-09-26T10:32:42;IDF11;site;VITRY;rapide;2026-09-30 18:00;BEST_GUESS;OK;49468;0;49468;2686;2370
2026-09-26T10:32:42;IDF11;site;RIS;rapide;2026-09-30 18:00;BEST_GUESS;OK;68887;1380;70267;3817;3288
2026-09-26T10:32:42;IDF12;site;VITRY;rapide;2026-09-30 18:00;BEST_GUESS;OK;11529;0;11529;1121;1049
2026-09-26T10:32:42;IDF12;site;RIS;rapide;2026-09-30 18:00;BEST_GUESS;OK;14828;1380;16208;2194;1956
2026-09-26T10:32:42;IDF13;site;VITRY;rapide;2026-09-30 18:00;BEST_GUESS;OK;38905;0;38905;2702;2536
2026-09-26T10:32:42;IDF13;site;RIS;rapide;2026-09-30 18:00;BEST_GUESS;OK;32603;1380;33983;2254;2015
2026-09-26T10:32:42;IDF14;site;VITRY;rapide;2026-09-30 18:00;BEST_GUESS;OK;7704;0;7704;1331;1243
2026-09-26T10:32:42;IDF14;site;RIS;rapide;2026-09-30 18:00;BEST_GUESS;OK;10572;1380;11952;1417;1306
2026-09-26T10:32:42;IDF15;site;VITRY;rapide;2026-09-30 18:00;BEST_GUESS;OK;46693;0;46693;3288;2492
2026-09-26T10:32:42;IDF15;site;RIS;rapide;2026-09-30 18:00;BEST_GUESS;OK;53449;1380;54829;3738;2809
2026-09-26T10:32:42;HDF1;site;VITRY;rapide;2026-09-30 18:00;BEST_GUESS;OK;210106;0;210106;9392;9101
2026-09-26T10:32:42;HDF1;site;RIS;rapide;2026-09-30 18:00;BEST_GUESS;OK;227168;1380;228548;10279;9991
2026-09-26T10:32:42;HDF2;site;VITRY;rapide;2026-09-30 18:00;BEST_GUESS;OK;203649;0;203649;8596;7989
2026-09-26T10:32:42;HDF2;site;RIS;rapide;2026-09-30 18:00;BEST_GUESS;OK;220711;1380;222091;9474;8880
2026-09-26T10:32:42;HDF3;site;VITRY;rapide;2026-09-30 18:00;BEST_GUESS;OK;251636;0;251636;10228;10124
2026-09-26T10:32:42;HDF3;site;RIS;rapide;2026-09-30 18:00;BEST_GUESS;OK;268698;1380;270078;11147;11014
2026-09-26T10:32:42;HDF4;site;VITRY;rapide;2026-09-30 18:00;BEST_GUESS;OK;203647;0;203647;8718;8114
2026-09-26T10:32:42;HDF4;site;RIS;rapide;2026-09-30 18:00;BEST_GUESS;OK;220709;1380;222089;9615;9004
2026-09-26T10:32:42;HDF5;site;VITRY;rapide;2026-09-30 18:00;BEST_GUESS;OK;224457;0;224457;9268;8842
2026-09-26T10:32:42;HDF5;site;RIS;rapide;2026-09-30 18:00;BEST_GUESS;OK;241519;1380;242899;10160;9732
2026-09-26T10:32:42;NOR1;site;VITRY;rapide;2026-09-30 18:00;BEST_GUESS;OK;209946;0;209946;8038;7851
2026-09-26T10:32:42;NOR1;site;RIS;rapide;2026-09-30 18:00;BEST_GUESS;OK;216703;1380;218083;8298;8170
2026-09-26T10:32:42;NOR2;site;VITRY;rapide;2026-09-30 18:00;BEST_GUESS;OK;139338;0;139338;5956;5440
2026-09-26T10:32:42;NOR2;site;RIS;rapide;2026-09-30 18:00;BEST_GUESS;OK;146094;1380;147474;6251;5757
2026-09-26T10:32:42;NOR3;site;VITRY;rapide;2026-09-30 18:00;BEST_GUESS;OK;134270;0;134270;6091;5550
2026-09-26T10:32:42;NOR3;site;RIS;rapide;2026-09-30 18:00;BEST_GUESS;OK;141027;1380;142407;6389;5868
2026-09-26T10:32:42;CVL1;site;VITRY;rapide;2026-09-30 18:00;BEST_GUESS;OK;226354;0;226354;8262;8187
2026-09-26T10:32:42;CVL1;site;RIS;rapide;2026-09-30 18:00;BEST_GUESS;OK;222599;1380;223979;7924;7982
2026-09-26T10:32:42;CVL2;site;VITRY;rapide;2026-09-30 18:00;BEST_GUESS;OK;262174;0;262174;10088;10181
2026-09-26T10:32:42;CVL2;site;RIS;rapide;2026-09-30 18:00;BEST_GUESS;OK;258419;1380;259799;9900;9975
2026-09-26T10:32:42;CVL3;site;VITRY;rapide;2026-09-30 18:00;BEST_GUESS;OK;130619;0;130619;5515;5212
2026-09-26T10:32:42;CVL3;site;RIS;rapide;2026-09-30 18:00;BEST_GUESS;OK;126864;1380;128244;5127;5006
2026-09-26T10:32:42;GE1;site;VITRY;rapide;2026-09-30 18:00;BEST_GUESS;OK;185285;0;185285;7114;6915
2026-09-26T10:32:42;GE1;site;RIS;rapide;2026-09-30 18:00;BEST_GUESS;OK;204704;1380;206084;7977;7834
2026-09-26T10:32:42;BFC1;site;VITRY;rapide;2026-09-30 18:00;BEST_GUESS;OK;312203;0;312203;10771;10719
2026-09-26T10:32:42;BFC1;site;RIS;rapide;2026-09-30 18:00;BEST_GUESS;OK;290785;1380;292165;9934;9824
2026-09-26T10:32:43;E_A1;entree;RIS;acces_impose;2026-09-30 18:00;BEST_GUESS;OK;67584;1380;68964;5002;3457
2026-09-26T10:32:43;E_A1;entree;RIS;impose_ouest;2026-09-30 18:00;BEST_GUESS;OK;86345;1380;87725;5893;4305
2026-09-26T10:32:43;E_A4;entree;RIS;acces_impose;2026-09-30 18:00;BEST_GUESS;OK;95907;1380;97287;4363;3915
2026-09-26T10:32:43;E_A4;entree;RIS;impose_est;2026-09-30 18:00;BEST_GUESS;OK;95907;1380;97287;4363;3915
2026-09-26T10:32:43;E_A5;entree;RIS;acces_impose;2026-09-30 18:00;BEST_GUESS;OK;74032;1380;75412;3088;2802
2026-09-26T10:32:44;E_A5;entree;RIS;impose_est;2026-09-30 18:00;BEST_GUESS;OK;74032;1380;75412;3088;2802
2026-09-26T10:32:44;E_A6;entree;RIS;acces_impose;2026-09-30 18:00;BEST_GUESS;OK;72354;1380;73734;2737;2641
2026-09-26T10:32:44;E_A6;entree;RIS;impose_est;2026-09-30 18:00;BEST_GUESS;OK;86270;1380;87650;3646;3292
2026-09-26T10:32:44;E_A10;entree;RIS;acces_impose;2026-09-30 18:00;BEST_GUESS;OK;59203;1380;60583;2724;2411
2026-09-26T10:32:44;E_A10;entree;RIS;impose_ouest;2026-09-30 18:00;BEST_GUESS;OK;59203;1380;60583;2724;2411
2026-09-26T10:32:45;E_A11;entree;RIS;acces_impose;2026-09-30 18:00;BEST_GUESS;OK;58437;1380;59817;2813;2527
2026-09-26T10:32:45;E_A11;entree;RIS;impose_ouest;2026-09-30 18:00;BEST_GUESS;OK;58437;1380;59817;2813;2527
2026-09-26T10:32:45;E_A13;entree;RIS;acces_impose;2026-09-30 18:00;BEST_GUESS;OK;100919;1380;102299;4847;4105
2026-09-26T10:32:45;E_A13;entree;RIS;impose_ouest;2026-09-30 18:00;BEST_GUESS;OK;115696;1380;117076;5139;4740
2026-09-26T10:32:45;E_A16;entree;RIS;acces_impose;2026-09-30 18:00;BEST_GUESS;OK;91380;1380;92760;5375;4341
2026-09-26T10:32:46;E_A16;entree;RIS;impose_ouest;2026-09-30 18:00;BEST_GUESS;OK;106157;1380;107537;5717;4977
2026-09-26T10:32:46;IDF1;site;RIS;acces_impose;2026-09-30 18:00;BEST_GUESS;OK;60653;1380;62033;5330;3740
2026-09-26T10:32:46;IDF1;site;RIS;impose_ouest;2026-09-30 18:00;BEST_GUESS;OK;79415;1380;80795;6204;4588
2026-09-26T10:32:46;IDF2;site;RIS;acces_impose;2026-09-30 18:00;BEST_GUESS;OK;14026;1380;15406;1314;1177
2026-09-26T10:32:46;IDF2;site;RIS;impose_ouest;2026-09-30 18:00;BEST_GUESS;OK;23176;1380;24556;1867;1590
2026-09-26T10:32:47;IDF3;site;RIS;acces_impose;2026-09-30 18:00;BEST_GUESS;OK;92571;1380;93951;5693;4715
2026-09-26T10:32:47;IDF3;site;RIS;impose_ouest;2026-09-30 18:00;BEST_GUESS;OK;107348;1380;108728;6004;5350
2026-09-26T10:32:47;IDF4;site;RIS;acces_impose;2026-09-30 18:00;BEST_GUESS;OK;49937;1380;51317;4635;3308
2026-09-26T10:32:47;IDF4;site;RIS;impose_ouest;2026-09-30 18:00;BEST_GUESS;OK;68699;1380;70079;5529;4155
2026-09-26T10:32:47;IDF5;site;RIS;acces_impose;2026-09-30 18:00;BEST_GUESS;OK;50047;1380;51427;4755;3526
2026-09-26T10:32:48;IDF5;site;RIS;impose_ouest;2026-09-30 18:00;BEST_GUESS;OK;68809;1380;70189;5647;4374
2026-09-26T10:32:48;IDF6;site;RIS;acces_impose;2026-09-30 18:00;BEST_GUESS;OK;59022;1380;60402;4336;3179
2026-09-26T10:32:48;IDF6;site;RIS;impose_ouest;2026-09-30 18:00;BEST_GUESS;OK;73799;1380;75179;4620;3814
2026-09-26T10:32:48;IDF7;site;RIS;acces_impose;2026-09-30 18:00;BEST_GUESS;OK;57906;1380;59286;4079;3058
2026-09-26T10:32:48;IDF7;site;RIS;impose_ouest;2026-09-30 18:00;BEST_GUESS;OK;72682;1380;74062;4421;3693
2026-09-26T10:32:49;IDF8;site;RIS;acces_impose;2026-09-30 18:00;BEST_GUESS;OK;67876;1380;69256;3872;3352
2026-09-26T10:32:49;IDF8;site;RIS;impose_est;2026-09-30 18:00;BEST_GUESS;OK;67876;1380;69256;3872;3352
2026-09-26T10:32:49;IDF9;site;RIS;acces_impose;2026-09-30 18:00;BEST_GUESS;OK;55209;1380;56589;4333;3306
2026-09-26T10:32:49;IDF9;site;RIS;impose_ouest;2026-09-30 18:00;BEST_GUESS;OK;69985;1380;71365;4619;3941
2026-09-26T10:32:49;IDF10;site;RIS;acces_impose;2026-09-30 18:00;BEST_GUESS;OK;53126;1380;54506;4858;3247
2026-09-26T10:32:50;IDF10;site;RIS;impose_ouest;2026-09-30 18:00;BEST_GUESS;OK;71888;1380;73268;5750;4094
2026-09-26T10:32:50;IDF11;site;RIS;acces_impose;2026-09-30 18:00;BEST_GUESS;OK;72285;1380;73665;3757;3233
2026-09-26T10:32:50;IDF11;site;RIS;impose_est;2026-09-30 18:00;BEST_GUESS;OK;72285;1380;73665;3757;3233
2026-09-26T10:32:50;IDF12;site;RIS;acces_impose;2026-09-30 18:00;BEST_GUESS;OK;34869;1380;36249;2950;2106
2026-09-26T10:32:50;IDF12;site;RIS;impose_est;2026-09-30 18:00;BEST_GUESS;OK;32483;1380;33863;2731;2372
2026-09-26T10:32:51;IDF13;site;RIS;acces_impose;2026-09-30 18:00;BEST_GUESS;OK;36001;1380;37381;2256;1960
2026-09-26T10:32:51;IDF13;site;RIS;impose_est;2026-09-30 18:00;BEST_GUESS;OK;36001;1380;37381;2256;1960
2026-09-26T10:32:51;IDF14;site;RIS;acces_impose;2026-09-30 18:00;BEST_GUESS;OK;16078;1380;17458;2094;1912
2026-09-26T10:32:51;IDF14;site;RIS;impose_est;2026-09-30 18:00;BEST_GUESS;OK;33504;1380;34884;2428;2057
2026-09-26T10:32:51;IDF15;site;RIS;acces_impose;2026-09-30 18:00;BEST_GUESS;OK;55151;1380;56531;3733;2819
2026-09-26T10:32:51;IDF15;site;RIS;impose_ouest;2026-09-30 18:00;BEST_GUESS;OK;69927;1380;71307;4071;3454
2026-09-26T10:32:52;HDF1;site;RIS;acces_impose;2026-09-30 18:00;BEST_GUESS;OK;228870;1380;230250;10291;10000
2026-09-26T10:32:52;HDF1;site;RIS;impose_est;2026-09-30 18:00;BEST_GUESS;OK;224950;1380;226330;10161;10145
2026-09-26T10:32:52;HDF2;site;RIS;acces_impose;2026-09-30 18:00;BEST_GUESS;OK;222412;1380;223792;9478;8889
2026-09-26T10:32:52;HDF2;site;RIS;impose_ouest;2026-09-30 18:00;BEST_GUESS;OK;241174;1380;242554;10287;9736
2026-09-26T10:32:53;HDF3;site;RIS;acces_impose;2026-09-30 18:00;BEST_GUESS;OK;270399;1380;271779;11163;11024
2026-09-26T10:32:53;HDF3;site;RIS;impose_ouest;2026-09-30 18:00;BEST_GUESS;OK;289161;1380;290541;11966;11871
2026-09-26T10:32:53;HDF4;site;RIS;acces_impose;2026-09-30 18:00;BEST_GUESS;OK;222410;1380;223790;9622;9013
2026-09-26T10:32:53;HDF4;site;RIS;impose_ouest;2026-09-30 18:00;BEST_GUESS;OK;241172;1380;242552;10428;9861
2026-09-26T10:32:54;HDF5;site;RIS;acces_impose;2026-09-30 18:00;BEST_GUESS;OK;243220;1380;244600;10173;9741
2026-09-26T10:32:54;HDF5;site;RIS;impose_ouest;2026-09-30 18:00;BEST_GUESS;OK;261982;1380;263362;10979;10588
2026-09-26T10:32:55;NOR1;site;RIS;acces_impose;2026-09-30 18:00;BEST_GUESS;OK;218404;1380;219784;8301;8179
2026-09-26T10:32:55;NOR1;site;RIS;impose_ouest;2026-09-30 18:00;BEST_GUESS;OK;233181;1380;234561;8755;8814
2026-09-26T10:32:55;NOR2;site;RIS;acces_impose;2026-09-30 18:00;BEST_GUESS;OK;147795;1380;149175;6251;5767
2026-09-26T10:32:55;NOR2;site;RIS;impose_ouest;2026-09-30 18:00;BEST_GUESS;OK;162572;1380;163952;6620;6402
2026-09-26T10:32:56;NOR3;site;RIS;acces_impose;2026-09-30 18:00;BEST_GUESS;OK;142728;1380;144108;6389;5877
2026-09-26T10:32:56;NOR3;site;RIS;impose_ouest;2026-09-30 18:00;BEST_GUESS;OK;157505;1380;158885;6758;6512
2026-09-26T10:32:56;CVL1;site;RIS;acces_impose;2026-09-30 18:00;BEST_GUESS;OK;222599;1380;223979;7924;7981
2026-09-26T10:32:57;CVL1;site;RIS;impose_ouest;2026-09-30 18:00;BEST_GUESS;OK;222599;1380;223979;7924;7981
2026-09-26T10:32:57;CVL2;site;RIS;acces_impose;2026-09-30 18:00;BEST_GUESS;OK;258419;1380;259799;9901;9975
2026-09-26T10:32:57;CVL2;site;RIS;impose_ouest;2026-09-30 18:00;BEST_GUESS;OK;258419;1380;259799;9901;9975
2026-09-26T10:32:57;CVL3;site;RIS;acces_impose;2026-09-30 18:00;BEST_GUESS;OK;126864;1380;128244;5127;5006
2026-09-26T10:32:58;CVL3;site;RIS;impose_ouest;2026-09-30 18:00;BEST_GUESS;OK;126864;1380;128244;5127;5006
2026-09-26T10:32:58;GE1;site;RIS;acces_impose;2026-09-30 18:00;BEST_GUESS;OK;208102;1380;209482;7908;7779
2026-09-26T10:32:58;GE1;site;RIS;impose_est;2026-09-30 18:00;BEST_GUESS;OK;208102;1380;209482;7908;7779
2026-09-26T10:32:58;BFC1;site;RIS;acces_impose;2026-09-30 18:00;BEST_GUESS;OK;290785;1380;292165;9934;9823
2026-09-26T10:32:59;BFC1;site;RIS;impose_est;2026-09-30 18:00;BEST_GUESS;OK;304701;1380;306081;10557;10474
2026-09-26T10:32:59;E_A1;entree;VITRY;rapide;2026-09-30 19:00;BEST_GUESS;OK;48820;0;48820;3372;2558
2026-09-26T10:32:59;E_A1;entree;RIS;rapide;2026-09-30 19:00;BEST_GUESS;OK;65882;1380;67262;4363;3448
2026-09-26T10:32:59;E_A4;entree;VITRY;rapide;2026-09-30 19:00;BEST_GUESS;OK;73090;0;73090;3280;3052
2026-09-26T10:32:59;E_A4;entree;RIS;rapide;2026-09-30 19:00;BEST_GUESS;OK;92509;1380;93889;4146;3971
2026-09-26T10:32:59;E_A5;entree;VITRY;rapide;2026-09-30 19:00;BEST_GUESS;OK;82488;0;82488;3644;3626
2026-09-26T10:32:59;E_A5;entree;RIS;rapide;2026-09-30 19:00;BEST_GUESS;OK;70634;1380;72014;2902;2857
2026-09-26T10:32:59;E_A6;entree;VITRY;rapide;2026-09-30 19:00;BEST_GUESS;OK;93772;0;93772;3665;3537
2026-09-26T10:32:59;E_A6;entree;RIS;rapide;2026-09-30 19:00;BEST_GUESS;OK;72354;1380;73734;2632;2642
2026-09-26T10:32:59;E_A10;entree;VITRY;rapide;2026-09-30 19:00;BEST_GUESS;OK;62958;0;62958;2858;2617
2026-09-26T10:32:59;E_A10;entree;RIS;rapide;2026-09-30 19:00;BEST_GUESS;OK;59203;1380;60583;2460;2411
2026-09-26T10:32:59;E_A11;entree;VITRY;rapide;2026-09-30 19:00;BEST_GUESS;OK;62192;0;62192;2957;2733
2026-09-26T10:32:59;E_A11;entree;RIS;rapide;2026-09-30 19:00;BEST_GUESS;OK;58437;1380;59817;2564;2528
2026-09-26T10:32:59;E_A13;entree;VITRY;rapide;2026-09-30 19:00;BEST_GUESS;OK;92461;0;92461;4043;3779
2026-09-26T10:32:59;E_A13;entree;RIS;rapide;2026-09-30 19:00;BEST_GUESS;OK;99218;1380;100598;4307;4096
2026-09-26T10:32:59;E_A16;entree;VITRY;rapide;2026-09-30 19:00;BEST_GUESS;OK;69185;0;69185;4183;3564
2026-09-26T10:32:59;E_A16;entree;RIS;rapide;2026-09-30 19:00;BEST_GUESS;OK;89679;1380;91059;4763;4332
2026-09-26T10:32:59;IDF1;site;VITRY;rapide;2026-09-30 19:00;BEST_GUESS;OK;41890;0;41890;3583;2841
2026-09-26T10:32:59;IDF1;site;RIS;rapide;2026-09-30 19:00;BEST_GUESS;OK;58952;1380;60332;4565;3731
2026-09-26T10:32:59;IDF2;site;VITRY;rapide;2026-09-30 19:00;BEST_GUESS;OK;35448;0;35448;2254;2082
2026-09-26T10:32:59;IDF2;site;RIS;rapide;2026-09-30 19:00;BEST_GUESS;OK;14026;1380;15406;1175;1177
2026-09-26T10:32:59;IDF3;site;VITRY;rapide;2026-09-30 19:00;BEST_GUESS;OK;66563;0;66563;4454;3895
2026-09-26T10:32:59;IDF3;site;RIS;rapide;2026-09-30 19:00;BEST_GUESS;OK;90870;1380;92250;5094;4706
2026-09-26T10:32:59;IDF4;site;VITRY;rapide;2026-09-30 19:00;BEST_GUESS;OK;31174;0;31174;2965;2408
2026-09-26T10:32:59;IDF4;site;RIS;rapide;2026-09-30 19:00;BEST_GUESS;OK;48236;1380;49616;4034;3299
2026-09-26T10:32:59;IDF5;site;VITRY;rapide;2026-09-30 19:00;BEST_GUESS;OK;27596;0;27596;3367;2840
2026-09-26T10:32:59;IDF5;site;RIS;rapide;2026-09-30 19:00;BEST_GUESS;OK;48346;1380;49726;4232;3517
2026-09-26T10:32:59;IDF6;site;VITRY;rapide;2026-09-30 19:00;BEST_GUESS;OK;41449;0;41449;3464;2811
2026-09-26T10:32:59;IDF6;site;RIS;rapide;2026-09-30 19:00;BEST_GUESS;OK;57321;1380;58701;3762;3170
2026-09-26T10:32:59;IDF7;site;VITRY;rapide;2026-09-30 19:00;BEST_GUESS;OK;40735;0;40735;3365;2678
2026-09-26T10:32:59;IDF7;site;RIS;rapide;2026-09-30 19:00;BEST_GUESS;OK;56204;1380;57584;3569;3049
2026-09-26T10:32:59;IDF8;site;VITRY;rapide;2026-09-30 19:00;BEST_GUESS;OK;45059;0;45059;2746;2489
2026-09-26T10:32:59;IDF8;site;RIS;rapide;2026-09-30 19:00;BEST_GUESS;OK;64478;1380;65858;3628;3408
2026-09-26T10:32:59;IDF9;site;VITRY;rapide;2026-09-30 19:00;BEST_GUESS;OK;46751;0;46751;3523;2980
2026-09-26T10:32:59;IDF9;site;RIS;rapide;2026-09-30 19:00;BEST_GUESS;OK;53507;1380;54887;3766;3297
2026-09-26T10:32:59;IDF10;site;VITRY;rapide;2026-09-30 19:00;BEST_GUESS;OK;34363;0;34363;3162;2348
2026-09-26T10:32:59;IDF10;site;RIS;rapide;2026-09-30 19:00;BEST_GUESS;OK;51425;1380;52805;4205;3238
2026-09-26T10:32:59;IDF11;site;VITRY;rapide;2026-09-30 19:00;BEST_GUESS;OK;49468;0;49468;2613;2370
2026-09-26T10:32:59;IDF11;site;RIS;rapide;2026-09-30 19:00;BEST_GUESS;OK;68887;1380;70267;3512;3288
2026-09-26T10:32:59;IDF12;site;VITRY;rapide;2026-09-30 19:00;BEST_GUESS;OK;11529;0;11529;1096;1049
2026-09-26T10:32:59;IDF12;site;RIS;rapide;2026-09-30 19:00;BEST_GUESS;OK;14828;1380;16208;2072;1956
2026-09-26T10:32:59;IDF13;site;VITRY;rapide;2026-09-30 19:00;BEST_GUESS;OK;38905;0;38905;2535;2536
2026-09-26T10:32:59;IDF13;site;RIS;rapide;2026-09-30 19:00;BEST_GUESS;OK;32603;1380;33983;2093;2015
2026-09-26T10:32:59;IDF14;site;VITRY;rapide;2026-09-30 19:00;BEST_GUESS;OK;7704;0;7704;1314;1243
2026-09-26T10:32:59;IDF14;site;RIS;rapide;2026-09-30 19:00;BEST_GUESS;OK;10572;1380;11952;1345;1305
2026-09-26T10:32:59;IDF15;site;VITRY;rapide;2026-09-30 19:00;BEST_GUESS;OK;46693;0;46693;2878;2492
2026-09-26T10:32:59;IDF15;site;RIS;rapide;2026-09-30 19:00;BEST_GUESS;OK;53449;1380;54829;3154;2809
2026-09-26T10:32:59;HDF1;site;VITRY;rapide;2026-09-30 19:00;BEST_GUESS;OK;210106;0;210106;8846;9101
2026-09-26T10:32:59;HDF1;site;RIS;rapide;2026-09-30 19:00;BEST_GUESS;OK;227168;1380;228548;9792;9991
2026-09-26T10:32:59;HDF2;site;VITRY;rapide;2026-09-30 19:00;BEST_GUESS;OK;203649;0;203649;7949;7989
2026-09-26T10:32:59;HDF2;site;RIS;rapide;2026-09-30 19:00;BEST_GUESS;OK;220711;1380;222091;8921;8880
2026-09-26T10:32:59;HDF3;site;VITRY;rapide;2026-09-30 19:00;BEST_GUESS;OK;251636;0;251636;9950;10124
2026-09-26T10:32:59;HDF3;site;RIS;rapide;2026-09-30 19:00;BEST_GUESS;OK;268698;1380;270078;10972;11014
2026-09-26T10:32:59;HDF4;site;VITRY;rapide;2026-09-30 19:00;BEST_GUESS;OK;203647;0;203647;8102;8114
2026-09-26T10:32:59;HDF4;site;RIS;rapide;2026-09-30 19:00;BEST_GUESS;OK;220709;1380;222089;9072;9004
2026-09-26T10:32:59;HDF5;site;VITRY;rapide;2026-09-30 19:00;BEST_GUESS;OK;224457;0;224457;8747;8842
2026-09-26T10:32:59;HDF5;site;RIS;rapide;2026-09-30 19:00;BEST_GUESS;OK;241519;1380;242899;9703;9732
2026-09-26T10:32:59;NOR1;site;VITRY;rapide;2026-09-30 19:00;BEST_GUESS;OK;209946;0;209946;7740;7853
2026-09-26T10:32:59;NOR1;site;RIS;rapide;2026-09-30 19:00;BEST_GUESS;OK;216703;1380;218083;8042;8170
2026-09-26T10:32:59;NOR2;site;VITRY;rapide;2026-09-30 19:00;BEST_GUESS;OK;139338;0;139338;5491;5440
2026-09-26T10:32:59;NOR2;site;RIS;rapide;2026-09-30 19:00;BEST_GUESS;OK;146094;1380;147474;5804;5757
2026-09-26T10:32:59;NOR3;site;VITRY;rapide;2026-09-30 19:00;BEST_GUESS;OK;134270;0;134270;5613;5551
2026-09-26T10:32:59;NOR3;site;RIS;rapide;2026-09-30 19:00;BEST_GUESS;OK;141027;1380;142407;5931;5868
2026-09-26T10:32:59;CVL1;site;VITRY;rapide;2026-09-30 19:00;BEST_GUESS;OK;226354;0;226354;8048;8187
2026-09-26T10:32:59;CVL1;site;RIS;rapide;2026-09-30 19:00;BEST_GUESS;OK;222599;1380;223979;7873;7982
2026-09-26T10:32:59;CVL2;site;VITRY;rapide;2026-09-30 19:00;BEST_GUESS;OK;262174;0;262174;10127;10181
2026-09-26T10:32:59;CVL2;site;RIS;rapide;2026-09-30 19:00;BEST_GUESS;OK;258419;1380;259799;9880;9975
2026-09-26T10:32:59;CVL3;site;VITRY;rapide;2026-09-30 19:00;BEST_GUESS;OK;130619;0;130619;5168;5212
2026-09-26T10:32:59;CVL3;site;RIS;rapide;2026-09-30 19:00;BEST_GUESS;OK;126864;1380;128244;4918;5006
2026-09-26T10:32:59;GE1;site;VITRY;rapide;2026-09-30 19:00;BEST_GUESS;OK;185285;0;185285;6866;6915
2026-09-26T10:32:59;GE1;site;RIS;rapide;2026-09-30 19:00;BEST_GUESS;OK;204703;1380;206083;7800;7833
2026-09-26T10:32:59;BFC1;site;VITRY;rapide;2026-09-30 19:00;BEST_GUESS;OK;312203;0;312203;10736;10719
2026-09-26T10:32:59;BFC1;site;RIS;rapide;2026-09-30 19:00;BEST_GUESS;OK;290785;1380;292165;9790;9824
2026-09-26T10:33:00;E_A1;entree;RIS;acces_impose;2026-09-30 19:00;BEST_GUESS;OK;67584;1380;68964;4363;3457
2026-09-26T10:33:00;E_A1;entree;RIS;impose_ouest;2026-09-30 19:00;BEST_GUESS;OK;86345;1380;87725;5184;4305
2026-09-26T10:33:00;E_A4;entree;RIS;acces_impose;2026-09-30 19:00;BEST_GUESS;OK;95907;1380;97287;4077;3915
2026-09-26T10:33:00;E_A4;entree;RIS;impose_est;2026-09-30 19:00;BEST_GUESS;OK;95907;1380;97287;4077;3915
2026-09-26T10:33:00;E_A5;entree;RIS;acces_impose;2026-09-30 19:00;BEST_GUESS;OK;74032;1380;75412;2827;2802
2026-09-26T10:33:01;E_A5;entree;RIS;impose_est;2026-09-30 19:00;BEST_GUESS;OK;74032;1380;75412;2827;2802
2026-09-26T10:33:01;E_A6;entree;RIS;acces_impose;2026-09-30 19:00;BEST_GUESS;OK;72354;1380;73734;2632;2641
2026-09-26T10:33:01;E_A6;entree;RIS;impose_est;2026-09-30 19:00;BEST_GUESS;OK;86270;1380;87650;3367;3292
2026-09-26T10:33:01;E_A10;entree;RIS;acces_impose;2026-09-30 19:00;BEST_GUESS;OK;59203;1380;60583;2460;2411
2026-09-26T10:33:01;E_A10;entree;RIS;impose_ouest;2026-09-30 19:00;BEST_GUESS;OK;59203;1380;60583;2460;2411
2026-09-26T10:33:01;E_A11;entree;RIS;acces_impose;2026-09-30 19:00;BEST_GUESS;OK;58437;1380;59817;2564;2527
2026-09-26T10:33:02;E_A11;entree;RIS;impose_ouest;2026-09-30 19:00;BEST_GUESS;OK;58437;1380;59817;2564;2527
2026-09-26T10:33:02;E_A13;entree;RIS;acces_impose;2026-09-30 19:00;BEST_GUESS;OK;100919;1380;102299;4305;4105
2026-09-26T10:33:02;E_A13;entree;RIS;impose_ouest;2026-09-30 19:00;BEST_GUESS;OK;115696;1380;117076;4732;4740
2026-09-26T10:33:02;E_A16;entree;RIS;acces_impose;2026-09-30 19:00;BEST_GUESS;OK;91380;1380;92760;4765;4341
2026-09-26T10:33:02;E_A16;entree;RIS;impose_ouest;2026-09-30 19:00;BEST_GUESS;OK;106157;1380;107537;5231;4977
2026-09-26T10:33:03;IDF1;site;RIS;acces_impose;2026-09-30 19:00;BEST_GUESS;OK;60653;1380;62033;4567;3740
2026-09-26T10:33:03;IDF1;site;RIS;impose_ouest;2026-09-30 19:00;BEST_GUESS;OK;79415;1380;80795;5386;4588
2026-09-26T10:33:03;IDF2;site;RIS;acces_impose;2026-09-30 19:00;BEST_GUESS;OK;14026;1380;15406;1175;1177
2026-09-26T10:33:03;IDF2;site;RIS;impose_ouest;2026-09-30 19:00;BEST_GUESS;OK;23176;1380;24556;1626;1590
2026-09-26T10:33:03;IDF3;site;RIS;acces_impose;2026-09-30 19:00;BEST_GUESS;OK;92571;1380;93951;5095;4715
2026-09-26T10:33:04;IDF3;site;RIS;impose_ouest;2026-09-30 19:00;BEST_GUESS;OK;107348;1380;108728;5582;5350
2026-09-26T10:33:05;IDF4;site;RIS;acces_impose;2026-09-30 19:00;BEST_GUESS;OK;49937;1380;51317;4037;3308
2026-09-26T10:33:05;IDF4;site;RIS;impose_ouest;2026-09-30 19:00;BEST_GUESS;OK;68699;1380;70079;4853;4155
2026-09-26T10:33:05;IDF5;site;RIS;acces_impose;2026-09-30 19:00;BEST_GUESS;OK;50047;1380;51427;4234;3526
2026-09-26T10:33:06;IDF5;site;RIS;impose_ouest;2026-09-30 19:00;BEST_GUESS;OK;68809;1380;70189;5050;4374
2026-09-26T10:33:06;IDF6;site;RIS;acces_impose;2026-09-30 19:00;BEST_GUESS;OK;59022;1380;60402;3765;3179
2026-09-26T10:33:06;IDF6;site;RIS;impose_ouest;2026-09-30 19:00;BEST_GUESS;OK;73799;1380;75179;4186;3814
2026-09-26T10:33:06;IDF7;site;RIS;acces_impose;2026-09-30 19:00;BEST_GUESS;OK;57906;1380;59286;3570;3058
2026-09-26T10:33:06;IDF7;site;RIS;impose_ouest;2026-09-30 19:00;BEST_GUESS;OK;72682;1380;74062;3983;3693
2026-09-26T10:33:07;IDF8;site;RIS;acces_impose;2026-09-30 19:00;BEST_GUESS;OK;67876;1380;69256;3559;3352
2026-09-26T10:33:08;IDF8;site;RIS;impose_est;2026-09-30 19:00;BEST_GUESS;OK;67876;1380;69256;3559;3352
2026-09-26T10:33:08;IDF9;site;RIS;acces_impose;2026-09-30 19:00;BEST_GUESS;OK;55209;1380;56589;3769;3306
2026-09-26T10:33:08;IDF9;site;RIS;impose_ouest;2026-09-30 19:00;BEST_GUESS;OK;69985;1380;71365;4191;3941
2026-09-26T10:33:09;IDF10;site;RIS;acces_impose;2026-09-30 19:00;BEST_GUESS;OK;53126;1380;54506;4208;3247
2026-09-26T10:33:09;IDF10;site;RIS;impose_ouest;2026-09-30 19:00;BEST_GUESS;OK;71888;1380;73268;5023;4094
2026-09-26T10:33:09;IDF11;site;RIS;acces_impose;2026-09-30 19:00;BEST_GUESS;OK;72285;1380;73665;3445;3233
2026-09-26T10:33:09;IDF11;site;RIS;impose_est;2026-09-30 19:00;BEST_GUESS;OK;72285;1380;73665;3445;3233
2026-09-26T10:33:09;IDF12;site;RIS;acces_impose;2026-09-30 19:00;BEST_GUESS;OK;34869;1380;36249;2438;2106
2026-09-26T10:33:10;IDF12;site;RIS;impose_est;2026-09-30 19:00;BEST_GUESS;OK;32483;1380;33863;2432;2372
2026-09-26T10:33:10;IDF13;site;RIS;acces_impose;2026-09-30 19:00;BEST_GUESS;OK;36001;1380;37381;2016;1960
2026-09-26T10:33:10;IDF13;site;RIS;impose_est;2026-09-30 19:00;BEST_GUESS;OK;36001;1380;37381;2016;1960
2026-09-26T10:33:10;IDF14;site;RIS;acces_impose;2026-09-30 19:00;BEST_GUESS;OK;16078;1380;17458;1974;1912
2026-09-26T10:33:10;IDF14;site;RIS;impose_est;2026-09-30 19:00;BEST_GUESS;OK;33504;1380;34884;2213;2057
2026-09-26T10:33:10;IDF15;site;RIS;acces_impose;2026-09-30 19:00;BEST_GUESS;OK;55151;1380;56531;3154;2819
2026-09-26T10:33:11;IDF15;site;RIS;impose_ouest;2026-09-30 19:00;BEST_GUESS;OK;69927;1380;71307;3563;3454
2026-09-26T10:33:11;HDF1;site;RIS;acces_impose;2026-09-30 19:00;BEST_GUESS;OK;228870;1380;230250;9812;10000
2026-09-26T10:33:11;HDF1;site;RIS;impose_est;2026-09-30 19:00;BEST_GUESS;OK;224950;1380;226330;9931;10145
2026-09-26T10:33:11;HDF2;site;RIS;acces_impose;2026-09-30 19:00;BEST_GUESS;OK;222412;1380;223792;8943;8889
2026-09-26T10:33:12;HDF2;site;RIS;impose_ouest;2026-09-30 19:00;BEST_GUESS;OK;241174;1380;242554;9744;9736
2026-09-26T10:33:12;HDF3;site;RIS;acces_impose;2026-09-30 19:00;BEST_GUESS;OK;270399;1380;271779;10993;11024
2026-09-26T10:33:12;HDF3;site;RIS;impose_ouest;2026-09-30 19:00;BEST_GUESS;OK;289161;1380;290541;11807;11871
2026-09-26T10:33:13;HDF4;site;RIS;acces_impose;2026-09-30 19:00;BEST_GUESS;OK;222410;1380;223790;9095;9013
2026-09-26T10:33:13;HDF4;site;RIS;impose_ouest;2026-09-30 19:00;BEST_GUESS;OK;241172;1380;242552;9897;9861
2026-09-26T10:33:13;HDF5;site;RIS;acces_impose;2026-09-30 19:00;BEST_GUESS;OK;243220;1380;244600;9722;9741
2026-09-26T10:33:13;HDF5;site;RIS;impose_ouest;2026-09-30 19:00;BEST_GUESS;OK;261982;1380;263362;10532;10588
2026-09-26T10:33:14;NOR1;site;RIS;acces_impose;2026-09-30 19:00;BEST_GUESS;OK;218404;1380;219784;8057;8179
2026-09-26T10:33:14;NOR1;site;RIS;impose_ouest;2026-09-30 19:00;BEST_GUESS;OK;233181;1380;234561;8675;8814
2026-09-26T10:33:14;NOR2;site;RIS;acces_impose;2026-09-30 19:00;BEST_GUESS;OK;147795;1380;149175;5809;5767
2026-09-26T10:33:15;NOR2;site;RIS;impose_ouest;2026-09-30 19:00;BEST_GUESS;OK;162572;1380;163952;6320;6402
2026-09-26T10:33:15;NOR3;site;RIS;acces_impose;2026-09-30 19:00;BEST_GUESS;OK;142728;1380;144108;5937;5877
2026-09-26T10:33:15;NOR3;site;RIS;impose_ouest;2026-09-30 19:00;BEST_GUESS;OK;157505;1380;158885;6446;6512
2026-09-26T10:33:15;CVL1;site;RIS;acces_impose;2026-09-30 19:00;BEST_GUESS;OK;222599;1380;223979;7873;7981
2026-09-26T10:33:16;CVL1;site;RIS;impose_ouest;2026-09-30 19:00;BEST_GUESS;OK;222599;1380;223979;7873;7981
2026-09-26T10:33:16;CVL2;site;RIS;acces_impose;2026-09-30 19:00;BEST_GUESS;OK;258419;1380;259799;9880;9975
2026-09-26T10:33:16;CVL2;site;RIS;impose_ouest;2026-09-30 19:00;BEST_GUESS;OK;258419;1380;259799;9880;9975
2026-09-26T10:33:17;CVL3;site;RIS;acces_impose;2026-09-30 19:00;BEST_GUESS;OK;126864;1380;128244;4918;5006
2026-09-26T10:33:17;CVL3;site;RIS;impose_ouest;2026-09-30 19:00;BEST_GUESS;OK;126864;1380;128244;4918;5006
2026-09-26T10:33:17;GE1;site;RIS;acces_impose;2026-09-30 19:00;BEST_GUESS;OK;208102;1380;209482;7736;7779
2026-09-26T10:33:17;GE1;site;RIS;impose_est;2026-09-30 19:00;BEST_GUESS;OK;208102;1380;209482;7736;7779
2026-09-26T10:33:18;BFC1;site;RIS;acces_impose;2026-09-30 19:00;BEST_GUESS;OK;290785;1380;292165;9790;9823
2026-09-26T10:33:18;BFC1;site;RIS;impose_est;2026-09-30 19:00;BEST_GUESS;OK;304701;1380;306081;10430;10474
2026-09-26T10:33:18;E_A1;entree;VITRY;rapide;2026-09-30 20:00;BEST_GUESS;OK;48820;0;48820;2667;2558
2026-09-26T10:33:18;E_A1;entree;RIS;rapide;2026-09-30 20:00;BEST_GUESS;OK;65882;1380;67262;3620;3448
2026-09-26T10:33:18;E_A4;entree;VITRY;rapide;2026-09-30 20:00;BEST_GUESS;OK;73090;0;73090;3009;3052
2026-09-26T10:33:18;E_A4;entree;RIS;rapide;2026-09-30 20:00;BEST_GUESS;OK;92509;1380;93889;3923;3971
2026-09-26T10:33:18;E_A5;entree;VITRY;rapide;2026-09-30 20:00;BEST_GUESS;OK;82488;0;82488;3538;3626
2026-09-26T10:33:18;E_A5;entree;RIS;rapide;2026-09-30 20:00;BEST_GUESS;OK;70634;1380;72014;2851;2857
2026-09-26T10:33:18;E_A6;entree;VITRY;rapide;2026-09-30 20:00;BEST_GUESS;OK;93772;0;93772;3454;3537
2026-09-26T10:33:18;E_A6;entree;RIS;rapide;2026-09-30 20:00;BEST_GUESS;OK;72354;1380;73734;2615;2642
2026-09-26T10:33:18;E_A10;entree;VITRY;rapide;2026-09-30 20:00;BEST_GUESS;OK;62958;0;62958;2563;2617
2026-09-26T10:33:18;E_A10;entree;RIS;rapide;2026-09-30 20:00;BEST_GUESS;OK;59203;1380;60583;2358;2411
2026-09-26T10:33:18;E_A11;entree;VITRY;rapide;2026-09-30 20:00;BEST_GUESS;OK;62192;0;62192;2711;2733
2026-09-26T10:33:18;E_A11;entree;RIS;rapide;2026-09-30 20:00;BEST_GUESS;OK;58437;1380;59817;2511;2528
2026-09-26T10:33:18;E_A13;entree;VITRY;rapide;2026-09-30 20:00;BEST_GUESS;OK;92461;0;92461;3719;3779
2026-09-26T10:33:18;E_A13;entree;RIS;rapide;2026-09-30 20:00;BEST_GUESS;OK;99218;1380;100598;4025;4096
2026-09-26T10:33:18;E_A16;entree;VITRY;rapide;2026-09-30 20:00;BEST_GUESS;OK;69185;0;69185;3482;3564
2026-09-26T10:33:18;E_A16;entree;RIS;rapide;2026-09-30 20:00;BEST_GUESS;OK;89679;1380;91059;4304;4332
2026-09-26T10:33:18;IDF1;site;VITRY;rapide;2026-09-30 20:00;BEST_GUESS;OK;41890;0;41890;2898;2841
2026-09-26T10:33:18;IDF1;site;RIS;rapide;2026-09-30 20:00;BEST_GUESS;OK;58952;1380;60332;3834;3731
2026-09-26T10:33:18;IDF2;site;VITRY;rapide;2026-09-30 20:00;BEST_GUESS;OK;35448;0;35448;2041;2082
2026-09-26T10:33:18;IDF2;site;RIS;rapide;2026-09-30 20:00;BEST_GUESS;OK;14026;1380;15406;1149;1177
2026-09-26T10:33:18;IDF3;site;VITRY;rapide;2026-09-30 20:00;BEST_GUESS;OK;66563;0;66563;3779;3895
2026-09-26T10:33:18;IDF3;site;RIS;rapide;2026-09-30 20:00;BEST_GUESS;OK;90870;1380;92250;4663;4706
2026-09-26T10:33:18;IDF4;site;VITRY;rapide;2026-09-30 20:00;BEST_GUESS;OK;31174;0;31174;2502;2409
2026-09-26T10:33:18;IDF4;site;RIS;rapide;2026-09-30 20:00;BEST_GUESS;OK;48236;1380;49616;3421;3299
2026-09-26T10:33:18;IDF5;site;VITRY;rapide;2026-09-30 20:00;BEST_GUESS;OK;27596;0;27596;2926;2840
2026-09-26T10:33:18;IDF5;site;RIS;rapide;2026-09-30 20:00;BEST_GUESS;OK;48346;1380;49726;3600;3517
2026-09-26T10:33:18;IDF6;site;VITRY;rapide;2026-09-30 20:00;BEST_GUESS;OK;41449;0;41449;2813;2811
2026-09-26T10:33:18;IDF6;site;RIS;rapide;2026-09-30 20:00;BEST_GUESS;OK;57321;1380;58701;3322;3170
2026-09-26T10:33:18;IDF7;site;VITRY;rapide;2026-09-30 20:00;BEST_GUESS;OK;40735;0;40735;2703;2678
2026-09-26T10:33:18;IDF7;site;RIS;rapide;2026-09-30 20:00;BEST_GUESS;OK;56204;1380;57584;3172;3049
2026-09-26T10:33:18;IDF8;site;VITRY;rapide;2026-09-30 20:00;BEST_GUESS;OK;45059;0;45059;2419;2489
2026-09-26T10:33:18;IDF8;site;RIS;rapide;2026-09-30 20:00;BEST_GUESS;OK;64478;1380;65858;3331;3408
2026-09-26T10:33:18;IDF9;site;VITRY;rapide;2026-09-30 20:00;BEST_GUESS;OK;46751;0;46751;3092;2980
2026-09-26T10:33:18;IDF9;site;RIS;rapide;2026-09-30 20:00;BEST_GUESS;OK;53507;1380;54887;3408;3297
2026-09-26T10:33:18;IDF10;site;VITRY;rapide;2026-09-30 20:00;BEST_GUESS;OK;34363;0;34363;2521;2348
2026-09-26T10:33:18;IDF10;site;RIS;rapide;2026-09-30 20:00;BEST_GUESS;OK;51425;1380;52805;3446;3238
2026-09-26T10:33:18;IDF11;site;VITRY;rapide;2026-09-30 20:00;BEST_GUESS;OK;49468;0;49468;2326;2370
2026-09-26T10:33:18;IDF11;site;RIS;rapide;2026-09-30 20:00;BEST_GUESS;OK;68887;1380;70267;3246;3288
2026-09-26T10:33:18;IDF12;site;VITRY;rapide;2026-09-30 20:00;BEST_GUESS;OK;11529;0;11529;1076;1049
2026-09-26T10:33:18;IDF12;site;RIS;rapide;2026-09-30 20:00;BEST_GUESS;OK;14828;1380;16208;1957;1956
2026-09-26T10:33:18;IDF13;site;VITRY;rapide;2026-09-30 20:00;BEST_GUESS;OK;38905;0;38905;2454;2536
2026-09-26T10:33:18;IDF13;site;RIS;rapide;2026-09-30 20:00;BEST_GUESS;OK;32603;1380;33983;1986;2015
2026-09-26T10:33:18;IDF14;site;VITRY;rapide;2026-09-30 20:00;BEST_GUESS;OK;7704;0;7704;1264;1243
2026-09-26T10:33:18;IDF14;site;RIS;rapide;2026-09-30 20:00;BEST_GUESS;OK;10572;1380;11952;1297;1306
2026-09-26T10:33:18;IDF15;site;VITRY;rapide;2026-09-30 20:00;BEST_GUESS;OK;46693;0;46693;2478;2492
2026-09-26T10:33:18;IDF15;site;RIS;rapide;2026-09-30 20:00;BEST_GUESS;OK;53449;1380;54829;2793;2809
2026-09-26T10:33:18;HDF1;site;VITRY;rapide;2026-09-30 20:00;BEST_GUESS;OK;210106;0;210106;8773;9101
2026-09-26T10:33:18;HDF1;site;RIS;rapide;2026-09-30 20:00;BEST_GUESS;OK;227168;1380;228548;9789;9991
2026-09-26T10:33:18;HDF2;site;VITRY;rapide;2026-09-30 20:00;BEST_GUESS;OK;203649;0;203649;7823;7989
2026-09-26T10:33:18;HDF2;site;RIS;rapide;2026-09-30 20:00;BEST_GUESS;OK;220711;1380;222091;8873;8880
2026-09-26T10:33:18;HDF3;site;VITRY;rapide;2026-09-30 20:00;BEST_GUESS;OK;251636;0;251636;9909;10124
2026-09-26T10:33:18;HDF3;site;RIS;rapide;2026-09-30 20:00;BEST_GUESS;OK;268698;1380;270078;10857;11014
2026-09-26T10:33:18;HDF4;site;VITRY;rapide;2026-09-30 20:00;BEST_GUESS;OK;203647;0;203647;8018;8114
2026-09-26T10:33:18;HDF4;site;RIS;rapide;2026-09-30 20:00;BEST_GUESS;OK;220709;1380;222089;9062;9004
2026-09-26T10:33:18;HDF5;site;VITRY;rapide;2026-09-30 20:00;BEST_GUESS;OK;224457;0;224457;8653;8842
2026-09-26T10:33:18;HDF5;site;RIS;rapide;2026-09-30 20:00;BEST_GUESS;OK;241519;1380;242899;9675;9732
2026-09-26T10:33:18;NOR1;site;VITRY;rapide;2026-09-30 20:00;BEST_GUESS;OK;209946;0;209946;7843;7853
2026-09-26T10:33:18;NOR1;site;RIS;rapide;2026-09-30 20:00;BEST_GUESS;OK;216703;1380;218083;8044;8170
2026-09-26T10:33:18;NOR2;site;VITRY;rapide;2026-09-30 20:00;BEST_GUESS;OK;139338;0;139338;5349;5440
2026-09-26T10:33:18;NOR2;site;RIS;rapide;2026-09-30 20:00;BEST_GUESS;OK;146094;1380;147474;5632;5757
2026-09-26T10:33:18;NOR3;site;VITRY;rapide;2026-09-30 20:00;BEST_GUESS;OK;134270;0;134270;5423;5551
2026-09-26T10:33:18;NOR3;site;RIS;rapide;2026-09-30 20:00;BEST_GUESS;OK;141027;1380;142407;5707;5868
2026-09-26T10:33:18;CVL1;site;VITRY;rapide;2026-09-30 20:00;BEST_GUESS;OK;226354;0;226354;8252;8187
2026-09-26T10:33:18;CVL1;site;RIS;rapide;2026-09-30 20:00;BEST_GUESS;OK;222599;1380;223979;7951;7982
2026-09-26T10:33:18;CVL2;site;VITRY;rapide;2026-09-30 20:00;BEST_GUESS;OK;262174;0;262174;10068;10181
2026-09-26T10:33:18;CVL2;site;RIS;rapide;2026-09-30 20:00;BEST_GUESS;OK;258419;1380;259799;9851;9975
2026-09-26T10:33:18;CVL3;site;VITRY;rapide;2026-09-30 20:00;BEST_GUESS;OK;130619;0;130619;5040;5212
2026-09-26T10:33:18;CVL3;site;RIS;rapide;2026-09-30 20:00;BEST_GUESS;OK;126864;1380;128244;4865;5006
2026-09-26T10:33:18;GE1;site;VITRY;rapide;2026-09-30 20:00;BEST_GUESS;OK;185285;0;185285;6843;6915
2026-09-26T10:33:18;GE1;site;RIS;rapide;2026-09-30 20:00;BEST_GUESS;OK;204704;1380;206084;7779;7834
2026-09-26T10:33:18;BFC1;site;VITRY;rapide;2026-09-30 20:00;BEST_GUESS;OK;312203;0;312203;10822;10719
2026-09-26T10:33:18;BFC1;site;RIS;rapide;2026-09-30 20:00;BEST_GUESS;OK;290784;1380;292164;9924;9823
2026-09-26T10:33:19;E_A1;entree;RIS;acces_impose;2026-09-30 20:00;BEST_GUESS;OK;67584;1380;68964;3636;3457
2026-09-26T10:33:19;E_A1;entree;RIS;impose_ouest;2026-09-30 20:00;BEST_GUESS;OK;86345;1380;87725;4432;4305
2026-09-26T10:33:20;E_A4;entree;RIS;acces_impose;2026-09-30 20:00;BEST_GUESS;OK;95907;1380;97287;3858;3915
2026-09-26T10:33:20;E_A4;entree;RIS;impose_est;2026-09-30 20:00;BEST_GUESS;OK;95907;1380;97287;3858;3915
2026-09-26T10:33:20;E_A5;entree;RIS;acces_impose;2026-09-30 20:00;BEST_GUESS;OK;74032;1380;75412;2785;2802
2026-09-26T10:33:20;E_A5;entree;RIS;impose_est;2026-09-30 20:00;BEST_GUESS;OK;74032;1380;75412;2785;2802
2026-09-26T10:33:21;E_A6;entree;RIS;acces_impose;2026-09-30 20:00;BEST_GUESS;OK;72354;1380;73734;2615;2641
2026-09-26T10:33:21;E_A6;entree;RIS;impose_est;2026-09-30 20:00;BEST_GUESS;OK;86270;1380;87650;3238;3292
2026-09-26T10:33:21;E_A10;entree;RIS;acces_impose;2026-09-30 20:00;BEST_GUESS;OK;59203;1380;60583;2358;2411
2026-09-26T10:33:21;E_A10;entree;RIS;impose_ouest;2026-09-30 20:00;BEST_GUESS;OK;59203;1380;60583;2358;2411
2026-09-26T10:33:22;E_A11;entree;RIS;acces_impose;2026-09-30 20:00;BEST_GUESS;OK;58437;1380;59817;2511;2527
2026-09-26T10:33:22;E_A11;entree;RIS;impose_ouest;2026-09-30 20:00;BEST_GUESS;OK;58437;1380;59817;2511;2527
2026-09-26T10:33:22;E_A13;entree;RIS;acces_impose;2026-09-30 20:00;BEST_GUESS;OK;100919;1380;102299;4041;4105
2026-09-26T10:33:22;E_A13;entree;RIS;impose_ouest;2026-09-30 20:00;BEST_GUESS;OK;115696;1380;117076;4633;4740
2026-09-26T10:33:23;E_A16;entree;RIS;acces_impose;2026-09-30 20:00;BEST_GUESS;OK;91380;1380;92760;4316;4341
2026-09-26T10:33:23;E_A16;entree;RIS;impose_ouest;2026-09-30 20:00;BEST_GUESS;OK;106157;1380;107537;4937;4977
2026-09-26T10:33:23;IDF1;site;RIS;acces_impose;2026-09-30 20:00;BEST_GUESS;OK;60653;1380;62033;3850;3740
2026-09-26T10:33:23;IDF1;site;RIS;impose_ouest;2026-09-30 20:00;BEST_GUESS;OK;79415;1380;80795;4649;4588
2026-09-26T10:33:23;IDF2;site;RIS;acces_impose;2026-09-30 20:00;BEST_GUESS;OK;14026;1380;15406;1149;1177
2026-09-26T10:33:24;IDF2;site;RIS;impose_ouest;2026-09-30 20:00;BEST_GUESS;OK;23176;1380;24556;1549;1590
2026-09-26T10:33:24;IDF3;site;RIS;acces_impose;2026-09-30 20:00;BEST_GUESS;OK;92571;1380;93951;4679;4715
2026-09-26T10:33:24;IDF3;site;RIS;impose_ouest;2026-09-30 20:00;BEST_GUESS;OK;107348;1380;108728;5298;5350
2026-09-26T10:33:24;IDF4;site;RIS;acces_impose;2026-09-30 20:00;BEST_GUESS;OK;49937;1380;51317;3435;3308
2026-09-26T10:33:24;IDF4;site;RIS;impose_ouest;2026-09-30 20:00;BEST_GUESS;OK;68699;1380;70079;4237;4155
2026-09-26T10:33:25;IDF5;site;RIS;acces_impose;2026-09-30 20:00;BEST_GUESS;OK;50047;1380;51427;3615;3526
2026-09-26T10:33:25;IDF5;site;RIS;impose_ouest;2026-09-30 20:00;BEST_GUESS;OK;68809;1380;70189;4412;4374
2026-09-26T10:33:25;IDF6;site;RIS;acces_impose;2026-09-30 20:00;BEST_GUESS;OK;59022;1380;60402;3336;3179
2026-09-26T10:33:25;IDF6;site;RIS;impose_ouest;2026-09-30 20:00;BEST_GUESS;OK;73799;1380;75179;3895;3814
2026-09-26T10:33:25;IDF7;site;RIS;acces_impose;2026-09-30 20:00;BEST_GUESS;OK;57906;1380;59286;3184;3058
2026-09-26T10:33:26;IDF7;site;RIS;impose_ouest;2026-09-30 20:00;BEST_GUESS;OK;72682;1380;74062;3740;3693
2026-09-26T10:33:26;IDF8;site;RIS;acces_impose;2026-09-30 20:00;BEST_GUESS;OK;67876;1380;69256;3263;3352
2026-09-26T10:33:26;IDF8;site;RIS;impose_est;2026-09-30 20:00;BEST_GUESS;OK;67876;1380;69256;3263;3352
2026-09-26T10:33:26;IDF9;site;RIS;acces_impose;2026-09-30 20:00;BEST_GUESS;OK;55209;1380;56589;3423;3306
2026-09-26T10:33:26;IDF9;site;RIS;impose_ouest;2026-09-30 20:00;BEST_GUESS;OK;69985;1380;71365;3992;3941
2026-09-26T10:33:27;IDF10;site;RIS;acces_impose;2026-09-30 20:00;BEST_GUESS;OK;53126;1380;54506;3461;3247
2026-09-26T10:33:28;IDF10;site;RIS;impose_ouest;2026-09-30 20:00;BEST_GUESS;OK;71888;1380;73268;4261;4094
2026-09-26T10:33:28;IDF11;site;RIS;acces_impose;2026-09-30 20:00;BEST_GUESS;OK;72285;1380;73665;3181;3233
2026-09-26T10:33:28;IDF11;site;RIS;impose_est;2026-09-30 20:00;BEST_GUESS;OK;72285;1380;73665;3181;3233
2026-09-26T10:33:29;IDF12;site;RIS;acces_impose;2026-09-30 20:00;BEST_GUESS;OK;34869;1380;36249;2177;2106
2026-09-26T10:33:29;IDF12;site;RIS;impose_est;2026-09-30 20:00;BEST_GUESS;OK;32483;1380;33863;2343;2372
2026-09-26T10:33:29;IDF13;site;RIS;acces_impose;2026-09-30 20:00;BEST_GUESS;OK;36001;1380;37381;1918;1960
2026-09-26T10:33:29;IDF13;site;RIS;impose_est;2026-09-30 20:00;BEST_GUESS;OK;36001;1380;37381;1918;1960
2026-09-26T10:33:29;IDF14;site;RIS;acces_impose;2026-09-30 20:00;BEST_GUESS;OK;16078;1380;17458;1884;1912
2026-09-26T10:33:30;IDF14;site;RIS;impose_est;2026-09-30 20:00;BEST_GUESS;OK;33504;1380;34884;2021;2057
2026-09-26T10:33:30;IDF15;site;RIS;acces_impose;2026-09-30 20:00;BEST_GUESS;OK;55151;1380;56531;2805;2819
2026-09-26T10:33:30;IDF15;site;RIS;impose_ouest;2026-09-30 20:00;BEST_GUESS;OK;69927;1380;71307;3338;3454
2026-09-26T10:33:30;HDF1;site;RIS;acces_impose;2026-09-30 20:00;BEST_GUESS;OK;228870;1380;230250;9811;10000
2026-09-26T10:33:30;HDF1;site;RIS;impose_est;2026-09-30 20:00;BEST_GUESS;OK;224950;1380;226330;9950;10145
2026-09-26T10:33:31;HDF2;site;RIS;acces_impose;2026-09-30 20:00;BEST_GUESS;OK;222412;1380;223792;8895;8889
2026-09-26T10:33:31;HDF2;site;RIS;impose_ouest;2026-09-30 20:00;BEST_GUESS;OK;241174;1380;242554;9715;9736
2026-09-26T10:33:31;HDF3;site;RIS;acces_impose;2026-09-30 20:00;BEST_GUESS;OK;270399;1380;271779;10881;11024
2026-09-26T10:33:31;HDF3;site;RIS;impose_ouest;2026-09-30 20:00;BEST_GUESS;OK;289161;1380;290541;11701;11871
2026-09-26T10:33:32;HDF4;site;RIS;acces_impose;2026-09-30 20:00;BEST_GUESS;OK;222410;1380;223790;9086;9013
2026-09-26T10:33:32;HDF4;site;RIS;impose_ouest;2026-09-30 20:00;BEST_GUESS;OK;241172;1380;242552;9904;9861
2026-09-26T10:33:32;HDF5;site;RIS;acces_impose;2026-09-30 20:00;BEST_GUESS;OK;243220;1380;244600;9699;9741
2026-09-26T10:33:32;HDF5;site;RIS;impose_ouest;2026-09-30 20:00;BEST_GUESS;OK;261982;1380;263362;10514;10588
2026-09-26T10:33:33;NOR1;site;RIS;acces_impose;2026-09-30 20:00;BEST_GUESS;OK;218404;1380;219784;8061;8179
2026-09-26T10:33:33;NOR1;site;RIS;impose_ouest;2026-09-30 20:00;BEST_GUESS;OK;233181;1380;234561;8689;8814
2026-09-26T10:33:33;NOR2;site;RIS;acces_impose;2026-09-30 20:00;BEST_GUESS;OK;147795;1380;149175;5655;5767
2026-09-26T10:33:34;NOR2;site;RIS;impose_ouest;2026-09-30 20:00;BEST_GUESS;OK;162572;1380;163952;6268;6402
2026-09-26T10:33:34;NOR3;site;RIS;acces_impose;2026-09-30 20:00;BEST_GUESS;OK;142728;1380;144108;5730;5877
2026-09-26T10:33:34;NOR3;site;RIS;impose_ouest;2026-09-30 20:00;BEST_GUESS;OK;157505;1380;158885;6342;6512
2026-09-26T10:33:34;CVL1;site;RIS;acces_impose;2026-09-30 20:00;BEST_GUESS;OK;222599;1380;223979;7951;7981
2026-09-26T10:33:35;CVL1;site;RIS;impose_ouest;2026-09-30 20:00;BEST_GUESS;OK;222599;1380;223979;7951;7981
2026-09-26T10:33:35;CVL2;site;RIS;acces_impose;2026-09-30 20:00;BEST_GUESS;OK;258419;1380;259799;9851;9975
2026-09-26T10:33:35;CVL2;site;RIS;impose_ouest;2026-09-30 20:00;BEST_GUESS;OK;258419;1380;259799;9851;9975
2026-09-26T10:33:35;CVL3;site;RIS;acces_impose;2026-09-30 20:00;BEST_GUESS;OK;126864;1380;128244;4865;5006
2026-09-26T10:33:36;CVL3;site;RIS;impose_ouest;2026-09-30 20:00;BEST_GUESS;OK;126864;1380;128244;4865;5006
2026-09-26T10:33:36;GE1;site;RIS;acces_impose;2026-09-30 20:00;BEST_GUESS;OK;208102;1380;209482;7713;7779
2026-09-26T10:33:36;GE1;site;RIS;impose_est;2026-09-30 20:00;BEST_GUESS;OK;208102;1380;209482;7713;7779
2026-09-26T10:33:36;BFC1;site;RIS;acces_impose;2026-09-30 20:00;BEST_GUESS;OK;290785;1380;292165;9924;9823
2026-09-26T10:33:36;BFC1;site;RIS;impose_est;2026-09-30 20:00;BEST_GUESS;OK;304701;1380;306081;10567;10474
2026-09-26T10:33:37;E_A1;entree;VITRY;rapide;2026-10-01 08:00;BEST_GUESS;OK;48820;0;48820;3646;2558
2026-09-26T10:33:37;E_A1;entree;RIS;rapide;2026-10-01 08:00;BEST_GUESS;OK;65882;1380;67262;4813;3448
2026-09-26T10:33:37;E_A4;entree;VITRY;rapide;2026-10-01 08:00;BEST_GUESS;OK;73090;0;73090;3908;3052
2026-09-26T10:33:37;E_A4;entree;RIS;rapide;2026-10-01 08:00;BEST_GUESS;OK;92509;1380;93889;4516;3971
2026-09-26T10:33:37;E_A5;entree;VITRY;rapide;2026-10-01 08:00;BEST_GUESS;OK;82487;0;82487;4215;3625
2026-09-26T10:33:37;E_A5;entree;RIS;rapide;2026-10-01 08:00;BEST_GUESS;OK;70634;1380;72014;3021;2857
2026-09-26T10:33:37;E_A6;entree;VITRY;rapide;2026-10-01 08:00;BEST_GUESS;OK;93772;0;93772;4400;3537
2026-09-26T10:33:37;E_A6;entree;RIS;rapide;2026-10-01 08:00;BEST_GUESS;OK;72354;1380;73734;2840;2642
2026-09-26T10:33:37;E_A10;entree;VITRY;rapide;2026-10-01 08:00;BEST_GUESS;OK;62958;0;62958;3259;2617
2026-09-26T10:33:37;E_A10;entree;RIS;rapide;2026-10-01 08:00;BEST_GUESS;OK;59203;1380;60583;2613;2411
2026-09-26T10:33:37;E_A11;entree;VITRY;rapide;2026-10-01 08:00;BEST_GUESS;OK;62192;0;62192;3396;2733
2026-09-26T10:33:37;E_A11;entree;RIS;rapide;2026-10-01 08:00;BEST_GUESS;OK;58437;1380;59817;2735;2528
2026-09-26T10:33:37;E_A13;entree;VITRY;rapide;2026-10-01 08:00;BEST_GUESS;OK;92461;0;92461;4733;3779
2026-09-26T10:33:37;E_A13;entree;RIS;rapide;2026-10-01 08:00;BEST_GUESS;OK;99218;1380;100598;4929;4096
2026-09-26T10:33:37;E_A16;entree;VITRY;rapide;2026-10-01 08:00;BEST_GUESS;OK;69185;0;69185;5074;3564
2026-09-26T10:33:37;E_A16;entree;RIS;rapide;2026-10-01 08:00;BEST_GUESS;OK;89679;1380;91059;6141;4332
2026-09-26T10:33:37;IDF1;site;VITRY;rapide;2026-10-01 08:00;BEST_GUESS;OK;41890;0;41890;3922;2841
2026-09-26T10:33:37;IDF1;site;RIS;rapide;2026-10-01 08:00;BEST_GUESS;OK;58952;1380;60332;5141;3731
2026-09-26T10:33:37;IDF2;site;VITRY;rapide;2026-10-01 08:00;BEST_GUESS;OK;35448;0;35448;2858;2082
2026-09-26T10:33:37;IDF2;site;RIS;rapide;2026-10-01 08:00;BEST_GUESS;OK;14026;1380;15406;1295;1177
2026-09-26T10:33:37;IDF3;site;VITRY;rapide;2026-10-01 08:00;BEST_GUESS;OK;66563;0;66563;5149;3895
2026-09-26T10:33:37;IDF3;site;RIS;rapide;2026-10-01 08:00;BEST_GUESS;OK;90870;1380;92250;6306;4706
2026-09-26T10:33:37;IDF4;site;VITRY;rapide;2026-10-01 08:00;BEST_GUESS;OK;31174;0;31174;3038;2409
2026-09-26T10:33:37;IDF4;site;RIS;rapide;2026-10-01 08:00;BEST_GUESS;OK;48236;1380;49616;4192;3299
2026-09-26T10:33:37;IDF5;site;VITRY;rapide;2026-10-01 08:00;BEST_GUESS;OK;27596;0;27596;3493;2840
2026-09-26T10:33:37;IDF5;site;RIS;rapide;2026-10-01 08:00;BEST_GUESS;OK;48346;1380;49726;4354;3517
2026-09-26T10:33:37;IDF6;site;VITRY;rapide;2026-10-01 08:00;BEST_GUESS;OK;41449;0;41449;3576;2811
2026-09-26T10:33:37;IDF6;site;RIS;rapide;2026-10-01 08:00;BEST_GUESS;OK;57321;1380;58701;4109;3170
2026-09-26T10:33:37;IDF7;site;VITRY;rapide;2026-10-01 08:00;BEST_GUESS;OK;40735;0;40735;3445;2678
2026-09-26T10:33:37;IDF7;site;RIS;rapide;2026-10-01 08:00;BEST_GUESS;OK;56204;1380;57584;3931;3049
2026-09-26T10:33:37;IDF8;site;VITRY;rapide;2026-10-01 08:00;BEST_GUESS;OK;45059;0;45059;3411;2489
2026-09-26T10:33:37;IDF8;site;RIS;rapide;2026-10-01 08:00;BEST_GUESS;OK;64478;1380;65858;4071;3408
2026-09-26T10:33:37;IDF9;site;VITRY;rapide;2026-10-01 08:00;BEST_GUESS;OK;46751;0;46751;3901;2980
2026-09-26T10:33:37;IDF9;site;RIS;rapide;2026-10-01 08:00;BEST_GUESS;OK;53507;1380;54887;4107;3297
2026-09-26T10:33:37;IDF10;site;VITRY;rapide;2026-10-01 08:00;BEST_GUESS;OK;34363;0;34363;3432;2348
2026-09-26T10:33:37;IDF10;site;RIS;rapide;2026-10-01 08:00;BEST_GUESS;OK;51425;1380;52805;4570;3238
2026-09-26T10:33:37;IDF11;site;VITRY;rapide;2026-10-01 08:00;BEST_GUESS;OK;49468;0;49468;3221;2370
2026-09-26T10:33:37;IDF11;site;RIS;rapide;2026-10-01 08:00;BEST_GUESS;OK;68887;1380;70267;3887;3288
2026-09-26T10:33:37;IDF12;site;VITRY;rapide;2026-10-01 08:00;BEST_GUESS;OK;11529;0;11529;1274;1049
2026-09-26T10:33:37;IDF12;site;RIS;rapide;2026-10-01 08:00;BEST_GUESS;OK;14828;1380;16208;2095;1956
2026-09-26T10:33:37;IDF13;site;VITRY;rapide;2026-10-01 08:00;BEST_GUESS;OK;38905;0;38905;3166;2536
2026-09-26T10:33:37;IDF13;site;RIS;rapide;2026-10-01 08:00;BEST_GUESS;OK;32603;1380;33983;2341;2015
2026-09-26T10:33:37;IDF14;site;VITRY;rapide;2026-10-01 08:00;BEST_GUESS;OK;7704;0;7704;1391;1243
2026-09-26T10:33:37;IDF14;site;RIS;rapide;2026-10-01 08:00;BEST_GUESS;OK;10572;1380;11952;1370;1306
2026-09-26T10:33:37;IDF15;site;VITRY;rapide;2026-10-01 08:00;BEST_GUESS;OK;46693;0;46693;3398;2492
2026-09-26T10:33:37;IDF15;site;RIS;rapide;2026-10-01 08:00;BEST_GUESS;OK;53449;1380;54829;3598;2809
2026-09-26T10:33:37;HDF1;site;VITRY;rapide;2026-10-01 08:00;BEST_GUESS;OK;210106;0;210106;9971;9101
2026-09-26T10:33:37;HDF1;site;RIS;rapide;2026-10-01 08:00;BEST_GUESS;OK;227168;1380;228548;11269;9991
2026-09-26T10:33:37;HDF2;site;VITRY;rapide;2026-10-01 08:00;BEST_GUESS;OK;203649;0;203649;8874;7989
2026-09-26T10:33:37;HDF2;site;RIS;rapide;2026-10-01 08:00;BEST_GUESS;OK;220711;1380;222091;10150;8880
2026-09-26T10:33:37;HDF3;site;VITRY;rapide;2026-10-01 08:00;BEST_GUESS;OK;251636;0;251636;10940;10124
2026-09-26T10:33:37;HDF3;site;RIS;rapide;2026-10-01 08:00;BEST_GUESS;OK;268698;1380;270078;12238;11014
2026-09-26T10:33:37;HDF4;site;VITRY;rapide;2026-10-01 08:00;BEST_GUESS;OK;203647;0;203647;8901;8114
2026-09-26T10:33:37;HDF4;site;RIS;rapide;2026-10-01 08:00;BEST_GUESS;OK;220709;1380;222089;10175;9004
2026-09-26T10:33:37;HDF5;site;VITRY;rapide;2026-10-01 08:00;BEST_GUESS;OK;224457;0;224457;9626;8842
2026-09-26T10:33:37;HDF5;site;RIS;rapide;2026-10-01 08:00;BEST_GUESS;OK;241518;1380;242898;10899;9732
2026-09-26T10:33:37;NOR1;site;VITRY;rapide;2026-10-01 08:00;BEST_GUESS;OK;209946;0;209946;8316;7853
2026-09-26T10:33:37;NOR1;site;RIS;rapide;2026-10-01 08:00;BEST_GUESS;OK;216703;1380;218083;8562;8170
2026-09-26T10:33:37;NOR2;site;VITRY;rapide;2026-10-01 08:00;BEST_GUESS;OK;139338;0;139338;6176;5440
2026-09-26T10:33:37;NOR2;site;RIS;rapide;2026-10-01 08:00;BEST_GUESS;OK;146094;1380;147474;6439;5757
2026-09-26T10:33:37;NOR3;site;VITRY;rapide;2026-10-01 08:00;BEST_GUESS;OK;134270;0;134270;6358;5551
2026-09-26T10:33:37;NOR3;site;RIS;rapide;2026-10-01 08:00;BEST_GUESS;OK;141027;1380;142407;6607;5868
2026-09-26T10:33:37;CVL1;site;VITRY;rapide;2026-10-01 08:00;BEST_GUESS;OK;226354;0;226354;8524;8187
2026-09-26T10:33:37;CVL1;site;RIS;rapide;2026-10-01 08:00;BEST_GUESS;OK;222599;1380;223979;8100;7982
2026-09-26T10:33:37;CVL2;site;VITRY;rapide;2026-10-01 08:00;BEST_GUESS;OK;262174;0;262174;10497;10181
2026-09-26T10:33:37;CVL2;site;RIS;rapide;2026-10-01 08:00;BEST_GUESS;OK;258419;1380;259799;10130;9975
2026-09-26T10:33:37;CVL3;site;VITRY;rapide;2026-10-01 08:00;BEST_GUESS;OK;130619;0;130619;5831;5212
2026-09-26T10:33:37;CVL3;site;RIS;rapide;2026-10-01 08:00;BEST_GUESS;OK;126864;1380;128244;5248;5006
2026-09-26T10:33:37;GE1;site;VITRY;rapide;2026-10-01 08:00;BEST_GUESS;OK;185285;0;185285;7486;6915
2026-09-26T10:33:37;GE1;site;RIS;rapide;2026-10-01 08:00;BEST_GUESS;OK;204704;1380;206084;8208;7834
2026-09-26T10:33:37;BFC1;site;VITRY;rapide;2026-10-01 08:00;BEST_GUESS;OK;312202;0;312202;11082;10718
2026-09-26T10:33:37;BFC1;site;RIS;rapide;2026-10-01 08:00;BEST_GUESS;OK;290785;1380;292165;10028;9824
2026-09-26T10:33:38;E_A1;entree;RIS;acces_impose;2026-10-01 08:00;BEST_GUESS;OK;67584;1380;68964;4813;3457
2026-09-26T10:33:38;E_A1;entree;RIS;impose_ouest;2026-10-01 08:00;BEST_GUESS;OK;86345;1380;87725;5756;4305
2026-09-26T10:33:38;E_A4;entree;RIS;acces_impose;2026-10-01 08:00;BEST_GUESS;OK;95907;1380;97287;4536;3915
2026-09-26T10:33:39;E_A4;entree;RIS;impose_est;2026-10-01 08:00;BEST_GUESS;OK;95907;1380;97287;4536;3915
2026-09-26T10:33:39;E_A5;entree;RIS;acces_impose;2026-10-01 08:00;BEST_GUESS;OK;74032;1380;75412;3067;2802
2026-09-26T10:33:39;E_A5;entree;RIS;impose_est;2026-10-01 08:00;BEST_GUESS;OK;74032;1380;75412;3067;2802
2026-09-26T10:33:39;E_A6;entree;RIS;acces_impose;2026-10-01 08:00;BEST_GUESS;OK;72354;1380;73734;2840;2641
2026-09-26T10:33:39;E_A6;entree;RIS;impose_est;2026-10-01 08:00;BEST_GUESS;OK;86270;1380;87650;3674;3292
2026-09-26T10:33:40;E_A10;entree;RIS;acces_impose;2026-10-01 08:00;BEST_GUESS;OK;59203;1380;60583;2613;2411
2026-09-26T10:33:40;E_A10;entree;RIS;impose_ouest;2026-10-01 08:00;BEST_GUESS;OK;59203;1380;60583;2613;2411
2026-09-26T10:33:40;E_A11;entree;RIS;acces_impose;2026-10-01 08:00;BEST_GUESS;OK;58437;1380;59817;2735;2527
2026-09-26T10:33:40;E_A11;entree;RIS;impose_ouest;2026-10-01 08:00;BEST_GUESS;OK;58437;1380;59817;2735;2527
2026-09-26T10:33:40;E_A13;entree;RIS;acces_impose;2026-10-01 08:00;BEST_GUESS;OK;100919;1380;102299;4930;4105
2026-09-26T10:33:41;E_A13;entree;RIS;impose_ouest;2026-10-01 08:00;BEST_GUESS;OK;115696;1380;117076;5484;4740
2026-09-26T10:33:41;E_A16;entree;RIS;acces_impose;2026-10-01 08:00;BEST_GUESS;OK;91380;1380;92760;6145;4341
2026-09-26T10:33:41;E_A16;entree;RIS;impose_ouest;2026-10-01 08:00;BEST_GUESS;OK;106157;1380;107537;6596;4977
2026-09-26T10:33:41;IDF1;site;RIS;acces_impose;2026-10-01 08:00;BEST_GUESS;OK;60653;1380;62033;5146;3740
2026-09-26T10:33:41;IDF1;site;RIS;impose_ouest;2026-10-01 08:00;BEST_GUESS;OK;79415;1380;80795;6087;4588
2026-09-26T10:33:42;IDF2;site;RIS;acces_impose;2026-10-01 08:00;BEST_GUESS;OK;14026;1380;15406;1295;1177
2026-09-26T10:33:42;IDF2;site;RIS;impose_ouest;2026-10-01 08:00;BEST_GUESS;OK;23176;1380;24556;1798;1590
2026-09-26T10:33:42;IDF3;site;RIS;acces_impose;2026-10-01 08:00;BEST_GUESS;OK;92571;1380;93951;6309;4715
2026-09-26T10:33:42;IDF3;site;RIS;impose_ouest;2026-10-01 08:00;BEST_GUESS;OK;107348;1380;108728;6768;5350
2026-09-26T10:33:42;IDF4;site;RIS;acces_impose;2026-10-01 08:00;BEST_GUESS;OK;49937;1380;51317;4194;3308
2026-09-26T10:33:43;IDF4;site;RIS;impose_ouest;2026-10-01 08:00;BEST_GUESS;OK;68699;1380;70079;5182;4155
2026-09-26T10:33:43;IDF5;site;RIS;acces_impose;2026-10-01 08:00;BEST_GUESS;OK;50047;1380;51427;4357;3526
2026-09-26T10:33:43;IDF5;site;RIS;impose_ouest;2026-10-01 08:00;BEST_GUESS;OK;68809;1380;70189;5338;4374
2026-09-26T10:33:43;IDF6;site;RIS;acces_impose;2026-10-01 08:00;BEST_GUESS;OK;59022;1380;60402;4112;3179
2026-09-26T10:33:43;IDF6;site;RIS;impose_ouest;2026-10-01 08:00;BEST_GUESS;OK;73799;1380;75179;4730;3814
2026-09-26T10:33:44;IDF7;site;RIS;acces_impose;2026-10-01 08:00;BEST_GUESS;OK;57906;1380;59286;3936;3058
2026-09-26T10:33:44;IDF7;site;RIS;impose_ouest;2026-10-01 08:00;BEST_GUESS;OK;72682;1380;74062;4523;3693
2026-09-26T10:33:44;IDF8;site;RIS;acces_impose;2026-10-01 08:00;BEST_GUESS;OK;67876;1380;69256;4095;3352
2026-09-26T10:33:44;IDF8;site;RIS;impose_est;2026-10-01 08:00;BEST_GUESS;OK;67876;1380;69256;4095;3352
2026-09-26T10:33:45;IDF9;site;RIS;acces_impose;2026-10-01 08:00;BEST_GUESS;OK;55209;1380;56589;4111;3306
2026-09-26T10:33:45;IDF9;site;RIS;impose_ouest;2026-10-01 08:00;BEST_GUESS;OK;69985;1380;71365;4728;3941
2026-09-26T10:33:45;IDF10;site;RIS;acces_impose;2026-10-01 08:00;BEST_GUESS;OK;53126;1380;54506;4571;3247
2026-09-26T10:33:45;IDF10;site;RIS;impose_ouest;2026-10-01 08:00;BEST_GUESS;OK;71888;1380;73268;5550;4094
2026-09-26T10:33:45;IDF11;site;RIS;acces_impose;2026-10-01 08:00;BEST_GUESS;OK;72285;1380;73665;3913;3233
2026-09-26T10:33:46;IDF11;site;RIS;impose_est;2026-10-01 08:00;BEST_GUESS;OK;72285;1380;73665;3913;3233
2026-09-26T10:33:46;IDF12;site;RIS;acces_impose;2026-10-01 08:00;BEST_GUESS;OK;34869;1380;36249;2673;2106
2026-09-26T10:33:46;IDF12;site;RIS;impose_est;2026-10-01 08:00;BEST_GUESS;OK;32483;1380;33863;2638;2372
2026-09-26T10:33:46;IDF13;site;RIS;acces_impose;2026-10-01 08:00;BEST_GUESS;OK;36001;1380;37381;2388;1960
2026-09-26T10:33:46;IDF13;site;RIS;impose_est;2026-10-01 08:00;BEST_GUESS;OK;36001;1380;37381;2388;1960
2026-09-26T10:33:47;IDF14;site;RIS;acces_impose;2026-10-01 08:00;BEST_GUESS;OK;16078;1380;17458;1994;1912
2026-09-26T10:33:47;IDF14;site;RIS;impose_est;2026-10-01 08:00;BEST_GUESS;OK;33504;1380;34884;2298;2057
2026-09-26T10:33:47;IDF15;site;RIS;acces_impose;2026-10-01 08:00;BEST_GUESS;OK;55151;1380;56531;3604;2819
2026-09-26T10:33:47;IDF15;site;RIS;impose_ouest;2026-10-01 08:00;BEST_GUESS;OK;69927;1380;71307;4213;3454
2026-09-26T10:33:47;HDF1;site;RIS;acces_impose;2026-10-01 08:00;BEST_GUESS;OK;228870;1380;230250;11278;10000
2026-09-26T10:33:48;HDF1;site;RIS;impose_est;2026-10-01 08:00;BEST_GUESS;OK;224950;1380;226330;10891;10145
2026-09-26T10:33:48;HDF2;site;RIS;acces_impose;2026-10-01 08:00;BEST_GUESS;OK;222412;1380;223792;10158;8889
2026-09-26T10:33:48;HDF2;site;RIS;impose_ouest;2026-10-01 08:00;BEST_GUESS;OK;241174;1380;242554;11044;9736
2026-09-26T10:33:49;HDF3;site;RIS;acces_impose;2026-10-01 08:00;BEST_GUESS;OK;270399;1380;271779;12252;11024
2026-09-26T10:33:49;HDF3;site;RIS;impose_ouest;2026-10-01 08:00;BEST_GUESS;OK;289161;1380;290541;13141;11871
2026-09-26T10:33:50;HDF4;site;RIS;acces_impose;2026-10-01 08:00;BEST_GUESS;OK;222410;1380;223790;10183;9013
2026-09-26T10:33:50;HDF4;site;RIS;impose_ouest;2026-10-01 08:00;BEST_GUESS;OK;241172;1380;242552;11068;9861
2026-09-26T10:33:50;HDF5;site;RIS;acces_impose;2026-10-01 08:00;BEST_GUESS;OK;243220;1380;244600;10908;9741
2026-09-26T10:33:51;HDF5;site;RIS;impose_ouest;2026-10-01 08:00;BEST_GUESS;OK;261982;1380;263362;11794;10588
2026-09-26T10:33:51;NOR1;site;RIS;acces_impose;2026-10-01 08:00;BEST_GUESS;OK;218404;1380;219784;8572;8179
2026-09-26T10:33:51;NOR1;site;RIS;impose_ouest;2026-10-01 08:00;BEST_GUESS;OK;233181;1380;234561;9074;8814
2026-09-26T10:33:51;NOR2;site;RIS;acces_impose;2026-10-01 08:00;BEST_GUESS;OK;147795;1380;149175;6443;5767
2026-09-26T10:33:52;NOR2;site;RIS;impose_ouest;2026-10-01 08:00;BEST_GUESS;OK;162572;1380;163952;6938;6402
2026-09-26T10:33:52;NOR3;site;RIS;acces_impose;2026-10-01 08:00;BEST_GUESS;OK;142728;1380;144108;6611;5877
2026-09-26T10:33:52;NOR3;site;RIS;impose_ouest;2026-10-01 08:00;BEST_GUESS;OK;157505;1380;158885;7117;6512
2026-09-26T10:33:52;CVL1;site;RIS;acces_impose;2026-10-01 08:00;BEST_GUESS;OK;222599;1380;223979;8100;7981
2026-09-26T10:33:53;CVL1;site;RIS;impose_ouest;2026-10-01 08:00;BEST_GUESS;OK;222599;1380;223979;8100;7981
2026-09-26T10:33:53;CVL2;site;RIS;acces_impose;2026-10-01 08:00;BEST_GUESS;OK;258419;1380;259799;10130;9975
2026-09-26T10:33:53;CVL2;site;RIS;impose_ouest;2026-10-01 08:00;BEST_GUESS;OK;258419;1380;259799;10130;9975
2026-09-26T10:33:54;CVL3;site;RIS;acces_impose;2026-10-01 08:00;BEST_GUESS;OK;126864;1380;128244;5248;5006
2026-09-26T10:33:54;CVL3;site;RIS;impose_ouest;2026-10-01 08:00;BEST_GUESS;OK;126864;1380;128244;5248;5006
2026-09-26T10:33:54;GE1;site;RIS;acces_impose;2026-10-01 08:00;BEST_GUESS;OK;208102;1380;209482;8207;7779
2026-09-26T10:33:54;GE1;site;RIS;impose_est;2026-10-01 08:00;BEST_GUESS;OK;208102;1380;209482;8207;7779
2026-09-26T10:33:55;BFC1;site;RIS;acces_impose;2026-10-01 08:00;BEST_GUESS;OK;290785;1380;292165;10028;9823
2026-09-26T10:33:55;BFC1;site;RIS;impose_est;2026-10-01 08:00;BEST_GUESS;OK;304701;1380;306081;10737;10474
2026-09-26T10:33:55;E_A1;entree;VITRY;rapide;2026-10-01 09:00;BEST_GUESS;OK;48820;0;48820;3561;2558
2026-09-26T10:33:55;E_A1;entree;RIS;rapide;2026-10-01 09:00;BEST_GUESS;OK;65882;1380;67262;4788;3448
2026-09-26T10:33:55;E_A4;entree;VITRY;rapide;2026-10-01 09:00;BEST_GUESS;OK;73090;0;73090;3607;3052
2026-09-26T10:33:55;E_A4;entree;RIS;rapide;2026-10-01 09:00;BEST_GUESS;OK;92509;1380;93889;4285;3971
2026-09-26T10:33:55;E_A5;entree;VITRY;rapide;2026-10-01 09:00;BEST_GUESS;OK;82488;0;82488;3861;3626
2026-09-26T10:33:55;E_A5;entree;RIS;rapide;2026-10-01 09:00;BEST_GUESS;OK;70634;1380;72014;3026;2857
2026-09-26T10:33:55;E_A6;entree;VITRY;rapide;2026-10-01 09:00;BEST_GUESS;OK;93772;0;93772;3950;3537
2026-09-26T10:33:55;E_A6;entree;RIS;rapide;2026-10-01 09:00;BEST_GUESS;OK;72354;1380;73734;2726;2642
2026-09-26T10:33:55;E_A10;entree;VITRY;rapide;2026-10-01 09:00;BEST_GUESS;OK;62958;0;62958;2999;2617
2026-09-26T10:33:55;E_A10;entree;RIS;rapide;2026-10-01 09:00;BEST_GUESS;OK;59203;1380;60583;2493;2411
2026-09-26T10:33:55;E_A11;entree;VITRY;rapide;2026-10-01 09:00;BEST_GUESS;OK;62192;0;62192;3122;2733
2026-09-26T10:33:55;E_A11;entree;RIS;rapide;2026-10-01 09:00;BEST_GUESS;OK;58437;1380;59817;2626;2528
2026-09-26T10:33:55;E_A13;entree;VITRY;rapide;2026-10-01 09:00;BEST_GUESS;OK;92461;0;92461;4299;3779
2026-09-26T10:33:55;E_A13;entree;RIS;rapide;2026-10-01 09:00;BEST_GUESS;OK;99218;1380;100598;4543;4096
2026-09-26T10:33:55;E_A16;entree;VITRY;rapide;2026-10-01 09:00;BEST_GUESS;OK;69185;0;69185;4789;3564
2026-09-26T10:33:55;E_A16;entree;RIS;rapide;2026-10-01 09:00;BEST_GUESS;OK;89679;1380;91059;5630;4332
2026-09-26T10:33:55;IDF1;site;VITRY;rapide;2026-10-01 09:00;BEST_GUESS;OK;41890;0;41890;3906;2841
2026-09-26T10:33:55;IDF1;site;RIS;rapide;2026-10-01 09:00;BEST_GUESS;OK;58952;1380;60332;5101;3731
2026-09-26T10:33:55;IDF2;site;VITRY;rapide;2026-10-01 09:00;BEST_GUESS;OK;35448;0;35448;2569;2082
2026-09-26T10:33:55;IDF2;site;RIS;rapide;2026-10-01 09:00;BEST_GUESS;OK;14026;1380;15406;1232;1177
2026-09-26T10:33:55;IDF3;site;VITRY;rapide;2026-10-01 09:00;BEST_GUESS;OK;66563;0;66563;4906;3895
2026-09-26T10:33:55;IDF3;site;RIS;rapide;2026-10-01 09:00;BEST_GUESS;OK;90870;1380;92250;5842;4706
2026-09-26T10:33:55;IDF4;site;VITRY;rapide;2026-10-01 09:00;BEST_GUESS;OK;31174;0;31174;3041;2409
2026-09-26T10:33:55;IDF4;site;RIS;rapide;2026-10-01 09:00;BEST_GUESS;OK;48236;1380;49616;4215;3299
2026-09-26T10:33:55;IDF5;site;VITRY;rapide;2026-10-01 09:00;BEST_GUESS;OK;27596;0;27596;3554;2840
2026-09-26T10:33:55;IDF5;site;RIS;rapide;2026-10-01 09:00;BEST_GUESS;OK;48346;1380;49726;4504;3517
2026-09-26T10:33:55;IDF6;site;VITRY;rapide;2026-10-01 09:00;BEST_GUESS;OK;41449;0;41449;3509;2811
2026-09-26T10:33:55;IDF6;site;RIS;rapide;2026-10-01 09:00;BEST_GUESS;OK;57321;1380;58701;4145;3170
2026-09-26T10:33:55;IDF7;site;VITRY;rapide;2026-10-01 09:00;BEST_GUESS;OK;40735;0;40735;3388;2678
2026-09-26T10:33:55;IDF7;site;RIS;rapide;2026-10-01 09:00;BEST_GUESS;OK;56204;1380;57584;3915;3049
2026-09-26T10:33:55;IDF8;site;VITRY;rapide;2026-10-01 09:00;BEST_GUESS;OK;45059;0;45059;3149;2489
2026-09-26T10:33:55;IDF8;site;RIS;rapide;2026-10-01 09:00;BEST_GUESS;OK;64478;1380;65858;3803;3408
2026-09-26T10:33:55;IDF9;site;VITRY;rapide;2026-10-01 09:00;BEST_GUESS;OK;46751;0;46751;3715;2980
2026-09-26T10:33:55;IDF9;site;RIS;rapide;2026-10-01 09:00;BEST_GUESS;OK;53507;1380;54887;3978;3297
2026-09-26T10:33:55;IDF10;site;VITRY;rapide;2026-10-01 09:00;BEST_GUESS;OK;34363;0;34363;3349;2348
2026-09-26T10:33:55;IDF10;site;RIS;rapide;2026-10-01 09:00;BEST_GUESS;OK;51425;1380;52805;4538;3238
2026-09-26T10:33:55;IDF11;site;VITRY;rapide;2026-10-01 09:00;BEST_GUESS;OK;49468;0;49468;2969;2370
2026-09-26T10:33:55;IDF11;site;RIS;rapide;2026-10-01 09:00;BEST_GUESS;OK;68887;1380;70267;3602;3288
2026-09-26T10:33:55;IDF12;site;VITRY;rapide;2026-10-01 09:00;BEST_GUESS;OK;11529;0;11529;1282;1049
2026-09-26T10:33:55;IDF12;site;RIS;rapide;2026-10-01 09:00;BEST_GUESS;OK;14828;1380;16208;2057;1956
2026-09-26T10:33:55;IDF13;site;VITRY;rapide;2026-10-01 09:00;BEST_GUESS;OK;38905;0;38905;2796;2536
2026-09-26T10:33:55;IDF13;site;RIS;rapide;2026-10-01 09:00;BEST_GUESS;OK;32603;1380;33983;2278;2015
2026-09-26T10:33:55;IDF14;site;VITRY;rapide;2026-10-01 09:00;BEST_GUESS;OK;7704;0;7704;1393;1243
2026-09-26T10:33:55;IDF14;site;RIS;rapide;2026-10-01 09:00;BEST_GUESS;OK;10572;1380;11952;1373;1306
2026-09-26T10:33:55;IDF15;site;VITRY;rapide;2026-10-01 09:00;BEST_GUESS;OK;46693;0;46693;3076;2492
2026-09-26T10:33:55;IDF15;site;RIS;rapide;2026-10-01 09:00;BEST_GUESS;OK;53449;1380;54829;3324;2809
2026-09-26T10:33:55;HDF1;site;VITRY;rapide;2026-10-01 09:00;BEST_GUESS;OK;210106;0;210106;10001;9101
2026-09-26T10:33:55;HDF1;site;RIS;rapide;2026-10-01 09:00;BEST_GUESS;OK;227168;1380;228548;11201;9991
2026-09-26T10:33:55;HDF2;site;VITRY;rapide;2026-10-01 09:00;BEST_GUESS;OK;203649;0;203649;8905;7989
2026-09-26T10:33:55;HDF2;site;RIS;rapide;2026-10-01 09:00;BEST_GUESS;OK;220711;1380;222091;10264;8880
2026-09-26T10:33:55;HDF3;site;VITRY;rapide;2026-10-01 09:00;BEST_GUESS;OK;251636;0;251636;10904;10124
2026-09-26T10:33:55;HDF3;site;RIS;rapide;2026-10-01 09:00;BEST_GUESS;OK;268698;1380;270078;12082;11014
2026-09-26T10:33:55;HDF4;site;VITRY;rapide;2026-10-01 09:00;BEST_GUESS;OK;203647;0;203647;8939;8114
2026-09-26T10:33:55;HDF4;site;RIS;rapide;2026-10-01 09:00;BEST_GUESS;OK;220709;1380;222089;10278;9004
2026-09-26T10:33:55;HDF5;site;VITRY;rapide;2026-10-01 09:00;BEST_GUESS;OK;224457;0;224457;9635;8842
2026-09-26T10:33:55;HDF5;site;RIS;rapide;2026-10-01 09:00;BEST_GUESS;OK;241519;1380;242899;10875;9732
2026-09-26T10:33:55;NOR1;site;VITRY;rapide;2026-10-01 09:00;BEST_GUESS;OK;209946;0;209946;8309;7853
2026-09-26T10:33:55;NOR1;site;RIS;rapide;2026-10-01 09:00;BEST_GUESS;OK;216703;1380;218083;8658;8170
2026-09-26T10:33:55;NOR2;site;VITRY;rapide;2026-10-01 09:00;BEST_GUESS;OK;139338;0;139338;5836;5440
2026-09-26T10:33:55;NOR2;site;RIS;rapide;2026-10-01 09:00;BEST_GUESS;OK;146094;1380;147474;6116;5757
2026-09-26T10:33:55;NOR3;site;VITRY;rapide;2026-10-01 09:00;BEST_GUESS;OK;134270;0;134270;6008;5551
2026-09-26T10:33:55;NOR3;site;RIS;rapide;2026-10-01 09:00;BEST_GUESS;OK;141027;1380;142407;6287;5868
2026-09-26T10:33:55;CVL1;site;VITRY;rapide;2026-10-01 09:00;BEST_GUESS;OK;226354;0;226354;8442;8187
2026-09-26T10:33:55;CVL1;site;RIS;rapide;2026-10-01 09:00;BEST_GUESS;OK;222599;1380;223979;8129;7982
2026-09-26T10:33:55;CVL2;site;VITRY;rapide;2026-10-01 09:00;BEST_GUESS;OK;262174;0;262174;10554;10181
2026-09-26T10:33:55;CVL2;site;RIS;rapide;2026-10-01 09:00;BEST_GUESS;OK;258419;1380;259799;10230;9975
2026-09-26T10:33:55;CVL3;site;VITRY;rapide;2026-10-01 09:00;BEST_GUESS;OK;130619;0;130619;5543;5212
2026-09-26T10:33:55;CVL3;site;RIS;rapide;2026-10-01 09:00;BEST_GUESS;OK;126864;1380;128244;5155;5006
2026-09-26T10:33:55;GE1;site;VITRY;rapide;2026-10-01 09:00;BEST_GUESS;OK;185285;0;185285;7443;6915
2026-09-26T10:33:55;GE1;site;RIS;rapide;2026-10-01 09:00;BEST_GUESS;OK;204704;1380;206084;8285;7834
2026-09-26T10:33:55;BFC1;site;VITRY;rapide;2026-10-01 09:00;BEST_GUESS;OK;312203;0;312203;11046;10719
2026-09-26T10:33:55;BFC1;site;RIS;rapide;2026-10-01 09:00;BEST_GUESS;OK;290785;1380;292165;9984;9824
2026-09-26T10:33:56;E_A1;entree;RIS;acces_impose;2026-10-01 09:00;BEST_GUESS;OK;67584;1380;68964;4798;3457
2026-09-26T10:33:56;E_A1;entree;RIS;impose_ouest;2026-10-01 09:00;BEST_GUESS;OK;86345;1380;87725;5697;4305
2026-09-26T10:33:56;E_A4;entree;RIS;acces_impose;2026-10-01 09:00;BEST_GUESS;OK;95907;1380;97287;4279;3915
2026-09-26T10:33:56;E_A4;entree;RIS;impose_est;2026-10-01 09:00;BEST_GUESS;OK;95907;1380;97287;4279;3915
2026-09-26T10:33:57;E_A5;entree;RIS;acces_impose;2026-10-01 09:00;BEST_GUESS;OK;74032;1380;75412;3043;2802
2026-09-26T10:33:57;E_A5;entree;RIS;impose_est;2026-10-01 09:00;BEST_GUESS;OK;74032;1380;75412;3043;2802
2026-09-26T10:33:57;E_A6;entree;RIS;acces_impose;2026-10-01 09:00;BEST_GUESS;OK;72354;1380;73734;2726;2641
2026-09-26T10:33:57;E_A6;entree;RIS;impose_est;2026-10-01 09:00;BEST_GUESS;OK;86270;1380;87650;3476;3292
2026-09-26T10:33:57;E_A10;entree;RIS;acces_impose;2026-10-01 09:00;BEST_GUESS;OK;59203;1380;60583;2493;2411
2026-09-26T10:33:58;E_A10;entree;RIS;impose_ouest;2026-10-01 09:00;BEST_GUESS;OK;59203;1380;60583;2493;2411
2026-09-26T10:33:58;E_A11;entree;RIS;acces_impose;2026-10-01 09:00;BEST_GUESS;OK;58437;1380;59817;2626;2527
2026-09-26T10:33:58;E_A11;entree;RIS;impose_ouest;2026-10-01 09:00;BEST_GUESS;OK;58437;1380;59817;2626;2527
2026-09-26T10:33:58;E_A13;entree;RIS;acces_impose;2026-10-01 09:00;BEST_GUESS;OK;100919;1380;102299;4553;4105
2026-09-26T10:33:58;E_A13;entree;RIS;impose_ouest;2026-10-01 09:00;BEST_GUESS;OK;115696;1380;117076;5058;4740
2026-09-26T10:33:59;E_A16;entree;RIS;acces_impose;2026-10-01 09:00;BEST_GUESS;OK;91380;1380;92760;5642;4341
2026-09-26T10:33:59;E_A16;entree;RIS;impose_ouest;2026-10-01 09:00;BEST_GUESS;OK;106157;1380;107537;6168;4977
2026-09-26T10:33:59;IDF1;site;RIS;acces_impose;2026-10-01 09:00;BEST_GUESS;OK;60653;1380;62033;5113;3740
2026-09-26T10:33:59;IDF1;site;RIS;impose_ouest;2026-10-01 09:00;BEST_GUESS;OK;79415;1380;80795;6009;4588
2026-09-26T10:34:00;IDF2;site;RIS;acces_impose;2026-10-01 09:00;BEST_GUESS;OK;14026;1380;15406;1232;1177
2026-09-26T10:34:00;IDF2;site;RIS;impose_ouest;2026-10-01 09:00;BEST_GUESS;OK;23176;1380;24556;1724;1590
2026-09-26T10:34:00;IDF3;site;RIS;acces_impose;2026-10-01 09:00;BEST_GUESS;OK;92571;1380;93951;5854;4715
2026-09-26T10:34:00;IDF3;site;RIS;impose_ouest;2026-10-01 09:00;BEST_GUESS;OK;107348;1380;108728;6376;5350
2026-09-26T10:34:00;IDF4;site;RIS;acces_impose;2026-10-01 09:00;BEST_GUESS;OK;49937;1380;51317;4224;3308
2026-09-26T10:34:01;IDF4;site;RIS;impose_ouest;2026-10-01 09:00;BEST_GUESS;OK;68699;1380;70079;5116;4155
2026-09-26T10:34:01;IDF5;site;RIS;acces_impose;2026-10-01 09:00;BEST_GUESS;OK;50047;1380;51427;4514;3526
2026-09-26T10:34:01;IDF5;site;RIS;impose_ouest;2026-10-01 09:00;BEST_GUESS;OK;68809;1380;70189;5402;4374
2026-09-26T10:34:01;IDF6;site;RIS;acces_impose;2026-10-01 09:00;BEST_GUESS;OK;59022;1380;60402;4153;3179
2026-09-26T10:34:01;IDF6;site;RIS;impose_ouest;2026-10-01 09:00;BEST_GUESS;OK;73799;1380;75179;4637;3814
2026-09-26T10:34:01;IDF7;site;RIS;acces_impose;2026-10-01 09:00;BEST_GUESS;OK;57906;1380;59286;3922;3058
2026-09-26T10:34:02;IDF7;site;RIS;impose_ouest;2026-10-01 09:00;BEST_GUESS;OK;72682;1380;74062;4386;3693
2026-09-26T10:34:02;IDF8;site;RIS;acces_impose;2026-10-01 09:00;BEST_GUESS;OK;67876;1380;69256;3799;3352
2026-09-26T10:34:02;IDF8;site;RIS;impose_est;2026-10-01 09:00;BEST_GUESS;OK;67876;1380;69256;3799;3352
2026-09-26T10:34:02;IDF9;site;RIS;acces_impose;2026-10-01 09:00;BEST_GUESS;OK;55209;1380;56589;3985;3306
2026-09-26T10:34:03;IDF9;site;RIS;impose_ouest;2026-10-01 09:00;BEST_GUESS;OK;69985;1380;71365;4463;3941
2026-09-26T10:34:03;IDF10;site;RIS;acces_impose;2026-10-01 09:00;BEST_GUESS;OK;53126;1380;54506;4549;3247
2026-09-26T10:34:03;IDF10;site;RIS;impose_ouest;2026-10-01 09:00;BEST_GUESS;OK;71888;1380;73268;5437;4094
2026-09-26T10:34:03;IDF11;site;RIS;acces_impose;2026-10-01 09:00;BEST_GUESS;OK;72285;1380;73665;3599;3233
2026-09-26T10:34:03;IDF11;site;RIS;impose_est;2026-10-01 09:00;BEST_GUESS;OK;72285;1380;73665;3599;3233
2026-09-26T10:34:03;IDF12;site;RIS;acces_impose;2026-10-01 09:00;BEST_GUESS;OK;34869;1380;36249;2653;2106
2026-09-26T10:34:04;IDF12;site;RIS;impose_est;2026-10-01 09:00;BEST_GUESS;OK;32483;1380;33863;2547;2372
2026-09-26T10:34:04;IDF13;site;RIS;acces_impose;2026-10-01 09:00;BEST_GUESS;OK;36001;1380;37381;2298;1960
2026-09-26T10:34:04;IDF13;site;RIS;impose_est;2026-10-01 09:00;BEST_GUESS;OK;36001;1380;37381;2298;1960
2026-09-26T10:34:04;IDF14;site;RIS;acces_impose;2026-10-01 09:00;BEST_GUESS;OK;16078;1380;17458;1969;1912
2026-09-26T10:34:04;IDF14;site;RIS;impose_est;2026-10-01 09:00;BEST_GUESS;OK;33504;1380;34884;2279;2057
2026-09-26T10:34:05;IDF15;site;RIS;acces_impose;2026-10-01 09:00;BEST_GUESS;OK;55151;1380;56531;3329;2819
2026-09-26T10:34:05;IDF15;site;RIS;impose_ouest;2026-10-01 09:00;BEST_GUESS;OK;69927;1380;71307;3828;3454
2026-09-26T10:34:06;HDF1;site;RIS;acces_impose;2026-10-01 09:00;BEST_GUESS;OK;228870;1380;230250;11206;10000
2026-09-26T10:34:06;HDF1;site;RIS;impose_est;2026-10-01 09:00;BEST_GUESS;OK;224950;1380;226330;10941;10145
2026-09-26T10:34:06;HDF2;site;RIS;acces_impose;2026-10-01 09:00;BEST_GUESS;OK;222412;1380;223792;10277;8889
2026-09-26T10:34:07;HDF2;site;RIS;impose_ouest;2026-10-01 09:00;BEST_GUESS;OK;241174;1380;242554;11185;9736
2026-09-26T10:34:07;HDF3;site;RIS;acces_impose;2026-10-01 09:00;BEST_GUESS;OK;270399;1380;271779;12089;11024
2026-09-26T10:34:07;HDF3;site;RIS;impose_ouest;2026-10-01 09:00;BEST_GUESS;OK;289161;1380;290541;13028;11871
2026-09-26T10:34:08;HDF4;site;RIS;acces_impose;2026-10-01 09:00;BEST_GUESS;OK;222410;1380;223790;10290;9013
2026-09-26T10:34:08;HDF4;site;RIS;impose_ouest;2026-10-01 09:00;BEST_GUESS;OK;241172;1380;242552;11199;9861
2026-09-26T10:34:08;HDF5;site;RIS;acces_impose;2026-10-01 09:00;BEST_GUESS;OK;243220;1380;244600;10880;9741
2026-09-26T10:34:08;HDF5;site;RIS;impose_ouest;2026-10-01 09:00;BEST_GUESS;OK;261982;1380;263362;11801;10588
2026-09-26T10:34:09;NOR1;site;RIS;acces_impose;2026-10-01 09:00;BEST_GUESS;OK;218404;1380;219784;8673;8179
2026-09-26T10:34:09;NOR1;site;RIS;impose_ouest;2026-10-01 09:00;BEST_GUESS;OK;233181;1380;234561;9112;8814
2026-09-26T10:34:09;NOR2;site;RIS;acces_impose;2026-10-01 09:00;BEST_GUESS;OK;147795;1380;149175;6125;5767
2026-09-26T10:34:10;NOR2;site;RIS;impose_ouest;2026-10-01 09:00;BEST_GUESS;OK;162572;1380;163952;6633;6402
2026-09-26T10:34:10;NOR3;site;RIS;acces_impose;2026-10-01 09:00;BEST_GUESS;OK;142728;1380;144108;6296;5877
2026-09-26T10:34:10;NOR3;site;RIS;impose_ouest;2026-10-01 09:00;BEST_GUESS;OK;157505;1380;158885;6817;6512
2026-09-26T10:34:10;CVL1;site;RIS;acces_impose;2026-10-01 09:00;BEST_GUESS;OK;222599;1380;223979;8129;7981
2026-09-26T10:34:11;CVL1;site;RIS;impose_ouest;2026-10-01 09:00;BEST_GUESS;OK;222599;1380;223979;8129;7981
2026-09-26T10:34:11;CVL2;site;RIS;acces_impose;2026-10-01 09:00;BEST_GUESS;OK;258419;1380;259799;10230;9975
2026-09-26T10:34:11;CVL2;site;RIS;impose_ouest;2026-10-01 09:00;BEST_GUESS;OK;258419;1380;259799;10230;9975
2026-09-26T10:34:11;CVL3;site;RIS;acces_impose;2026-10-01 09:00;BEST_GUESS;OK;126864;1380;128244;5155;5006
2026-09-26T10:34:12;CVL3;site;RIS;impose_ouest;2026-10-01 09:00;BEST_GUESS;OK;126864;1380;128244;5155;5006
2026-09-26T10:34:12;GE1;site;RIS;acces_impose;2026-10-01 09:00;BEST_GUESS;OK;208102;1380;209482;8241;7779
2026-09-26T10:34:12;GE1;site;RIS;impose_est;2026-10-01 09:00;BEST_GUESS;OK;208102;1380;209482;8241;7779
2026-09-26T10:34:12;BFC1;site;RIS;acces_impose;2026-10-01 09:00;BEST_GUESS;OK;290785;1380;292165;9984;9823
2026-09-26T10:34:13;BFC1;site;RIS;impose_est;2026-10-01 09:00;BEST_GUESS;OK;304701;1380;306081;10676;10474
2026-09-26T10:34:13;E_A1;entree;VITRY;rapide;2026-10-01 10:00;BEST_GUESS;OK;48820;0;48820;3431;2558
2026-09-26T10:34:13;E_A1;entree;RIS;rapide;2026-10-01 10:00;BEST_GUESS;OK;65882;1380;67262;4690;3448
2026-09-26T10:34:13;E_A4;entree;VITRY;rapide;2026-10-01 10:00;BEST_GUESS;OK;73090;0;73090;3516;3052
2026-09-26T10:34:13;E_A4;entree;RIS;rapide;2026-10-01 10:00;BEST_GUESS;OK;92509;1380;93889;4296;3971
2026-09-26T10:34:13;E_A5;entree;VITRY;rapide;2026-10-01 10:00;BEST_GUESS;OK;82488;0;82488;3845;3626
2026-09-26T10:34:13;E_A5;entree;RIS;rapide;2026-10-01 10:00;BEST_GUESS;OK;70634;1380;72014;2970;2857
2026-09-26T10:34:13;E_A6;entree;VITRY;rapide;2026-10-01 10:00;BEST_GUESS;OK;93772;0;93772;3770;3537
2026-09-26T10:34:13;E_A6;entree;RIS;rapide;2026-10-01 10:00;BEST_GUESS;OK;72354;1380;73734;2706;2642
2026-09-26T10:34:13;E_A10;entree;VITRY;rapide;2026-10-01 10:00;BEST_GUESS;OK;62958;0;62958;2828;2617
2026-09-26T10:34:13;E_A10;entree;RIS;rapide;2026-10-01 10:00;BEST_GUESS;OK;59203;1380;60583;2474;2411
2026-09-26T10:34:13;E_A11;entree;VITRY;rapide;2026-10-01 10:00;BEST_GUESS;OK;62192;0;62192;2966;2733
2026-09-26T10:34:13;E_A11;entree;RIS;rapide;2026-10-01 10:00;BEST_GUESS;OK;58437;1380;59817;2608;2528
2026-09-26T10:34:13;E_A13;entree;VITRY;rapide;2026-10-01 10:00;BEST_GUESS;OK;92461;0;92461;4106;3779
2026-09-26T10:34:13;E_A13;entree;RIS;rapide;2026-10-01 10:00;BEST_GUESS;OK;99218;1380;100598;4428;4096
2026-09-26T10:34:13;E_A16;entree;VITRY;rapide;2026-10-01 10:00;BEST_GUESS;OK;69185;0;69185;4452;3564
2026-09-26T10:34:13;E_A16;entree;RIS;rapide;2026-10-01 10:00;BEST_GUESS;OK;89679;1380;91059;5152;4332
2026-09-26T10:34:13;IDF1;site;VITRY;rapide;2026-10-01 10:00;BEST_GUESS;OK;41890;0;41890;3774;2841
2026-09-26T10:34:13;IDF1;site;RIS;rapide;2026-10-01 10:00;BEST_GUESS;OK;58952;1380;60332;5076;3731
2026-09-26T10:34:13;IDF2;site;VITRY;rapide;2026-10-01 10:00;BEST_GUESS;OK;35448;0;35448;2312;2082
2026-09-26T10:34:13;IDF2;site;RIS;rapide;2026-10-01 10:00;BEST_GUESS;OK;14026;1380;15406;1212;1177
2026-09-26T10:34:13;IDF3;site;VITRY;rapide;2026-10-01 10:00;BEST_GUESS;OK;66563;0;66563;4737;3895
2026-09-26T10:34:13;IDF3;site;RIS;rapide;2026-10-01 10:00;BEST_GUESS;OK;90870;1380;92250;5493;4706
2026-09-26T10:34:13;IDF4;site;VITRY;rapide;2026-10-01 10:00;BEST_GUESS;OK;31174;0;31174;2926;2409
2026-09-26T10:34:13;IDF4;site;RIS;rapide;2026-10-01 10:00;BEST_GUESS;OK;48236;1380;49616;4209;3299
2026-09-26T10:34:13;IDF5;site;VITRY;rapide;2026-10-01 10:00;BEST_GUESS;OK;27596;0;27596;3574;2840
2026-09-26T10:34:13;IDF5;site;RIS;rapide;2026-10-01 10:00;BEST_GUESS;OK;48346;1380;49726;4528;3517
2026-09-26T10:34:13;IDF6;site;VITRY;rapide;2026-10-01 10:00;BEST_GUESS;OK;41449;0;41449;3444;2811
2026-09-26T10:34:13;IDF6;site;RIS;rapide;2026-10-01 10:00;BEST_GUESS;OK;57321;1380;58701;3926;3170
2026-09-26T10:34:13;IDF7;site;VITRY;rapide;2026-10-01 10:00;BEST_GUESS;OK;40735;0;40735;3275;2678
2026-09-26T10:34:13;IDF7;site;RIS;rapide;2026-10-01 10:00;BEST_GUESS;OK;56204;1380;57584;3690;3049
2026-09-26T10:34:13;IDF8;site;VITRY;rapide;2026-10-01 10:00;BEST_GUESS;OK;45059;0;45059;2905;2489
2026-09-26T10:34:13;IDF8;site;RIS;rapide;2026-10-01 10:00;BEST_GUESS;OK;64478;1380;65858;3723;3408
2026-09-26T10:34:13;IDF9;site;VITRY;rapide;2026-10-01 10:00;BEST_GUESS;OK;46751;0;46751;3472;2980
2026-09-26T10:34:13;IDF9;site;RIS;rapide;2026-10-01 10:00;BEST_GUESS;OK;53507;1380;54887;3759;3297
2026-09-26T10:34:13;IDF10;site;VITRY;rapide;2026-10-01 10:00;BEST_GUESS;OK;34363;0;34363;3216;2348
2026-09-26T10:34:13;IDF10;site;RIS;rapide;2026-10-01 10:00;BEST_GUESS;OK;51425;1380;52805;4462;3238
2026-09-26T10:34:13;IDF11;site;VITRY;rapide;2026-10-01 10:00;BEST_GUESS;OK;49468;0;49468;2779;2370
2026-09-26T10:34:13;IDF11;site;RIS;rapide;2026-10-01 10:00;BEST_GUESS;OK;68887;1380;70267;3626;3288
2026-09-26T10:34:13;IDF12;site;VITRY;rapide;2026-10-01 10:00;BEST_GUESS;OK;11529;0;11529;1135;1049
2026-09-26T10:34:13;IDF12;site;RIS;rapide;2026-10-01 10:00;BEST_GUESS;OK;14828;1380;16208;2017;1956
2026-09-26T10:34:13;IDF13;site;VITRY;rapide;2026-10-01 10:00;BEST_GUESS;OK;38905;0;38905;2721;2536
2026-09-26T10:34:13;IDF13;site;RIS;rapide;2026-10-01 10:00;BEST_GUESS;OK;32603;1380;33983;2187;2015
2026-09-26T10:34:13;IDF14;site;VITRY;rapide;2026-10-01 10:00;BEST_GUESS;OK;7704;0;7704;1350;1243
2026-09-26T10:34:13;IDF14;site;RIS;rapide;2026-10-01 10:00;BEST_GUESS;OK;10572;1380;11952;1372;1306
2026-09-26T10:34:13;IDF15;site;VITRY;rapide;2026-10-01 10:00;BEST_GUESS;OK;46693;0;46693;2740;2492
2026-09-26T10:34:13;IDF15;site;RIS;rapide;2026-10-01 10:00;BEST_GUESS;OK;53449;1380;54829;3030;2809
2026-09-26T10:34:13;HDF1;site;VITRY;rapide;2026-10-01 10:00;BEST_GUESS;OK;210106;0;210106;9873;9101
2026-09-26T10:34:13;HDF1;site;RIS;rapide;2026-10-01 10:00;BEST_GUESS;OK;227168;1380;228548;11144;9991
2026-09-26T10:34:13;HDF2;site;VITRY;rapide;2026-10-01 10:00;BEST_GUESS;OK;203649;0;203649;8769;7989
2026-09-26T10:34:13;HDF2;site;RIS;rapide;2026-10-01 10:00;BEST_GUESS;OK;220711;1380;222091;9928;8880
2026-09-26T10:34:13;HDF3;site;VITRY;rapide;2026-10-01 10:00;BEST_GUESS;OK;251636;0;251636;10969;10124
2026-09-26T10:34:13;HDF3;site;RIS;rapide;2026-10-01 10:00;BEST_GUESS;OK;268698;1380;270078;12206;11014
2026-09-26T10:34:13;HDF4;site;VITRY;rapide;2026-10-01 10:00;BEST_GUESS;OK;203647;0;203647;8865;8114
2026-09-26T10:34:13;HDF4;site;RIS;rapide;2026-10-01 10:00;BEST_GUESS;OK;220709;1380;222089;10029;9004
2026-09-26T10:34:13;HDF5;site;VITRY;rapide;2026-10-01 10:00;BEST_GUESS;OK;224457;0;224457;9530;8842
2026-09-26T10:34:13;HDF5;site;RIS;rapide;2026-10-01 10:00;BEST_GUESS;OK;241519;1380;242899;10788;9732
2026-09-26T10:34:13;NOR1;site;VITRY;rapide;2026-10-01 10:00;BEST_GUESS;OK;209946;0;209946;8286;7853
2026-09-26T10:34:13;NOR1;site;RIS;rapide;2026-10-01 10:00;BEST_GUESS;OK;216703;1380;218083;8678;8170
2026-09-26T10:34:13;NOR2;site;VITRY;rapide;2026-10-01 10:00;BEST_GUESS;OK;139338;0;139338;5802;5440
2026-09-26T10:34:13;NOR2;site;RIS;rapide;2026-10-01 10:00;BEST_GUESS;OK;146094;1380;147474;6240;5757
2026-09-26T10:34:13;NOR3;site;VITRY;rapide;2026-10-01 10:00;BEST_GUESS;OK;134270;0;134270;5940;5551
2026-09-26T10:34:13;NOR3;site;RIS;rapide;2026-10-01 10:00;BEST_GUESS;OK;141026;1380;142406;6380;5867
2026-09-26T10:34:13;CVL1;site;VITRY;rapide;2026-10-01 10:00;BEST_GUESS;OK;226354;0;226354;8481;8187
2026-09-26T10:34:13;CVL1;site;RIS;rapide;2026-10-01 10:00;BEST_GUESS;OK;222599;1380;223979;8170;7982
2026-09-26T10:34:13;CVL2;site;VITRY;rapide;2026-10-01 10:00;BEST_GUESS;OK;262174;0;262174;10634;10181
2026-09-26T10:34:13;CVL2;site;RIS;rapide;2026-10-01 10:00;BEST_GUESS;OK;258419;1380;259799;10300;9975
2026-09-26T10:34:13;CVL3;site;VITRY;rapide;2026-10-01 10:00;BEST_GUESS;OK;130619;0;130619;5437;5212
2026-09-26T10:34:13;CVL3;site;RIS;rapide;2026-10-01 10:00;BEST_GUESS;OK;126864;1380;128244;5137;5006
2026-09-26T10:34:13;GE1;site;VITRY;rapide;2026-10-01 10:00;BEST_GUESS;OK;185285;0;185285;7484;6915
2026-09-26T10:34:13;GE1;site;RIS;rapide;2026-10-01 10:00;BEST_GUESS;OK;204704;1380;206084;8370;7834
2026-09-26T10:34:13;BFC1;site;VITRY;rapide;2026-10-01 10:00;BEST_GUESS;OK;312203;0;312203;10971;10719
2026-09-26T10:34:13;BFC1;site;RIS;rapide;2026-10-01 10:00;BEST_GUESS;OK;290785;1380;292165;9939;9824
2026-09-26T10:34:14;E_A1;entree;RIS;acces_impose;2026-10-01 10:00;BEST_GUESS;OK;67584;1380;68964;4701;3457
2026-09-26T10:34:14;E_A1;entree;RIS;impose_ouest;2026-10-01 10:00;BEST_GUESS;OK;86345;1380;87725;5592;4305
2026-09-26T10:34:14;E_A4;entree;RIS;acces_impose;2026-10-01 10:00;BEST_GUESS;OK;95907;1380;97287;4263;3915
2026-09-26T10:34:15;E_A4;entree;RIS;impose_est;2026-10-01 10:00;BEST_GUESS;OK;95907;1380;97287;4263;3915
2026-09-26T10:34:15;E_A5;entree;RIS;acces_impose;2026-10-01 10:00;BEST_GUESS;OK;74032;1380;75412;2939;2802
2026-09-26T10:34:15;E_A5;entree;RIS;impose_est;2026-10-01 10:00;BEST_GUESS;OK;74032;1380;75412;2939;2802
2026-09-26T10:34:15;E_A6;entree;RIS;acces_impose;2026-10-01 10:00;BEST_GUESS;OK;72354;1380;73734;2706;2641
2026-09-26T10:34:15;E_A6;entree;RIS;impose_est;2026-10-01 10:00;BEST_GUESS;OK;86270;1380;87650;3415;3292
2026-09-26T10:34:16;E_A10;entree;RIS;acces_impose;2026-10-01 10:00;BEST_GUESS;OK;59203;1380;60583;2474;2411
2026-09-26T10:34:16;E_A10;entree;RIS;impose_ouest;2026-10-01 10:00;BEST_GUESS;OK;59203;1380;60583;2474;2411
2026-09-26T10:34:16;E_A11;entree;RIS;acces_impose;2026-10-01 10:00;BEST_GUESS;OK;58437;1380;59817;2608;2527
2026-09-26T10:34:16;E_A11;entree;RIS;impose_ouest;2026-10-01 10:00;BEST_GUESS;OK;58437;1380;59817;2608;2527
2026-09-26T10:34:17;E_A13;entree;RIS;acces_impose;2026-10-01 10:00;BEST_GUESS;OK;100919;1380;102299;4438;4105
2026-09-26T10:34:17;E_A13;entree;RIS;impose_ouest;2026-10-01 10:00;BEST_GUESS;OK;115696;1380;117076;4901;4740
2026-09-26T10:34:17;E_A16;entree;RIS;acces_impose;2026-10-01 10:00;BEST_GUESS;OK;91380;1380;92760;5168;4341
2026-09-26T10:34:17;E_A16;entree;RIS;impose_ouest;2026-10-01 10:00;BEST_GUESS;OK;106157;1380;107537;5608;4977
2026-09-26T10:34:17;IDF1;site;RIS;acces_impose;2026-10-01 10:00;BEST_GUESS;OK;60653;1380;62033;5090;3740
2026-09-26T10:34:18;IDF1;site;RIS;impose_ouest;2026-10-01 10:00;BEST_GUESS;OK;79415;1380;80795;5979;4588
2026-09-26T10:34:18;IDF2;site;RIS;acces_impose;2026-10-01 10:00;BEST_GUESS;OK;14026;1380;15406;1212;1177
2026-09-26T10:34:18;IDF2;site;RIS;impose_ouest;2026-10-01 10:00;BEST_GUESS;OK;23176;1380;24556;1635;1590
2026-09-26T10:34:18;IDF3;site;RIS;acces_impose;2026-10-01 10:00;BEST_GUESS;OK;92571;1380;93951;5511;4715
2026-09-26T10:34:18;IDF3;site;RIS;impose_ouest;2026-10-01 10:00;BEST_GUESS;OK;107348;1380;108728;5939;5350
2026-09-26T10:34:19;IDF4;site;RIS;acces_impose;2026-10-01 10:00;BEST_GUESS;OK;49937;1380;51317;4217;3308
2026-09-26T10:34:19;IDF4;site;RIS;impose_ouest;2026-10-01 10:00;BEST_GUESS;OK;68699;1380;70079;5101;4155
2026-09-26T10:34:19;IDF5;site;RIS;acces_impose;2026-10-01 10:00;BEST_GUESS;OK;50047;1380;51427;4540;3526
2026-09-26T10:34:19;IDF5;site;RIS;impose_ouest;2026-10-01 10:00;BEST_GUESS;OK;68809;1380;70189;5425;4374
2026-09-26T10:34:19;IDF6;site;RIS;acces_impose;2026-10-01 10:00;BEST_GUESS;OK;59022;1380;60402;3935;3179
2026-09-26T10:34:20;IDF6;site;RIS;impose_ouest;2026-10-01 10:00;BEST_GUESS;OK;73799;1380;75179;4432;3814
2026-09-26T10:34:20;IDF7;site;RIS;acces_impose;2026-10-01 10:00;BEST_GUESS;OK;57906;1380;59286;3700;3058
2026-09-26T10:34:20;IDF7;site;RIS;impose_ouest;2026-10-01 10:00;BEST_GUESS;OK;72682;1380;74062;4213;3693
2026-09-26T10:34:20;IDF8;site;RIS;acces_impose;2026-10-01 10:00;BEST_GUESS;OK;67876;1380;69256;3690;3352
2026-09-26T10:34:21;IDF8;site;RIS;impose_est;2026-10-01 10:00;BEST_GUESS;OK;67876;1380;69256;3690;3352
2026-09-26T10:34:21;IDF9;site;RIS;acces_impose;2026-10-01 10:00;BEST_GUESS;OK;55209;1380;56589;3769;3306
2026-09-26T10:34:21;IDF9;site;RIS;impose_ouest;2026-10-01 10:00;BEST_GUESS;OK;69985;1380;71365;4289;3941
2026-09-26T10:34:21;IDF10;site;RIS;acces_impose;2026-10-01 10:00;BEST_GUESS;OK;53126;1380;54506;4473;3247
2026-09-26T10:34:21;IDF10;site;RIS;impose_ouest;2026-10-01 10:00;BEST_GUESS;OK;71888;1380;73268;5356;4094
2026-09-26T10:34:22;IDF11;site;RIS;acces_impose;2026-10-01 10:00;BEST_GUESS;OK;72285;1380;73665;3592;3233
2026-09-26T10:34:22;IDF11;site;RIS;impose_est;2026-10-01 10:00;BEST_GUESS;OK;72285;1380;73665;3592;3233
2026-09-26T10:34:22;IDF12;site;RIS;acces_impose;2026-10-01 10:00;BEST_GUESS;OK;34869;1380;36249;2430;2106
2026-09-26T10:34:22;IDF12;site;RIS;impose_est;2026-10-01 10:00;BEST_GUESS;OK;32483;1380;33863;2464;2372
2026-09-26T10:34:22;IDF13;site;RIS;acces_impose;2026-10-01 10:00;BEST_GUESS;OK;36001;1380;37381;2170;1960
2026-09-26T10:34:22;IDF13;site;RIS;impose_est;2026-10-01 10:00;BEST_GUESS;OK;36001;1380;37381;2170;1960
2026-09-26T10:34:23;IDF14;site;RIS;acces_impose;2026-10-01 10:00;BEST_GUESS;OK;16078;1380;17458;2008;1912
2026-09-26T10:34:23;IDF14;site;RIS;impose_est;2026-10-01 10:00;BEST_GUESS;OK;33504;1380;34884;2184;2057
2026-09-26T10:34:23;IDF15;site;RIS;acces_impose;2026-10-01 10:00;BEST_GUESS;OK;55151;1380;56531;3039;2819
2026-09-26T10:34:23;IDF15;site;RIS;impose_ouest;2026-10-01 10:00;BEST_GUESS;OK;69927;1380;71307;3574;3454
2026-09-26T10:34:23;HDF1;site;RIS;acces_impose;2026-10-01 10:00;BEST_GUESS;OK;228870;1380;230250;11162;10000
2026-09-26T10:34:24;HDF1;site;RIS;impose_est;2026-10-01 10:00;BEST_GUESS;OK;224950;1380;226330;10910;10145
2026-09-26T10:34:24;HDF2;site;RIS;acces_impose;2026-10-01 10:00;BEST_GUESS;OK;222412;1380;223792;9943;8889
2026-09-26T10:34:24;HDF2;site;RIS;impose_ouest;2026-10-01 10:00;BEST_GUESS;OK;241174;1380;242554;10867;9736
2026-09-26T10:34:24;HDF3;site;RIS;acces_impose;2026-10-01 10:00;BEST_GUESS;OK;270399;1380;271779;12221;11024
2026-09-26T10:34:25;HDF3;site;RIS;impose_ouest;2026-10-01 10:00;BEST_GUESS;OK;289161;1380;290541;13141;11871
2026-09-26T10:34:25;HDF4;site;RIS;acces_impose;2026-10-01 10:00;BEST_GUESS;OK;222410;1380;223790;10045;9013
2026-09-26T10:34:25;HDF4;site;RIS;impose_ouest;2026-10-01 10:00;BEST_GUESS;OK;241172;1380;242552;10964;9861
2026-09-26T10:34:26;HDF5;site;RIS;acces_impose;2026-10-01 10:00;BEST_GUESS;OK;243220;1380;244600;10806;9741
2026-09-26T10:34:26;HDF5;site;RIS;impose_ouest;2026-10-01 10:00;BEST_GUESS;OK;261982;1380;263362;11697;10588
2026-09-26T10:34:27;NOR1;site;RIS;acces_impose;2026-10-01 10:00;BEST_GUESS;OK;218404;1380;219784;8686;8179
2026-09-26T10:34:27;NOR1;site;RIS;impose_ouest;2026-10-01 10:00;BEST_GUESS;OK;233181;1380;234561;9265;8814
2026-09-26T10:34:27;NOR2;site;RIS;acces_impose;2026-10-01 10:00;BEST_GUESS;OK;147795;1380;149175;6255;5767
2026-09-26T10:34:28;NOR2;site;RIS;impose_ouest;2026-10-01 10:00;BEST_GUESS;OK;162572;1380;163952;6673;6402
2026-09-26T10:34:28;NOR3;site;RIS;acces_impose;2026-10-01 10:00;BEST_GUESS;OK;142728;1380;144108;6393;5877
2026-09-26T10:34:28;NOR3;site;RIS;impose_ouest;2026-10-01 10:00;BEST_GUESS;OK;157505;1380;158885;6825;6512
2026-09-26T10:34:28;CVL1;site;RIS;acces_impose;2026-10-01 10:00;BEST_GUESS;OK;222599;1380;223979;8170;7981
2026-09-26T10:34:29;CVL1;site;RIS;impose_ouest;2026-10-01 10:00;BEST_GUESS;OK;222599;1380;223979;8170;7981
2026-09-26T10:34:29;CVL2;site;RIS;acces_impose;2026-10-01 10:00;BEST_GUESS;OK;258419;1380;259799;10300;9975
2026-09-26T10:34:29;CVL2;site;RIS;impose_ouest;2026-10-01 10:00;BEST_GUESS;OK;258419;1380;259799;10300;9975
2026-09-26T10:34:29;CVL3;site;RIS;acces_impose;2026-10-01 10:00;BEST_GUESS;OK;126864;1380;128244;5137;5006
2026-09-26T10:34:30;CVL3;site;RIS;impose_ouest;2026-10-01 10:00;BEST_GUESS;OK;126864;1380;128244;5137;5006
2026-09-26T10:34:30;GE1;site;RIS;acces_impose;2026-10-01 10:00;BEST_GUESS;OK;208102;1380;209482;8315;7779
2026-09-26T10:34:30;GE1;site;RIS;impose_est;2026-10-01 10:00;BEST_GUESS;OK;208102;1380;209482;8315;7779
2026-09-26T10:34:30;BFC1;site;RIS;acces_impose;2026-10-01 10:00;BEST_GUESS;OK;290785;1380;292165;9939;9823
2026-09-26T10:34:31;BFC1;site;RIS;impose_est;2026-10-01 10:00;BEST_GUESS;OK;304701;1380;306081;10621;10474
2026-09-26T10:34:31;E_A1;entree;VITRY;rapide;2026-10-01 11:00;BEST_GUESS;OK;48820;0;48820;3377;2558
2026-09-26T10:34:31;E_A1;entree;RIS;rapide;2026-10-01 11:00;BEST_GUESS;OK;65882;1380;67262;4523;3448
2026-09-26T10:34:31;E_A4;entree;VITRY;rapide;2026-10-01 11:00;BEST_GUESS;OK;73090;0;73090;3547;3052
2026-09-26T10:34:31;E_A4;entree;RIS;rapide;2026-10-01 11:00;BEST_GUESS;OK;92509;1380;93889;4409;3971
2026-09-26T10:34:31;E_A5;entree;VITRY;rapide;2026-10-01 11:00;BEST_GUESS;OK;82487;0;82487;3793;3625
2026-09-26T10:34:31;E_A5;entree;RIS;rapide;2026-10-01 11:00;BEST_GUESS;OK;70634;1380;72014;2966;2857
2026-09-26T10:34:31;E_A6;entree;VITRY;rapide;2026-10-01 11:00;BEST_GUESS;OK;93772;0;93772;3755;3537
2026-09-26T10:34:31;E_A6;entree;RIS;rapide;2026-10-01 11:00;BEST_GUESS;OK;72354;1380;73734;2690;2642
2026-09-26T10:34:31;E_A10;entree;VITRY;rapide;2026-10-01 11:00;BEST_GUESS;OK;62958;0;62958;2786;2617
2026-09-26T10:34:31;E_A10;entree;RIS;rapide;2026-10-01 11:00;BEST_GUESS;OK;59203;1380;60583;2467;2411
2026-09-26T10:34:31;E_A11;entree;VITRY;rapide;2026-10-01 11:00;BEST_GUESS;OK;62192;0;62192;2930;2733
2026-09-26T10:34:31;E_A11;entree;RIS;rapide;2026-10-01 11:00;BEST_GUESS;OK;58437;1380;59817;2612;2528
2026-09-26T10:34:31;E_A13;entree;VITRY;rapide;2026-10-01 11:00;BEST_GUESS;OK;92461;0;92461;4038;3779
2026-09-26T10:34:31;E_A13;entree;RIS;rapide;2026-10-01 11:00;BEST_GUESS;OK;99218;1380;100598;4402;4096
2026-09-26T10:34:31;E_A16;entree;VITRY;rapide;2026-10-01 11:00;BEST_GUESS;OK;69185;0;69185;4432;3564
2026-09-26T10:34:31;E_A16;entree;RIS;rapide;2026-10-01 11:00;BEST_GUESS;OK;89679;1380;91059;5075;4332
2026-09-26T10:34:31;IDF1;site;VITRY;rapide;2026-10-01 11:00;BEST_GUESS;OK;41890;0;41890;3687;2841
2026-09-26T10:34:31;IDF1;site;RIS;rapide;2026-10-01 11:00;BEST_GUESS;OK;58952;1380;60332;4860;3731
2026-09-26T10:34:31;IDF2;site;VITRY;rapide;2026-10-01 11:00;BEST_GUESS;OK;35448;0;35448;2270;2082
2026-09-26T10:34:31;IDF2;site;RIS;rapide;2026-10-01 11:00;BEST_GUESS;OK;14026;1380;15406;1206;1177
2026-09-26T10:34:31;IDF3;site;VITRY;rapide;2026-10-01 11:00;BEST_GUESS;OK;66563;0;66563;4735;3895
2026-09-26T10:34:31;IDF3;site;RIS;rapide;2026-10-01 11:00;BEST_GUESS;OK;90870;1380;92250;5434;4706
2026-09-26T10:34:31;IDF4;site;VITRY;rapide;2026-10-01 11:00;BEST_GUESS;OK;31174;0;31174;2976;2409
2026-09-26T10:34:31;IDF4;site;RIS;rapide;2026-10-01 11:00;BEST_GUESS;OK;48236;1380;49616;4189;3299
2026-09-26T10:34:31;IDF5;site;VITRY;rapide;2026-10-01 11:00;BEST_GUESS;OK;27596;0;27596;3393;2840
2026-09-26T10:34:31;IDF5;site;RIS;rapide;2026-10-01 11:00;BEST_GUESS;OK;48346;1380;49726;4392;3517
2026-09-26T10:34:31;IDF6;site;VITRY;rapide;2026-10-01 11:00;BEST_GUESS;OK;41449;0;41449;3407;2811
2026-09-26T10:34:31;IDF6;site;RIS;rapide;2026-10-01 11:00;BEST_GUESS;OK;57321;1380;58701;3830;3170
2026-09-26T10:34:31;IDF7;site;VITRY;rapide;2026-10-01 11:00;BEST_GUESS;OK;40735;0;40735;3269;2678
2026-09-26T10:34:31;IDF7;site;RIS;rapide;2026-10-01 11:00;BEST_GUESS;OK;56204;1380;57584;3648;3049
2026-09-26T10:34:31;IDF8;site;VITRY;rapide;2026-10-01 11:00;BEST_GUESS;OK;45059;0;45059;2940;2489
2026-09-26T10:34:31;IDF8;site;RIS;rapide;2026-10-01 11:00;BEST_GUESS;OK;64478;1380;65858;3779;3408
2026-09-26T10:34:31;IDF9;site;VITRY;rapide;2026-10-01 11:00;BEST_GUESS;OK;46751;0;46751;3472;2980
2026-09-26T10:34:31;IDF9;site;RIS;rapide;2026-10-01 11:00;BEST_GUESS;OK;53507;1380;54887;3802;3297
2026-09-26T10:34:31;IDF10;site;VITRY;rapide;2026-10-01 11:00;BEST_GUESS;OK;34363;0;34363;3191;2348
2026-09-26T10:34:31;IDF10;site;RIS;rapide;2026-10-01 11:00;BEST_GUESS;OK;51425;1380;52805;4346;3238
2026-09-26T10:34:31;IDF11;site;VITRY;rapide;2026-10-01 11:00;BEST_GUESS;OK;49468;0;49468;2833;2370
2026-09-26T10:34:31;IDF11;site;RIS;rapide;2026-10-01 11:00;BEST_GUESS;OK;68887;1380;70267;3668;3288
2026-09-26T10:34:31;IDF12;site;VITRY;rapide;2026-10-01 11:00;BEST_GUESS;OK;11529;0;11529;1114;1049
2026-09-26T10:34:31;IDF12;site;RIS;rapide;2026-10-01 11:00;BEST_GUESS;OK;14828;1380;16208;2043;1956
2026-09-26T10:34:31;IDF13;site;VITRY;rapide;2026-10-01 11:00;BEST_GUESS;OK;38905;0;38905;2685;2536
2026-09-26T10:34:31;IDF13;site;RIS;rapide;2026-10-01 11:00;BEST_GUESS;OK;32603;1380;33983;2145;2015
2026-09-26T10:34:31;IDF14;site;VITRY;rapide;2026-10-01 11:00;BEST_GUESS;OK;7704;0;7704;1349;1243
2026-09-26T10:34:31;IDF14;site;RIS;rapide;2026-10-01 11:00;BEST_GUESS;OK;10572;1380;11952;1391;1306
2026-09-26T10:34:31;IDF15;site;VITRY;rapide;2026-10-01 11:00;BEST_GUESS;OK;46693;0;46693;2719;2492
2026-09-26T10:34:31;IDF15;site;RIS;rapide;2026-10-01 11:00;BEST_GUESS;OK;53449;1380;54829;3099;2810
2026-09-26T10:34:31;HDF1;site;VITRY;rapide;2026-10-01 11:00;BEST_GUESS;OK;210106;0;210106;9884;9101
2026-09-26T10:34:31;HDF1;site;RIS;rapide;2026-10-01 11:00;BEST_GUESS;OK;227168;1380;228548;11173;9991
2026-09-26T10:34:31;HDF2;site;VITRY;rapide;2026-10-01 11:00;BEST_GUESS;OK;203649;0;203649;8716;7989
2026-09-26T10:34:31;HDF2;site;RIS;rapide;2026-10-01 11:00;BEST_GUESS;OK;220711;1380;222091;10037;8880
2026-09-26T10:34:31;HDF3;site;VITRY;rapide;2026-10-01 11:00;BEST_GUESS;OK;251636;0;251636;10872;10124
2026-09-26T10:34:31;HDF3;site;RIS;rapide;2026-10-01 11:00;BEST_GUESS;OK;268698;1380;270078;12204;11014
2026-09-26T10:34:31;HDF4;site;VITRY;rapide;2026-10-01 11:00;BEST_GUESS;OK;203647;0;203647;8841;8114
2026-09-26T10:34:31;HDF4;site;RIS;rapide;2026-10-01 11:00;BEST_GUESS;OK;220709;1380;222089;10160;9004
2026-09-26T10:34:31;HDF5;site;VITRY;rapide;2026-10-01 11:00;BEST_GUESS;OK;224457;0;224457;9515;8842
2026-09-26T10:34:31;HDF5;site;RIS;rapide;2026-10-01 11:00;BEST_GUESS;OK;241519;1380;242899;10789;9732
2026-09-26T10:34:31;NOR1;site;VITRY;rapide;2026-10-01 11:00;BEST_GUESS;OK;209946;0;209946;8324;7853
2026-09-26T10:34:31;NOR1;site;RIS;rapide;2026-10-01 11:00;BEST_GUESS;OK;216702;1380;218082;8680;8168
2026-09-26T10:34:31;NOR2;site;VITRY;rapide;2026-10-01 11:00;BEST_GUESS;OK;139338;0;139338;5736;5440
2026-09-26T10:34:31;NOR2;site;RIS;rapide;2026-10-01 11:00;BEST_GUESS;OK;146094;1380;147474;6103;5757
2026-09-26T10:34:31;NOR3;site;VITRY;rapide;2026-10-01 11:00;BEST_GUESS;OK;134270;0;134270;5886;5551
2026-09-26T10:34:31;NOR3;site;RIS;rapide;2026-10-01 11:00;BEST_GUESS;OK;141027;1380;142407;6252;5868
2026-09-26T10:34:31;CVL1;site;VITRY;rapide;2026-10-01 11:00;BEST_GUESS;OK;226354;0;226354;8438;8187
2026-09-26T10:34:31;CVL1;site;RIS;rapide;2026-10-01 11:00;BEST_GUESS;OK;222599;1380;223979;8105;7982
2026-09-26T10:34:31;CVL2;site;VITRY;rapide;2026-10-01 11:00;BEST_GUESS;OK;262174;0;262174;10631;10181
2026-09-26T10:34:31;CVL2;site;RIS;rapide;2026-10-01 11:00;BEST_GUESS;OK;258419;1380;259799;10291;9975
2026-09-26T10:34:31;CVL3;site;VITRY;rapide;2026-10-01 11:00;BEST_GUESS;OK;130619;0;130619;5502;5212
2026-09-26T10:34:31;CVL3;site;RIS;rapide;2026-10-01 11:00;BEST_GUESS;OK;126864;1380;128244;5157;5006
2026-09-26T10:34:31;GE1;site;VITRY;rapide;2026-10-01 11:00;BEST_GUESS;OK;185285;0;185285;7320;6915
2026-09-26T10:34:31;GE1;site;RIS;rapide;2026-10-01 11:00;BEST_GUESS;OK;204704;1380;206084;8312;7834
2026-09-26T10:34:31;BFC1;site;VITRY;rapide;2026-10-01 11:00;BEST_GUESS;OK;312203;0;312203;10946;10719
2026-09-26T10:34:31;BFC1;site;RIS;rapide;2026-10-01 11:00;BEST_GUESS;OK;290785;1380;292165;9835;9824
2026-09-26T10:34:31;E_A1;entree;RIS;acces_impose;2026-10-01 11:00;BEST_GUESS;OK;67584;1380;68964;4530;3457
2026-09-26T10:34:31;E_A1;entree;RIS;impose_ouest;2026-10-01 11:00;BEST_GUESS;OK;86345;1380;87725;5455;4305
2026-09-26T10:34:32;E_A4;entree;RIS;acces_impose;2026-10-01 11:00;BEST_GUESS;OK;95907;1380;97287;4353;3915
2026-09-26T10:34:32;E_A4;entree;RIS;impose_est;2026-10-01 11:00;BEST_GUESS;OK;95907;1380;97287;4353;3915
2026-09-26T10:34:32;E_A5;entree;RIS;acces_impose;2026-10-01 11:00;BEST_GUESS;OK;74032;1380;75412;2938;2802
2026-09-26T10:34:32;E_A5;entree;RIS;impose_est;2026-10-01 11:00;BEST_GUESS;OK;74032;1380;75412;2938;2802
2026-09-26T10:34:32;E_A6;entree;RIS;acces_impose;2026-10-01 11:00;BEST_GUESS;OK;72354;1380;73734;2690;2641
2026-09-26T10:34:33;E_A6;entree;RIS;impose_est;2026-10-01 11:00;BEST_GUESS;OK;86270;1380;87650;3382;3292
2026-09-26T10:34:33;E_A10;entree;RIS;acces_impose;2026-10-01 11:00;BEST_GUESS;OK;59203;1380;60583;2467;2411
2026-09-26T10:34:33;E_A10;entree;RIS;impose_ouest;2026-10-01 11:00;BEST_GUESS;OK;59203;1380;60583;2467;2411
2026-09-26T10:34:35;E_A11;entree;RIS;acces_impose;2026-10-01 11:00;BEST_GUESS;OK;58437;1380;59817;2612;2527
2026-09-26T10:34:35;E_A11;entree;RIS;impose_ouest;2026-10-01 11:00;BEST_GUESS;OK;58437;1380;59817;2612;2527
2026-09-26T10:34:35;E_A13;entree;RIS;acces_impose;2026-10-01 11:00;BEST_GUESS;OK;100919;1380;102299;4410;4105
2026-09-26T10:34:35;E_A13;entree;RIS;impose_ouest;2026-10-01 11:00;BEST_GUESS;OK;115696;1380;117076;5036;4740
2026-09-26T10:34:35;E_A16;entree;RIS;acces_impose;2026-10-01 11:00;BEST_GUESS;OK;91380;1380;92760;5083;4341
2026-09-26T10:34:36;E_A16;entree;RIS;impose_ouest;2026-10-01 11:00;BEST_GUESS;OK;106157;1380;107537;5661;4977
2026-09-26T10:34:36;IDF1;site;RIS;acces_impose;2026-10-01 11:00;BEST_GUESS;OK;60653;1380;62033;4867;3740
2026-09-26T10:34:36;IDF1;site;RIS;impose_ouest;2026-10-01 11:00;BEST_GUESS;OK;79415;1380;80795;5806;4588
2026-09-26T10:34:36;IDF2;site;RIS;acces_impose;2026-10-01 11:00;BEST_GUESS;OK;14026;1380;15406;1206;1177
2026-09-26T10:34:37;IDF2;site;RIS;impose_ouest;2026-10-01 11:00;BEST_GUESS;OK;23176;1380;24556;1634;1590
2026-09-26T10:34:37;IDF3;site;RIS;acces_impose;2026-10-01 11:00;BEST_GUESS;OK;92571;1380;93951;5447;4715
2026-09-26T10:34:37;IDF3;site;RIS;impose_ouest;2026-10-01 11:00;BEST_GUESS;OK;107348;1380;108728;6028;5350
2026-09-26T10:34:37;IDF4;site;RIS;acces_impose;2026-10-01 11:00;BEST_GUESS;OK;49937;1380;51317;4196;3308
2026-09-26T10:34:37;IDF4;site;RIS;impose_ouest;2026-10-01 11:00;BEST_GUESS;OK;68699;1380;70079;5117;4155
2026-09-26T10:34:37;IDF5;site;RIS;acces_impose;2026-10-01 11:00;BEST_GUESS;OK;50047;1380;51427;4399;3526
2026-09-26T10:34:38;IDF5;site;RIS;impose_ouest;2026-10-01 11:00;BEST_GUESS;OK;68809;1380;70189;5325;4374
2026-09-26T10:34:38;IDF6;site;RIS;acces_impose;2026-10-01 11:00;BEST_GUESS;OK;59022;1380;60402;3836;3179
2026-09-26T10:34:38;IDF6;site;RIS;impose_ouest;2026-10-01 11:00;BEST_GUESS;OK;73799;1380;75179;4440;3814
2026-09-26T10:34:39;IDF7;site;RIS;acces_impose;2026-10-01 11:00;BEST_GUESS;OK;57906;1380;59286;3654;3058
2026-09-26T10:34:39;IDF7;site;RIS;impose_ouest;2026-10-01 11:00;BEST_GUESS;OK;72682;1380;74062;4241;3693
2026-09-26T10:34:40;IDF8;site;RIS;acces_impose;2026-10-01 11:00;BEST_GUESS;OK;67876;1380;69256;3734;3352
2026-09-26T10:34:40;IDF8;site;RIS;impose_est;2026-10-01 11:00;BEST_GUESS;OK;67876;1380;69256;3734;3352
2026-09-26T10:34:40;IDF9;site;RIS;acces_impose;2026-10-01 11:00;BEST_GUESS;OK;55209;1380;56589;3807;3306
2026-09-26T10:34:40;IDF9;site;RIS;impose_ouest;2026-10-01 11:00;BEST_GUESS;OK;69985;1380;71365;4407;3941
2026-09-26T10:34:40;IDF10;site;RIS;acces_impose;2026-10-01 11:00;BEST_GUESS;OK;53126;1380;54506;4355;3247
2026-09-26T10:34:41;IDF10;site;RIS;impose_ouest;2026-10-01 11:00;BEST_GUESS;OK;71888;1380;73268;5275;4094
2026-09-26T10:34:41;IDF11;site;RIS;acces_impose;2026-10-01 11:00;BEST_GUESS;OK;72285;1380;73665;3624;3233
2026-09-26T10:34:41;IDF11;site;RIS;impose_est;2026-10-01 11:00;BEST_GUESS;OK;72285;1380;73665;3624;3233
2026-09-26T10:34:41;IDF12;site;RIS;acces_impose;2026-10-01 11:00;BEST_GUESS;OK;34869;1380;36249;2686;2106
2026-09-26T10:34:41;IDF12;site;RIS;impose_est;2026-10-01 11:00;BEST_GUESS;OK;32483;1380;33863;2465;2372
2026-09-26T10:34:42;IDF13;site;RIS;acces_impose;2026-10-01 11:00;BEST_GUESS;OK;36001;1380;37381;2111;1960
2026-09-26T10:34:42;IDF13;site;RIS;impose_est;2026-10-01 11:00;BEST_GUESS;OK;36001;1380;37381;2111;1960
2026-09-26T10:34:42;IDF14;site;RIS;acces_impose;2026-10-01 11:00;BEST_GUESS;OK;16078;1380;17458;2033;1912
2026-09-26T10:34:42;IDF14;site;RIS;impose_est;2026-10-01 11:00;BEST_GUESS;OK;33504;1380;34884;2182;2057
2026-09-26T10:34:42;IDF15;site;RIS;acces_impose;2026-10-01 11:00;BEST_GUESS;OK;55151;1380;56531;3112;2819
2026-09-26T10:34:43;IDF15;site;RIS;impose_ouest;2026-10-01 11:00;BEST_GUESS;OK;69927;1380;71307;3623;3454
2026-09-26T10:34:43;HDF1;site;RIS;acces_impose;2026-10-01 11:00;BEST_GUESS;OK;228870;1380;230250;11191;10000
2026-09-26T10:34:43;HDF1;site;RIS;impose_est;2026-10-01 11:00;BEST_GUESS;OK;224950;1380;226330;10918;10145
2026-09-26T10:34:43;HDF2;site;RIS;acces_impose;2026-10-01 11:00;BEST_GUESS;OK;222412;1380;223792;10046;8889
2026-09-26T10:34:44;HDF2;site;RIS;impose_ouest;2026-10-01 11:00;BEST_GUESS;OK;241174;1380;242554;11041;9736
2026-09-26T10:34:44;HDF3;site;RIS;acces_impose;2026-10-01 11:00;BEST_GUESS;OK;270399;1380;271779;12215;11024
2026-09-26T10:34:44;HDF3;site;RIS;impose_ouest;2026-10-01 11:00;BEST_GUESS;OK;289161;1380;290541;13194;11871
2026-09-26T10:34:45;HDF4;site;RIS;acces_impose;2026-10-01 11:00;BEST_GUESS;OK;222410;1380;223790;10169;9013
2026-09-26T10:34:45;HDF4;site;RIS;impose_ouest;2026-10-01 11:00;BEST_GUESS;OK;241172;1380;242552;11193;9861
2026-09-26T10:34:45;HDF5;site;RIS;acces_impose;2026-10-01 11:00;BEST_GUESS;OK;243220;1380;244600;10808;9741
2026-09-26T10:34:45;HDF5;site;RIS;impose_ouest;2026-10-01 11:00;BEST_GUESS;OK;261982;1380;263362;11846;10588
2026-09-26T10:34:46;NOR1;site;RIS;acces_impose;2026-10-01 11:00;BEST_GUESS;OK;218404;1380;219784;8698;8179
2026-09-26T10:34:46;NOR1;site;RIS;impose_ouest;2026-10-01 11:00;BEST_GUESS;OK;233181;1380;234561;9179;8814
2026-09-26T10:34:46;NOR2;site;RIS;acces_impose;2026-10-01 11:00;BEST_GUESS;OK;147795;1380;149175;6116;5767
2026-09-26T10:34:47;NOR2;site;RIS;impose_ouest;2026-10-01 11:00;BEST_GUESS;OK;162572;1380;163952;6720;6402
2026-09-26T10:34:47;NOR3;site;RIS;acces_impose;2026-10-01 11:00;BEST_GUESS;OK;142728;1380;144108;6266;5877
2026-09-26T10:34:47;NOR3;site;RIS;impose_ouest;2026-10-01 11:00;BEST_GUESS;OK;157505;1380;158885;6846;6512
2026-09-26T10:34:47;CVL1;site;RIS;acces_impose;2026-10-01 11:00;BEST_GUESS;OK;222599;1380;223979;8105;7981
2026-09-26T10:34:48;CVL1;site;RIS;impose_ouest;2026-10-01 11:00;BEST_GUESS;OK;222599;1380;223979;8105;7981
2026-09-26T10:34:48;CVL2;site;RIS;acces_impose;2026-10-01 11:00;BEST_GUESS;OK;258419;1380;259799;10291;9975
2026-09-26T10:34:48;CVL2;site;RIS;impose_ouest;2026-10-01 11:00;BEST_GUESS;OK;258419;1380;259799;10291;9975
2026-09-26T10:34:48;CVL3;site;RIS;acces_impose;2026-10-01 11:00;BEST_GUESS;OK;126864;1380;128244;5157;5006
2026-09-26T10:34:49;CVL3;site;RIS;impose_ouest;2026-10-01 11:00;BEST_GUESS;OK;126864;1380;128244;5157;5006
2026-09-26T10:34:49;GE1;site;RIS;acces_impose;2026-10-01 11:00;BEST_GUESS;OK;208102;1380;209482;8235;7779
2026-09-26T10:34:49;GE1;site;RIS;impose_est;2026-10-01 11:00;BEST_GUESS;OK;208102;1380;209482;8235;7779
2026-09-26T10:34:49;BFC1;site;RIS;acces_impose;2026-10-01 11:00;BEST_GUESS;OK;290785;1380;292165;9835;9823
2026-09-26T10:34:50;BFC1;site;RIS;impose_est;2026-10-01 11:00;BEST_GUESS;OK;304701;1380;306081;10525;10474
2026-09-26T10:34:50;E_A1;entree;VITRY;rapide;2026-10-01 12:00;BEST_GUESS;OK;48820;0;48820;3220;2558
2026-09-26T10:34:50;E_A1;entree;RIS;rapide;2026-10-01 12:00;BEST_GUESS;OK;65882;1380;67262;4484;3448
2026-09-26T10:34:50;E_A4;entree;VITRY;rapide;2026-10-01 12:00;BEST_GUESS;OK;73090;0;73090;3360;3052
2026-09-26T10:34:50;E_A4;entree;RIS;rapide;2026-10-01 12:00;BEST_GUESS;OK;92509;1380;93889;4379;3971
2026-09-26T10:34:50;E_A5;entree;VITRY;rapide;2026-10-01 12:00;BEST_GUESS;OK;82488;0;82488;3799;3626
2026-09-26T10:34:50;E_A5;entree;RIS;rapide;2026-10-01 12:00;BEST_GUESS;OK;70634;1380;72014;2969;2857
2026-09-26T10:34:50;E_A6;entree;VITRY;rapide;2026-10-01 12:00;BEST_GUESS;OK;93772;0;93772;3727;3537
2026-09-26T10:34:50;E_A6;entree;RIS;rapide;2026-10-01 12:00;BEST_GUESS;OK;72354;1380;73734;2697;2642
2026-09-26T10:34:50;E_A10;entree;VITRY;rapide;2026-10-01 12:00;BEST_GUESS;OK;62958;0;62958;2880;2617
2026-09-26T10:34:50;E_A10;entree;RIS;rapide;2026-10-01 12:00;BEST_GUESS;OK;59203;1380;60583;2547;2411
2026-09-26T10:34:50;E_A11;entree;VITRY;rapide;2026-10-01 12:00;BEST_GUESS;OK;62192;0;62192;3020;2733
2026-09-26T10:34:50;E_A11;entree;RIS;rapide;2026-10-01 12:00;BEST_GUESS;OK;58437;1380;59817;2689;2528
2026-09-26T10:34:50;E_A13;entree;VITRY;rapide;2026-10-01 12:00;BEST_GUESS;OK;92461;0;92461;4072;3779
2026-09-26T10:34:50;E_A13;entree;RIS;rapide;2026-10-01 12:00;BEST_GUESS;OK;99218;1380;100598;4417;4096
2026-09-26T10:34:50;E_A16;entree;VITRY;rapide;2026-10-01 12:00;BEST_GUESS;OK;69185;0;69185;4332;3564
2026-09-26T10:34:50;E_A16;entree;RIS;rapide;2026-10-01 12:00;BEST_GUESS;OK;89679;1380;91059;5000;4332
2026-09-26T10:34:50;IDF1;site;VITRY;rapide;2026-10-01 12:00;BEST_GUESS;OK;41890;0;41890;3629;2841
2026-09-26T10:34:50;IDF1;site;RIS;rapide;2026-10-01 12:00;BEST_GUESS;OK;58952;1380;60332;4874;3731
2026-09-26T10:34:50;IDF2;site;VITRY;rapide;2026-10-01 12:00;BEST_GUESS;OK;35448;0;35448;2280;2082
2026-09-26T10:34:50;IDF2;site;RIS;rapide;2026-10-01 12:00;BEST_GUESS;OK;14026;1380;15406;1221;1177
2026-09-26T10:34:50;IDF3;site;VITRY;rapide;2026-10-01 12:00;BEST_GUESS;OK;66563;0;66563;4629;3895
2026-09-26T10:34:50;IDF3;site;RIS;rapide;2026-10-01 12:00;BEST_GUESS;OK;90870;1380;92250;5358;4706
2026-09-26T10:34:50;IDF4;site;VITRY;rapide;2026-10-01 12:00;BEST_GUESS;OK;31174;0;31174;2892;2409
2026-09-26T10:34:50;IDF4;site;RIS;rapide;2026-10-01 12:00;BEST_GUESS;OK;48236;1380;49616;4151;3299
2026-09-26T10:34:50;IDF5;site;VITRY;rapide;2026-10-01 12:00;BEST_GUESS;OK;27596;0;27596;3369;2840
2026-09-26T10:34:50;IDF5;site;RIS;rapide;2026-10-01 12:00;BEST_GUESS;OK;48345;1380;49725;4374;3517
2026-09-26T10:34:50;IDF6;site;VITRY;rapide;2026-10-01 12:00;BEST_GUESS;OK;41449;0;41449;3318;2811
2026-09-26T10:34:50;IDF6;site;RIS;rapide;2026-10-01 12:00;BEST_GUESS;OK;57321;1380;58701;3820;3170
2026-09-26T10:34:50;IDF7;site;VITRY;rapide;2026-10-01 12:00;BEST_GUESS;OK;40735;0;40735;3184;2678
2026-09-26T10:34:50;IDF7;site;RIS;rapide;2026-10-01 12:00;BEST_GUESS;OK;56204;1380;57584;3659;3049
2026-09-26T10:34:50;IDF8;site;VITRY;rapide;2026-10-01 12:00;BEST_GUESS;OK;45059;0;45059;2818;2489
2026-09-26T10:34:50;IDF8;site;RIS;rapide;2026-10-01 12:00;BEST_GUESS;OK;64478;1380;65858;3811;3408
2026-09-26T10:34:50;IDF9;site;VITRY;rapide;2026-10-01 12:00;BEST_GUESS;OK;46751;0;46751;3474;2980
2026-09-26T10:34:50;IDF9;site;RIS;rapide;2026-10-01 12:00;BEST_GUESS;OK;53507;1380;54887;3818;3297
2026-09-26T10:34:50;IDF10;site;VITRY;rapide;2026-10-01 12:00;BEST_GUESS;OK;34363;0;34363;3032;2348
2026-09-26T10:34:50;IDF10;site;RIS;rapide;2026-10-01 12:00;BEST_GUESS;OK;51425;1380;52805;4300;3238
2026-09-26T10:34:50;IDF11;site;VITRY;rapide;2026-10-01 12:00;BEST_GUESS;OK;49468;0;49468;2701;2370
2026-09-26T10:34:50;IDF11;site;RIS;rapide;2026-10-01 12:00;BEST_GUESS;OK;68887;1380;70267;3712;3288
2026-09-26T10:34:50;IDF12;site;VITRY;rapide;2026-10-01 12:00;BEST_GUESS;OK;11529;0;11529;1115;1049
2026-09-26T10:34:50;IDF12;site;RIS;rapide;2026-10-01 12:00;BEST_GUESS;OK;14828;1380;16208;1991;1956
2026-09-26T10:34:50;IDF13;site;VITRY;rapide;2026-10-01 12:00;BEST_GUESS;OK;38905;0;38905;2684;2536
2026-09-26T10:34:50;IDF13;site;RIS;rapide;2026-10-01 12:00;BEST_GUESS;OK;32603;1380;33983;2175;2015
2026-09-26T10:34:50;IDF14;site;VITRY;rapide;2026-10-01 12:00;BEST_GUESS;OK;7704;0;7704;1316;1243
2026-09-26T10:34:50;IDF14;site;RIS;rapide;2026-10-01 12:00;BEST_GUESS;OK;10572;1380;11952;1368;1306
2026-09-26T10:34:50;IDF15;site;VITRY;rapide;2026-10-01 12:00;BEST_GUESS;OK;46693;0;46693;2726;2492
2026-09-26T10:34:50;IDF15;site;RIS;rapide;2026-10-01 12:00;BEST_GUESS;OK;53449;1380;54829;3100;2810
2026-09-26T10:34:50;HDF1;site;VITRY;rapide;2026-10-01 12:00;BEST_GUESS;OK;210106;0;210106;9886;9101
2026-09-26T10:34:50;HDF1;site;RIS;rapide;2026-10-01 12:00;BEST_GUESS;OK;227168;1380;228548;11263;9991
2026-09-26T10:34:50;HDF2;site;VITRY;rapide;2026-10-01 12:00;BEST_GUESS;OK;203649;0;203649;8729;7989
2026-09-26T10:34:50;HDF2;site;RIS;rapide;2026-10-01 12:00;BEST_GUESS;OK;220711;1380;222091;10076;8880
2026-09-26T10:34:50;HDF3;site;VITRY;rapide;2026-10-01 12:00;BEST_GUESS;OK;251636;0;251636;10970;10124
2026-09-26T10:34:50;HDF3;site;RIS;rapide;2026-10-01 12:00;BEST_GUESS;OK;268698;1380;270078;12320;11014
2026-09-26T10:34:50;HDF4;site;VITRY;rapide;2026-10-01 12:00;BEST_GUESS;OK;203647;0;203647;8898;8114
2026-09-26T10:34:50;HDF4;site;RIS;rapide;2026-10-01 12:00;BEST_GUESS;OK;220709;1380;222089;10222;9004
2026-09-26T10:34:50;HDF5;site;VITRY;rapide;2026-10-01 12:00;BEST_GUESS;OK;224457;0;224457;9592;8842
2026-09-26T10:34:50;HDF5;site;RIS;rapide;2026-10-01 12:00;BEST_GUESS;OK;241519;1380;242899;10938;9732
2026-09-26T10:34:50;NOR1;site;VITRY;rapide;2026-10-01 12:00;BEST_GUESS;OK;209946;0;209946;8376;7853
2026-09-26T10:34:50;NOR1;site;RIS;rapide;2026-10-01 12:00;BEST_GUESS;OK;216703;1380;218083;8754;8170
2026-09-26T10:34:50;NOR2;site;VITRY;rapide;2026-10-01 12:00;BEST_GUESS;OK;139338;0;139338;5796;5440
2026-09-26T10:34:50;NOR2;site;RIS;rapide;2026-10-01 12:00;BEST_GUESS;OK;146094;1380;147474;6151;5757
2026-09-26T10:34:50;NOR3;site;VITRY;rapide;2026-10-01 12:00;BEST_GUESS;OK;134270;0;134270;5975;5551
2026-09-26T10:34:50;NOR3;site;RIS;rapide;2026-10-01 12:00;BEST_GUESS;OK;141027;1380;142407;6330;5868
2026-09-26T10:34:50;CVL1;site;VITRY;rapide;2026-10-01 12:00;BEST_GUESS;OK;226354;0;226354;8449;8187
2026-09-26T10:34:50;CVL1;site;RIS;rapide;2026-10-01 12:00;BEST_GUESS;OK;222599;1380;223979;8206;7982
2026-09-26T10:34:50;CVL2;site;VITRY;rapide;2026-10-01 12:00;BEST_GUESS;OK;262174;0;262174;10528;10181
2026-09-26T10:34:50;CVL2;site;RIS;rapide;2026-10-01 12:00;BEST_GUESS;OK;258419;1380;259799;10198;9975
2026-09-26T10:34:50;CVL3;site;VITRY;rapide;2026-10-01 12:00;BEST_GUESS;OK;130619;0;130619;5531;5212
2026-09-26T10:34:50;CVL3;site;RIS;rapide;2026-10-01 12:00;BEST_GUESS;OK;126864;1380;128244;5178;5006
2026-09-26T10:34:50;GE1;site;VITRY;rapide;2026-10-01 12:00;BEST_GUESS;OK;185285;0;185285;7306;6915
2026-09-26T10:34:50;GE1;site;RIS;rapide;2026-10-01 12:00;BEST_GUESS;OK;204704;1380;206084;8357;7834
2026-09-26T10:34:50;BFC1;site;VITRY;rapide;2026-10-01 12:00;BEST_GUESS;OK;312203;0;312203;10912;10719
2026-09-26T10:34:50;BFC1;site;RIS;rapide;2026-10-01 12:00;BEST_GUESS;OK;290785;1380;292165;9836;9824
2026-09-26T10:34:51;E_A1;entree;RIS;acces_impose;2026-10-01 12:00;BEST_GUESS;OK;67584;1380;68964;4498;3457
2026-09-26T10:34:51;E_A1;entree;RIS;impose_ouest;2026-10-01 12:00;BEST_GUESS;OK;86345;1380;87725;5393;4305
2026-09-26T10:34:51;E_A4;entree;RIS;acces_impose;2026-10-01 12:00;BEST_GUESS;OK;95907;1380;97287;4307;3915
2026-09-26T10:34:51;E_A4;entree;RIS;impose_est;2026-10-01 12:00;BEST_GUESS;OK;95907;1380;97287;4307;3915
2026-09-26T10:34:52;E_A5;entree;RIS;acces_impose;2026-10-01 12:00;BEST_GUESS;OK;74032;1380;75412;2905;2802
2026-09-26T10:34:52;E_A5;entree;RIS;impose_est;2026-10-01 12:00;BEST_GUESS;OK;74032;1380;75412;2905;2802
2026-09-26T10:34:52;E_A6;entree;RIS;acces_impose;2026-10-01 12:00;BEST_GUESS;OK;72354;1380;73734;2697;2641
2026-09-26T10:34:52;E_A6;entree;RIS;impose_est;2026-10-01 12:00;BEST_GUESS;OK;86270;1380;87650;3379;3292
2026-09-26T10:34:52;E_A10;entree;RIS;acces_impose;2026-10-01 12:00;BEST_GUESS;OK;59203;1380;60583;2547;2411
2026-09-26T10:34:53;E_A10;entree;RIS;impose_ouest;2026-10-01 12:00;BEST_GUESS;OK;59203;1380;60583;2547;2411
2026-09-26T10:34:53;E_A11;entree;RIS;acces_impose;2026-10-01 12:00;BEST_GUESS;OK;58437;1380;59817;2689;2527
2026-09-26T10:34:53;E_A11;entree;RIS;impose_ouest;2026-10-01 12:00;BEST_GUESS;OK;58437;1380;59817;2689;2527
2026-09-26T10:34:53;E_A13;entree;RIS;acces_impose;2026-10-01 12:00;BEST_GUESS;OK;100919;1380;102299;4431;4105
2026-09-26T10:34:53;E_A13;entree;RIS;impose_ouest;2026-10-01 12:00;BEST_GUESS;OK;115696;1380;117076;4930;4740
2026-09-26T10:34:54;E_A16;entree;RIS;acces_impose;2026-10-01 12:00;BEST_GUESS;OK;91380;1380;92760;5015;4341
2026-09-26T10:34:54;E_A16;entree;RIS;impose_ouest;2026-10-01 12:00;BEST_GUESS;OK;106157;1380;107537;5510;4977
2026-09-26T10:34:54;IDF1;site;RIS;acces_impose;2026-10-01 12:00;BEST_GUESS;OK;60653;1380;62033;4888;3740
2026-09-26T10:34:54;IDF1;site;RIS;impose_ouest;2026-10-01 12:00;BEST_GUESS;OK;79415;1380;80795;5810;4588
2026-09-26T10:34:54;IDF2;site;RIS;acces_impose;2026-10-01 12:00;BEST_GUESS;OK;14026;1380;15406;1221;1177
2026-09-26T10:34:55;IDF2;site;RIS;impose_ouest;2026-10-01 12:00;BEST_GUESS;OK;23176;1380;24556;1670;1590
2026-09-26T10:34:55;IDF3;site;RIS;acces_impose;2026-10-01 12:00;BEST_GUESS;OK;92571;1380;93951;5373;4715
2026-09-26T10:34:55;IDF3;site;RIS;impose_ouest;2026-10-01 12:00;BEST_GUESS;OK;107348;1380;108728;5869;5350
2026-09-26T10:34:55;IDF4;site;RIS;acces_impose;2026-10-01 12:00;BEST_GUESS;OK;49937;1380;51317;4167;3308
2026-09-26T10:34:55;IDF4;site;RIS;impose_ouest;2026-10-01 12:00;BEST_GUESS;OK;68699;1380;70079;5062;4155
2026-09-26T10:34:55;IDF5;site;RIS;acces_impose;2026-10-01 12:00;BEST_GUESS;OK;50047;1380;51427;4387;3526
2026-09-26T10:34:56;IDF5;site;RIS;impose_ouest;2026-10-01 12:00;BEST_GUESS;OK;68809;1380;70189;5280;4374
2026-09-26T10:34:56;IDF6;site;RIS;acces_impose;2026-10-01 12:00;BEST_GUESS;OK;59022;1380;60402;3839;3179
2026-09-26T10:34:56;IDF6;site;RIS;impose_ouest;2026-10-01 12:00;BEST_GUESS;OK;73799;1380;75179;4379;3814
2026-09-26T10:34:56;IDF7;site;RIS;acces_impose;2026-10-01 12:00;BEST_GUESS;OK;57906;1380;59286;3677;3058
2026-09-26T10:34:56;IDF7;site;RIS;impose_ouest;2026-10-01 12:00;BEST_GUESS;OK;72682;1380;74062;4221;3693
2026-09-26T10:34:57;IDF8;site;RIS;acces_impose;2026-10-01 12:00;BEST_GUESS;OK;67876;1380;69256;3743;3352
2026-09-26T10:34:57;IDF8;site;RIS;impose_est;2026-10-01 12:00;BEST_GUESS;OK;67876;1380;69256;3743;3352
2026-09-26T10:34:57;IDF9;site;RIS;acces_impose;2026-10-01 12:00;BEST_GUESS;OK;55209;1380;56589;3837;3306
2026-09-26T10:34:57;IDF9;site;RIS;impose_ouest;2026-10-01 12:00;BEST_GUESS;OK;69985;1380;71365;4377;3941
2026-09-26T10:34:58;IDF10;site;RIS;acces_impose;2026-10-01 12:00;BEST_GUESS;OK;53126;1380;54506;4313;3247
2026-09-26T10:34:59;IDF10;site;RIS;impose_ouest;2026-10-01 12:00;BEST_GUESS;OK;71888;1380;73268;5208;4094
2026-09-26T10:34:59;IDF11;site;RIS;acces_impose;2026-10-01 12:00;BEST_GUESS;OK;72285;1380;73665;3645;3233
2026-09-26T10:34:59;IDF11;site;RIS;impose_est;2026-10-01 12:00;BEST_GUESS;OK;72285;1380;73665;3645;3233
2026-09-26T10:34:59;IDF12;site;RIS;acces_impose;2026-10-01 12:00;BEST_GUESS;OK;34869;1380;36249;2625;2106
2026-09-26T10:34:59;IDF12;site;RIS;impose_est;2026-10-01 12:00;BEST_GUESS;OK;32483;1380;33863;2453;2372
2026-09-26T10:35:00;IDF13;site;RIS;acces_impose;2026-10-01 12:00;BEST_GUESS;OK;36001;1380;37381;2121;1960
2026-09-26T10:35:00;IDF13;site;RIS;impose_est;2026-10-01 12:00;BEST_GUESS;OK;36001;1380;37381;2121;1960
2026-09-26T10:35:00;IDF14;site;RIS;acces_impose;2026-10-01 12:00;BEST_GUESS;OK;16078;1380;17458;2010;1912
2026-09-26T10:35:00;IDF14;site;RIS;impose_est;2026-10-01 12:00;BEST_GUESS;OK;33504;1380;34884;2196;2057
2026-09-26T10:35:00;IDF15;site;RIS;acces_impose;2026-10-01 12:00;BEST_GUESS;OK;55151;1380;56531;3116;2819
2026-09-26T10:35:01;IDF15;site;RIS;impose_ouest;2026-10-01 12:00;BEST_GUESS;OK;69927;1380;71307;3673;3454
2026-09-26T10:35:01;HDF1;site;RIS;acces_impose;2026-10-01 12:00;BEST_GUESS;OK;228870;1380;230250;11279;10000
2026-09-26T10:35:02;HDF1;site;RIS;impose_est;2026-10-01 12:00;BEST_GUESS;OK;224950;1380;226330;10907;10145
2026-09-26T10:35:02;HDF2;site;RIS;acces_impose;2026-10-01 12:00;BEST_GUESS;OK;222412;1380;223792;10089;8889
2026-09-26T10:35:02;HDF2;site;RIS;impose_ouest;2026-10-01 12:00;BEST_GUESS;OK;241174;1380;242554;11086;9736
2026-09-26T10:35:03;HDF3;site;RIS;acces_impose;2026-10-01 12:00;BEST_GUESS;OK;270399;1380;271779;12331;11024
2026-09-26T10:35:03;HDF3;site;RIS;impose_ouest;2026-10-01 12:00;BEST_GUESS;OK;289161;1380;290541;13324;11871
2026-09-26T10:35:03;HDF4;site;RIS;acces_impose;2026-10-01 12:00;BEST_GUESS;OK;222410;1380;223790;10235;9013
2026-09-26T10:35:04;HDF4;site;RIS;impose_ouest;2026-10-01 12:00;BEST_GUESS;OK;241172;1380;242552;11227;9861
2026-09-26T10:35:04;HDF5;site;RIS;acces_impose;2026-10-01 12:00;BEST_GUESS;OK;243220;1380;244600;10954;9741
2026-09-26T10:35:04;HDF5;site;RIS;impose_ouest;2026-10-01 12:00;BEST_GUESS;OK;261982;1380;263362;11930;10588
2026-09-26T10:35:04;NOR1;site;RIS;acces_impose;2026-10-01 12:00;BEST_GUESS;OK;218404;1380;219784;8769;8179
2026-09-26T10:35:05;NOR1;site;RIS;impose_ouest;2026-10-01 12:00;BEST_GUESS;OK;233181;1380;234561;9245;8814
2026-09-26T10:35:05;NOR2;site;RIS;acces_impose;2026-10-01 12:00;BEST_GUESS;OK;147795;1380;149175;6159;5767
2026-09-26T10:35:05;NOR2;site;RIS;impose_ouest;2026-10-01 12:00;BEST_GUESS;OK;162572;1380;163952;6715;6402
2026-09-26T10:35:05;NOR3;site;RIS;acces_impose;2026-10-01 12:00;BEST_GUESS;OK;142728;1380;144108;6340;5877
2026-09-26T10:35:06;NOR3;site;RIS;impose_ouest;2026-10-01 12:00;BEST_GUESS;OK;157505;1380;158885;6882;6512
2026-09-26T10:35:06;CVL1;site;RIS;acces_impose;2026-10-01 12:00;BEST_GUESS;OK;222599;1380;223979;8206;7981
2026-09-26T10:35:06;CVL1;site;RIS;impose_ouest;2026-10-01 12:00;BEST_GUESS;OK;222599;1380;223979;8206;7981
2026-09-26T10:35:06;CVL2;site;RIS;acces_impose;2026-10-01 12:00;BEST_GUESS;OK;258419;1380;259799;10198;9975
2026-09-26T10:35:07;CVL2;site;RIS;impose_ouest;2026-10-01 12:00;BEST_GUESS;OK;258419;1380;259799;10198;9975
2026-09-26T10:35:07;CVL3;site;RIS;acces_impose;2026-10-01 12:00;BEST_GUESS;OK;126864;1380;128244;5178;5006
2026-09-26T10:35:07;CVL3;site;RIS;impose_ouest;2026-10-01 12:00;BEST_GUESS;OK;126864;1380;128244;5178;5006
2026-09-26T10:35:07;GE1;site;RIS;acces_impose;2026-10-01 12:00;BEST_GUESS;OK;208102;1380;209482;8288;7779
2026-09-26T10:35:08;GE1;site;RIS;impose_est;2026-10-01 12:00;BEST_GUESS;OK;208102;1380;209482;8288;7779
2026-09-26T10:35:08;BFC1;site;RIS;acces_impose;2026-10-01 12:00;BEST_GUESS;OK;290785;1380;292165;9836;9823
2026-09-26T10:35:08;BFC1;site;RIS;impose_est;2026-10-01 12:00;BEST_GUESS;OK;304701;1380;306081;10579;10474
2026-09-26T10:35:09;E_A1;entree;VITRY;rapide;2026-10-01 13:00;BEST_GUESS;OK;48820;0;48820;3179;2558
2026-09-26T10:35:09;E_A1;entree;RIS;rapide;2026-10-01 13:00;BEST_GUESS;OK;65882;1380;67262;4466;3448
2026-09-26T10:35:09;E_A4;entree;VITRY;rapide;2026-10-01 13:00;BEST_GUESS;OK;73090;0;73090;3311;3052
2026-09-26T10:35:09;E_A4;entree;RIS;rapide;2026-10-01 13:00;BEST_GUESS;OK;92509;1380;93889;4323;3971
2026-09-26T10:35:09;E_A5;entree;VITRY;rapide;2026-10-01 13:00;BEST_GUESS;OK;82488;0;82488;3732;3626
2026-09-26T10:35:09;E_A5;entree;RIS;rapide;2026-10-01 13:00;BEST_GUESS;OK;70634;1380;72014;2964;2857
2026-09-26T10:35:09;E_A6;entree;VITRY;rapide;2026-10-01 13:00;BEST_GUESS;OK;93772;0;93772;3782;3537
2026-09-26T10:35:09;E_A6;entree;RIS;rapide;2026-10-01 13:00;BEST_GUESS;OK;72354;1380;73734;2675;2642
2026-09-26T10:35:09;E_A10;entree;VITRY;rapide;2026-10-01 13:00;BEST_GUESS;OK;62958;0;62958;2874;2617
2026-09-26T10:35:09;E_A10;entree;RIS;rapide;2026-10-01 13:00;BEST_GUESS;OK;59203;1380;60583;2521;2411
2026-09-26T10:35:09;E_A11;entree;VITRY;rapide;2026-10-01 13:00;BEST_GUESS;OK;62192;0;62192;3030;2733
2026-09-26T10:35:09;E_A11;entree;RIS;rapide;2026-10-01 13:00;BEST_GUESS;OK;58437;1380;59817;2661;2528
2026-09-26T10:35:09;E_A13;entree;VITRY;rapide;2026-10-01 13:00;BEST_GUESS;OK;92461;0;92461;4166;3779
2026-09-26T10:35:09;E_A13;entree;RIS;rapide;2026-10-01 13:00;BEST_GUESS;OK;99218;1380;100598;4509;4096
2026-09-26T10:35:09;E_A16;entree;VITRY;rapide;2026-10-01 13:00;BEST_GUESS;OK;69185;0;69185;4241;3564
2026-09-26T10:35:09;E_A16;entree;RIS;rapide;2026-10-01 13:00;BEST_GUESS;OK;89679;1380;91059;5041;4332
2026-09-26T10:35:09;IDF1;site;VITRY;rapide;2026-10-01 13:00;BEST_GUESS;OK;41890;0;41890;3524;2841
2026-09-26T10:35:09;IDF1;site;RIS;rapide;2026-10-01 13:00;BEST_GUESS;OK;58952;1380;60332;4849;3731
2026-09-26T10:35:09;IDF2;site;VITRY;rapide;2026-10-01 13:00;BEST_GUESS;OK;35448;0;35448;2300;2082
2026-09-26T10:35:09;IDF2;site;RIS;rapide;2026-10-01 13:00;BEST_GUESS;OK;14026;1380;15406;1215;1177
2026-09-26T10:35:09;IDF3;site;VITRY;rapide;2026-10-01 13:00;BEST_GUESS;OK;66563;0;66563;4524;3895
2026-09-26T10:35:09;IDF3;site;RIS;rapide;2026-10-01 13:00;BEST_GUESS;OK;90870;1380;92250;5418;4706
2026-09-26T10:35:09;IDF4;site;VITRY;rapide;2026-10-01 13:00;BEST_GUESS;OK;31174;0;31174;2885;2409
2026-09-26T10:35:09;IDF4;site;RIS;rapide;2026-10-01 13:00;BEST_GUESS;OK;48236;1380;49616;4186;3299
2026-09-26T10:35:09;IDF5;site;VITRY;rapide;2026-10-01 13:00;BEST_GUESS;OK;27596;0;27596;3379;2840
2026-09-26T10:35:09;IDF5;site;RIS;rapide;2026-10-01 13:00;BEST_GUESS;OK;48346;1380;49726;4450;3517
2026-09-26T10:35:09;IDF6;site;VITRY;rapide;2026-10-01 13:00;BEST_GUESS;OK;41449;0;41449;3353;2811
2026-09-26T10:35:09;IDF6;site;RIS;rapide;2026-10-01 13:00;BEST_GUESS;OK;57321;1380;58701;3826;3170
2026-09-26T10:35:09;IDF7;site;VITRY;rapide;2026-10-01 13:00;BEST_GUESS;OK;40735;0;40735;3200;2678
2026-09-26T10:35:09;IDF7;site;RIS;rapide;2026-10-01 13:00;BEST_GUESS;OK;56204;1380;57584;3660;3049
2026-09-26T10:35:09;IDF8;site;VITRY;rapide;2026-10-01 13:00;BEST_GUESS;OK;45059;0;45059;2722;2489
2026-09-26T10:35:09;IDF8;site;RIS;rapide;2026-10-01 13:00;BEST_GUESS;OK;64478;1380;65858;3715;3408
2026-09-26T10:35:09;IDF9;site;VITRY;rapide;2026-10-01 13:00;BEST_GUESS;OK;46751;0;46751;3549;2980
2026-09-26T10:35:09;IDF9;site;RIS;rapide;2026-10-01 13:00;BEST_GUESS;OK;53507;1380;54887;3874;3297
2026-09-26T10:35:09;IDF10;site;VITRY;rapide;2026-10-01 13:00;BEST_GUESS;OK;34363;0;34363;2998;2348
2026-09-26T10:35:09;IDF10;site;RIS;rapide;2026-10-01 13:00;BEST_GUESS;OK;51425;1380;52805;4285;3238
2026-09-26T10:35:09;IDF11;site;VITRY;rapide;2026-10-01 13:00;BEST_GUESS;OK;49468;0;49468;2607;2370
2026-09-26T10:35:09;IDF11;site;RIS;rapide;2026-10-01 13:00;BEST_GUESS;OK;68887;1380;70267;3598;3288
2026-09-26T10:35:09;IDF12;site;VITRY;rapide;2026-10-01 13:00;BEST_GUESS;OK;11528;0;11528;1095;1049
2026-09-26T10:35:09;IDF12;site;RIS;rapide;2026-10-01 13:00;BEST_GUESS;OK;14828;1380;16208;2020;1956
2026-09-26T10:35:09;IDF13;site;VITRY;rapide;2026-10-01 13:00;BEST_GUESS;OK;38905;0;38905;2641;2536
2026-09-26T10:35:09;IDF13;site;RIS;rapide;2026-10-01 13:00;BEST_GUESS;OK;32603;1380;33983;2176;2015
2026-09-26T10:35:09;IDF14;site;VITRY;rapide;2026-10-01 13:00;BEST_GUESS;OK;7704;0;7704;1324;1243
2026-09-26T10:35:09;IDF14;site;RIS;rapide;2026-10-01 13:00;BEST_GUESS;OK;10572;1380;11952;1351;1306
2026-09-26T10:35:09;IDF15;site;VITRY;rapide;2026-10-01 13:00;BEST_GUESS;OK;46693;0;46693;2800;2492
2026-09-26T10:35:09;IDF15;site;RIS;rapide;2026-10-01 13:00;BEST_GUESS;OK;53449;1380;54829;3177;2809
2026-09-26T10:35:09;HDF1;site;VITRY;rapide;2026-10-01 13:00;BEST_GUESS;OK;210106;0;210106;10082;9101
2026-09-26T10:35:09;HDF1;site;RIS;rapide;2026-10-01 13:00;BEST_GUESS;OK;227168;1380;228548;11381;9991
2026-09-26T10:35:09;HDF2;site;VITRY;rapide;2026-10-01 13:00;BEST_GUESS;OK;203649;0;203649;8957;7989
2026-09-26T10:35:09;HDF2;site;RIS;rapide;2026-10-01 13:00;BEST_GUESS;OK;220710;1380;222090;10223;8880
2026-09-26T10:35:09;HDF3;site;VITRY;rapide;2026-10-01 13:00;BEST_GUESS;OK;251636;0;251636;11067;10124
2026-09-26T10:35:09;HDF3;site;RIS;rapide;2026-10-01 13:00;BEST_GUESS;OK;268698;1380;270078;12515;11014
2026-09-26T10:35:09;HDF4;site;VITRY;rapide;2026-10-01 13:00;BEST_GUESS;OK;203646;0;203646;9054;8114
2026-09-26T10:35:09;HDF4;site;RIS;rapide;2026-10-01 13:00;BEST_GUESS;OK;220709;1380;222089;10322;9004
2026-09-26T10:35:09;HDF5;site;VITRY;rapide;2026-10-01 13:00;BEST_GUESS;OK;224457;0;224457;9766;8842
2026-09-26T10:35:09;HDF5;site;RIS;rapide;2026-10-01 13:00;BEST_GUESS;OK;241519;1380;242899;11073;9732
2026-09-26T10:35:09;NOR1;site;VITRY;rapide;2026-10-01 13:00;BEST_GUESS;OK;209946;0;209946;8356;7853
2026-09-26T10:35:09;NOR1;site;RIS;rapide;2026-10-01 13:00;BEST_GUESS;OK;216703;1380;218083;8761;8170
2026-09-26T10:35:09;NOR2;site;VITRY;rapide;2026-10-01 13:00;BEST_GUESS;OK;139338;0;139338;5889;5440
2026-09-26T10:35:09;NOR2;site;RIS;rapide;2026-10-01 13:00;BEST_GUESS;OK;146094;1380;147474;6299;5757
2026-09-26T10:35:09;NOR3;site;VITRY;rapide;2026-10-01 13:00;BEST_GUESS;OK;134270;0;134270;6015;5551
2026-09-26T10:35:09;NOR3;site;RIS;rapide;2026-10-01 13:00;BEST_GUESS;OK;141027;1380;142407;6423;5868
2026-09-26T10:35:09;CVL1;site;VITRY;rapide;2026-10-01 13:00;BEST_GUESS;OK;226354;0;226354;8537;8187
2026-09-26T10:35:09;CVL1;site;RIS;rapide;2026-10-01 13:00;BEST_GUESS;OK;222599;1380;223979;8118;7982
2026-09-26T10:35:09;CVL2;site;VITRY;rapide;2026-10-01 13:00;BEST_GUESS;OK;262174;0;262174;10633;10181
2026-09-26T10:35:09;CVL2;site;RIS;rapide;2026-10-01 13:00;BEST_GUESS;OK;258419;1380;259799;10165;9975
2026-09-26T10:35:09;CVL3;site;VITRY;rapide;2026-10-01 13:00;BEST_GUESS;OK;130619;0;130619;5475;5212
2026-09-26T10:35:09;CVL3;site;RIS;rapide;2026-10-01 13:00;BEST_GUESS;OK;126864;1380;128244;5195;5006
2026-09-26T10:35:09;GE1;site;VITRY;rapide;2026-10-01 13:00;BEST_GUESS;OK;185285;0;185285;7118;6915
2026-09-26T10:35:09;GE1;site;RIS;rapide;2026-10-01 13:00;BEST_GUESS;OK;204704;1380;206084;8216;7834
2026-09-26T10:35:09;BFC1;site;VITRY;rapide;2026-10-01 13:00;BEST_GUESS;OK;312203;0;312203;10902;10719
2026-09-26T10:35:09;BFC1;site;RIS;rapide;2026-10-01 13:00;BEST_GUESS;OK;290785;1380;292165;9743;9824
2026-09-26T10:35:09;E_A1;entree;RIS;acces_impose;2026-10-01 13:00;BEST_GUESS;OK;67584;1380;68964;4478;3457
2026-09-26T10:35:09;E_A1;entree;RIS;impose_ouest;2026-10-01 13:00;BEST_GUESS;OK;86345;1380;87725;5475;4305
2026-09-26T10:35:09;E_A4;entree;RIS;acces_impose;2026-10-01 13:00;BEST_GUESS;OK;95907;1380;97287;4268;3915
2026-09-26T10:35:09;E_A4;entree;RIS;impose_est;2026-10-01 13:00;BEST_GUESS;OK;95907;1380;97287;4268;3915
2026-09-26T10:35:10;E_A5;entree;RIS;acces_impose;2026-10-01 13:00;BEST_GUESS;OK;74032;1380;75412;2898;2802
2026-09-26T10:35:10;E_A5;entree;RIS;impose_est;2026-10-01 13:00;BEST_GUESS;OK;74032;1380;75412;2898;2802
2026-09-26T10:35:10;E_A6;entree;RIS;acces_impose;2026-10-01 13:00;BEST_GUESS;OK;72354;1380;73734;2675;2641
2026-09-26T10:35:10;E_A6;entree;RIS;impose_est;2026-10-01 13:00;BEST_GUESS;OK;86270;1380;87650;3364;3292
2026-09-26T10:35:10;E_A10;entree;RIS;acces_impose;2026-10-01 13:00;BEST_GUESS;OK;59203;1380;60583;2521;2411
2026-09-26T10:35:11;E_A10;entree;RIS;impose_ouest;2026-10-01 13:00;BEST_GUESS;OK;59203;1380;60583;2521;2411
2026-09-26T10:35:11;E_A11;entree;RIS;acces_impose;2026-10-01 13:00;BEST_GUESS;OK;58437;1380;59817;2661;2527
2026-09-26T10:35:11;E_A11;entree;RIS;impose_ouest;2026-10-01 13:00;BEST_GUESS;OK;58437;1380;59817;2661;2527
2026-09-26T10:35:11;E_A13;entree;RIS;acces_impose;2026-10-01 13:00;BEST_GUESS;OK;100919;1380;102299;4521;4105
2026-09-26T10:35:11;E_A13;entree;RIS;impose_ouest;2026-10-01 13:00;BEST_GUESS;OK;115696;1380;117076;5090;4740
2026-09-26T10:35:12;E_A16;entree;RIS;acces_impose;2026-10-01 13:00;BEST_GUESS;OK;91380;1380;92760;5052;4341
2026-09-26T10:35:12;E_A16;entree;RIS;impose_ouest;2026-10-01 13:00;BEST_GUESS;OK;106157;1380;107537;5552;4977
2026-09-26T10:35:12;IDF1;site;RIS;acces_impose;2026-10-01 13:00;BEST_GUESS;OK;60653;1380;62033;4861;3740
2026-09-26T10:35:12;IDF1;site;RIS;impose_ouest;2026-10-01 13:00;BEST_GUESS;OK;79415;1380;80795;5835;4588
2026-09-26T10:35:12;IDF2;site;RIS;acces_impose;2026-10-01 13:00;BEST_GUESS;OK;14026;1380;15406;1215;1177
2026-09-26T10:35:13;IDF2;site;RIS;impose_ouest;2026-10-01 13:00;BEST_GUESS;OK;23176;1380;24556;1652;1590
2026-09-26T10:35:13;IDF3;site;RIS;acces_impose;2026-10-01 13:00;BEST_GUESS;OK;92571;1380;93951;5432;4715
2026-09-26T10:35:13;IDF3;site;RIS;impose_ouest;2026-10-01 13:00;BEST_GUESS;OK;107348;1380;108728;5908;5350
2026-09-26T10:35:13;IDF4;site;RIS;acces_impose;2026-10-01 13:00;BEST_GUESS;OK;49937;1380;51317;4200;3308
2026-09-26T10:35:13;IDF4;site;RIS;impose_ouest;2026-10-01 13:00;BEST_GUESS;OK;68699;1380;70079;5193;4155
2026-09-26T10:35:14;IDF5;site;RIS;acces_impose;2026-10-01 13:00;BEST_GUESS;OK;50047;1380;51427;4463;3526
2026-09-26T10:35:14;IDF5;site;RIS;impose_ouest;2026-10-01 13:00;BEST_GUESS;OK;68809;1380;70189;5460;4374
2026-09-26T10:35:14;IDF6;site;RIS;acces_impose;2026-10-01 13:00;BEST_GUESS;OK;59022;1380;60402;3844;3179
2026-09-26T10:35:14;IDF6;site;RIS;impose_ouest;2026-10-01 13:00;BEST_GUESS;OK;73799;1380;75179;4397;3814
2026-09-26T10:35:15;IDF7;site;RIS;acces_impose;2026-10-01 13:00;BEST_GUESS;OK;57906;1380;59286;3677;3058
2026-09-26T10:35:15;IDF7;site;RIS;impose_ouest;2026-10-01 13:00;BEST_GUESS;OK;72682;1380;74062;4235;3693
2026-09-26T10:35:15;IDF8;site;RIS;acces_impose;2026-10-01 13:00;BEST_GUESS;OK;67876;1380;69256;3659;3352
2026-09-26T10:35:15;IDF8;site;RIS;impose_est;2026-10-01 13:00;BEST_GUESS;OK;67876;1380;69256;3659;3352
2026-09-26T10:35:16;IDF9;site;RIS;acces_impose;2026-10-01 13:00;BEST_GUESS;OK;55209;1380;56589;3892;3306
2026-09-26T10:35:16;IDF9;site;RIS;impose_ouest;2026-10-01 13:00;BEST_GUESS;OK;69985;1380;71365;4448;3941
2026-09-26T10:35:16;IDF10;site;RIS;acces_impose;2026-10-01 13:00;BEST_GUESS;OK;53126;1380;54506;4300;3247
2026-09-26T10:35:17;IDF10;site;RIS;impose_ouest;2026-10-01 13:00;BEST_GUESS;OK;71888;1380;73268;5292;4094
2026-09-26T10:35:17;IDF11;site;RIS;acces_impose;2026-10-01 13:00;BEST_GUESS;OK;72285;1380;73665;3540;3233
2026-09-26T10:35:17;IDF11;site;RIS;impose_est;2026-10-01 13:00;BEST_GUESS;OK;72285;1380;73665;3540;3233
2026-09-26T10:35:17;IDF12;site;RIS;acces_impose;2026-10-01 13:00;BEST_GUESS;OK;34869;1380;36249;2556;2106
2026-09-26T10:35:17;IDF12;site;RIS;impose_est;2026-10-01 13:00;BEST_GUESS;OK;32483;1380;33863;2411;2372
2026-09-26T10:35:18;IDF13;site;RIS;acces_impose;2026-10-01 13:00;BEST_GUESS;OK;36001;1380;37381;2099;1960
2026-09-26T10:35:18;IDF13;site;RIS;impose_est;2026-10-01 13:00;BEST_GUESS;OK;36001;1380;37381;2099;1960
2026-09-26T10:35:18;IDF14;site;RIS;acces_impose;2026-10-01 13:00;BEST_GUESS;OK;16078;1380;17458;1978;1912
2026-09-26T10:35:18;IDF14;site;RIS;impose_est;2026-10-01 13:00;BEST_GUESS;OK;33504;1380;34884;2166;2057
2026-09-26T10:35:18;IDF15;site;RIS;acces_impose;2026-10-01 13:00;BEST_GUESS;OK;55151;1380;56531;3186;2819
2026-09-26T10:35:18;IDF15;site;RIS;impose_ouest;2026-10-01 13:00;BEST_GUESS;OK;69927;1380;71307;3675;3454
2026-09-26T10:35:19;HDF1;site;RIS;acces_impose;2026-10-01 13:00;BEST_GUESS;OK;228870;1380;230250;11391;10000
2026-09-26T10:35:19;HDF1;site;RIS;impose_est;2026-10-01 13:00;BEST_GUESS;OK;224950;1380;226330;11034;10145
2026-09-26T10:35:19;HDF2;site;RIS;acces_impose;2026-10-01 13:00;BEST_GUESS;OK;222412;1380;223792;10234;8889
2026-09-26T10:35:19;HDF2;site;RIS;impose_ouest;2026-10-01 13:00;BEST_GUESS;OK;241174;1380;242554;11218;9736
2026-09-26T10:35:20;HDF3;site;RIS;acces_impose;2026-10-01 13:00;BEST_GUESS;OK;270399;1380;271779;12520;11024
2026-09-26T10:35:20;HDF3;site;RIS;impose_ouest;2026-10-01 13:00;BEST_GUESS;OK;289161;1380;290541;13657;11871
2026-09-26T10:35:20;HDF4;site;RIS;acces_impose;2026-10-01 13:00;BEST_GUESS;OK;222410;1380;223790;10333;9013
2026-09-26T10:35:21;HDF4;site;RIS;impose_ouest;2026-10-01 13:00;BEST_GUESS;OK;241172;1380;242552;11320;9861
2026-09-26T10:35:21;HDF5;site;RIS;acces_impose;2026-10-01 13:00;BEST_GUESS;OK;243220;1380;244600;11081;9741
2026-09-26T10:35:21;HDF5;site;RIS;impose_ouest;2026-10-01 13:00;BEST_GUESS;OK;261982;1380;263362;12129;10588
2026-09-26T10:35:21;NOR1;site;RIS;acces_impose;2026-10-01 13:00;BEST_GUESS;OK;218404;1380;219784;8774;8179
2026-09-26T10:35:22;NOR1;site;RIS;impose_ouest;2026-10-01 13:00;BEST_GUESS;OK;233181;1380;234561;9244;8814
2026-09-26T10:35:22;NOR2;site;RIS;acces_impose;2026-10-01 13:00;BEST_GUESS;OK;147795;1380;149175;6312;5767
2026-09-26T10:35:22;NOR2;site;RIS;impose_ouest;2026-10-01 13:00;BEST_GUESS;OK;162572;1380;163952;6786;6402
2026-09-26T10:35:22;NOR3;site;RIS;acces_impose;2026-10-01 13:00;BEST_GUESS;OK;142728;1380;144108;6436;5877
2026-09-26T10:35:23;NOR3;site;RIS;impose_ouest;2026-10-01 13:00;BEST_GUESS;OK;157505;1380;158885;6908;6512
2026-09-26T10:35:23;CVL1;site;RIS;acces_impose;2026-10-01 13:00;BEST_GUESS;OK;222599;1380;223979;8118;7981
2026-09-26T10:35:23;CVL1;site;RIS;impose_ouest;2026-10-01 13:00;BEST_GUESS;OK;222599;1380;223979;8118;7981
2026-09-26T10:35:23;CVL2;site;RIS;acces_impose;2026-10-01 13:00;BEST_GUESS;OK;258419;1380;259799;10165;9975
2026-09-26T10:35:24;CVL2;site;RIS;impose_ouest;2026-10-01 13:00;BEST_GUESS;OK;258419;1380;259799;10165;9975
2026-09-26T10:35:24;CVL3;site;RIS;acces_impose;2026-10-01 13:00;BEST_GUESS;OK;126864;1380;128244;5195;5006
2026-09-26T10:35:24;CVL3;site;RIS;impose_ouest;2026-10-01 13:00;BEST_GUESS;OK;126864;1380;128244;5195;5006
2026-09-26T10:35:24;GE1;site;RIS;acces_impose;2026-10-01 13:00;BEST_GUESS;OK;208102;1380;209482;8138;7779
2026-09-26T10:35:25;GE1;site;RIS;impose_est;2026-10-01 13:00;BEST_GUESS;OK;208102;1380;209482;8138;7779
2026-09-26T10:35:25;BFC1;site;RIS;acces_impose;2026-10-01 13:00;BEST_GUESS;OK;290785;1380;292165;9743;9823
2026-09-26T10:35:25;BFC1;site;RIS;impose_est;2026-10-01 13:00;BEST_GUESS;OK;304701;1380;306081;10524;10474
2026-09-26T10:35:26;E_A1;entree;VITRY;rapide;2026-10-01 14:00;BEST_GUESS;OK;48820;0;48820;3226;2558
2026-09-26T10:35:26;E_A1;entree;RIS;rapide;2026-10-01 14:00;BEST_GUESS;OK;65882;1380;67262;4608;3448
2026-09-26T10:35:26;E_A4;entree;VITRY;rapide;2026-10-01 14:00;BEST_GUESS;OK;73090;0;73090;3273;3052
2026-09-26T10:35:26;E_A4;entree;RIS;rapide;2026-10-01 14:00;BEST_GUESS;OK;92509;1380;93889;4372;3971
2026-09-26T10:35:26;E_A5;entree;VITRY;rapide;2026-10-01 14:00;BEST_GUESS;OK;82488;0;82488;3699;3626
2026-09-26T10:35:26;E_A5;entree;RIS;rapide;2026-10-01 14:00;BEST_GUESS;OK;70634;1380;72014;2970;2857
2026-09-26T10:35:26;E_A6;entree;VITRY;rapide;2026-10-01 14:00;BEST_GUESS;OK;93772;0;93772;3729;3537
2026-09-26T10:35:26;E_A6;entree;RIS;rapide;2026-10-01 14:00;BEST_GUESS;OK;72354;1380;73734;2655;2642
2026-09-26T10:35:26;E_A10;entree;VITRY;rapide;2026-10-01 14:00;BEST_GUESS;OK;62958;0;62958;2928;2617
2026-09-26T10:35:26;E_A10;entree;RIS;rapide;2026-10-01 14:00;BEST_GUESS;OK;59203;1380;60583;2575;2411
2026-09-26T10:35:26;E_A11;entree;VITRY;rapide;2026-10-01 14:00;BEST_GUESS;OK;62192;0;62192;3065;2733
2026-09-26T10:35:26;E_A11;entree;RIS;rapide;2026-10-01 14:00;BEST_GUESS;OK;58437;1380;59817;2727;2528
2026-09-26T10:35:26;E_A13;entree;VITRY;rapide;2026-10-01 14:00;BEST_GUESS;OK;92461;0;92461;4203;3779
2026-09-26T10:35:26;E_A13;entree;RIS;rapide;2026-10-01 14:00;BEST_GUESS;OK;99218;1380;100598;4627;4096
2026-09-26T10:35:26;E_A16;entree;VITRY;rapide;2026-10-01 14:00;BEST_GUESS;OK;69185;0;69185;4396;3564
2026-09-26T10:35:26;E_A16;entree;RIS;rapide;2026-10-01 14:00;BEST_GUESS;OK;89679;1380;91059;5099;4332
2026-09-26T10:35:26;IDF1;site;VITRY;rapide;2026-10-01 14:00;BEST_GUESS;OK;41890;0;41890;3601;2841
2026-09-26T10:35:26;IDF1;site;RIS;rapide;2026-10-01 14:00;BEST_GUESS;OK;58952;1380;60332;4999;3731
2026-09-26T10:35:26;IDF2;site;VITRY;rapide;2026-10-01 14:00;BEST_GUESS;OK;35448;0;35448;2344;2082
2026-09-26T10:35:26;IDF2;site;RIS;rapide;2026-10-01 14:00;BEST_GUESS;OK;14026;1380;15406;1229;1177
2026-09-26T10:35:26;IDF3;site;VITRY;rapide;2026-10-01 14:00;BEST_GUESS;OK;66563;0;66563;4750;3895
2026-09-26T10:35:26;IDF3;site;RIS;rapide;2026-10-01 14:00;BEST_GUESS;OK;90870;1380;92250;5445;4706
2026-09-26T10:35:26;IDF4;site;VITRY;rapide;2026-10-01 14:00;BEST_GUESS;OK;31174;0;31174;2938;2409
2026-09-26T10:35:26;IDF4;site;RIS;rapide;2026-10-01 14:00;BEST_GUESS;OK;48236;1380;49616;4315;3299
2026-09-26T10:35:26;IDF5;site;VITRY;rapide;2026-10-01 14:00;BEST_GUESS;OK;27596;0;27596;3281;2840
2026-09-26T10:35:26;IDF5;site;RIS;rapide;2026-10-01 14:00;BEST_GUESS;OK;48345;1380;49725;4444;3517
2026-09-26T10:35:26;IDF6;site;VITRY;rapide;2026-10-01 14:00;BEST_GUESS;OK;41449;0;41449;3452;2811
2026-09-26T10:35:26;IDF6;site;RIS;rapide;2026-10-01 14:00;BEST_GUESS;OK;57321;1380;58701;3961;3170
2026-09-26T10:35:26;IDF7;site;VITRY;rapide;2026-10-01 14:00;BEST_GUESS;OK;40735;0;40735;3301;2678
2026-09-26T10:35:26;IDF7;site;RIS;rapide;2026-10-01 14:00;BEST_GUESS;OK;56204;1380;57584;3796;3049
2026-09-26T10:35:26;IDF8;site;VITRY;rapide;2026-10-01 14:00;BEST_GUESS;OK;45059;0;45059;2720;2489
2026-09-26T10:35:26;IDF8;site;RIS;rapide;2026-10-01 14:00;BEST_GUESS;OK;64478;1380;65858;3815;3408
2026-09-26T10:35:26;IDF9;site;VITRY;rapide;2026-10-01 14:00;BEST_GUESS;OK;46751;0;46751;3571;2980
2026-09-26T10:35:26;IDF9;site;RIS;rapide;2026-10-01 14:00;BEST_GUESS;OK;53507;1380;54887;4013;3297
2026-09-26T10:35:26;IDF10;site;VITRY;rapide;2026-10-01 14:00;BEST_GUESS;OK;34363;0;34363;3059;2348
2026-09-26T10:35:26;IDF10;site;RIS;rapide;2026-10-01 14:00;BEST_GUESS;OK;51425;1380;52805;4430;3238
2026-09-26T10:35:26;IDF11;site;VITRY;rapide;2026-10-01 14:00;BEST_GUESS;OK;49468;0;49468;2592;2370
2026-09-26T10:35:26;IDF11;site;RIS;rapide;2026-10-01 14:00;BEST_GUESS;OK;68887;1380;70267;3671;3288
2026-09-26T10:35:26;IDF12;site;VITRY;rapide;2026-10-01 14:00;BEST_GUESS;OK;11529;0;11529;1071;1049
2026-09-26T10:35:26;IDF12;site;RIS;rapide;2026-10-01 14:00;BEST_GUESS;OK;14828;1380;16208;2009;1956
2026-09-26T10:35:26;IDF13;site;VITRY;rapide;2026-10-01 14:00;BEST_GUESS;OK;38905;0;38905;2628;2536
2026-09-26T10:35:26;IDF13;site;RIS;rapide;2026-10-01 14:00;BEST_GUESS;OK;32603;1380;33983;2164;2015
2026-09-26T10:35:26;IDF14;site;VITRY;rapide;2026-10-01 14:00;BEST_GUESS;OK;7704;0;7704;1291;1243
2026-09-26T10:35:26;IDF14;site;RIS;rapide;2026-10-01 14:00;BEST_GUESS;OK;10572;1380;11952;1365;1306
2026-09-26T10:35:26;IDF15;site;VITRY;rapide;2026-10-01 14:00;BEST_GUESS;OK;46693;0;46693;2871;2492
2026-09-26T10:35:26;IDF15;site;RIS;rapide;2026-10-01 14:00;BEST_GUESS;OK;53449;1380;54829;3291;2809
2026-09-26T10:35:26;HDF1;site;VITRY;rapide;2026-10-01 14:00;BEST_GUESS;OK;210106;0;210106;10062;9100
2026-09-26T10:35:26;HDF1;site;RIS;rapide;2026-10-01 14:00;BEST_GUESS;OK;227168;1380;228548;11737;9991
2026-09-26T10:35:26;HDF2;site;VITRY;rapide;2026-10-01 14:00;BEST_GUESS;OK;203649;0;203649;8803;7989
2026-09-26T10:35:26;HDF2;site;RIS;rapide;2026-10-01 14:00;BEST_GUESS;OK;220711;1380;222091;10438;8880
2026-09-26T10:35:26;HDF3;site;VITRY;rapide;2026-10-01 14:00;BEST_GUESS;OK;251636;0;251636;11320;10124
2026-09-26T10:35:26;HDF3;site;RIS;rapide;2026-10-01 14:00;BEST_GUESS;OK;268698;1380;270078;12908;11014
2026-09-26T10:35:26;HDF4;site;VITRY;rapide;2026-10-01 14:00;BEST_GUESS;OK;203647;0;203647;8933;8114
2026-09-26T10:35:26;HDF4;site;RIS;rapide;2026-10-01 14:00;BEST_GUESS;OK;220709;1380;222089;10572;9004
2026-09-26T10:35:26;HDF5;site;VITRY;rapide;2026-10-01 14:00;BEST_GUESS;OK;224457;0;224457;9646;8842
2026-09-26T10:35:26;HDF5;site;RIS;rapide;2026-10-01 14:00;BEST_GUESS;OK;241519;1380;242899;11350;9732
2026-09-26T10:35:26;NOR1;site;VITRY;rapide;2026-10-01 14:00;BEST_GUESS;OK;209946;0;209946;8641;7853
2026-09-26T10:35:26;NOR1;site;RIS;rapide;2026-10-01 14:00;BEST_GUESS;OK;216703;1380;218083;9023;8170
2026-09-26T10:35:26;NOR2;site;VITRY;rapide;2026-10-01 14:00;BEST_GUESS;OK;139338;0;139338;5928;5440
2026-09-26T10:35:26;NOR2;site;RIS;rapide;2026-10-01 14:00;BEST_GUESS;OK;146094;1380;147474;6351;5757
2026-09-26T10:35:26;NOR3;site;VITRY;rapide;2026-10-01 14:00;BEST_GUESS;OK;134270;0;134270;6071;5551
2026-09-26T10:35:26;NOR3;site;RIS;rapide;2026-10-01 14:00;BEST_GUESS;OK;141027;1380;142407;6493;5868
2026-09-26T10:35:26;CVL1;site;VITRY;rapide;2026-10-01 14:00;BEST_GUESS;OK;226354;0;226354;8668;8187
2026-09-26T10:35:26;CVL1;site;RIS;rapide;2026-10-01 14:00;BEST_GUESS;OK;222599;1380;223979;8165;7982
2026-09-26T10:35:26;CVL2;site;VITRY;rapide;2026-10-01 14:00;BEST_GUESS;OK;262174;0;262174;10723;10181
2026-09-26T10:35:26;CVL2;site;RIS;rapide;2026-10-01 14:00;BEST_GUESS;OK;258419;1380;259799;10373;9975
2026-09-26T10:35:26;CVL3;site;VITRY;rapide;2026-10-01 14:00;BEST_GUESS;OK;130619;0;130619;5631;5212
2026-09-26T10:35:26;CVL3;site;RIS;rapide;2026-10-01 14:00;BEST_GUESS;OK;126864;1380;128244;5204;5006
2026-09-26T10:35:26;GE1;site;VITRY;rapide;2026-10-01 14:00;BEST_GUESS;OK;185285;0;185285;7137;6915
2026-09-26T10:35:26;GE1;site;RIS;rapide;2026-10-01 14:00;BEST_GUESS;OK;204704;1380;206084;8286;7834
2026-09-26T10:35:26;BFC1;site;VITRY;rapide;2026-10-01 14:00;BEST_GUESS;OK;312203;0;312203;11075;10719
2026-09-26T10:35:26;BFC1;site;RIS;rapide;2026-10-01 14:00;BEST_GUESS;OK;290785;1380;292165;9825;9824
2026-09-26T10:35:26;E_A1;entree;RIS;acces_impose;2026-10-01 14:00;BEST_GUESS;OK;67584;1380;68964;4618;3457
2026-09-26T10:35:26;E_A1;entree;RIS;impose_ouest;2026-10-01 14:00;BEST_GUESS;OK;86345;1380;87725;5611;4305
2026-09-26T10:35:26;E_A4;entree;RIS;acces_impose;2026-10-01 14:00;BEST_GUESS;OK;95907;1380;97287;4316;3915
2026-09-26T10:35:27;E_A4;entree;RIS;impose_est;2026-10-01 14:00;BEST_GUESS;OK;95907;1380;97287;4316;3915
2026-09-26T10:35:27;E_A5;entree;RIS;acces_impose;2026-10-01 14:00;BEST_GUESS;OK;74032;1380;75412;2924;2802
2026-09-26T10:35:27;E_A5;entree;RIS;impose_est;2026-10-01 14:00;BEST_GUESS;OK;74032;1380;75412;2924;2802
2026-09-26T10:35:27;E_A6;entree;RIS;acces_impose;2026-10-01 14:00;BEST_GUESS;OK;72354;1380;73734;2655;2641
2026-09-26T10:35:27;E_A6;entree;RIS;impose_est;2026-10-01 14:00;BEST_GUESS;OK;86270;1380;87650;3398;3292
2026-09-26T10:35:28;E_A10;entree;RIS;acces_impose;2026-10-01 14:00;BEST_GUESS;OK;59203;1380;60583;2575;2411
2026-09-26T10:35:28;E_A10;entree;RIS;impose_ouest;2026-10-01 14:00;BEST_GUESS;OK;59203;1380;60583;2575;2411
2026-09-26T10:35:28;E_A11;entree;RIS;acces_impose;2026-10-01 14:00;BEST_GUESS;OK;58437;1380;59817;2727;2527
2026-09-26T10:35:28;E_A11;entree;RIS;impose_ouest;2026-10-01 14:00;BEST_GUESS;OK;58437;1380;59817;2727;2527
2026-09-26T10:35:28;E_A13;entree;RIS;acces_impose;2026-10-01 14:00;BEST_GUESS;OK;100919;1380;102299;4637;4105
2026-09-26T10:35:28;E_A13;entree;RIS;impose_ouest;2026-10-01 14:00;BEST_GUESS;OK;115696;1380;117076;5064;4740
2026-09-26T10:35:29;E_A16;entree;RIS;acces_impose;2026-10-01 14:00;BEST_GUESS;OK;91380;1380;92760;5110;4341
2026-09-26T10:35:29;E_A16;entree;RIS;impose_ouest;2026-10-01 14:00;BEST_GUESS;OK;106157;1380;107537;5567;4977
2026-09-26T10:35:29;IDF1;site;RIS;acces_impose;2026-10-01 14:00;BEST_GUESS;OK;60653;1380;62033;5008;3740
2026-09-26T10:35:29;IDF1;site;RIS;impose_ouest;2026-10-01 14:00;BEST_GUESS;OK;79415;1380;80795;6003;4588
2026-09-26T10:35:30;IDF2;site;RIS;acces_impose;2026-10-01 14:00;BEST_GUESS;OK;14026;1380;15406;1229;1177
2026-09-26T10:35:30;IDF2;site;RIS;impose_ouest;2026-10-01 14:00;BEST_GUESS;OK;23176;1380;24556;1765;1590
2026-09-26T10:35:30;IDF3;site;RIS;acces_impose;2026-10-01 14:00;BEST_GUESS;OK;92571;1380;93951;5461;4715
2026-09-26T10:35:30;IDF3;site;RIS;impose_ouest;2026-10-01 14:00;BEST_GUESS;OK;107348;1380;108728;5959;5350
2026-09-26T10:35:30;IDF4;site;RIS;acces_impose;2026-10-01 14:00;BEST_GUESS;OK;49937;1380;51317;4328;3308
2026-09-26T10:35:31;IDF4;site;RIS;impose_ouest;2026-10-01 14:00;BEST_GUESS;OK;68699;1380;70079;5310;4155
2026-09-26T10:35:31;IDF5;site;RIS;acces_impose;2026-10-01 14:00;BEST_GUESS;OK;50047;1380;51427;4453;3526
2026-09-26T10:35:31;IDF5;site;RIS;impose_ouest;2026-10-01 14:00;BEST_GUESS;OK;68809;1380;70189;5443;4374
2026-09-26T10:35:31;IDF6;site;RIS;acces_impose;2026-10-01 14:00;BEST_GUESS;OK;59022;1380;60402;3977;3179
2026-09-26T10:35:31;IDF6;site;RIS;impose_ouest;2026-10-01 14:00;BEST_GUESS;OK;73799;1380;75179;4359;3814
2026-09-26T10:35:32;IDF7;site;RIS;acces_impose;2026-10-01 14:00;BEST_GUESS;OK;57906;1380;59286;3812;3058
2026-09-26T10:35:32;IDF7;site;RIS;impose_ouest;2026-10-01 14:00;BEST_GUESS;OK;72682;1380;74062;4197;3693
2026-09-26T10:35:32;IDF8;site;RIS;acces_impose;2026-10-01 14:00;BEST_GUESS;OK;67876;1380;69256;3766;3352
2026-09-26T10:35:32;IDF8;site;RIS;impose_est;2026-10-01 14:00;BEST_GUESS;OK;67876;1380;69256;3766;3352
2026-09-26T10:35:32;IDF9;site;RIS;acces_impose;2026-10-01 14:00;BEST_GUESS;OK;55209;1380;56589;4029;3306
2026-09-26T10:35:33;IDF9;site;RIS;impose_ouest;2026-10-01 14:00;BEST_GUESS;OK;69985;1380;71365;4411;3941
2026-09-26T10:35:33;IDF10;site;RIS;acces_impose;2026-10-01 14:00;BEST_GUESS;OK;53126;1380;54506;4440;3247
2026-09-26T10:35:33;IDF10;site;RIS;impose_ouest;2026-10-01 14:00;BEST_GUESS;OK;71888;1380;73268;5429;4094
2026-09-26T10:35:33;IDF11;site;RIS;acces_impose;2026-10-01 14:00;BEST_GUESS;OK;72285;1380;73665;3622;3233
2026-09-26T10:35:33;IDF11;site;RIS;impose_est;2026-10-01 14:00;BEST_GUESS;OK;72285;1380;73665;3622;3233
2026-09-26T10:35:34;IDF12;site;RIS;acces_impose;2026-10-01 14:00;BEST_GUESS;OK;34869;1380;36249;2519;2106
2026-09-26T10:35:34;IDF12;site;RIS;impose_est;2026-10-01 14:00;BEST_GUESS;OK;32483;1380;33863;2465;2372
2026-09-26T10:35:34;IDF13;site;RIS;acces_impose;2026-10-01 14:00;BEST_GUESS;OK;36001;1380;37381;2106;1960
2026-09-26T10:35:34;IDF13;site;RIS;impose_est;2026-10-01 14:00;BEST_GUESS;OK;36001;1380;37381;2106;1960
2026-09-26T10:35:34;IDF14;site;RIS;acces_impose;2026-10-01 14:00;BEST_GUESS;OK;16078;1380;17458;1992;1912
2026-09-26T10:35:35;IDF14;site;RIS;impose_est;2026-10-01 14:00;BEST_GUESS;OK;33504;1380;34884;2219;2057
2026-09-26T10:35:35;IDF15;site;RIS;acces_impose;2026-10-01 14:00;BEST_GUESS;OK;55151;1380;56531;3305;2819
2026-09-26T10:35:35;IDF15;site;RIS;impose_ouest;2026-10-01 14:00;BEST_GUESS;OK;69927;1380;71307;3738;3454
2026-09-26T10:35:35;HDF1;site;RIS;acces_impose;2026-10-01 14:00;BEST_GUESS;OK;228870;1380;230250;11747;10000
2026-09-26T10:35:35;HDF1;site;RIS;impose_est;2026-10-01 14:00;BEST_GUESS;OK;224950;1380;226330;11067;10145
2026-09-26T10:35:36;HDF2;site;RIS;acces_impose;2026-10-01 14:00;BEST_GUESS;OK;222412;1380;223792;10436;8889
2026-09-26T10:35:36;HDF2;site;RIS;impose_ouest;2026-10-01 14:00;BEST_GUESS;OK;241174;1380;242554;11606;9736
2026-09-26T10:35:36;HDF3;site;RIS;acces_impose;2026-10-01 14:00;BEST_GUESS;OK;270399;1380;271779;12917;11024
2026-09-26T10:35:37;HDF3;site;RIS;impose_ouest;2026-10-01 14:00;BEST_GUESS;OK;289161;1380;290541;14147;11871
2026-09-26T10:35:37;HDF4;site;RIS;acces_impose;2026-10-01 14:00;BEST_GUESS;OK;222410;1380;223790;10573;9013
2026-09-26T10:35:37;HDF4;site;RIS;impose_ouest;2026-10-01 14:00;BEST_GUESS;OK;241172;1380;242552;11748;9861
2026-09-26T10:35:37;HDF5;site;RIS;acces_impose;2026-10-01 14:00;BEST_GUESS;OK;243220;1380;244600;11354;9741
2026-09-26T10:35:38;HDF5;site;RIS;impose_ouest;2026-10-01 14:00;BEST_GUESS;OK;261982;1380;263362;12607;10588
2026-09-26T10:35:38;NOR1;site;RIS;acces_impose;2026-10-01 14:00;BEST_GUESS;OK;218404;1380;219784;9027;8179
2026-09-26T10:35:38;NOR1;site;RIS;impose_ouest;2026-10-01 14:00;BEST_GUESS;OK;233181;1380;234561;9479;8814
2026-09-26T10:35:39;NOR2;site;RIS;acces_impose;2026-10-01 14:00;BEST_GUESS;OK;147795;1380;149175;6363;5767
2026-09-26T10:35:39;NOR2;site;RIS;impose_ouest;2026-10-01 14:00;BEST_GUESS;OK;162572;1380;163952;6793;6402
2026-09-26T10:35:39;NOR3;site;RIS;acces_impose;2026-10-01 14:00;BEST_GUESS;OK;142728;1380;144108;6504;5877
2026-09-26T10:35:39;NOR3;site;RIS;impose_ouest;2026-10-01 14:00;BEST_GUESS;OK;157505;1380;158885;6954;6512
2026-09-26T10:35:40;CVL1;site;RIS;acces_impose;2026-10-01 14:00;BEST_GUESS;OK;222599;1380;223979;8165;7981
2026-09-26T10:35:40;CVL1;site;RIS;impose_ouest;2026-10-01 14:00;BEST_GUESS;OK;222599;1380;223979;8165;7981
2026-09-26T10:35:40;CVL2;site;RIS;acces_impose;2026-10-01 14:00;BEST_GUESS;OK;258419;1380;259799;10373;9975
2026-09-26T10:35:40;CVL2;site;RIS;impose_ouest;2026-10-01 14:00;BEST_GUESS;OK;258419;1380;259799;10373;9975
2026-09-26T10:35:41;CVL3;site;RIS;acces_impose;2026-10-01 14:00;BEST_GUESS;OK;126864;1380;128244;5204;5006
2026-09-26T10:35:41;CVL3;site;RIS;impose_ouest;2026-10-01 14:00;BEST_GUESS;OK;126864;1380;128244;5204;5006
2026-09-26T10:35:41;GE1;site;RIS;acces_impose;2026-10-01 14:00;BEST_GUESS;OK;208102;1380;209482;8240;7779
2026-09-26T10:35:41;GE1;site;RIS;impose_est;2026-10-01 14:00;BEST_GUESS;OK;208102;1380;209482;8240;7779
2026-09-26T10:35:42;BFC1;site;RIS;acces_impose;2026-10-01 14:00;BEST_GUESS;OK;290785;1380;292165;9825;9823
2026-09-26T10:35:42;BFC1;site;RIS;impose_est;2026-10-01 14:00;BEST_GUESS;OK;304701;1380;306081;10756;10474
2026-09-26T10:35:42;E_A1;entree;VITRY;rapide;2026-10-01 15:00;BEST_GUESS;OK;48820;0;48820;3499;2558
2026-09-26T10:35:42;E_A1;entree;RIS;rapide;2026-10-01 15:00;BEST_GUESS;OK;65882;1380;67262;4772;3448
2026-09-26T10:35:42;E_A4;entree;VITRY;rapide;2026-10-01 15:00;BEST_GUESS;OK;73090;0;73090;3281;3052
2026-09-26T10:35:42;E_A4;entree;RIS;rapide;2026-10-01 15:00;BEST_GUESS;OK;92509;1380;93889;4410;3971
2026-09-26T10:35:42;E_A5;entree;VITRY;rapide;2026-10-01 15:00;BEST_GUESS;OK;82488;0;82488;3680;3626
2026-09-26T10:35:42;E_A5;entree;RIS;rapide;2026-10-01 15:00;BEST_GUESS;OK;70634;1380;72014;2946;2857
2026-09-26T10:35:42;E_A6;entree;VITRY;rapide;2026-10-01 15:00;BEST_GUESS;OK;93772;0;93772;3838;3537
2026-09-26T10:35:42;E_A6;entree;RIS;rapide;2026-10-01 15:00;BEST_GUESS;OK;72354;1380;73734;2653;2642
2026-09-26T10:35:42;E_A10;entree;VITRY;rapide;2026-10-01 15:00;BEST_GUESS;OK;62958;0;62958;3057;2617
2026-09-26T10:35:42;E_A10;entree;RIS;rapide;2026-10-01 15:00;BEST_GUESS;OK;59203;1380;60583;2606;2411
2026-09-26T10:35:42;E_A11;entree;VITRY;rapide;2026-10-01 15:00;BEST_GUESS;OK;62192;0;62192;3210;2733
2026-09-26T10:35:42;E_A11;entree;RIS;rapide;2026-10-01 15:00;BEST_GUESS;OK;58437;1380;59817;2762;2528
2026-09-26T10:35:42;E_A13;entree;VITRY;rapide;2026-10-01 15:00;BEST_GUESS;OK;92461;0;92461;4364;3779
2026-09-26T10:35:42;E_A13;entree;RIS;rapide;2026-10-01 15:00;BEST_GUESS;OK;99218;1380;100598;4773;4096
2026-09-26T10:35:42;E_A16;entree;VITRY;rapide;2026-10-01 15:00;BEST_GUESS;OK;69185;0;69185;4394;3564
2026-09-26T10:35:42;E_A16;entree;RIS;rapide;2026-10-01 15:00;BEST_GUESS;OK;89679;1380;91059;5310;4332
2026-09-26T10:35:42;IDF1;site;VITRY;rapide;2026-10-01 15:00;BEST_GUESS;OK;41890;0;41890;3766;2841
2026-09-26T10:35:42;IDF1;site;RIS;rapide;2026-10-01 15:00;BEST_GUESS;OK;58952;1380;60332;5117;3731
2026-09-26T10:35:42;IDF2;site;VITRY;rapide;2026-10-01 15:00;BEST_GUESS;OK;35448;0;35448;2322;2082
2026-09-26T10:35:42;IDF2;site;RIS;rapide;2026-10-01 15:00;BEST_GUESS;OK;14026;1380;15406;1222;1177
2026-09-26T10:35:42;IDF3;site;VITRY;rapide;2026-10-01 15:00;BEST_GUESS;OK;66563;0;66563;4709;3895
2026-09-26T10:35:42;IDF3;site;RIS;rapide;2026-10-01 15:00;BEST_GUESS;OK;90870;1380;92250;5689;4706
2026-09-26T10:35:42;IDF4;site;VITRY;rapide;2026-10-01 15:00;BEST_GUESS;OK;31174;0;31174;3102;2409
2026-09-26T10:35:42;IDF4;site;RIS;rapide;2026-10-01 15:00;BEST_GUESS;OK;48235;1380;49615;4404;3299
2026-09-26T10:35:42;IDF5;site;VITRY;rapide;2026-10-01 15:00;BEST_GUESS;OK;27596;0;27596;3264;2840
2026-09-26T10:35:42;IDF5;site;RIS;rapide;2026-10-01 15:00;BEST_GUESS;OK;48345;1380;49725;4551;3517
2026-09-26T10:35:42;IDF6;site;VITRY;rapide;2026-10-01 15:00;BEST_GUESS;OK;41449;0;41449;3687;2811
2026-09-26T10:35:42;IDF6;site;RIS;rapide;2026-10-01 15:00;BEST_GUESS;OK;57321;1380;58701;4006;3170
2026-09-26T10:35:42;IDF7;site;VITRY;rapide;2026-10-01 15:00;BEST_GUESS;OK;40735;0;40735;3564;2678
2026-09-26T10:35:42;IDF7;site;RIS;rapide;2026-10-01 15:00;BEST_GUESS;OK;56204;1380;57584;3819;3049
2026-09-26T10:35:42;IDF8;site;VITRY;rapide;2026-10-01 15:00;BEST_GUESS;OK;45059;0;45059;2722;2489
2026-09-26T10:35:42;IDF8;site;RIS;rapide;2026-10-01 15:00;BEST_GUESS;OK;64478;1380;65858;3855;3408
2026-09-26T10:35:42;IDF9;site;VITRY;rapide;2026-10-01 15:00;BEST_GUESS;OK;46751;0;46751;3632;2980
2026-09-26T10:35:42;IDF9;site;RIS;rapide;2026-10-01 15:00;BEST_GUESS;OK;53507;1380;54887;4043;3297
2026-09-26T10:35:42;IDF10;site;VITRY;rapide;2026-10-01 15:00;BEST_GUESS;OK;34363;0;34363;3312;2348
2026-09-26T10:35:42;IDF10;site;RIS;rapide;2026-10-01 15:00;BEST_GUESS;OK;51425;1380;52805;4566;3238
2026-09-26T10:35:42;IDF11;site;VITRY;rapide;2026-10-01 15:00;BEST_GUESS;OK;49468;0;49468;2606;2370
2026-09-26T10:35:42;IDF11;site;RIS;rapide;2026-10-01 15:00;BEST_GUESS;OK;68887;1380;70267;3732;3288
2026-09-26T10:35:42;IDF12;site;VITRY;rapide;2026-10-01 15:00;BEST_GUESS;OK;11529;0;11529;1081;1049
2026-09-26T10:35:42;IDF12;site;RIS;rapide;2026-10-01 15:00;BEST_GUESS;OK;14828;1380;16208;2060;1956
2026-09-26T10:35:42;IDF13;site;VITRY;rapide;2026-10-01 15:00;BEST_GUESS;OK;38905;0;38905;2588;2536
2026-09-26T10:35:42;IDF13;site;RIS;rapide;2026-10-01 15:00;BEST_GUESS;OK;32603;1380;33983;2213;2015
2026-09-26T10:35:42;IDF14;site;VITRY;rapide;2026-10-01 15:00;BEST_GUESS;OK;7704;0;7704;1292;1243
2026-09-26T10:35:42;IDF14;site;RIS;rapide;2026-10-01 15:00;BEST_GUESS;OK;10572;1380;11952;1369;1306
2026-09-26T10:35:42;IDF15;site;VITRY;rapide;2026-10-01 15:00;BEST_GUESS;OK;46693;0;46693;2911;2492
2026-09-26T10:35:42;IDF15;site;RIS;rapide;2026-10-01 15:00;BEST_GUESS;OK;53449;1380;54829;3348;2809
2026-09-26T10:35:42;HDF1;site;VITRY;rapide;2026-10-01 15:00;BEST_GUESS;OK;210106;0;210106;10218;9101
2026-09-26T10:35:42;HDF1;site;RIS;rapide;2026-10-01 15:00;BEST_GUESS;OK;227168;1380;228548;11823;9991
2026-09-26T10:35:42;HDF2;site;VITRY;rapide;2026-10-01 15:00;BEST_GUESS;OK;203649;0;203649;9188;7989
2026-09-26T10:35:42;HDF2;site;RIS;rapide;2026-10-01 15:00;BEST_GUESS;OK;220711;1380;222091;10758;8880
2026-09-26T10:35:42;HDF3;site;VITRY;rapide;2026-10-01 15:00;BEST_GUESS;OK;251636;0;251636;11223;10124
2026-09-26T10:35:42;HDF3;site;RIS;rapide;2026-10-01 15:00;BEST_GUESS;OK;268698;1380;270078;12857;11014
2026-09-26T10:35:42;HDF4;site;VITRY;rapide;2026-10-01 15:00;BEST_GUESS;OK;203647;0;203647;9309;8114
2026-09-26T10:35:42;HDF4;site;RIS;rapide;2026-10-01 15:00;BEST_GUESS;OK;220709;1380;222089;10868;9004
2026-09-26T10:35:42;HDF5;site;VITRY;rapide;2026-10-01 15:00;BEST_GUESS;OK;224457;0;224457;9940;8842
2026-09-26T10:35:42;HDF5;site;RIS;rapide;2026-10-01 15:00;BEST_GUESS;OK;241519;1380;242899;11565;9732
2026-09-26T10:35:42;NOR1;site;VITRY;rapide;2026-10-01 15:00;BEST_GUESS;OK;209946;0;209946;8884;7853
2026-09-26T10:35:42;NOR1;site;RIS;rapide;2026-10-01 15:00;BEST_GUESS;OK;216703;1380;218083;9363;8170
2026-09-26T10:35:42;NOR2;site;VITRY;rapide;2026-10-01 15:00;BEST_GUESS;OK;139338;0;139338;6247;5440
2026-09-26T10:35:42;NOR2;site;RIS;rapide;2026-10-01 15:00;BEST_GUESS;OK;146094;1380;147474;6651;5757
2026-09-26T10:35:42;NOR3;site;VITRY;rapide;2026-10-01 15:00;BEST_GUESS;OK;134270;0;134270;6434;5551
2026-09-26T10:35:42;NOR3;site;RIS;rapide;2026-10-01 15:00;BEST_GUESS;OK;141027;1380;142407;6862;5868
2026-09-26T10:35:42;CVL1;site;VITRY;rapide;2026-10-01 15:00;BEST_GUESS;OK;226354;0;226354;8704;8187
2026-09-26T10:35:42;CVL1;site;RIS;rapide;2026-10-01 15:00;BEST_GUESS;OK;222599;1380;223979;8320;7982
2026-09-26T10:35:42;CVL2;site;VITRY;rapide;2026-10-01 15:00;BEST_GUESS;OK;262174;0;262174;10844;10181
2026-09-26T10:35:42;CVL2;site;RIS;rapide;2026-10-01 15:00;BEST_GUESS;OK;258419;1380;259799;10411;9975
2026-09-26T10:35:42;CVL3;site;VITRY;rapide;2026-10-01 15:00;BEST_GUESS;OK;130619;0;130619;5747;5212
2026-09-26T10:35:42;CVL3;site;RIS;rapide;2026-10-01 15:00;BEST_GUESS;OK;126864;1380;128244;5300;5006
2026-09-26T10:35:42;GE1;site;VITRY;rapide;2026-10-01 15:00;BEST_GUESS;OK;185285;0;185285;7243;6915
2026-09-26T10:35:42;GE1;site;RIS;rapide;2026-10-01 15:00;BEST_GUESS;OK;204704;1380;206084;8392;7834
2026-09-26T10:35:42;BFC1;site;VITRY;rapide;2026-10-01 15:00;BEST_GUESS;OK;312203;0;312203;11371;10719
2026-09-26T10:35:42;BFC1;site;RIS;rapide;2026-10-01 15:00;BEST_GUESS;OK;290785;1380;292165;9974;9824
2026-09-26T10:35:42;E_A1;entree;RIS;acces_impose;2026-10-01 15:00;BEST_GUESS;OK;67584;1380;68964;4778;3457
2026-09-26T10:35:43;E_A1;entree;RIS;impose_ouest;2026-10-01 15:00;BEST_GUESS;OK;86345;1380;87725;5851;4305
2026-09-26T10:35:43;E_A4;entree;RIS;acces_impose;2026-10-01 15:00;BEST_GUESS;OK;95907;1380;97287;4352;3915
2026-09-26T10:35:43;E_A4;entree;RIS;impose_est;2026-10-01 15:00;BEST_GUESS;OK;95907;1380;97287;4352;3915
2026-09-26T10:35:43;E_A5;entree;RIS;acces_impose;2026-10-01 15:00;BEST_GUESS;OK;74032;1380;75412;2888;2802
2026-09-26T10:35:44;E_A5;entree;RIS;impose_est;2026-10-01 15:00;BEST_GUESS;OK;74032;1380;75412;2888;2802
2026-09-26T10:35:44;E_A6;entree;RIS;acces_impose;2026-10-01 15:00;BEST_GUESS;OK;72354;1380;73734;2653;2641
2026-09-26T10:35:44;E_A6;entree;RIS;impose_est;2026-10-01 15:00;BEST_GUESS;OK;86270;1380;87650;3438;3292
2026-09-26T10:35:44;E_A10;entree;RIS;acces_impose;2026-10-01 15:00;BEST_GUESS;OK;59203;1380;60583;2606;2411
2026-09-26T10:35:44;E_A10;entree;RIS;impose_ouest;2026-10-01 15:00;BEST_GUESS;OK;59203;1380;60583;2606;2411
2026-09-26T10:35:44;E_A11;entree;RIS;acces_impose;2026-10-01 15:00;BEST_GUESS;OK;58437;1380;59817;2762;2527
2026-09-26T10:35:45;E_A11;entree;RIS;impose_ouest;2026-10-01 15:00;BEST_GUESS;OK;58437;1380;59817;2762;2527
2026-09-26T10:35:45;E_A13;entree;RIS;acces_impose;2026-10-01 15:00;BEST_GUESS;OK;100919;1380;102299;4779;4105
2026-09-26T10:35:45;E_A13;entree;RIS;impose_ouest;2026-10-01 15:00;BEST_GUESS;OK;115696;1380;117076;5281;4740
2026-09-26T10:35:45;E_A16;entree;RIS;acces_impose;2026-10-01 15:00;BEST_GUESS;OK;91380;1380;92760;5316;4341
2026-09-26T10:35:45;E_A16;entree;RIS;impose_ouest;2026-10-01 15:00;BEST_GUESS;OK;106157;1380;107537;5762;4977
2026-09-26T10:35:46;IDF1;site;RIS;acces_impose;2026-10-01 15:00;BEST_GUESS;OK;60653;1380;62033;5125;3740
2026-09-26T10:35:46;IDF1;site;RIS;impose_ouest;2026-10-01 15:00;BEST_GUESS;OK;79415;1380;80795;6212;4588
2026-09-26T10:35:46;IDF2;site;RIS;acces_impose;2026-10-01 15:00;BEST_GUESS;OK;14026;1380;15406;1222;1177
2026-09-26T10:35:46;IDF2;site;RIS;impose_ouest;2026-10-01 15:00;BEST_GUESS;OK;23176;1380;24556;1745;1590
2026-09-26T10:35:46;IDF3;site;RIS;acces_impose;2026-10-01 15:00;BEST_GUESS;OK;92571;1380;93951;5693;4715
2026-09-26T10:35:47;IDF3;site;RIS;impose_ouest;2026-10-01 15:00;BEST_GUESS;OK;107348;1380;108728;6194;5350
2026-09-26T10:35:47;IDF4;site;RIS;acces_impose;2026-10-01 15:00;BEST_GUESS;OK;49937;1380;51317;4410;3308
2026-09-26T10:35:47;IDF4;site;RIS;impose_ouest;2026-10-01 15:00;BEST_GUESS;OK;68699;1380;70079;5496;4155
2026-09-26T10:35:47;IDF5;site;RIS;acces_impose;2026-10-01 15:00;BEST_GUESS;OK;50047;1380;51427;4557;3526
2026-09-26T10:35:48;IDF5;site;RIS;impose_ouest;2026-10-01 15:00;BEST_GUESS;OK;68809;1380;70189;5643;4374
2026-09-26T10:35:48;IDF6;site;RIS;acces_impose;2026-10-01 15:00;BEST_GUESS;OK;59022;1380;60402;4014;3179
2026-09-26T10:35:48;IDF6;site;RIS;impose_ouest;2026-10-01 15:00;BEST_GUESS;OK;73799;1380;75179;4436;3814
2026-09-26T10:35:48;IDF7;site;RIS;acces_impose;2026-10-01 15:00;BEST_GUESS;OK;57906;1380;59286;3826;3058
2026-09-26T10:35:48;IDF7;site;RIS;impose_ouest;2026-10-01 15:00;BEST_GUESS;OK;72682;1380;74062;4239;3693
2026-09-26T10:35:48;IDF8;site;RIS;acces_impose;2026-10-01 15:00;BEST_GUESS;OK;67876;1380;69256;3799;3352
2026-09-26T10:35:49;IDF8;site;RIS;impose_est;2026-10-01 15:00;BEST_GUESS;OK;67876;1380;69256;3799;3352
2026-09-26T10:35:49;IDF9;site;RIS;acces_impose;2026-10-01 15:00;BEST_GUESS;OK;55209;1380;56589;4051;3306
2026-09-26T10:35:49;IDF9;site;RIS;impose_ouest;2026-10-01 15:00;BEST_GUESS;OK;69985;1380;71365;4491;3941
2026-09-26T10:35:49;IDF10;site;RIS;acces_impose;2026-10-01 15:00;BEST_GUESS;OK;53126;1380;54506;4572;3247
2026-09-26T10:35:50;IDF10;site;RIS;impose_ouest;2026-10-01 15:00;BEST_GUESS;OK;71888;1380;73268;5656;4094
2026-09-26T10:35:50;IDF11;site;RIS;acces_impose;2026-10-01 15:00;BEST_GUESS;OK;72285;1380;73665;3676;3233
2026-09-26T10:35:50;IDF11;site;RIS;impose_est;2026-10-01 15:00;BEST_GUESS;OK;72285;1380;73665;3676;3233
2026-09-26T10:35:50;IDF12;site;RIS;acces_impose;2026-10-01 15:00;BEST_GUESS;OK;34869;1380;36249;2587;2106
2026-09-26T10:35:50;IDF12;site;RIS;impose_est;2026-10-01 15:00;BEST_GUESS;OK;32483;1380;33863;2464;2372
2026-09-26T10:35:51;IDF13;site;RIS;acces_impose;2026-10-01 15:00;BEST_GUESS;OK;36001;1380;37381;2155;1960
2026-09-26T10:35:51;IDF13;site;RIS;impose_est;2026-10-01 15:00;BEST_GUESS;OK;36001;1380;37381;2155;1960
2026-09-26T10:35:51;IDF14;site;RIS;acces_impose;2026-10-01 15:00;BEST_GUESS;OK;16078;1380;17458;2008;1912
2026-09-26T10:35:51;IDF14;site;RIS;impose_est;2026-10-01 15:00;BEST_GUESS;OK;33504;1380;34884;2218;2057
2026-09-26T10:35:51;IDF15;site;RIS;acces_impose;2026-10-01 15:00;BEST_GUESS;OK;55151;1380;56531;3357;2819
2026-09-26T10:35:51;IDF15;site;RIS;impose_ouest;2026-10-01 15:00;BEST_GUESS;OK;69927;1380;71307;3774;3454
2026-09-26T10:35:52;HDF1;site;RIS;acces_impose;2026-10-01 15:00;BEST_GUESS;OK;228870;1380;230250;11821;10000
2026-09-26T10:35:52;HDF1;site;RIS;impose_est;2026-10-01 15:00;BEST_GUESS;OK;224950;1380;226330;11341;10145
2026-09-26T10:35:52;HDF2;site;RIS;acces_impose;2026-10-01 15:00;BEST_GUESS;OK;222412;1380;223792;10758;8889
2026-09-26T10:35:53;HDF2;site;RIS;impose_ouest;2026-10-01 15:00;BEST_GUESS;OK;241174;1380;242554;11899;9736
2026-09-26T10:35:53;HDF3;site;RIS;acces_impose;2026-10-01 15:00;BEST_GUESS;OK;270399;1380;271779;12850;11024
2026-09-26T10:35:53;HDF3;site;RIS;impose_ouest;2026-10-01 15:00;BEST_GUESS;OK;289161;1380;290541;13864;11871
2026-09-26T10:35:54;HDF4;site;RIS;acces_impose;2026-10-01 15:00;BEST_GUESS;OK;222410;1380;223790;10866;9013
2026-09-26T10:35:54;HDF4;site;RIS;impose_ouest;2026-10-01 15:00;BEST_GUESS;OK;241172;1380;242552;11993;9861
2026-09-26T10:35:54;HDF5;site;RIS;acces_impose;2026-10-01 15:00;BEST_GUESS;OK;243220;1380;244600;11561;9741
2026-09-26T10:35:55;HDF5;site;RIS;impose_ouest;2026-10-01 15:00;BEST_GUESS;OK;261982;1380;263362;12642;10588
2026-09-26T10:35:55;NOR1;site;RIS;acces_impose;2026-10-01 15:00;BEST_GUESS;OK;218404;1380;219784;9372;8179
2026-09-26T10:35:55;NOR1;site;RIS;impose_ouest;2026-10-01 15:00;BEST_GUESS;OK;233181;1380;234561;9921;8814
2026-09-26T10:35:55;NOR2;site;RIS;acces_impose;2026-10-01 15:00;BEST_GUESS;OK;147795;1380;149175;6649;5767
2026-09-26T10:35:56;NOR2;site;RIS;impose_ouest;2026-10-01 15:00;BEST_GUESS;OK;162572;1380;163952;7148;6402
2026-09-26T10:35:56;NOR3;site;RIS;acces_impose;2026-10-01 15:00;BEST_GUESS;OK;142728;1380;144108;6861;5877
2026-09-26T10:35:56;NOR3;site;RIS;impose_ouest;2026-10-01 15:00;BEST_GUESS;OK;157505;1380;158885;7370;6512
2026-09-26T10:35:56;CVL1;site;RIS;acces_impose;2026-10-01 15:00;BEST_GUESS;OK;222599;1380;223979;8320;7981
2026-09-26T10:35:57;CVL1;site;RIS;impose_ouest;2026-10-01 15:00;BEST_GUESS;OK;222599;1380;223979;8320;7981
2026-09-26T10:35:57;CVL2;site;RIS;acces_impose;2026-10-01 15:00;BEST_GUESS;OK;258419;1380;259799;10411;9975
2026-09-26T10:35:57;CVL2;site;RIS;impose_ouest;2026-10-01 15:00;BEST_GUESS;OK;258419;1380;259799;10411;9975
2026-09-26T10:35:58;CVL3;site;RIS;acces_impose;2026-10-01 15:00;BEST_GUESS;OK;126864;1380;128244;5300;5006
2026-09-26T10:35:58;CVL3;site;RIS;impose_ouest;2026-10-01 15:00;BEST_GUESS;OK;126864;1380;128244;5300;5006
2026-09-26T10:35:58;GE1;site;RIS;acces_impose;2026-10-01 15:00;BEST_GUESS;OK;208102;1380;209482;8381;7779
2026-09-26T10:35:58;GE1;site;RIS;impose_est;2026-10-01 15:00;BEST_GUESS;OK;208102;1380;209482;8381;7779
2026-09-26T10:35:59;BFC1;site;RIS;acces_impose;2026-10-01 15:00;BEST_GUESS;OK;290785;1380;292165;9974;9823
2026-09-26T10:35:59;BFC1;site;RIS;impose_est;2026-10-01 15:00;BEST_GUESS;OK;304701;1380;306081;10979;10474
2026-09-26T10:35:59;E_A1;entree;VITRY;rapide;2026-10-01 16:00;BEST_GUESS;OK;48820;0;48820;3444;2558
2026-09-26T10:35:59;E_A1;entree;RIS;rapide;2026-10-01 16:00;BEST_GUESS;OK;65882;1380;67262;5077;3448
2026-09-26T10:35:59;E_A4;entree;VITRY;rapide;2026-10-01 16:00;BEST_GUESS;OK;73090;0;73090;3367;3052
2026-09-26T10:35:59;E_A4;entree;RIS;rapide;2026-10-01 16:00;BEST_GUESS;OK;92509;1380;93889;4468;3971
2026-09-26T10:35:59;E_A5;entree;VITRY;rapide;2026-10-01 16:00;BEST_GUESS;OK;82488;0;82488;3720;3626
2026-09-26T10:35:59;E_A5;entree;RIS;rapide;2026-10-01 16:00;BEST_GUESS;OK;70634;1380;72014;3035;2857
2026-09-26T10:35:59;E_A6;entree;VITRY;rapide;2026-10-01 16:00;BEST_GUESS;OK;93772;0;93772;3942;3537
2026-09-26T10:35:59;E_A6;entree;RIS;rapide;2026-10-01 16:00;BEST_GUESS;OK;72354;1380;73734;2709;2642
2026-09-26T10:35:59;E_A10;entree;VITRY;rapide;2026-10-01 16:00;BEST_GUESS;OK;62958;0;62958;3115;2617
2026-09-26T10:35:59;E_A10;entree;RIS;rapide;2026-10-01 16:00;BEST_GUESS;OK;59203;1380;60583;2730;2411
2026-09-26T10:35:59;E_A11;entree;VITRY;rapide;2026-10-01 16:00;BEST_GUESS;OK;62192;0;62192;3292;2733
2026-09-26T10:35:59;E_A11;entree;RIS;rapide;2026-10-01 16:00;BEST_GUESS;OK;58437;1380;59817;2908;2528
2026-09-26T10:35:59;E_A13;entree;VITRY;rapide;2026-10-01 16:00;BEST_GUESS;OK;92461;0;92461;4660;3779
2026-09-26T10:35:59;E_A13;entree;RIS;rapide;2026-10-01 16:00;BEST_GUESS;OK;99218;1380;100598;5065;4096
2026-09-26T10:35:59;E_A16;entree;VITRY;rapide;2026-10-01 16:00;BEST_GUESS;OK;69185;0;69185;4632;3564
2026-09-26T10:35:59;E_A16;entree;RIS;rapide;2026-10-01 16:00;BEST_GUESS;OK;89679;1380;91059;5627;4332
2026-09-26T10:35:59;IDF1;site;VITRY;rapide;2026-10-01 16:00;BEST_GUESS;OK;41890;0;41890;3882;2841
2026-09-26T10:35:59;IDF1;site;RIS;rapide;2026-10-01 16:00;BEST_GUESS;OK;58952;1380;60332;5507;3731
2026-09-26T10:35:59;IDF2;site;VITRY;rapide;2026-10-01 16:00;BEST_GUESS;OK;35448;0;35448;2482;2082
2026-09-26T10:35:59;IDF2;site;RIS;rapide;2026-10-01 16:00;BEST_GUESS;OK;14026;1380;15406;1232;1177
2026-09-26T10:35:59;IDF3;site;VITRY;rapide;2026-10-01 16:00;BEST_GUESS;OK;66563;0;66563;4942;3895
2026-09-26T10:35:59;IDF3;site;RIS;rapide;2026-10-01 16:00;BEST_GUESS;OK;90870;1380;92250;6054;4706
2026-09-26T10:35:59;IDF4;site;VITRY;rapide;2026-10-01 16:00;BEST_GUESS;OK;31174;0;31174;3121;2409
2026-09-26T10:35:59;IDF4;site;RIS;rapide;2026-10-01 16:00;BEST_GUESS;OK;48236;1380;49616;4808;3299
2026-09-26T10:35:59;IDF5;site;VITRY;rapide;2026-10-01 16:00;BEST_GUESS;OK;27596;0;27596;3410;2840
2026-09-26T10:35:59;IDF5;site;RIS;rapide;2026-10-01 16:00;BEST_GUESS;OK;48346;1380;49726;4904;3517
2026-09-26T10:35:59;IDF6;site;VITRY;rapide;2026-10-01 16:00;BEST_GUESS;OK;41449;0;41449;3817;2811
2026-09-26T10:35:59;IDF6;site;RIS;rapide;2026-10-01 16:00;BEST_GUESS;OK;57321;1380;58701;4365;3170
2026-09-26T10:35:59;IDF7;site;VITRY;rapide;2026-10-01 16:00;BEST_GUESS;OK;40735;0;40735;3601;2678
2026-09-26T10:35:59;IDF7;site;RIS;rapide;2026-10-01 16:00;BEST_GUESS;OK;56204;1380;57584;4131;3049
2026-09-26T10:35:59;IDF8;site;VITRY;rapide;2026-10-01 16:00;BEST_GUESS;OK;45059;0;45059;2767;2489
2026-09-26T10:35:59;IDF8;site;RIS;rapide;2026-10-01 16:00;BEST_GUESS;OK;64478;1380;65858;3904;3408
2026-09-26T10:35:59;IDF9;site;VITRY;rapide;2026-10-01 16:00;BEST_GUESS;OK;46751;0;46751;3989;2980
2026-09-26T10:35:59;IDF9;site;RIS;rapide;2026-10-01 16:00;BEST_GUESS;OK;53507;1380;54887;4403;3297
2026-09-26T10:35:59;IDF10;site;VITRY;rapide;2026-10-01 16:00;BEST_GUESS;OK;34363;0;34363;3258;2348
2026-09-26T10:35:59;IDF10;site;RIS;rapide;2026-10-01 16:00;BEST_GUESS;OK;51425;1380;52805;4917;3238
2026-09-26T10:35:59;IDF11;site;VITRY;rapide;2026-10-01 16:00;BEST_GUESS;OK;49468;0;49468;2633;2370
2026-09-26T10:35:59;IDF11;site;RIS;rapide;2026-10-01 16:00;BEST_GUESS;OK;68887;1380;70267;3797;3288
2026-09-26T10:35:59;IDF12;site;VITRY;rapide;2026-10-01 16:00;BEST_GUESS;OK;11529;0;11529;1073;1049
2026-09-26T10:35:59;IDF12;site;RIS;rapide;2026-10-01 16:00;BEST_GUESS;OK;14828;1380;16208;2093;1956
2026-09-26T10:35:59;IDF13;site;VITRY;rapide;2026-10-01 16:00;BEST_GUESS;OK;38905;0;38905;2630;2536
2026-09-26T10:35:59;IDF13;site;RIS;rapide;2026-10-01 16:00;BEST_GUESS;OK;32603;1380;33983;2285;2015
2026-09-26T10:35:59;IDF14;site;VITRY;rapide;2026-10-01 16:00;BEST_GUESS;OK;7704;0;7704;1276;1243
2026-09-26T10:35:59;IDF14;site;RIS;rapide;2026-10-01 16:00;BEST_GUESS;OK;10572;1380;11952;1372;1306
2026-09-26T10:35:59;IDF15;site;VITRY;rapide;2026-10-01 16:00;BEST_GUESS;OK;46693;0;46693;3223;2492
2026-09-26T10:35:59;IDF15;site;RIS;rapide;2026-10-01 16:00;BEST_GUESS;OK;53449;1380;54829;3667;2809
2026-09-26T10:35:59;HDF1;site;VITRY;rapide;2026-10-01 16:00;BEST_GUESS;OK;210106;0;210106;10169;9101
2026-09-26T10:35:59;HDF1;site;RIS;rapide;2026-10-01 16:00;BEST_GUESS;OK;227168;1380;228548;11951;9991
2026-09-26T10:35:59;HDF2;site;VITRY;rapide;2026-10-01 16:00;BEST_GUESS;OK;203649;0;203649;9002;7989
2026-09-26T10:35:59;HDF2;site;RIS;rapide;2026-10-01 16:00;BEST_GUESS;OK;220711;1380;222091;10709;8880
2026-09-26T10:35:59;HDF3;site;VITRY;rapide;2026-10-01 16:00;BEST_GUESS;OK;251636;0;251636;11192;10124
2026-09-26T10:35:59;HDF3;site;RIS;rapide;2026-10-01 16:00;BEST_GUESS;OK;268698;1380;270078;12776;11014
2026-09-26T10:35:59;HDF4;site;VITRY;rapide;2026-10-01 16:00;BEST_GUESS;OK;203647;0;203647;9127;8114
2026-09-26T10:35:59;HDF4;site;RIS;rapide;2026-10-01 16:00;BEST_GUESS;OK;220709;1380;222089;10831;9004
2026-09-26T10:35:59;HDF5;site;VITRY;rapide;2026-10-01 16:00;BEST_GUESS;OK;224457;0;224457;9870;8842
2026-09-26T10:35:59;HDF5;site;RIS;rapide;2026-10-01 16:00;BEST_GUESS;OK;241519;1380;242899;11604;9732
2026-09-26T10:35:59;NOR1;site;VITRY;rapide;2026-10-01 16:00;BEST_GUESS;OK;209946;0;209946;8905;7853
2026-09-26T10:35:59;NOR1;site;RIS;rapide;2026-10-01 16:00;BEST_GUESS;OK;216703;1380;218083;9407;8170
2026-09-26T10:35:59;NOR2;site;VITRY;rapide;2026-10-01 16:00;BEST_GUESS;OK;139338;0;139338;6454;5440
2026-09-26T10:35:59;NOR2;site;RIS;rapide;2026-10-01 16:00;BEST_GUESS;OK;146094;1380;147474;6968;5757
2026-09-26T10:35:59;NOR3;site;VITRY;rapide;2026-10-01 16:00;BEST_GUESS;OK;134270;0;134270;6609;5551
2026-09-26T10:35:59;NOR3;site;RIS;rapide;2026-10-01 16:00;BEST_GUESS;OK;141027;1380;142407;7134;5868
2026-09-26T10:35:59;CVL1;site;VITRY;rapide;2026-10-01 16:00;BEST_GUESS;OK;226354;0;226354;8659;8187
2026-09-26T10:35:59;CVL1;site;RIS;rapide;2026-10-01 16:00;BEST_GUESS;OK;222599;1380;223979;8293;7982
2026-09-26T10:35:59;CVL2;site;VITRY;rapide;2026-10-01 16:00;BEST_GUESS;OK;262174;0;262174;10659;10181
2026-09-26T10:35:59;CVL2;site;RIS;rapide;2026-10-01 16:00;BEST_GUESS;OK;258419;1380;259799;10156;9975
2026-09-26T10:35:59;CVL3;site;VITRY;rapide;2026-10-01 16:00;BEST_GUESS;OK;130619;0;130619;5808;5212
2026-09-26T10:35:59;CVL3;site;RIS;rapide;2026-10-01 16:00;BEST_GUESS;OK;126864;1380;128244;5433;5006
2026-09-26T10:35:59;GE1;site;VITRY;rapide;2026-10-01 16:00;BEST_GUESS;OK;185285;0;185285;7339;6915
2026-09-26T10:35:59;GE1;site;RIS;rapide;2026-10-01 16:00;BEST_GUESS;OK;204704;1380;206084;8594;7834
2026-09-26T10:35:59;BFC1;site;VITRY;rapide;2026-10-01 16:00;BEST_GUESS;OK;312203;0;312203;11247;10719
2026-09-26T10:35:59;BFC1;site;RIS;rapide;2026-10-01 16:00;BEST_GUESS;OK;290785;1380;292165;9954;9824
2026-09-26T10:36:00;E_A1;entree;RIS;acces_impose;2026-10-01 16:00;BEST_GUESS;OK;67584;1380;68964;5086;3457
2026-09-26T10:36:00;E_A1;entree;RIS;impose_ouest;2026-10-01 16:00;BEST_GUESS;OK;86345;1380;87725;6347;4305
2026-09-26T10:36:00;E_A4;entree;RIS;acces_impose;2026-10-01 16:00;BEST_GUESS;OK;95907;1380;97287;4474;3915
2026-09-26T10:36:01;E_A4;entree;RIS;impose_est;2026-10-01 16:00;BEST_GUESS;OK;95907;1380;97287;4474;3915
2026-09-26T10:36:01;E_A5;entree;RIS;acces_impose;2026-10-01 16:00;BEST_GUESS;OK;74032;1380;75412;3036;2802
2026-09-26T10:36:01;E_A5;entree;RIS;impose_est;2026-10-01 16:00;BEST_GUESS;OK;74032;1380;75412;3036;2802
2026-09-26T10:36:01;E_A6;entree;RIS;acces_impose;2026-10-01 16:00;BEST_GUESS;OK;72354;1380;73734;2709;2641
2026-09-26T10:36:01;E_A6;entree;RIS;impose_est;2026-10-01 16:00;BEST_GUESS;OK;86270;1380;87650;3625;3292
2026-09-26T10:36:01;E_A10;entree;RIS;acces_impose;2026-10-01 16:00;BEST_GUESS;OK;59203;1380;60583;2730;2411
2026-09-26T10:36:02;E_A10;entree;RIS;impose_ouest;2026-10-01 16:00;BEST_GUESS;OK;59203;1380;60583;2730;2411
2026-09-26T10:36:02;E_A11;entree;RIS;acces_impose;2026-10-01 16:00;BEST_GUESS;OK;58437;1380;59817;2908;2527
2026-09-26T10:36:02;E_A11;entree;RIS;impose_ouest;2026-10-01 16:00;BEST_GUESS;OK;58437;1380;59817;2908;2527
2026-09-26T10:36:02;E_A13;entree;RIS;acces_impose;2026-10-01 16:00;BEST_GUESS;OK;100919;1380;102299;5075;4105
2026-09-26T10:36:02;E_A13;entree;RIS;impose_ouest;2026-10-01 16:00;BEST_GUESS;OK;115696;1380;117076;5685;4740
2026-09-26T10:36:03;E_A16;entree;RIS;acces_impose;2026-10-01 16:00;BEST_GUESS;OK;91380;1380;92760;5636;4341
2026-09-26T10:36:03;E_A16;entree;RIS;impose_ouest;2026-10-01 16:00;BEST_GUESS;OK;106157;1380;107537;6188;4977
2026-09-26T10:36:03;IDF1;site;RIS;acces_impose;2026-10-01 16:00;BEST_GUESS;OK;60653;1380;62033;5516;3740
2026-09-26T10:36:03;IDF1;site;RIS;impose_ouest;2026-10-01 16:00;BEST_GUESS;OK;79415;1380;80795;6782;4588
2026-09-26T10:36:04;IDF2;site;RIS;acces_impose;2026-10-01 16:00;BEST_GUESS;OK;14026;1380;15406;1232;1177
2026-09-26T10:36:04;IDF2;site;RIS;impose_ouest;2026-10-01 16:00;BEST_GUESS;OK;23176;1380;24556;1828;1590
2026-09-26T10:36:04;IDF3;site;RIS;acces_impose;2026-10-01 16:00;BEST_GUESS;OK;92571;1380;93951;6062;4715
2026-09-26T10:36:04;IDF3;site;RIS;impose_ouest;2026-10-01 16:00;BEST_GUESS;OK;107348;1380;108728;6585;5350
2026-09-26T10:36:04;IDF4;site;RIS;acces_impose;2026-10-01 16:00;BEST_GUESS;OK;49937;1380;51317;4818;3308
2026-09-26T10:36:05;IDF4;site;RIS;impose_ouest;2026-10-01 16:00;BEST_GUESS;OK;68699;1380;70079;6074;4155
2026-09-26T10:36:05;IDF5;site;RIS;acces_impose;2026-10-01 16:00;BEST_GUESS;OK;50047;1380;51427;4914;3526
2026-09-26T10:36:05;IDF5;site;RIS;impose_ouest;2026-10-01 16:00;BEST_GUESS;OK;68809;1380;70189;6171;4374
2026-09-26T10:36:05;IDF6;site;RIS;acces_impose;2026-10-01 16:00;BEST_GUESS;OK;59022;1380;60402;4372;3179
2026-09-26T10:36:06;IDF6;site;RIS;impose_ouest;2026-10-01 16:00;BEST_GUESS;OK;73799;1380;75179;4881;3814
2026-09-26T10:36:06;IDF7;site;RIS;acces_impose;2026-10-01 16:00;BEST_GUESS;OK;57906;1380;59286;4132;3058
2026-09-26T10:36:06;IDF7;site;RIS;impose_ouest;2026-10-01 16:00;BEST_GUESS;OK;72682;1380;74062;4665;3693
2026-09-26T10:36:06;IDF8;site;RIS;acces_impose;2026-10-01 16:00;BEST_GUESS;OK;67876;1380;69256;3905;3352
2026-09-26T10:36:06;IDF8;site;RIS;impose_est;2026-10-01 16:00;BEST_GUESS;OK;67876;1380;69256;3905;3352
2026-09-26T10:36:07;IDF9;site;RIS;acces_impose;2026-10-01 16:00;BEST_GUESS;OK;55209;1380;56589;4412;3306
2026-09-26T10:36:07;IDF9;site;RIS;impose_ouest;2026-10-01 16:00;BEST_GUESS;OK;69985;1380;71365;4907;3941
2026-09-26T10:36:07;IDF10;site;RIS;acces_impose;2026-10-01 16:00;BEST_GUESS;OK;53126;1380;54506;4927;3247
2026-09-26T10:36:07;IDF10;site;RIS;impose_ouest;2026-10-01 16:00;BEST_GUESS;OK;71888;1380;73268;6185;4094
2026-09-26T10:36:07;IDF11;site;RIS;acces_impose;2026-10-01 16:00;BEST_GUESS;OK;72285;1380;73665;3800;3233
2026-09-26T10:36:08;IDF11;site;RIS;impose_est;2026-10-01 16:00;BEST_GUESS;OK;72285;1380;73665;3800;3233
2026-09-26T10:36:08;IDF12;site;RIS;acces_impose;2026-10-01 16:00;BEST_GUESS;OK;34869;1380;36249;2800;2106
2026-09-26T10:36:08;IDF12;site;RIS;impose_est;2026-10-01 16:00;BEST_GUESS;OK;32483;1380;33863;2575;2372
2026-09-26T10:36:08;IDF13;site;RIS;acces_impose;2026-10-01 16:00;BEST_GUESS;OK;36001;1380;37381;2252;1960
2026-09-26T10:36:08;IDF13;site;RIS;impose_est;2026-10-01 16:00;BEST_GUESS;OK;36001;1380;37381;2252;1960
2026-09-26T10:36:09;IDF14;site;RIS;acces_impose;2026-10-01 16:00;BEST_GUESS;OK;16078;1380;17458;2018;1912
2026-09-26T10:36:09;IDF14;site;RIS;impose_est;2026-10-01 16:00;BEST_GUESS;OK;33504;1380;34884;2301;2057
2026-09-26T10:36:10;IDF15;site;RIS;acces_impose;2026-10-01 16:00;BEST_GUESS;OK;55151;1380;56531;3668;2819
2026-09-26T10:36:10;IDF15;site;RIS;impose_ouest;2026-10-01 16:00;BEST_GUESS;OK;69927;1380;71307;4164;3454
2026-09-26T10:36:10;HDF1;site;RIS;acces_impose;2026-10-01 16:00;BEST_GUESS;OK;228870;1380;230250;11946;10000
2026-09-26T10:36:10;HDF1;site;RIS;impose_est;2026-10-01 16:00;BEST_GUESS;OK;224950;1380;226330;11079;10145
2026-09-26T10:36:10;HDF2;site;RIS;acces_impose;2026-10-01 16:00;BEST_GUESS;OK;222412;1380;223792;10701;8889
2026-09-26T10:36:11;HDF2;site;RIS;impose_ouest;2026-10-01 16:00;BEST_GUESS;OK;241174;1380;242554;11640;9736
2026-09-26T10:36:11;HDF3;site;RIS;acces_impose;2026-10-01 16:00;BEST_GUESS;OK;270399;1380;271779;12774;11024
2026-09-26T10:36:11;HDF3;site;RIS;impose_ouest;2026-10-01 16:00;BEST_GUESS;OK;289161;1380;290541;13642;11871
2026-09-26T10:36:12;HDF4;site;RIS;acces_impose;2026-10-01 16:00;BEST_GUESS;OK;222410;1380;223790;10822;9013
2026-09-26T10:36:12;HDF4;site;RIS;impose_ouest;2026-10-01 16:00;BEST_GUESS;OK;241172;1380;242552;11753;9861
2026-09-26T10:36:12;HDF5;site;RIS;acces_impose;2026-10-01 16:00;BEST_GUESS;OK;243220;1380;244600;11598;9741
2026-09-26T10:36:12;HDF5;site;RIS;impose_ouest;2026-10-01 16:00;BEST_GUESS;OK;261982;1380;263362;12500;10588
2026-09-26T10:36:13;NOR1;site;RIS;acces_impose;2026-10-01 16:00;BEST_GUESS;OK;218404;1380;219784;9400;8179
2026-09-26T10:36:13;NOR1;site;RIS;impose_ouest;2026-10-01 16:00;BEST_GUESS;OK;233181;1380;234561;9790;8814
2026-09-26T10:36:13;NOR2;site;RIS;acces_impose;2026-10-01 16:00;BEST_GUESS;OK;147795;1380;149175;6968;5767
2026-09-26T10:36:14;NOR2;site;RIS;impose_ouest;2026-10-01 16:00;BEST_GUESS;OK;162572;1380;163952;7471;6402
2026-09-26T10:36:14;NOR3;site;RIS;acces_impose;2026-10-01 16:00;BEST_GUESS;OK;142728;1380;144108;7134;5877
2026-09-26T10:36:14;NOR3;site;RIS;impose_ouest;2026-10-01 16:00;BEST_GUESS;OK;157505;1380;158885;7590;6512
2026-09-26T10:36:14;CVL1;site;RIS;acces_impose;2026-10-01 16:00;BEST_GUESS;OK;222599;1380;223979;8293;7981
2026-09-26T10:36:15;CVL1;site;RIS;impose_ouest;2026-10-01 16:00;BEST_GUESS;OK;222599;1380;223979;8293;7981
2026-09-26T10:36:15;CVL2;site;RIS;acces_impose;2026-10-01 16:00;BEST_GUESS;OK;258419;1380;259799;10156;9975
2026-09-26T10:36:15;CVL2;site;RIS;impose_ouest;2026-10-01 16:00;BEST_GUESS;OK;258419;1380;259799;10156;9975
2026-09-26T10:36:15;CVL3;site;RIS;acces_impose;2026-10-01 16:00;BEST_GUESS;OK;126864;1380;128244;5433;5006
2026-09-26T10:36:16;CVL3;site;RIS;impose_ouest;2026-10-01 16:00;BEST_GUESS;OK;126864;1380;128244;5433;5006
2026-09-26T10:36:16;GE1;site;RIS;acces_impose;2026-10-01 16:00;BEST_GUESS;OK;208102;1380;209482;8632;7779
2026-09-26T10:36:16;GE1;site;RIS;impose_est;2026-10-01 16:00;BEST_GUESS;OK;208102;1380;209482;8632;7779
2026-09-26T10:36:16;BFC1;site;RIS;acces_impose;2026-10-01 16:00;BEST_GUESS;OK;290785;1380;292165;9954;9823
2026-09-26T10:36:17;BFC1;site;RIS;impose_est;2026-10-01 16:00;BEST_GUESS;OK;304701;1380;306081;10782;10474
2026-09-26T10:36:17;E_A1;entree;VITRY;rapide;2026-10-01 17:00;BEST_GUESS;OK;48820;0;48820;3583;2558
2026-09-26T10:36:17;E_A1;entree;RIS;rapide;2026-10-01 17:00;BEST_GUESS;OK;65882;1380;67262;5234;3448
2026-09-26T10:36:17;E_A4;entree;VITRY;rapide;2026-10-01 17:00;BEST_GUESS;OK;73090;0;73090;3487;3052
2026-09-26T10:36:17;E_A4;entree;RIS;rapide;2026-10-01 17:00;BEST_GUESS;OK;92509;1380;93889;4665;3971
2026-09-26T10:36:17;E_A5;entree;VITRY;rapide;2026-10-01 17:00;BEST_GUESS;OK;82488;0;82488;3820;3626
2026-09-26T10:36:17;E_A5;entree;RIS;rapide;2026-10-01 17:00;BEST_GUESS;OK;70634;1380;72014;3093;2857
2026-09-26T10:36:17;E_A6;entree;VITRY;rapide;2026-10-01 17:00;BEST_GUESS;OK;93772;0;93772;4171;3537
2026-09-26T10:36:17;E_A6;entree;RIS;rapide;2026-10-01 17:00;BEST_GUESS;OK;72354;1380;73734;2774;2642
2026-09-26T10:36:17;E_A10;entree;VITRY;rapide;2026-10-01 17:00;BEST_GUESS;OK;62958;0;62958;3272;2617
2026-09-26T10:36:17;E_A10;entree;RIS;rapide;2026-10-01 17:00;BEST_GUESS;OK;59203;1380;60583;2865;2411
2026-09-26T10:36:17;E_A11;entree;VITRY;rapide;2026-10-01 17:00;BEST_GUESS;OK;62192;0;62192;3433;2733
2026-09-26T10:36:17;E_A11;entree;RIS;rapide;2026-10-01 17:00;BEST_GUESS;OK;58437;1380;59817;3042;2528
2026-09-26T10:36:17;E_A13;entree;VITRY;rapide;2026-10-01 17:00;BEST_GUESS;OK;92461;0;92461;4726;3779
2026-09-26T10:36:17;E_A13;entree;RIS;rapide;2026-10-01 17:00;BEST_GUESS;OK;99218;1380;100598;5223;4096
2026-09-26T10:36:17;E_A16;entree;VITRY;rapide;2026-10-01 17:00;BEST_GUESS;OK;69185;0;69185;4614;3564
2026-09-26T10:36:17;E_A16;entree;RIS;rapide;2026-10-01 17:00;BEST_GUESS;OK;89679;1380;91059;5831;4332
2026-09-26T10:36:17;IDF1;site;VITRY;rapide;2026-10-01 17:00;BEST_GUESS;OK;41890;0;41890;3918;2841
2026-09-26T10:36:17;IDF1;site;RIS;rapide;2026-10-01 17:00;BEST_GUESS;OK;58952;1380;60332;5558;3731
2026-09-26T10:36:17;IDF2;site;VITRY;rapide;2026-10-01 17:00;BEST_GUESS;OK;35448;0;35448;2615;2082
2026-09-26T10:36:17;IDF2;site;RIS;rapide;2026-10-01 17:00;BEST_GUESS;OK;14026;1380;15406;1304;1177
2026-09-26T10:36:17;IDF3;site;VITRY;rapide;2026-10-01 17:00;BEST_GUESS;OK;66563;0;66563;4888;3895
2026-09-26T10:36:17;IDF3;site;RIS;rapide;2026-10-01 17:00;BEST_GUESS;OK;90870;1380;92250;6122;4706
2026-09-26T10:36:17;IDF4;site;VITRY;rapide;2026-10-01 17:00;BEST_GUESS;OK;31174;0;31174;3382;2409
2026-09-26T10:36:17;IDF4;site;RIS;rapide;2026-10-01 17:00;BEST_GUESS;OK;48236;1380;49616;5038;3299
2026-09-26T10:36:17;IDF5;site;VITRY;rapide;2026-10-01 17:00;BEST_GUESS;OK;27596;0;27596;3530;2840
2026-09-26T10:36:17;IDF5;site;RIS;rapide;2026-10-01 17:00;BEST_GUESS;OK;48346;1380;49726;5046;3517
2026-09-26T10:36:17;IDF6;site;VITRY;rapide;2026-10-01 17:00;BEST_GUESS;OK;41449;0;41449;3984;2811
2026-09-26T10:36:17;IDF6;site;RIS;rapide;2026-10-01 17:00;BEST_GUESS;OK;57321;1380;58701;4671;3170
2026-09-26T10:36:17;IDF7;site;VITRY;rapide;2026-10-01 17:00;BEST_GUESS;OK;40735;0;40735;3839;2678
2026-09-26T10:36:17;IDF7;site;RIS;rapide;2026-10-01 17:00;BEST_GUESS;OK;56204;1380;57584;4437;3049
2026-09-26T10:36:17;IDF8;site;VITRY;rapide;2026-10-01 17:00;BEST_GUESS;OK;45059;0;45059;2897;2489
2026-09-26T10:36:17;IDF8;site;RIS;rapide;2026-10-01 17:00;BEST_GUESS;OK;64478;1380;65858;4073;3408
2026-09-26T10:36:17;IDF9;site;VITRY;rapide;2026-10-01 17:00;BEST_GUESS;OK;46751;0;46751;4188;2980
2026-09-26T10:36:17;IDF9;site;RIS;rapide;2026-10-01 17:00;BEST_GUESS;OK;53507;1380;54887;4695;3297
2026-09-26T10:36:17;IDF10;site;VITRY;rapide;2026-10-01 17:00;BEST_GUESS;OK;34363;0;34363;3382;2348
2026-09-26T10:36:17;IDF10;site;RIS;rapide;2026-10-01 17:00;BEST_GUESS;OK;51425;1380;52805;5038;3238
2026-09-26T10:36:17;IDF11;site;VITRY;rapide;2026-10-01 17:00;BEST_GUESS;OK;49468;0;49468;2779;2370
2026-09-26T10:36:17;IDF11;site;RIS;rapide;2026-10-01 17:00;BEST_GUESS;OK;68887;1380;70267;3954;3288
2026-09-26T10:36:17;IDF12;site;VITRY;rapide;2026-10-01 17:00;BEST_GUESS;OK;11529;0;11529;1175;1049
2026-09-26T10:36:17;IDF12;site;RIS;rapide;2026-10-01 17:00;BEST_GUESS;OK;14828;1380;16208;2248;1956
2026-09-26T10:36:17;IDF13;site;VITRY;rapide;2026-10-01 17:00;BEST_GUESS;OK;38905;0;38905;2766;2536
2026-09-26T10:36:17;IDF13;site;RIS;rapide;2026-10-01 17:00;BEST_GUESS;OK;32603;1380;33983;2300;2015
2026-09-26T10:36:17;IDF14;site;VITRY;rapide;2026-10-01 17:00;BEST_GUESS;OK;7704;0;7704;1338;1243
2026-09-26T10:36:17;IDF14;site;RIS;rapide;2026-10-01 17:00;BEST_GUESS;OK;10572;1380;11952;1410;1306
2026-09-26T10:36:17;IDF15;site;VITRY;rapide;2026-10-01 17:00;BEST_GUESS;OK;46693;0;46693;3444;2492
2026-09-26T10:36:17;IDF15;site;RIS;rapide;2026-10-01 17:00;BEST_GUESS;OK;53449;1380;54829;3971;2809
2026-09-26T10:36:17;HDF1;site;VITRY;rapide;2026-10-01 17:00;BEST_GUESS;OK;210106;0;210106;10024;9101
2026-09-26T10:36:17;HDF1;site;RIS;rapide;2026-10-01 17:00;BEST_GUESS;OK;227168;1380;228548;11273;9991
2026-09-26T10:36:17;HDF2;site;VITRY;rapide;2026-10-01 17:00;BEST_GUESS;OK;203649;0;203649;9046;7989
2026-09-26T10:36:17;HDF2;site;RIS;rapide;2026-10-01 17:00;BEST_GUESS;OK;220711;1380;222091;10431;8880
2026-09-26T10:36:17;HDF3;site;VITRY;rapide;2026-10-01 17:00;BEST_GUESS;OK;251635;0;251635;10859;10124
2026-09-26T10:36:17;HDF3;site;RIS;rapide;2026-10-01 17:00;BEST_GUESS;OK;268698;1380;270078;11975;11014
2026-09-26T10:36:17;HDF4;site;VITRY;rapide;2026-10-01 17:00;BEST_GUESS;OK;203647;0;203647;9183;8114
2026-09-26T10:36:17;HDF4;site;RIS;rapide;2026-10-01 17:00;BEST_GUESS;OK;220709;1380;222089;10558;9004
2026-09-26T10:36:17;HDF5;site;VITRY;rapide;2026-10-01 17:00;BEST_GUESS;OK;224457;0;224457;9833;8842
2026-09-26T10:36:17;HDF5;site;RIS;rapide;2026-10-01 17:00;BEST_GUESS;OK;241519;1380;242899;11148;9732
2026-09-26T10:36:17;NOR1;site;VITRY;rapide;2026-10-01 17:00;BEST_GUESS;OK;209946;0;209946;8630;7853
2026-09-26T10:36:17;NOR1;site;RIS;rapide;2026-10-01 17:00;BEST_GUESS;OK;216703;1380;218083;9067;8170
2026-09-26T10:36:17;NOR2;site;VITRY;rapide;2026-10-01 17:00;BEST_GUESS;OK;139338;0;139338;6321;5440
2026-09-26T10:36:17;NOR2;site;RIS;rapide;2026-10-01 17:00;BEST_GUESS;OK;146094;1380;147474;6811;5757
2026-09-26T10:36:17;NOR3;site;VITRY;rapide;2026-10-01 17:00;BEST_GUESS;OK;134270;0;134270;6562;5551
2026-09-26T10:36:17;NOR3;site;RIS;rapide;2026-10-01 17:00;BEST_GUESS;OK;141027;1380;142407;7026;5868
2026-09-26T10:36:17;CVL1;site;VITRY;rapide;2026-10-01 17:00;BEST_GUESS;OK;226354;0;226354;8522;8187
2026-09-26T10:36:17;CVL1;site;RIS;rapide;2026-10-01 17:00;BEST_GUESS;OK;222599;1380;223979;8013;7982
2026-09-26T10:36:17;CVL2;site;VITRY;rapide;2026-10-01 17:00;BEST_GUESS;OK;262173;0;262173;10379;10181
2026-09-26T10:36:17;CVL2;site;RIS;rapide;2026-10-01 17:00;BEST_GUESS;OK;258419;1380;259799;9944;9975
2026-09-26T10:36:17;CVL3;site;VITRY;rapide;2026-10-01 17:00;BEST_GUESS;OK;130619;0;130619;5729;5212
2026-09-26T10:36:17;CVL3;site;RIS;rapide;2026-10-01 17:00;BEST_GUESS;OK;126864;1380;128244;5310;5006
2026-09-26T10:36:17;GE1;site;VITRY;rapide;2026-10-01 17:00;BEST_GUESS;OK;185285;0;185285;7112;6915
2026-09-26T10:36:17;GE1;site;RIS;rapide;2026-10-01 17:00;BEST_GUESS;OK;204704;1380;206084;8192;7834
2026-09-26T10:36:17;BFC1;site;VITRY;rapide;2026-10-01 17:00;BEST_GUESS;OK;312203;0;312203;10941;10719
2026-09-26T10:36:17;BFC1;site;RIS;rapide;2026-10-01 17:00;BEST_GUESS;OK;290785;1380;292165;9803;9824
2026-09-26T10:36:17;E_A1;entree;RIS;acces_impose;2026-10-01 17:00;BEST_GUESS;OK;67584;1380;68964;5228;3457
2026-09-26T10:36:17;E_A1;entree;RIS;impose_ouest;2026-10-01 17:00;BEST_GUESS;OK;86345;1380;87725;6280;4305
2026-09-26T10:36:18;E_A4;entree;RIS;acces_impose;2026-10-01 17:00;BEST_GUESS;OK;95907;1380;97287;4703;3915
2026-09-26T10:36:18;E_A4;entree;RIS;impose_est;2026-10-01 17:00;BEST_GUESS;OK;95907;1380;97287;4703;3915
2026-09-26T10:36:18;E_A5;entree;RIS;acces_impose;2026-10-01 17:00;BEST_GUESS;OK;74032;1380;75412;3131;2802
2026-09-26T10:36:18;E_A5;entree;RIS;impose_est;2026-10-01 17:00;BEST_GUESS;OK;74032;1380;75412;3131;2802
2026-09-26T10:36:18;E_A6;entree;RIS;acces_impose;2026-10-01 17:00;BEST_GUESS;OK;72354;1380;73734;2774;2641
2026-09-26T10:36:18;E_A6;entree;RIS;impose_est;2026-10-01 17:00;BEST_GUESS;OK;86270;1380;87650;3779;3292
2026-09-26T10:36:19;E_A10;entree;RIS;acces_impose;2026-10-01 17:00;BEST_GUESS;OK;59203;1380;60583;2865;2411
2026-09-26T10:36:19;E_A10;entree;RIS;impose_ouest;2026-10-01 17:00;BEST_GUESS;OK;59203;1380;60583;2865;2411
2026-09-26T10:36:19;E_A11;entree;RIS;acces_impose;2026-10-01 17:00;BEST_GUESS;OK;58437;1380;59817;3042;2527
2026-09-26T10:36:19;E_A11;entree;RIS;impose_ouest;2026-10-01 17:00;BEST_GUESS;OK;58437;1380;59817;3042;2527
2026-09-26T10:36:19;E_A13;entree;RIS;acces_impose;2026-10-01 17:00;BEST_GUESS;OK;100919;1380;102299;5219;4105
2026-09-26T10:36:20;E_A13;entree;RIS;impose_ouest;2026-10-01 17:00;BEST_GUESS;OK;115696;1380;117076;5591;4740
2026-09-26T10:36:20;E_A16;entree;RIS;acces_impose;2026-10-01 17:00;BEST_GUESS;OK;91380;1380;92760;5824;4341
2026-09-26T10:36:20;E_A16;entree;RIS;impose_ouest;2026-10-01 17:00;BEST_GUESS;OK;106157;1380;107537;6216;4977
2026-09-26T10:36:20;IDF1;site;RIS;acces_impose;2026-10-01 17:00;BEST_GUESS;OK;60653;1380;62033;5551;3740
2026-09-26T10:36:21;IDF1;site;RIS;impose_ouest;2026-10-01 17:00;BEST_GUESS;OK;79415;1380;80795;6572;4588
2026-09-26T10:36:21;IDF2;site;RIS;acces_impose;2026-10-01 17:00;BEST_GUESS;OK;14026;1380;15406;1304;1177
2026-09-26T10:36:21;IDF2;site;RIS;impose_ouest;2026-10-01 17:00;BEST_GUESS;OK;23176;1380;24556;1970;1590
2026-09-26T10:36:21;IDF3;site;RIS;acces_impose;2026-10-01 17:00;BEST_GUESS;OK;92571;1380;93951;6112;4715
2026-09-26T10:36:21;IDF3;site;RIS;impose_ouest;2026-10-01 17:00;BEST_GUESS;OK;107348;1380;108728;6538;5350
2026-09-26T10:36:22;IDF4;site;RIS;acces_impose;2026-10-01 17:00;BEST_GUESS;OK;49937;1380;51317;5037;3308
2026-09-26T10:36:22;IDF4;site;RIS;impose_ouest;2026-10-01 17:00;BEST_GUESS;OK;68699;1380;70079;6094;4155
2026-09-26T10:36:22;IDF5;site;RIS;acces_impose;2026-10-01 17:00;BEST_GUESS;OK;50047;1380;51427;5044;3526
2026-09-26T10:36:22;IDF5;site;RIS;impose_ouest;2026-10-01 17:00;BEST_GUESS;OK;68809;1380;70189;6101;4374
2026-09-26T10:36:22;IDF6;site;RIS;acces_impose;2026-10-01 17:00;BEST_GUESS;OK;59022;1380;60402;4670;3179
2026-09-26T10:36:22;IDF6;site;RIS;impose_ouest;2026-10-01 17:00;BEST_GUESS;OK;73799;1380;75179;5046;3814
2026-09-26T10:36:23;IDF7;site;RIS;acces_impose;2026-10-01 17:00;BEST_GUESS;OK;57906;1380;59286;4434;3058
2026-09-26T10:36:23;IDF7;site;RIS;impose_ouest;2026-10-01 17:00;BEST_GUESS;OK;72682;1380;74062;4823;3693
2026-09-26T10:36:23;IDF8;site;RIS;acces_impose;2026-10-01 17:00;BEST_GUESS;OK;67876;1380;69256;4106;3352
2026-09-26T10:36:23;IDF8;site;RIS;impose_est;2026-10-01 17:00;BEST_GUESS;OK;67876;1380;69256;4106;3352
2026-09-26T10:36:23;IDF9;site;RIS;acces_impose;2026-10-01 17:00;BEST_GUESS;OK;55209;1380;56589;4694;3306
2026-09-26T10:36:24;IDF9;site;RIS;impose_ouest;2026-10-01 17:00;BEST_GUESS;OK;69985;1380;71365;5060;3941
2026-09-26T10:36:24;IDF10;site;RIS;acces_impose;2026-10-01 17:00;BEST_GUESS;OK;53126;1380;54506;5037;3247
2026-09-26T10:36:24;IDF10;site;RIS;impose_ouest;2026-10-01 17:00;BEST_GUESS;OK;71888;1380;73268;6095;4094
2026-09-26T10:36:24;IDF11;site;RIS;acces_impose;2026-10-01 17:00;BEST_GUESS;OK;72285;1380;73665;3989;3233
2026-09-26T10:36:25;IDF11;site;RIS;impose_est;2026-10-01 17:00;BEST_GUESS;OK;72285;1380;73665;3989;3233
2026-09-26T10:36:25;IDF12;site;RIS;acces_impose;2026-10-01 17:00;BEST_GUESS;OK;34869;1380;36249;3291;2106
2026-09-26T10:36:25;IDF12;site;RIS;impose_est;2026-10-01 17:00;BEST_GUESS;OK;32483;1380;33863;2753;2372
2026-09-26T10:36:25;IDF13;site;RIS;acces_impose;2026-10-01 17:00;BEST_GUESS;OK;36001;1380;37381;2323;1960
2026-09-26T10:36:25;IDF13;site;RIS;impose_est;2026-10-01 17:00;BEST_GUESS;OK;36001;1380;37381;2323;1960
2026-09-26T10:36:26;IDF14;site;RIS;acces_impose;2026-10-01 17:00;BEST_GUESS;OK;16078;1380;17458;2109;1912
2026-09-26T10:36:26;IDF14;site;RIS;impose_est;2026-10-01 17:00;BEST_GUESS;OK;33504;1380;34884;2449;2057
2026-09-26T10:36:26;IDF15;site;RIS;acces_impose;2026-10-01 17:00;BEST_GUESS;OK;55151;1380;56531;3969;2819
2026-09-26T10:36:26;IDF15;site;RIS;impose_ouest;2026-10-01 17:00;BEST_GUESS;OK;69927;1380;71307;4404;3454
2026-09-26T10:36:26;HDF1;site;RIS;acces_impose;2026-10-01 17:00;BEST_GUESS;OK;228870;1380;230250;11264;10000
2026-09-26T10:36:27;HDF1;site;RIS;impose_est;2026-10-01 17:00;BEST_GUESS;OK;224950;1380;226330;10574;10145
2026-09-26T10:36:27;HDF2;site;RIS;acces_impose;2026-10-01 17:00;BEST_GUESS;OK;222412;1380;223792;10415;8889
2026-09-26T10:36:27;HDF2;site;RIS;impose_ouest;2026-10-01 17:00;BEST_GUESS;OK;241174;1380;242554;11282;9736
2026-09-26T10:36:28;HDF3;site;RIS;acces_impose;2026-10-01 17:00;BEST_GUESS;OK;270399;1380;271779;11975;11024
2026-09-26T10:36:28;HDF3;site;RIS;impose_ouest;2026-10-01 17:00;BEST_GUESS;OK;289161;1380;290541;12805;11871
2026-09-26T10:36:28;HDF4;site;RIS;acces_impose;2026-10-01 17:00;BEST_GUESS;OK;222410;1380;223790;10544;9013
2026-09-26T10:36:29;HDF4;site;RIS;impose_ouest;2026-10-01 17:00;BEST_GUESS;OK;241172;1380;242552;11410;9861
2026-09-26T10:36:29;HDF5;site;RIS;acces_impose;2026-10-01 17:00;BEST_GUESS;OK;243220;1380;244600;11138;9741
2026-09-26T10:36:29;HDF5;site;RIS;impose_ouest;2026-10-01 17:00;BEST_GUESS;OK;261982;1380;263362;11976;10588
2026-09-26T10:36:30;NOR1;site;RIS;acces_impose;2026-10-01 17:00;BEST_GUESS;OK;218404;1380;219784;9065;8179
2026-09-26T10:36:30;NOR1;site;RIS;impose_ouest;2026-10-01 17:00;BEST_GUESS;OK;233181;1380;234561;9317;8814
2026-09-26T10:36:30;NOR2;site;RIS;acces_impose;2026-10-01 17:00;BEST_GUESS;OK;147795;1380;149175;6799;5767
2026-09-26T10:36:30;NOR2;site;RIS;impose_ouest;2026-10-01 17:00;BEST_GUESS;OK;162572;1380;163952;7141;6402
2026-09-26T10:36:31;NOR3;site;RIS;acces_impose;2026-10-01 17:00;BEST_GUESS;OK;142728;1380;144108;7018;5877
2026-09-26T10:36:31;NOR3;site;RIS;impose_ouest;2026-10-01 17:00;BEST_GUESS;OK;157505;1380;158885;7338;6512
2026-09-26T10:36:31;CVL1;site;RIS;acces_impose;2026-10-01 17:00;BEST_GUESS;OK;222599;1380;223979;8013;7981
2026-09-26T10:36:31;CVL1;site;RIS;impose_ouest;2026-10-01 17:00;BEST_GUESS;OK;222599;1380;223979;8013;7981
2026-09-26T10:36:32;CVL2;site;RIS;acces_impose;2026-10-01 17:00;BEST_GUESS;OK;258419;1380;259799;9944;9975
2026-09-26T10:36:32;CVL2;site;RIS;impose_ouest;2026-10-01 17:00;BEST_GUESS;OK;258419;1380;259799;9944;9975
2026-09-26T10:36:32;CVL3;site;RIS;acces_impose;2026-10-01 17:00;BEST_GUESS;OK;126864;1380;128244;5310;5006
2026-09-26T10:36:32;CVL3;site;RIS;impose_ouest;2026-10-01 17:00;BEST_GUESS;OK;126864;1380;128244;5310;5006
2026-09-26T10:36:33;GE1;site;RIS;acces_impose;2026-10-01 17:00;BEST_GUESS;OK;208102;1380;209482;8136;7779
2026-09-26T10:36:33;GE1;site;RIS;impose_est;2026-10-01 17:00;BEST_GUESS;OK;208102;1380;209482;8136;7779
2026-09-26T10:36:33;BFC1;site;RIS;acces_impose;2026-10-01 17:00;BEST_GUESS;OK;290785;1380;292165;9803;9823
2026-09-26T10:36:33;BFC1;site;RIS;impose_est;2026-10-01 17:00;BEST_GUESS;OK;304701;1380;306081;10498;10474
2026-09-26T10:36:34;E_A1;entree;VITRY;rapide;2026-10-01 18:00;BEST_GUESS;OK;48820;0;48820;3604;2558
2026-09-26T10:36:34;E_A1;entree;RIS;rapide;2026-10-01 18:00;BEST_GUESS;OK;65882;1380;67262;5267;3448
2026-09-26T10:36:34;E_A4;entree;VITRY;rapide;2026-10-01 18:00;BEST_GUESS;OK;73090;0;73090;3325;3052
2026-09-26T10:36:34;E_A4;entree;RIS;rapide;2026-10-01 18:00;BEST_GUESS;OK;92509;1380;93889;4398;3971
2026-09-26T10:36:34;E_A5;entree;VITRY;rapide;2026-10-01 18:00;BEST_GUESS;OK;82488;0;82488;3690;3626
2026-09-26T10:36:34;E_A5;entree;RIS;rapide;2026-10-01 18:00;BEST_GUESS;OK;70634;1380;72014;3035;2857
2026-09-26T10:36:34;E_A6;entree;VITRY;rapide;2026-10-01 18:00;BEST_GUESS;OK;93772;0;93772;4033;3537
2026-09-26T10:36:34;E_A6;entree;RIS;rapide;2026-10-01 18:00;BEST_GUESS;OK;72354;1380;73734;2736;2642
2026-09-26T10:36:34;E_A10;entree;VITRY;rapide;2026-10-01 18:00;BEST_GUESS;OK;62958;0;62958;3080;2617
2026-09-26T10:36:34;E_A10;entree;RIS;rapide;2026-10-01 18:00;BEST_GUESS;OK;59203;1380;60583;2655;2411
2026-09-26T10:36:34;E_A11;entree;VITRY;rapide;2026-10-01 18:00;BEST_GUESS;OK;62192;0;62192;3216;2733
2026-09-26T10:36:34;E_A11;entree;RIS;rapide;2026-10-01 18:00;BEST_GUESS;OK;58437;1380;59817;2755;2528
2026-09-26T10:36:34;E_A13;entree;VITRY;rapide;2026-10-01 18:00;BEST_GUESS;OK;92461;0;92461;4502;3779
2026-09-26T10:36:34;E_A13;entree;RIS;rapide;2026-10-01 18:00;BEST_GUESS;OK;99218;1380;100598;4967;4096
2026-09-26T10:36:34;E_A16;entree;VITRY;rapide;2026-10-01 18:00;BEST_GUESS;OK;69185;0;69185;4639;3564
2026-09-26T10:36:34;E_A16;entree;RIS;rapide;2026-10-01 18:00;BEST_GUESS;OK;89679;1380;91059;5590;4332
2026-09-26T10:36:34;IDF1;site;VITRY;rapide;2026-10-01 18:00;BEST_GUESS;OK;41890;0;41890;3879;2841
2026-09-26T10:36:34;IDF1;site;RIS;rapide;2026-10-01 18:00;BEST_GUESS;OK;58952;1380;60332;5499;3731
2026-09-26T10:36:34;IDF2;site;VITRY;rapide;2026-10-01 18:00;BEST_GUESS;OK;35448;0;35448;2651;2082
2026-09-26T10:36:34;IDF2;site;RIS;rapide;2026-10-01 18:00;BEST_GUESS;OK;14026;1380;15406;1306;1177
2026-09-26T10:36:34;IDF3;site;VITRY;rapide;2026-10-01 18:00;BEST_GUESS;OK;66563;0;66563;4919;3895
2026-09-26T10:36:34;IDF3;site;RIS;rapide;2026-10-01 18:00;BEST_GUESS;OK;90870;1380;92250;5912;4706
2026-09-26T10:36:34;IDF4;site;VITRY;rapide;2026-10-01 18:00;BEST_GUESS;OK;31174;0;31174;3181;2409
2026-09-26T10:36:34;IDF4;site;RIS;rapide;2026-10-01 18:00;BEST_GUESS;OK;48236;1380;49616;4889;3299
2026-09-26T10:36:34;IDF5;site;VITRY;rapide;2026-10-01 18:00;BEST_GUESS;OK;27596;0;27596;3675;2839
2026-09-26T10:36:34;IDF5;site;RIS;rapide;2026-10-01 18:00;BEST_GUESS;OK;48346;1380;49726;5120;3517
2026-09-26T10:36:34;IDF6;site;VITRY;rapide;2026-10-01 18:00;BEST_GUESS;OK;41449;0;41449;3794;2811
2026-09-26T10:36:34;IDF6;site;RIS;rapide;2026-10-01 18:00;BEST_GUESS;OK;57321;1380;58701;4548;3170
2026-09-26T10:36:34;IDF7;site;VITRY;rapide;2026-10-01 18:00;BEST_GUESS;OK;40735;0;40735;3675;2678
2026-09-26T10:36:34;IDF7;site;RIS;rapide;2026-10-01 18:00;BEST_GUESS;OK;56204;1380;57584;4309;3049
2026-09-26T10:36:34;IDF8;site;VITRY;rapide;2026-10-01 18:00;BEST_GUESS;OK;45059;0;45059;2788;2489
2026-09-26T10:36:34;IDF8;site;RIS;rapide;2026-10-01 18:00;BEST_GUESS;OK;64478;1380;65858;3883;3408
2026-09-26T10:36:34;IDF9;site;VITRY;rapide;2026-10-01 18:00;BEST_GUESS;OK;46751;0;46751;4048;2980
2026-09-26T10:36:34;IDF9;site;RIS;rapide;2026-10-01 18:00;BEST_GUESS;OK;53507;1380;54887;4507;3297
2026-09-26T10:36:34;IDF10;site;VITRY;rapide;2026-10-01 18:00;BEST_GUESS;OK;34363;0;34363;3422;2347
2026-09-26T10:36:34;IDF10;site;RIS;rapide;2026-10-01 18:00;BEST_GUESS;OK;51425;1380;52805;5104;3238
2026-09-26T10:36:34;IDF11;site;VITRY;rapide;2026-10-01 18:00;BEST_GUESS;OK;49468;0;49468;2682;2370
2026-09-26T10:36:34;IDF11;site;RIS;rapide;2026-10-01 18:00;BEST_GUESS;OK;68887;1380;70267;3788;3288
2026-09-26T10:36:34;IDF12;site;VITRY;rapide;2026-10-01 18:00;BEST_GUESS;OK;11528;0;11528;1159;1049
2026-09-26T10:36:34;IDF12;site;RIS;rapide;2026-10-01 18:00;BEST_GUESS;OK;14828;1380;16208;2241;1956
2026-09-26T10:36:34;IDF13;site;VITRY;rapide;2026-10-01 18:00;BEST_GUESS;OK;38905;0;38905;2682;2536
2026-09-26T10:36:34;IDF13;site;RIS;rapide;2026-10-01 18:00;BEST_GUESS;OK;32603;1380;33983;2330;2015
2026-09-26T10:36:34;IDF14;site;VITRY;rapide;2026-10-01 18:00;BEST_GUESS;OK;7704;0;7704;1349;1243
2026-09-26T10:36:34;IDF14;site;RIS;rapide;2026-10-01 18:00;BEST_GUESS;OK;10572;1380;11952;1416;1306
2026-09-26T10:36:34;IDF15;site;VITRY;rapide;2026-10-01 18:00;BEST_GUESS;OK;46693;0;46693;3383;2492
2026-09-26T10:36:34;IDF15;site;RIS;rapide;2026-10-01 18:00;BEST_GUESS;OK;53449;1380;54829;3869;2809
2026-09-26T10:36:34;HDF1;site;VITRY;rapide;2026-10-01 18:00;BEST_GUESS;OK;210106;0;210106;9382;9101
2026-09-26T10:36:34;HDF1;site;RIS;rapide;2026-10-01 18:00;BEST_GUESS;OK;227168;1380;228548;10359;9991
2026-09-26T10:36:34;HDF2;site;VITRY;rapide;2026-10-01 18:00;BEST_GUESS;OK;203649;0;203649;8536;7989
2026-09-26T10:36:34;HDF2;site;RIS;rapide;2026-10-01 18:00;BEST_GUESS;OK;220711;1380;222091;9548;8880
2026-09-26T10:36:34;HDF3;site;VITRY;rapide;2026-10-01 18:00;BEST_GUESS;OK;251636;0;251636;10266;10124
2026-09-26T10:36:34;HDF3;site;RIS;rapide;2026-10-01 18:00;BEST_GUESS;OK;268698;1380;270078;11279;11014
2026-09-26T10:36:34;HDF4;site;VITRY;rapide;2026-10-01 18:00;BEST_GUESS;OK;203646;0;203646;8685;8114
2026-09-26T10:36:34;HDF4;site;RIS;rapide;2026-10-01 18:00;BEST_GUESS;OK;220708;1380;222088;9682;9004
2026-09-26T10:36:34;HDF5;site;VITRY;rapide;2026-10-01 18:00;BEST_GUESS;OK;224457;0;224457;9235;8842
2026-09-26T10:36:34;HDF5;site;RIS;rapide;2026-10-01 18:00;BEST_GUESS;OK;241519;1380;242899;10219;9732
2026-09-26T10:36:34;NOR1;site;VITRY;rapide;2026-10-01 18:00;BEST_GUESS;OK;209946;0;209946;8175;7853
2026-09-26T10:36:34;NOR1;site;RIS;rapide;2026-10-01 18:00;BEST_GUESS;OK;216703;1380;218083;8479;8170
2026-09-26T10:36:34;NOR2;site;VITRY;rapide;2026-10-01 18:00;BEST_GUESS;OK;139338;0;139338;6007;5440
2026-09-26T10:36:34;NOR2;site;RIS;rapide;2026-10-01 18:00;BEST_GUESS;OK;146094;1380;147474;6465;5757
2026-09-26T10:36:34;NOR3;site;VITRY;rapide;2026-10-01 18:00;BEST_GUESS;OK;134270;0;134270;6146;5551
2026-09-26T10:36:34;NOR3;site;RIS;rapide;2026-10-01 18:00;BEST_GUESS;OK;141027;1380;142407;6597;5868
2026-09-26T10:36:34;CVL1;site;VITRY;rapide;2026-10-01 18:00;BEST_GUESS;OK;226353;0;226353;8183;8187
2026-09-26T10:36:34;CVL1;site;RIS;rapide;2026-10-01 18:00;BEST_GUESS;OK;222599;1380;223979;7851;7982
2026-09-26T10:36:34;CVL2;site;VITRY;rapide;2026-10-01 18:00;BEST_GUESS;OK;262174;0;262174;10004;10181
2026-09-26T10:36:34;CVL2;site;RIS;rapide;2026-10-01 18:00;BEST_GUESS;OK;258419;1380;259799;9776;9975
2026-09-26T10:36:34;CVL3;site;VITRY;rapide;2026-10-01 18:00;BEST_GUESS;OK;130619;0;130619;5520;5212
2026-09-26T10:36:34;CVL3;site;RIS;rapide;2026-10-01 18:00;BEST_GUESS;OK;126864;1380;128244;5053;5006
2026-09-26T10:36:34;GE1;site;VITRY;rapide;2026-10-01 18:00;BEST_GUESS;OK;185285;0;185285;6862;6915
2026-09-26T10:36:34;GE1;site;RIS;rapide;2026-10-01 18:00;BEST_GUESS;OK;204704;1380;206084;7892;7834
2026-09-26T10:36:34;BFC1;site;VITRY;rapide;2026-10-01 18:00;BEST_GUESS;OK;312203;0;312203;10636;10719
2026-09-26T10:36:34;BFC1;site;RIS;rapide;2026-10-01 18:00;BEST_GUESS;OK;290785;1380;292165;9779;9824
2026-09-26T10:36:34;E_A1;entree;RIS;acces_impose;2026-10-01 18:00;BEST_GUESS;OK;67584;1380;68964;5264;3457
2026-09-26T10:36:34;E_A1;entree;RIS;impose_ouest;2026-10-01 18:00;BEST_GUESS;OK;86345;1380;87725;6145;4305
2026-09-26T10:36:34;E_A4;entree;RIS;acces_impose;2026-10-01 18:00;BEST_GUESS;OK;95907;1380;97287;4348;3915
2026-09-26T10:36:35;E_A4;entree;RIS;impose_est;2026-10-01 18:00;BEST_GUESS;OK;95907;1380;97287;4348;3915
2026-09-26T10:36:35;E_A5;entree;RIS;acces_impose;2026-10-01 18:00;BEST_GUESS;OK;74032;1380;75412;3000;2802
2026-09-26T10:36:35;E_A5;entree;RIS;impose_est;2026-10-01 18:00;BEST_GUESS;OK;74032;1380;75412;3000;2802
2026-09-26T10:36:35;E_A6;entree;RIS;acces_impose;2026-10-01 18:00;BEST_GUESS;OK;72354;1380;73734;2736;2641
2026-09-26T10:36:35;E_A6;entree;RIS;impose_est;2026-10-01 18:00;BEST_GUESS;OK;86270;1380;87650;3569;3292
2026-09-26T10:36:36;E_A10;entree;RIS;acces_impose;2026-10-01 18:00;BEST_GUESS;OK;59203;1380;60583;2655;2411
2026-09-26T10:36:36;E_A10;entree;RIS;impose_ouest;2026-10-01 18:00;BEST_GUESS;OK;59203;1380;60583;2655;2411
2026-09-26T10:36:36;E_A11;entree;RIS;acces_impose;2026-10-01 18:00;BEST_GUESS;OK;58437;1380;59817;2755;2527
2026-09-26T10:36:36;E_A11;entree;RIS;impose_ouest;2026-10-01 18:00;BEST_GUESS;OK;58437;1380;59817;2755;2527
2026-09-26T10:36:36;E_A13;entree;RIS;acces_impose;2026-10-01 18:00;BEST_GUESS;OK;100919;1380;102299;4963;4105
2026-09-26T10:36:36;E_A13;entree;RIS;impose_ouest;2026-10-01 18:00;BEST_GUESS;OK;115696;1380;117076;5238;4740
2026-09-26T10:36:37;E_A16;entree;RIS;acces_impose;2026-10-01 18:00;BEST_GUESS;OK;91380;1380;92760;5588;4341
2026-09-26T10:36:37;E_A16;entree;RIS;impose_ouest;2026-10-01 18:00;BEST_GUESS;OK;106157;1380;107537;5854;4977
2026-09-26T10:36:37;IDF1;site;RIS;acces_impose;2026-10-01 18:00;BEST_GUESS;OK;60653;1380;62033;5498;3740
2026-09-26T10:36:37;IDF1;site;RIS;impose_ouest;2026-10-01 18:00;BEST_GUESS;OK;79415;1380;80795;6370;4588
2026-09-26T10:36:38;IDF2;site;RIS;acces_impose;2026-10-01 18:00;BEST_GUESS;OK;14026;1380;15406;1306;1177
2026-09-26T10:36:38;IDF2;site;RIS;impose_ouest;2026-10-01 18:00;BEST_GUESS;OK;23176;1380;24556;1795;1590
2026-09-26T10:36:38;IDF3;site;RIS;acces_impose;2026-10-01 18:00;BEST_GUESS;OK;92571;1380;93951;5909;4715
2026-09-26T10:36:38;IDF3;site;RIS;impose_ouest;2026-10-01 18:00;BEST_GUESS;OK;107348;1380;108728;6205;5350
2026-09-26T10:36:38;IDF4;site;RIS;acces_impose;2026-10-01 18:00;BEST_GUESS;OK;49937;1380;51317;4884;3308
2026-09-26T10:36:38;IDF4;site;RIS;impose_ouest;2026-10-01 18:00;BEST_GUESS;OK;68699;1380;70079;5782;4155
2026-09-26T10:36:39;IDF5;site;RIS;acces_impose;2026-10-01 18:00;BEST_GUESS;OK;50047;1380;51427;5112;3526
2026-09-26T10:36:39;IDF5;site;RIS;impose_ouest;2026-10-01 18:00;BEST_GUESS;OK;68809;1380;70189;6008;4374
2026-09-26T10:36:39;IDF6;site;RIS;acces_impose;2026-10-01 18:00;BEST_GUESS;OK;59022;1380;60402;4543;3179
2026-09-26T10:36:39;IDF6;site;RIS;impose_ouest;2026-10-01 18:00;BEST_GUESS;OK;73799;1380;75179;4781;3814
2026-09-26T10:36:39;IDF7;site;RIS;acces_impose;2026-10-01 18:00;BEST_GUESS;OK;57906;1380;59286;4301;3058
2026-09-26T10:36:40;IDF7;site;RIS;impose_ouest;2026-10-01 18:00;BEST_GUESS;OK;72682;1380;74062;4531;3693
2026-09-26T10:36:40;IDF8;site;RIS;acces_impose;2026-10-01 18:00;BEST_GUESS;OK;67876;1380;69256;3820;3352
2026-09-26T10:36:40;IDF8;site;RIS;impose_est;2026-10-01 18:00;BEST_GUESS;OK;67876;1380;69256;3820;3352
2026-09-26T10:36:40;IDF9;site;RIS;acces_impose;2026-10-01 18:00;BEST_GUESS;OK;55209;1380;56589;4503;3306
2026-09-26T10:36:40;IDF9;site;RIS;impose_ouest;2026-10-01 18:00;BEST_GUESS;OK;69985;1380;71365;4739;3941
2026-09-26T10:36:41;IDF10;site;RIS;acces_impose;2026-10-01 18:00;BEST_GUESS;OK;53126;1380;54506;5095;3247
2026-09-26T10:36:41;IDF10;site;RIS;impose_ouest;2026-10-01 18:00;BEST_GUESS;OK;71888;1380;73268;5992;4094
2026-09-26T10:36:41;IDF11;site;RIS;acces_impose;2026-10-01 18:00;BEST_GUESS;OK;72285;1380;73665;3726;3233
2026-09-26T10:36:41;IDF11;site;RIS;impose_est;2026-10-01 18:00;BEST_GUESS;OK;72285;1380;73665;3726;3233
2026-09-26T10:36:41;IDF12;site;RIS;acces_impose;2026-10-01 18:00;BEST_GUESS;OK;34869;1380;36249;3072;2106
2026-09-26T10:36:42;IDF12;site;RIS;impose_est;2026-10-01 18:00;BEST_GUESS;OK;32483;1380;33863;2686;2372
2026-09-26T10:36:42;IDF13;site;RIS;acces_impose;2026-10-01 18:00;BEST_GUESS;OK;36001;1380;37381;2349;1960
2026-09-26T10:36:42;IDF13;site;RIS;impose_est;2026-10-01 18:00;BEST_GUESS;OK;36001;1380;37381;2349;1960
2026-09-26T10:36:42;IDF14;site;RIS;acces_impose;2026-10-01 18:00;BEST_GUESS;OK;16078;1380;17458;2080;1912
2026-09-26T10:36:42;IDF14;site;RIS;impose_est;2026-10-01 18:00;BEST_GUESS;OK;33504;1380;34884;2431;2057
2026-09-26T10:36:43;IDF15;site;RIS;acces_impose;2026-10-01 18:00;BEST_GUESS;OK;55151;1380;56531;3860;2819
2026-09-26T10:36:43;IDF15;site;RIS;impose_ouest;2026-10-01 18:00;BEST_GUESS;OK;69927;1380;71307;4120;3454
2026-09-26T10:36:43;HDF1;site;RIS;acces_impose;2026-10-01 18:00;BEST_GUESS;OK;228870;1380;230250;10368;10000
2026-09-26T10:36:43;HDF1;site;RIS;impose_est;2026-10-01 18:00;BEST_GUESS;OK;224950;1380;226330;10166;10145
2026-09-26T10:36:44;HDF2;site;RIS;acces_impose;2026-10-01 18:00;BEST_GUESS;OK;222412;1380;223792;9557;8889
2026-09-26T10:36:44;HDF2;site;RIS;impose_ouest;2026-10-01 18:00;BEST_GUESS;OK;241174;1380;242554;10367;9736
2026-09-26T10:36:44;HDF3;site;RIS;acces_impose;2026-10-01 18:00;BEST_GUESS;OK;270399;1380;271779;11288;11024
2026-09-26T10:36:44;HDF3;site;RIS;impose_ouest;2026-10-01 18:00;BEST_GUESS;OK;289161;1380;290541;12091;11871
2026-09-26T10:36:45;HDF4;site;RIS;acces_impose;2026-10-01 18:00;BEST_GUESS;OK;222410;1380;223790;9691;9013
2026-09-26T10:36:45;HDF4;site;RIS;impose_ouest;2026-10-01 18:00;BEST_GUESS;OK;241172;1380;242552;10498;9861
2026-09-26T10:36:45;HDF5;site;RIS;acces_impose;2026-10-01 18:00;BEST_GUESS;OK;243220;1380;244600;10227;9741
2026-09-26T10:36:46;HDF5;site;RIS;impose_ouest;2026-10-01 18:00;BEST_GUESS;OK;261982;1380;263362;11028;10588
2026-09-26T10:36:46;NOR1;site;RIS;acces_impose;2026-10-01 18:00;BEST_GUESS;OK;218404;1380;219784;8479;8179
2026-09-26T10:36:46;NOR1;site;RIS;impose_ouest;2026-10-01 18:00;BEST_GUESS;OK;233181;1380;234561;8906;8814
2026-09-26T10:36:46;NOR2;site;RIS;acces_impose;2026-10-01 18:00;BEST_GUESS;OK;147795;1380;149175;6452;5767
2026-09-26T10:36:47;NOR2;site;RIS;impose_ouest;2026-10-01 18:00;BEST_GUESS;OK;162572;1380;163952;6761;6402
2026-09-26T10:36:47;NOR3;site;RIS;acces_impose;2026-10-01 18:00;BEST_GUESS;OK;142728;1380;144108;6584;5877
2026-09-26T10:36:47;NOR3;site;RIS;impose_ouest;2026-10-01 18:00;BEST_GUESS;OK;157505;1380;158885;6905;6512
2026-09-26T10:36:47;CVL1;site;RIS;acces_impose;2026-10-01 18:00;BEST_GUESS;OK;222599;1380;223979;7851;7981
2026-09-26T10:36:47;CVL1;site;RIS;impose_ouest;2026-10-01 18:00;BEST_GUESS;OK;222599;1380;223979;7851;7981
2026-09-26T10:36:48;CVL2;site;RIS;acces_impose;2026-10-01 18:00;BEST_GUESS;OK;258419;1380;259799;9776;9975
2026-09-26T10:36:48;CVL2;site;RIS;impose_ouest;2026-10-01 18:00;BEST_GUESS;OK;258419;1380;259799;9776;9975
2026-09-26T10:36:48;CVL3;site;RIS;acces_impose;2026-10-01 18:00;BEST_GUESS;OK;126864;1380;128244;5053;5006
2026-09-26T10:36:48;CVL3;site;RIS;impose_ouest;2026-10-01 18:00;BEST_GUESS;OK;126864;1380;128244;5053;5006
2026-09-26T10:36:49;GE1;site;RIS;acces_impose;2026-10-01 18:00;BEST_GUESS;OK;208102;1380;209482;7822;7779
2026-09-26T10:36:49;GE1;site;RIS;impose_est;2026-10-01 18:00;BEST_GUESS;OK;208102;1380;209482;7822;7779
2026-09-26T10:36:49;BFC1;site;RIS;acces_impose;2026-10-01 18:00;BEST_GUESS;OK;290785;1380;292165;9779;9823
2026-09-26T10:36:49;BFC1;site;RIS;impose_est;2026-10-01 18:00;BEST_GUESS;OK;304701;1380;306081;10402;10474
2026-09-26T10:36:50;E_A1;entree;VITRY;rapide;2026-10-01 19:00;BEST_GUESS;OK;48820;0;48820;3319;2558
2026-09-26T10:36:50;E_A1;entree;RIS;rapide;2026-10-01 19:00;BEST_GUESS;OK;65882;1380;67262;4491;3448
2026-09-26T10:36:50;E_A4;entree;VITRY;rapide;2026-10-01 19:00;BEST_GUESS;OK;73089;0;73089;3088;3052
2026-09-26T10:36:50;E_A4;entree;RIS;rapide;2026-10-01 19:00;BEST_GUESS;OK;92509;1380;93889;4118;3971
2026-09-26T10:36:50;E_A5;entree;VITRY;rapide;2026-10-01 19:00;BEST_GUESS;OK;82488;0;82488;3602;3626
2026-09-26T10:36:50;E_A5;entree;RIS;rapide;2026-10-01 19:00;BEST_GUESS;OK;70634;1380;72014;2902;2857
2026-09-26T10:36:50;E_A6;entree;VITRY;rapide;2026-10-01 19:00;BEST_GUESS;OK;93772;0;93772;3749;3537
2026-09-26T10:36:50;E_A6;entree;RIS;rapide;2026-10-01 19:00;BEST_GUESS;OK;72354;1380;73734;2612;2642
2026-09-26T10:36:50;E_A10;entree;VITRY;rapide;2026-10-01 19:00;BEST_GUESS;OK;62958;0;62958;2871;2617
2026-09-26T10:36:50;E_A10;entree;RIS;rapide;2026-10-01 19:00;BEST_GUESS;OK;59203;1380;60583;2439;2411
2026-09-26T10:36:50;E_A11;entree;VITRY;rapide;2026-10-01 19:00;BEST_GUESS;OK;62192;0;62192;2991;2733
2026-09-26T10:36:50;E_A11;entree;RIS;rapide;2026-10-01 19:00;BEST_GUESS;OK;58437;1380;59817;2553;2528
2026-09-26T10:36:50;E_A13;entree;VITRY;rapide;2026-10-01 19:00;BEST_GUESS;OK;92461;0;92461;4172;3779
2026-09-26T10:36:50;E_A13;entree;RIS;rapide;2026-10-01 19:00;BEST_GUESS;OK;99218;1380;100598;4479;4096
2026-09-26T10:36:50;E_A16;entree;VITRY;rapide;2026-10-01 19:00;BEST_GUESS;OK;69185;0;69185;4236;3564
2026-09-26T10:36:50;E_A16;entree;RIS;rapide;2026-10-01 19:00;BEST_GUESS;OK;89679;1380;91059;4921;4332
2026-09-26T10:36:50;IDF1;site;VITRY;rapide;2026-10-01 19:00;BEST_GUESS;OK;41890;0;41890;3597;2841
2026-09-26T10:36:50;IDF1;site;RIS;rapide;2026-10-01 19:00;BEST_GUESS;OK;58952;1380;60332;4726;3731
2026-09-26T10:36:50;IDF2;site;VITRY;rapide;2026-10-01 19:00;BEST_GUESS;OK;35448;0;35448;2451;2082
2026-09-26T10:36:50;IDF2;site;RIS;rapide;2026-10-01 19:00;BEST_GUESS;OK;14026;1380;15406;1198;1177
2026-09-26T10:36:50;IDF3;site;VITRY;rapide;2026-10-01 19:00;BEST_GUESS;OK;66563;0;66563;4478;3895
2026-09-26T10:36:50;IDF3;site;RIS;rapide;2026-10-01 19:00;BEST_GUESS;OK;90870;1380;92250;5260;4706
2026-09-26T10:36:50;IDF4;site;VITRY;rapide;2026-10-01 19:00;BEST_GUESS;OK;31174;0;31174;2954;2409
2026-09-26T10:36:50;IDF4;site;RIS;rapide;2026-10-01 19:00;BEST_GUESS;OK;48236;1380;49616;4195;3299
2026-09-26T10:36:50;IDF5;site;VITRY;rapide;2026-10-01 19:00;BEST_GUESS;OK;27596;0;27596;3402;2840
2026-09-26T10:36:50;IDF5;site;RIS;rapide;2026-10-01 19:00;BEST_GUESS;OK;48346;1380;49726;4369;3517
2026-09-26T10:36:50;IDF6;site;VITRY;rapide;2026-10-01 19:00;BEST_GUESS;OK;41449;0;41449;3420;2811
2026-09-26T10:36:50;IDF6;site;RIS;rapide;2026-10-01 19:00;BEST_GUESS;OK;57321;1380;58701;4024;3170
2026-09-26T10:36:50;IDF7;site;VITRY;rapide;2026-10-01 19:00;BEST_GUESS;OK;40735;0;40735;3313;2678
2026-09-26T10:36:50;IDF7;site;RIS;rapide;2026-10-01 19:00;BEST_GUESS;OK;56204;1380;57584;3806;3049
2026-09-26T10:36:50;IDF8;site;VITRY;rapide;2026-10-01 19:00;BEST_GUESS;OK;45059;0;45059;2577;2489
2026-09-26T10:36:50;IDF8;site;RIS;rapide;2026-10-01 19:00;BEST_GUESS;OK;64478;1380;65858;3610;3407
2026-09-26T10:36:50;IDF9;site;VITRY;rapide;2026-10-01 19:00;BEST_GUESS;OK;46751;0;46751;3627;2980
2026-09-26T10:36:50;IDF9;site;RIS;rapide;2026-10-01 19:00;BEST_GUESS;OK;53507;1380;54887;3984;3297
2026-09-26T10:36:50;IDF10;site;VITRY;rapide;2026-10-01 19:00;BEST_GUESS;OK;34363;0;34363;3156;2347
2026-09-26T10:36:50;IDF10;site;RIS;rapide;2026-10-01 19:00;BEST_GUESS;OK;51425;1380;52805;4342;3238
2026-09-26T10:36:50;IDF11;site;VITRY;rapide;2026-10-01 19:00;BEST_GUESS;OK;49468;0;49468;2454;2370
2026-09-26T10:36:50;IDF11;site;RIS;rapide;2026-10-01 19:00;BEST_GUESS;OK;68887;1380;70267;3475;3288
2026-09-26T10:36:50;IDF12;site;VITRY;rapide;2026-10-01 19:00;BEST_GUESS;OK;11529;0;11529;1080;1049
2026-09-26T10:36:50;IDF12;site;RIS;rapide;2026-10-01 19:00;BEST_GUESS;OK;14828;1380;16208;2095;1956
2026-09-26T10:36:50;IDF13;site;VITRY;rapide;2026-10-01 19:00;BEST_GUESS;OK;38905;0;38905;2570;2536
2026-09-26T10:36:50;IDF13;site;RIS;rapide;2026-10-01 19:00;BEST_GUESS;OK;32603;1380;33983;2145;2015
2026-09-26T10:36:50;IDF14;site;VITRY;rapide;2026-10-01 19:00;BEST_GUESS;OK;7704;0;7704;1287;1243
2026-09-26T10:36:50;IDF14;site;RIS;rapide;2026-10-01 19:00;BEST_GUESS;OK;10572;1380;11952;1352;1306
2026-09-26T10:36:50;IDF15;site;VITRY;rapide;2026-10-01 19:00;BEST_GUESS;OK;46693;0;46693;2988;2492
2026-09-26T10:36:50;IDF15;site;RIS;rapide;2026-10-01 19:00;BEST_GUESS;OK;53449;1380;54829;3372;2809
2026-09-26T10:36:50;HDF1;site;VITRY;rapide;2026-10-01 19:00;BEST_GUESS;OK;210106;0;210106;8837;9101
2026-09-26T10:36:50;HDF1;site;RIS;rapide;2026-10-01 19:00;BEST_GUESS;OK;227168;1380;228548;9821;9991
2026-09-26T10:36:50;HDF2;site;VITRY;rapide;2026-10-01 19:00;BEST_GUESS;OK;203649;0;203649;7890;7989
2026-09-26T10:36:50;HDF2;site;RIS;rapide;2026-10-01 19:00;BEST_GUESS;OK;220711;1380;222091;8905;8880
2026-09-26T10:36:50;HDF3;site;VITRY;rapide;2026-10-01 19:00;BEST_GUESS;OK;251636;0;251636;9858;10124
2026-09-26T10:36:50;HDF3;site;RIS;rapide;2026-10-01 19:00;BEST_GUESS;OK;268698;1380;270078;10793;11014
2026-09-26T10:36:50;HDF4;site;VITRY;rapide;2026-10-01 19:00;BEST_GUESS;OK;203647;0;203647;8004;8114
2026-09-26T10:36:50;HDF4;site;RIS;rapide;2026-10-01 19:00;BEST_GUESS;OK;220709;1380;222089;9039;9004
2026-09-26T10:36:50;HDF5;site;VITRY;rapide;2026-10-01 19:00;BEST_GUESS;OK;224457;0;224457;8674;8842
2026-09-26T10:36:50;HDF5;site;RIS;rapide;2026-10-01 19:00;BEST_GUESS;OK;241519;1380;242899;9660;9732
2026-09-26T10:36:50;NOR1;site;VITRY;rapide;2026-10-01 19:00;BEST_GUESS;OK;209946;0;209946;7737;7853
2026-09-26T10:36:50;NOR1;site;RIS;rapide;2026-10-01 19:00;BEST_GUESS;OK;216703;1380;218083;8038;8170
2026-09-26T10:36:50;NOR2;site;VITRY;rapide;2026-10-01 19:00;BEST_GUESS;OK;139338;0;139338;5589;5440
2026-09-26T10:36:50;NOR2;site;RIS;rapide;2026-10-01 19:00;BEST_GUESS;OK;146094;1380;147474;5907;5757
2026-09-26T10:36:50;NOR3;site;VITRY;rapide;2026-10-01 19:00;BEST_GUESS;OK;134270;0;134270;5692;5551
2026-09-26T10:36:50;NOR3;site;RIS;rapide;2026-10-01 19:00;BEST_GUESS;OK;141027;1380;142407;6006;5868
2026-09-26T10:36:50;CVL1;site;VITRY;rapide;2026-10-01 19:00;BEST_GUESS;OK;226354;0;226354;7985;8187
2026-09-26T10:36:50;CVL1;site;RIS;rapide;2026-10-01 19:00;BEST_GUESS;OK;222599;1380;223979;7796;7982
2026-09-26T10:36:50;CVL2;site;VITRY;rapide;2026-10-01 19:00;BEST_GUESS;OK;262174;0;262174;9913;10181
2026-09-26T10:36:50;CVL2;site;RIS;rapide;2026-10-01 19:00;BEST_GUESS;OK;258419;1380;259799;9682;9975
2026-09-26T10:36:50;CVL3;site;VITRY;rapide;2026-10-01 19:00;BEST_GUESS;OK;130619;0;130619;5159;5212
2026-09-26T10:36:50;CVL3;site;RIS;rapide;2026-10-01 19:00;BEST_GUESS;OK;126864;1380;128244;4901;5006
2026-09-26T10:36:50;GE1;site;VITRY;rapide;2026-10-01 19:00;BEST_GUESS;OK;185285;0;185285;6748;6915
2026-09-26T10:36:50;GE1;site;RIS;rapide;2026-10-01 19:00;BEST_GUESS;OK;204704;1380;206084;7723;7834
2026-09-26T10:36:50;BFC1;site;VITRY;rapide;2026-10-01 19:00;BEST_GUESS;OK;312203;0;312203;10577;10719
2026-09-26T10:36:50;BFC1;site;RIS;rapide;2026-10-01 19:00;BEST_GUESS;OK;290784;1380;292164;9602;9823
2026-09-26T10:36:50;E_A1;entree;RIS;acces_impose;2026-10-01 19:00;BEST_GUESS;OK;67584;1380;68964;4491;3457
2026-09-26T10:36:50;E_A1;entree;RIS;impose_ouest;2026-10-01 19:00;BEST_GUESS;OK;86345;1380;87725;5332;4305
2026-09-26T10:36:51;E_A4;entree;RIS;acces_impose;2026-10-01 19:00;BEST_GUESS;OK;95907;1380;97287;4047;3915
2026-09-26T10:36:51;E_A4;entree;RIS;impose_est;2026-10-01 19:00;BEST_GUESS;OK;95907;1380;97287;4047;3915
2026-09-26T10:36:51;E_A5;entree;RIS;acces_impose;2026-10-01 19:00;BEST_GUESS;OK;74032;1380;75412;2828;2802
2026-09-26T10:36:51;E_A5;entree;RIS;impose_est;2026-10-01 19:00;BEST_GUESS;OK;74032;1380;75412;2828;2802
2026-09-26T10:36:51;E_A6;entree;RIS;acces_impose;2026-10-01 19:00;BEST_GUESS;OK;72354;1380;73734;2612;2641
2026-09-26T10:36:52;E_A6;entree;RIS;impose_est;2026-10-01 19:00;BEST_GUESS;OK;86270;1380;87650;3306;3292
2026-09-26T10:36:52;E_A10;entree;RIS;acces_impose;2026-10-01 19:00;BEST_GUESS;OK;59203;1380;60583;2439;2411
2026-09-26T10:36:52;E_A10;entree;RIS;impose_ouest;2026-10-01 19:00;BEST_GUESS;OK;59203;1380;60583;2439;2411
2026-09-26T10:36:52;E_A11;entree;RIS;acces_impose;2026-10-01 19:00;BEST_GUESS;OK;58437;1380;59817;2553;2527
2026-09-26T10:36:52;E_A11;entree;RIS;impose_ouest;2026-10-01 19:00;BEST_GUESS;OK;58437;1380;59817;2553;2527
2026-09-26T10:36:53;E_A13;entree;RIS;acces_impose;2026-10-01 19:00;BEST_GUESS;OK;100919;1380;102299;4478;4105
2026-09-26T10:36:53;E_A13;entree;RIS;impose_ouest;2026-10-01 19:00;BEST_GUESS;OK;115696;1380;117076;4868;4740
2026-09-26T10:36:53;E_A16;entree;RIS;acces_impose;2026-10-01 19:00;BEST_GUESS;OK;91380;1380;92760;4922;4341
2026-09-26T10:36:53;E_A16;entree;RIS;impose_ouest;2026-10-01 19:00;BEST_GUESS;OK;106157;1380;107537;5395;4977
2026-09-26T10:36:53;IDF1;site;RIS;acces_impose;2026-10-01 19:00;BEST_GUESS;OK;60653;1380;62033;4726;3740
2026-09-26T10:36:54;IDF1;site;RIS;impose_ouest;2026-10-01 19:00;BEST_GUESS;OK;79415;1380;80795;5560;4588
2026-09-26T10:36:54;IDF2;site;RIS;acces_impose;2026-10-01 19:00;BEST_GUESS;OK;14026;1380;15406;1198;1177
2026-09-26T10:36:54;IDF2;site;RIS;impose_ouest;2026-10-01 19:00;BEST_GUESS;OK;23176;1380;24556;1627;1590
2026-09-26T10:36:54;IDF3;site;RIS;acces_impose;2026-10-01 19:00;BEST_GUESS;OK;92571;1380;93951;5269;4715
2026-09-26T10:36:54;IDF3;site;RIS;impose_ouest;2026-10-01 19:00;BEST_GUESS;OK;107348;1380;108728;5728;5350
2026-09-26T10:36:55;IDF4;site;RIS;acces_impose;2026-10-01 19:00;BEST_GUESS;OK;49937;1380;51317;4186;3308
2026-09-26T10:36:55;IDF4;site;RIS;impose_ouest;2026-10-01 19:00;BEST_GUESS;OK;68699;1380;70079;5032;4155
2026-09-26T10:36:55;IDF5;site;RIS;acces_impose;2026-10-01 19:00;BEST_GUESS;OK;50047;1380;51427;4367;3526
2026-09-26T10:36:55;IDF5;site;RIS;impose_ouest;2026-10-01 19:00;BEST_GUESS;OK;68809;1380;70189;5209;4374
2026-09-26T10:36:56;IDF6;site;RIS;acces_impose;2026-10-01 19:00;BEST_GUESS;OK;59022;1380;60402;4015;3179
2026-09-26T10:36:56;IDF6;site;RIS;impose_ouest;2026-10-01 19:00;BEST_GUESS;OK;73799;1380;75179;4403;3814
2026-09-26T10:36:56;IDF7;site;RIS;acces_impose;2026-10-01 19:00;BEST_GUESS;OK;57906;1380;59286;3796;3058
2026-09-26T10:36:56;IDF7;site;RIS;impose_ouest;2026-10-01 19:00;BEST_GUESS;OK;72682;1380;74062;4153;3693
2026-09-26T10:36:56;IDF8;site;RIS;acces_impose;2026-10-01 19:00;BEST_GUESS;OK;67876;1380;69256;3540;3352
2026-09-26T10:36:57;IDF8;site;RIS;impose_est;2026-10-01 19:00;BEST_GUESS;OK;67876;1380;69256;3540;3352
2026-09-26T10:36:57;IDF9;site;RIS;acces_impose;2026-10-01 19:00;BEST_GUESS;OK;55209;1380;56589;3975;3306
2026-09-26T10:36:57;IDF9;site;RIS;impose_ouest;2026-10-01 19:00;BEST_GUESS;OK;69985;1380;71365;4352;3941
2026-09-26T10:36:57;IDF10;site;RIS;acces_impose;2026-10-01 19:00;BEST_GUESS;OK;53126;1380;54506;4340;3247
2026-09-26T10:36:57;IDF10;site;RIS;impose_ouest;2026-10-01 19:00;BEST_GUESS;OK;71888;1380;73268;5180;4094
2026-09-26T10:36:58;IDF11;site;RIS;acces_impose;2026-10-01 19:00;BEST_GUESS;OK;72285;1380;73665;3403;3233
2026-09-26T10:36:58;IDF11;site;RIS;impose_est;2026-10-01 19:00;BEST_GUESS;OK;72285;1380;73665;3403;3233
2026-09-26T10:36:58;IDF12;site;RIS;acces_impose;2026-10-01 19:00;BEST_GUESS;OK;34869;1380;36249;2765;2106
2026-09-26T10:36:58;IDF12;site;RIS;impose_est;2026-10-01 19:00;BEST_GUESS;OK;32483;1380;33863;2482;2372
2026-09-26T10:36:58;IDF13;site;RIS;acces_impose;2026-10-01 19:00;BEST_GUESS;OK;36001;1380;37381;2074;1960
2026-09-26T10:36:58;IDF13;site;RIS;impose_est;2026-10-01 19:00;BEST_GUESS;OK;36001;1380;37381;2074;1960
2026-09-26T10:36:59;IDF14;site;RIS;acces_impose;2026-10-01 19:00;BEST_GUESS;OK;16078;1380;17458;1966;1912
2026-09-26T10:36:59;IDF14;site;RIS;impose_est;2026-10-01 19:00;BEST_GUESS;OK;33504;1380;34884;2199;2057
2026-09-26T10:36:59;IDF15;site;RIS;acces_impose;2026-10-01 19:00;BEST_GUESS;OK;55151;1380;56531;3358;2819
2026-09-26T10:36:59;IDF15;site;RIS;impose_ouest;2026-10-01 19:00;BEST_GUESS;OK;69927;1380;71307;3744;3454
2026-09-26T10:36:59;HDF1;site;RIS;acces_impose;2026-10-01 19:00;BEST_GUESS;OK;228870;1380;230250;9849;10000
2026-09-26T10:37:00;HDF1;site;RIS;impose_est;2026-10-01 19:00;BEST_GUESS;OK;224950;1380;226330;9900;10145
2026-09-26T10:37:00;HDF2;site;RIS;acces_impose;2026-10-01 19:00;BEST_GUESS;OK;222412;1380;223792;8926;8889
2026-09-26T10:37:00;HDF2;site;RIS;impose_ouest;2026-10-01 19:00;BEST_GUESS;OK;241174;1380;242554;9729;9736
2026-09-26T10:37:01;HDF3;site;RIS;acces_impose;2026-10-01 19:00;BEST_GUESS;OK;270399;1380;271779;10820;11024
2026-09-26T10:37:01;HDF3;site;RIS;impose_ouest;2026-10-01 19:00;BEST_GUESS;OK;289161;1380;290541;11628;11871
2026-09-26T10:37:01;HDF4;site;RIS;acces_impose;2026-10-01 19:00;BEST_GUESS;OK;222410;1380;223790;9062;9013
2026-09-26T10:37:01;HDF4;site;RIS;impose_ouest;2026-10-01 19:00;BEST_GUESS;OK;241172;1380;242552;9866;9861
2026-09-26T10:37:02;HDF5;site;RIS;acces_impose;2026-10-01 19:00;BEST_GUESS;OK;243220;1380;244600;9686;9741
2026-09-26T10:37:02;HDF5;site;RIS;impose_ouest;2026-10-01 19:00;BEST_GUESS;OK;261982;1380;263362;10490;10588
2026-09-26T10:37:02;NOR1;site;RIS;acces_impose;2026-10-01 19:00;BEST_GUESS;OK;218404;1380;219784;8052;8179
2026-09-26T10:37:03;NOR1;site;RIS;impose_ouest;2026-10-01 19:00;BEST_GUESS;OK;233181;1380;234561;8668;8814
2026-09-26T10:37:03;NOR2;site;RIS;acces_impose;2026-10-01 19:00;BEST_GUESS;OK;147795;1380;149175;5919;5767
2026-09-26T10:37:03;NOR2;site;RIS;impose_ouest;2026-10-01 19:00;BEST_GUESS;OK;162572;1380;163952;6421;6402
2026-09-26T10:37:04;NOR3;site;RIS;acces_impose;2026-10-01 19:00;BEST_GUESS;OK;142728;1380;144108;6015;5877
2026-09-26T10:37:04;NOR3;site;RIS;impose_ouest;2026-10-01 19:00;BEST_GUESS;OK;157505;1380;158885;6521;6512
2026-09-26T10:37:04;CVL1;site;RIS;acces_impose;2026-10-01 19:00;BEST_GUESS;OK;222599;1380;223979;7796;7981
2026-09-26T10:37:04;CVL1;site;RIS;impose_ouest;2026-10-01 19:00;BEST_GUESS;OK;222599;1380;223979;7796;7981
2026-09-26T10:37:04;CVL2;site;RIS;acces_impose;2026-10-01 19:00;BEST_GUESS;OK;258419;1380;259799;9682;9975
2026-09-26T10:37:05;CVL2;site;RIS;impose_ouest;2026-10-01 19:00;BEST_GUESS;OK;258419;1380;259799;9682;9975
2026-09-26T10:37:05;CVL3;site;RIS;acces_impose;2026-10-01 19:00;BEST_GUESS;OK;126864;1380;128244;4901;5006
2026-09-26T10:37:05;CVL3;site;RIS;impose_ouest;2026-10-01 19:00;BEST_GUESS;OK;126864;1380;128244;4901;5006
2026-09-26T10:37:05;GE1;site;RIS;acces_impose;2026-10-01 19:00;BEST_GUESS;OK;208102;1380;209482;7645;7779
2026-09-26T10:37:06;GE1;site;RIS;impose_est;2026-10-01 19:00;BEST_GUESS;OK;208102;1380;209482;7645;7779
2026-09-26T10:37:06;BFC1;site;RIS;acces_impose;2026-10-01 19:00;BEST_GUESS;OK;290785;1380;292165;9602;9823
2026-09-26T10:37:06;BFC1;site;RIS;impose_est;2026-10-01 19:00;BEST_GUESS;OK;304701;1380;306081;10236;10474
2026-09-26T10:37:07;E_A1;entree;VITRY;rapide;2026-10-01 20:00;BEST_GUESS;OK;48820;0;48820;2773;2558
2026-09-26T10:37:07;E_A1;entree;RIS;rapide;2026-10-01 20:00;BEST_GUESS;OK;65882;1380;67262;3830;3448
2026-09-26T10:37:07;E_A4;entree;VITRY;rapide;2026-10-01 20:00;BEST_GUESS;OK;73090;0;73090;2985;3052
2026-09-26T10:37:07;E_A4;entree;RIS;rapide;2026-10-01 20:00;BEST_GUESS;OK;92509;1380;93889;3947;3971
2026-09-26T10:37:07;E_A5;entree;VITRY;rapide;2026-10-01 20:00;BEST_GUESS;OK;82488;0;82488;3528;3626
2026-09-26T10:37:07;E_A5;entree;RIS;rapide;2026-10-01 20:00;BEST_GUESS;OK;70634;1380;72014;2826;2857
2026-09-26T10:37:07;E_A6;entree;VITRY;rapide;2026-10-01 20:00;BEST_GUESS;OK;93772;0;93772;3483;3537
2026-09-26T10:37:07;E_A6;entree;RIS;rapide;2026-10-01 20:00;BEST_GUESS;OK;72353;1380;73733;2627;2641
2026-09-26T10:37:07;E_A10;entree;VITRY;rapide;2026-10-01 20:00;BEST_GUESS;OK;62958;0;62958;2581;2617
2026-09-26T10:37:07;E_A10;entree;RIS;rapide;2026-10-01 20:00;BEST_GUESS;OK;59203;1380;60583;2350;2411
2026-09-26T10:37:07;E_A11;entree;VITRY;rapide;2026-10-01 20:00;BEST_GUESS;OK;62192;0;62192;2699;2733
2026-09-26T10:37:07;E_A11;entree;RIS;rapide;2026-10-01 20:00;BEST_GUESS;OK;58437;1380;59817;2470;2528
2026-09-26T10:37:07;E_A13;entree;VITRY;rapide;2026-10-01 20:00;BEST_GUESS;OK;92461;0;92461;3740;3779
2026-09-26T10:37:07;E_A13;entree;RIS;rapide;2026-10-01 20:00;BEST_GUESS;OK;99218;1380;100598;4045;4096
2026-09-26T10:37:07;E_A16;entree;VITRY;rapide;2026-10-01 20:00;BEST_GUESS;OK;69185;0;69185;3556;3564
2026-09-26T10:37:07;E_A16;entree;RIS;rapide;2026-10-01 20:00;BEST_GUESS;OK;89679;1380;91059;4336;4332
2026-09-26T10:37:07;IDF1;site;VITRY;rapide;2026-10-01 20:00;BEST_GUESS;OK;41890;0;41890;3012;2841
2026-09-26T10:37:07;IDF1;site;RIS;rapide;2026-10-01 20:00;BEST_GUESS;OK;58952;1380;60332;4028;3731
2026-09-26T10:37:07;IDF2;site;VITRY;rapide;2026-10-01 20:00;BEST_GUESS;OK;35448;0;35448;2056;2082
2026-09-26T10:37:07;IDF2;site;RIS;rapide;2026-10-01 20:00;BEST_GUESS;OK;14026;1380;15406;1137;1177
2026-09-26T10:37:07;IDF3;site;VITRY;rapide;2026-10-01 20:00;BEST_GUESS;OK;66563;0;66563;3861;3895
2026-09-26T10:37:07;IDF3;site;RIS;rapide;2026-10-01 20:00;BEST_GUESS;OK;90870;1380;92250;4701;4706
2026-09-26T10:37:07;IDF4;site;VITRY;rapide;2026-10-01 20:00;BEST_GUESS;OK;31174;0;31174;2527;2409
2026-09-26T10:37:07;IDF4;site;RIS;rapide;2026-10-01 20:00;BEST_GUESS;OK;48236;1380;49616;3531;3299
2026-09-26T10:37:07;IDF5;site;VITRY;rapide;2026-10-01 20:00;BEST_GUESS;OK;27596;0;27596;2965;2840
2026-09-26T10:37:07;IDF5;site;RIS;rapide;2026-10-01 20:00;BEST_GUESS;OK;48346;1380;49726;3780;3517
2026-09-26T10:37:07;IDF6;site;VITRY;rapide;2026-10-01 20:00;BEST_GUESS;OK;41449;0;41449;2897;2811
2026-09-26T10:37:07;IDF6;site;RIS;rapide;2026-10-01 20:00;BEST_GUESS;OK;57321;1380;58701;3397;3170
2026-09-26T10:37:07;IDF7;site;VITRY;rapide;2026-10-01 20:00;BEST_GUESS;OK;40735;0;40735;2794;2678
2026-09-26T10:37:07;IDF7;site;RIS;rapide;2026-10-01 20:00;BEST_GUESS;OK;56204;1380;57584;3243;3049
2026-09-26T10:37:07;IDF8;site;VITRY;rapide;2026-10-01 20:00;BEST_GUESS;OK;45059;0;45059;2424;2489
2026-09-26T10:37:07;IDF8;site;RIS;rapide;2026-10-01 20:00;BEST_GUESS;OK;64478;1380;65858;3386;3408
2026-09-26T10:37:07;IDF9;site;VITRY;rapide;2026-10-01 20:00;BEST_GUESS;OK;46751;0;46751;3125;2980
2026-09-26T10:37:07;IDF9;site;RIS;rapide;2026-10-01 20:00;BEST_GUESS;OK;53507;1380;54887;3451;3297
2026-09-26T10:37:07;IDF10;site;VITRY;rapide;2026-10-01 20:00;BEST_GUESS;OK;34363;0;34363;2568;2348
2026-09-26T10:37:07;IDF10;site;RIS;rapide;2026-10-01 20:00;BEST_GUESS;OK;51425;1380;52805;3601;3238
2026-09-26T10:37:07;IDF11;site;VITRY;rapide;2026-10-01 20:00;BEST_GUESS;OK;49468;0;49468;2327;2370
2026-09-26T10:37:07;IDF11;site;RIS;rapide;2026-10-01 20:00;BEST_GUESS;OK;68887;1380;70267;3282;3288
2026-09-26T10:37:07;IDF12;site;VITRY;rapide;2026-10-01 20:00;BEST_GUESS;OK;11529;0;11529;1058;1049
2026-09-26T10:37:07;IDF12;site;RIS;rapide;2026-10-01 20:00;BEST_GUESS;OK;14828;1380;16208;1961;1956
2026-09-26T10:37:07;IDF13;site;VITRY;rapide;2026-10-01 20:00;BEST_GUESS;OK;38905;0;38905;2467;2536
2026-09-26T10:37:07;IDF13;site;RIS;rapide;2026-10-01 20:00;BEST_GUESS;OK;32603;1380;33983;1994;2015
2026-09-26T10:37:07;IDF14;site;VITRY;rapide;2026-10-01 20:00;BEST_GUESS;OK;7704;0;7704;1275;1243
2026-09-26T10:37:07;IDF14;site;RIS;rapide;2026-10-01 20:00;BEST_GUESS;OK;10572;1380;11952;1310;1306
2026-09-26T10:37:07;IDF15;site;VITRY;rapide;2026-10-01 20:00;BEST_GUESS;OK;46693;0;46693;2533;2492
2026-09-26T10:37:07;IDF15;site;RIS;rapide;2026-10-01 20:00;BEST_GUESS;OK;53449;1380;54829;2853;2809
2026-09-26T10:37:07;HDF1;site;VITRY;rapide;2026-10-01 20:00;BEST_GUESS;OK;210106;0;210106;8790;9101
2026-09-26T10:37:07;HDF1;site;RIS;rapide;2026-10-01 20:00;BEST_GUESS;OK;227168;1380;228548;9752;9991
2026-09-26T10:37:07;HDF2;site;VITRY;rapide;2026-10-01 20:00;BEST_GUESS;OK;203649;0;203649;7799;7989
2026-09-26T10:37:07;HDF2;site;RIS;rapide;2026-10-01 20:00;BEST_GUESS;OK;220711;1380;222091;8738;8880
2026-09-26T10:37:07;HDF3;site;VITRY;rapide;2026-10-01 20:00;BEST_GUESS;OK;251636;0;251636;9814;10124
2026-09-26T10:37:07;HDF3;site;RIS;rapide;2026-10-01 20:00;BEST_GUESS;OK;268698;1380;270078;10779;11014
2026-09-26T10:37:07;HDF4;site;VITRY;rapide;2026-10-01 20:00;BEST_GUESS;OK;203647;0;203647;7986;8114
2026-09-26T10:37:07;HDF4;site;RIS;rapide;2026-10-01 20:00;BEST_GUESS;OK;220709;1380;222089;8953;9004
2026-09-26T10:37:07;HDF5;site;VITRY;rapide;2026-10-01 20:00;BEST_GUESS;OK;224457;0;224457;8680;8842
2026-09-26T10:37:07;HDF5;site;RIS;rapide;2026-10-01 20:00;BEST_GUESS;OK;241519;1380;242899;9634;9732
2026-09-26T10:37:07;NOR1;site;VITRY;rapide;2026-10-01 20:00;BEST_GUESS;OK;209946;0;209946;7758;7853
2026-09-26T10:37:07;NOR1;site;RIS;rapide;2026-10-01 20:00;BEST_GUESS;OK;216703;1380;218083;7952;8170
2026-09-26T10:37:07;NOR2;site;VITRY;rapide;2026-10-01 20:00;BEST_GUESS;OK;139338;0;139338;5350;5440
2026-09-26T10:37:07;NOR2;site;RIS;rapide;2026-10-01 20:00;BEST_GUESS;OK;146094;1380;147474;5641;5757
2026-09-26T10:37:07;NOR3;site;VITRY;rapide;2026-10-01 20:00;BEST_GUESS;OK;134270;0;134270;5445;5551
2026-09-26T10:37:07;NOR3;site;RIS;rapide;2026-10-01 20:00;BEST_GUESS;OK;141027;1380;142407;5736;5868
2026-09-26T10:37:07;CVL1;site;VITRY;rapide;2026-10-01 20:00;BEST_GUESS;OK;226354;0;226354;8101;8187
2026-09-26T10:37:07;CVL1;site;RIS;rapide;2026-10-01 20:00;BEST_GUESS;OK;222599;1380;223979;7815;7982
2026-09-26T10:37:07;CVL2;site;VITRY;rapide;2026-10-01 20:00;BEST_GUESS;OK;262174;0;262174;10001;10181
2026-09-26T10:37:07;CVL2;site;RIS;rapide;2026-10-01 20:00;BEST_GUESS;OK;258419;1380;259799;9753;9975
2026-09-26T10:37:07;CVL3;site;VITRY;rapide;2026-10-01 20:00;BEST_GUESS;OK;130619;0;130619;5038;5212
2026-09-26T10:37:07;CVL3;site;RIS;rapide;2026-10-01 20:00;BEST_GUESS;OK;126864;1380;128244;4843;5006
2026-09-26T10:37:07;GE1;site;VITRY;rapide;2026-10-01 20:00;BEST_GUESS;OK;185285;0;185285;6794;6915
2026-09-26T10:37:07;GE1;site;RIS;rapide;2026-10-01 20:00;BEST_GUESS;OK;204704;1380;206084;7684;7834
2026-09-26T10:37:07;BFC1;site;VITRY;rapide;2026-10-01 20:00;BEST_GUESS;OK;312203;0;312203;10577;10719
2026-09-26T10:37:07;BFC1;site;RIS;rapide;2026-10-01 20:00;BEST_GUESS;OK;290785;1380;292165;9664;9824
2026-09-26T10:37:07;E_A1;entree;RIS;acces_impose;2026-10-01 20:00;BEST_GUESS;OK;67584;1380;68964;3840;3457
2026-09-26T10:37:07;E_A1;entree;RIS;impose_ouest;2026-10-01 20:00;BEST_GUESS;OK;86345;1380;87725;4641;4305
2026-09-26T10:37:07;E_A4;entree;RIS;acces_impose;2026-10-01 20:00;BEST_GUESS;OK;95907;1380;97287;3868;3915
2026-09-26T10:37:08;E_A4;entree;RIS;impose_est;2026-10-01 20:00;BEST_GUESS;OK;95907;1380;97287;3868;3915
2026-09-26T10:37:08;E_A5;entree;RIS;acces_impose;2026-10-01 20:00;BEST_GUESS;OK;74032;1380;75412;2750;2802
2026-09-26T10:37:08;E_A5;entree;RIS;impose_est;2026-10-01 20:00;BEST_GUESS;OK;74032;1380;75412;2750;2802
2026-09-26T10:37:08;E_A6;entree;RIS;acces_impose;2026-10-01 20:00;BEST_GUESS;OK;72354;1380;73734;2627;2641
2026-09-26T10:37:08;E_A6;entree;RIS;impose_est;2026-10-01 20:00;BEST_GUESS;OK;86270;1380;87650;3250;3292
2026-09-26T10:37:09;E_A10;entree;RIS;acces_impose;2026-10-01 20:00;BEST_GUESS;OK;59203;1380;60583;2350;2411
2026-09-26T10:37:09;E_A10;entree;RIS;impose_ouest;2026-10-01 20:00;BEST_GUESS;OK;59203;1380;60583;2350;2411
2026-09-26T10:37:09;E_A11;entree;RIS;acces_impose;2026-10-01 20:00;BEST_GUESS;OK;58437;1380;59817;2470;2527
2026-09-26T10:37:09;E_A11;entree;RIS;impose_ouest;2026-10-01 20:00;BEST_GUESS;OK;58437;1380;59817;2470;2527
2026-09-26T10:37:09;E_A13;entree;RIS;acces_impose;2026-10-01 20:00;BEST_GUESS;OK;100919;1380;102299;4055;4105
2026-09-26T10:37:09;E_A13;entree;RIS;impose_ouest;2026-10-01 20:00;BEST_GUESS;OK;115696;1380;117076;4650;4740
2026-09-26T10:37:10;E_A16;entree;RIS;acces_impose;2026-10-01 20:00;BEST_GUESS;OK;91380;1380;92760;4350;4341
2026-09-26T10:37:10;E_A16;entree;RIS;impose_ouest;2026-10-01 20:00;BEST_GUESS;OK;106157;1380;107537;4959;4977
2026-09-26T10:37:10;IDF1;site;RIS;acces_impose;2026-10-01 20:00;BEST_GUESS;OK;60653;1380;62033;4037;3740
2026-09-26T10:37:10;IDF1;site;RIS;impose_ouest;2026-10-01 20:00;BEST_GUESS;OK;79415;1380;80795;4839;4588
2026-09-26T10:37:10;IDF2;site;RIS;acces_impose;2026-10-01 20:00;BEST_GUESS;OK;14026;1380;15406;1137;1177
2026-09-26T10:37:11;IDF2;site;RIS;impose_ouest;2026-10-01 20:00;BEST_GUESS;OK;23176;1380;24556;1554;1590
2026-09-26T10:37:11;IDF3;site;RIS;acces_impose;2026-10-01 20:00;BEST_GUESS;OK;92571;1380;93951;4716;4715
2026-09-26T10:37:11;IDF3;site;RIS;impose_ouest;2026-10-01 20:00;BEST_GUESS;OK;107348;1380;108728;5332;5350
2026-09-26T10:37:11;IDF4;site;RIS;acces_impose;2026-10-01 20:00;BEST_GUESS;OK;49937;1380;51317;3539;3308
2026-09-26T10:37:11;IDF4;site;RIS;impose_ouest;2026-10-01 20:00;BEST_GUESS;OK;68699;1380;70079;4340;4155
2026-09-26T10:37:12;IDF5;site;RIS;acces_impose;2026-10-01 20:00;BEST_GUESS;OK;50047;1380;51427;3790;3526
2026-09-26T10:37:12;IDF5;site;RIS;impose_ouest;2026-10-01 20:00;BEST_GUESS;OK;68809;1380;70189;4590;4374
2026-09-26T10:37:12;IDF6;site;RIS;acces_impose;2026-10-01 20:00;BEST_GUESS;OK;59022;1380;60402;3405;3179
2026-09-26T10:37:12;IDF6;site;RIS;impose_ouest;2026-10-01 20:00;BEST_GUESS;OK;73799;1380;75179;3959;3814
2026-09-26T10:37:12;IDF7;site;RIS;acces_impose;2026-10-01 20:00;BEST_GUESS;OK;57906;1380;59286;3251;3058
2026-09-26T10:37:13;IDF7;site;RIS;impose_ouest;2026-10-01 20:00;BEST_GUESS;OK;72682;1380;74062;3793;3693
2026-09-26T10:37:13;IDF8;site;RIS;acces_impose;2026-10-01 20:00;BEST_GUESS;OK;67876;1380;69256;3312;3352
2026-09-26T10:37:13;IDF8;site;RIS;impose_est;2026-10-01 20:00;BEST_GUESS;OK;67876;1380;69256;3312;3352
2026-09-26T10:37:13;IDF9;site;RIS;acces_impose;2026-10-01 20:00;BEST_GUESS;OK;55209;1380;56589;3459;3306
2026-09-26T10:37:13;IDF9;site;RIS;impose_ouest;2026-10-01 20:00;BEST_GUESS;OK;69985;1380;71365;4029;3941
2026-09-26T10:37:14;IDF10;site;RIS;acces_impose;2026-10-01 20:00;BEST_GUESS;OK;53126;1380;54506;3610;3247
2026-09-26T10:37:14;IDF10;site;RIS;impose_ouest;2026-10-01 20:00;BEST_GUESS;OK;71888;1380;73268;4410;4094
2026-09-26T10:37:14;IDF11;site;RIS;acces_impose;2026-10-01 20:00;BEST_GUESS;OK;72285;1380;73665;3210;3233
2026-09-26T10:37:14;IDF11;site;RIS;impose_est;2026-10-01 20:00;BEST_GUESS;OK;72285;1380;73665;3210;3233
2026-09-26T10:37:14;IDF12;site;RIS;acces_impose;2026-10-01 20:00;BEST_GUESS;OK;34869;1380;36249;2308;2106
2026-09-26T10:37:15;IDF12;site;RIS;impose_est;2026-10-01 20:00;BEST_GUESS;OK;32483;1380;33863;2320;2372
2026-09-26T10:37:15;IDF13;site;RIS;acces_impose;2026-10-01 20:00;BEST_GUESS;OK;36001;1380;37381;1916;1960
2026-09-26T10:37:15;IDF13;site;RIS;impose_est;2026-10-01 20:00;BEST_GUESS;OK;36001;1380;37381;1916;1960
2026-09-26T10:37:15;IDF14;site;RIS;acces_impose;2026-10-01 20:00;BEST_GUESS;OK;16078;1380;17458;1903;1912
2026-09-26T10:37:15;IDF14;site;RIS;impose_est;2026-10-01 20:00;BEST_GUESS;OK;33504;1380;34884;2028;2057
2026-09-26T10:37:15;IDF15;site;RIS;acces_impose;2026-10-01 20:00;BEST_GUESS;OK;55151;1380;56531;2861;2819
2026-09-26T10:37:16;IDF15;site;RIS;impose_ouest;2026-10-01 20:00;BEST_GUESS;OK;69927;1380;71307;3384;3454
2026-09-26T10:37:16;HDF1;site;RIS;acces_impose;2026-10-01 20:00;BEST_GUESS;OK;228870;1380;230250;9778;10000
2026-09-26T10:37:16;HDF1;site;RIS;impose_est;2026-10-01 20:00;BEST_GUESS;OK;224950;1380;226330;9911;10145
2026-09-26T10:37:16;HDF2;site;RIS;acces_impose;2026-10-01 20:00;BEST_GUESS;OK;222412;1380;223792;8764;8889
2026-09-26T10:37:17;HDF2;site;RIS;impose_ouest;2026-10-01 20:00;BEST_GUESS;OK;241174;1380;242554;9590;9736
2026-09-26T10:37:18;HDF3;site;RIS;acces_impose;2026-10-01 20:00;BEST_GUESS;OK;270399;1380;271779;10802;11024
2026-09-26T10:37:18;HDF3;site;RIS;impose_ouest;2026-10-01 20:00;BEST_GUESS;OK;289161;1380;290541;11617;11871
2026-09-26T10:37:18;HDF4;site;RIS;acces_impose;2026-10-01 20:00;BEST_GUESS;OK;222410;1380;223790;8983;9013
2026-09-26T10:37:18;HDF4;site;RIS;impose_ouest;2026-10-01 20:00;BEST_GUESS;OK;241172;1380;242552;9804;9861
2026-09-26T10:37:19;HDF5;site;RIS;acces_impose;2026-10-01 20:00;BEST_GUESS;OK;243220;1380;244600;9660;9741
2026-09-26T10:37:19;HDF5;site;RIS;impose_ouest;2026-10-01 20:00;BEST_GUESS;OK;261982;1380;263362;10479;10588
2026-09-26T10:37:19;NOR1;site;RIS;acces_impose;2026-10-01 20:00;BEST_GUESS;OK;218404;1380;219784;7977;8179
2026-09-26T10:37:20;NOR1;site;RIS;impose_ouest;2026-10-01 20:00;BEST_GUESS;OK;233181;1380;234561;8616;8814
2026-09-26T10:37:20;NOR2;site;RIS;acces_impose;2026-10-01 20:00;BEST_GUESS;OK;147795;1380;149175;5664;5767
2026-09-26T10:37:20;NOR2;site;RIS;impose_ouest;2026-10-01 20:00;BEST_GUESS;OK;162572;1380;163952;6260;6402
2026-09-26T10:37:20;NOR3;site;RIS;acces_impose;2026-10-01 20:00;BEST_GUESS;OK;142728;1380;144108;5759;5877
2026-09-26T10:37:21;NOR3;site;RIS;impose_ouest;2026-10-01 20:00;BEST_GUESS;OK;157505;1380;158885;6355;6512
2026-09-26T10:37:21;CVL1;site;RIS;acces_impose;2026-10-01 20:00;BEST_GUESS;OK;222599;1380;223979;7815;7981
2026-09-26T10:37:21;CVL1;site;RIS;impose_ouest;2026-10-01 20:00;BEST_GUESS;OK;222599;1380;223979;7815;7981
2026-09-26T10:37:21;CVL2;site;RIS;acces_impose;2026-10-01 20:00;BEST_GUESS;OK;258419;1380;259799;9753;9975
2026-09-26T10:37:22;CVL2;site;RIS;impose_ouest;2026-10-01 20:00;BEST_GUESS;OK;258419;1380;259799;9753;9975
2026-09-26T10:37:22;CVL3;site;RIS;acces_impose;2026-10-01 20:00;BEST_GUESS;OK;126864;1380;128244;4843;5006
2026-09-26T10:37:22;CVL3;site;RIS;impose_ouest;2026-10-01 20:00;BEST_GUESS;OK;126864;1380;128244;4843;5006
2026-09-26T10:37:22;GE1;site;RIS;acces_impose;2026-10-01 20:00;BEST_GUESS;OK;208102;1380;209482;7625;7779
2026-09-26T10:37:23;GE1;site;RIS;impose_est;2026-10-01 20:00;BEST_GUESS;OK;208102;1380;209482;7625;7779
2026-09-26T10:37:23;BFC1;site;RIS;acces_impose;2026-10-01 20:00;BEST_GUESS;OK;290785;1380;292165;9664;9823
2026-09-26T10:37:23;BFC1;site;RIS;impose_est;2026-10-01 20:00;BEST_GUESS;OK;304701;1380;306081;10301;10474
2026-09-26T10:37:23;E_A1;entree;VITRY;rapide;2026-10-02 08:00;BEST_GUESS;OK;48820;0;48820;3520;2558
2026-09-26T10:37:23;E_A1;entree;RIS;rapide;2026-10-02 08:00;BEST_GUESS;OK;65882;1380;67262;4537;3448
2026-09-26T10:37:23;E_A4;entree;VITRY;rapide;2026-10-02 08:00;BEST_GUESS;OK;73090;0;73090;3721;3052
2026-09-26T10:37:23;E_A4;entree;RIS;rapide;2026-10-02 08:00;BEST_GUESS;OK;92509;1380;93889;4274;3971
2026-09-26T10:37:23;E_A5;entree;VITRY;rapide;2026-10-02 08:00;BEST_GUESS;OK;82488;0;82488;3865;3626
2026-09-26T10:37:23;E_A5;entree;RIS;rapide;2026-10-02 08:00;BEST_GUESS;OK;70634;1380;72014;2934;2857
2026-09-26T10:37:23;E_A6;entree;VITRY;rapide;2026-10-02 08:00;BEST_GUESS;OK;93772;0;93772;3849;3537
2026-09-26T10:37:23;E_A6;entree;RIS;rapide;2026-10-02 08:00;BEST_GUESS;OK;72354;1380;73734;2687;2642
2026-09-26T10:37:23;E_A10;entree;VITRY;rapide;2026-10-02 08:00;BEST_GUESS;OK;62958;0;62958;2821;2617
2026-09-26T10:37:23;E_A10;entree;RIS;rapide;2026-10-02 08:00;BEST_GUESS;OK;59203;1380;60583;2473;2411
2026-09-26T10:37:23;E_A11;entree;VITRY;rapide;2026-10-02 08:00;BEST_GUESS;OK;62192;0;62192;2964;2733
2026-09-26T10:37:23;E_A11;entree;RIS;rapide;2026-10-02 08:00;BEST_GUESS;OK;58437;1380;59817;2612;2528
2026-09-26T10:37:23;E_A13;entree;VITRY;rapide;2026-10-02 08:00;BEST_GUESS;OK;92461;0;92461;4127;3779
2026-09-26T10:37:23;E_A13;entree;RIS;rapide;2026-10-02 08:00;BEST_GUESS;OK;99218;1380;100598;4450;4096
2026-09-26T10:37:23;E_A16;entree;VITRY;rapide;2026-10-02 08:00;BEST_GUESS;OK;69185;0;69185;4593;3564
2026-09-26T10:37:23;E_A16;entree;RIS;rapide;2026-10-02 08:00;BEST_GUESS;OK;89679;1380;91059;5401;4332
2026-09-26T10:37:23;IDF1;site;VITRY;rapide;2026-10-02 08:00;BEST_GUESS;OK;41890;0;41890;3792;2841
2026-09-26T10:37:23;IDF1;site;RIS;rapide;2026-10-02 08:00;BEST_GUESS;OK;58952;1380;60332;4827;3731
2026-09-26T10:37:23;IDF2;site;VITRY;rapide;2026-10-02 08:00;BEST_GUESS;OK;35448;0;35448;2385;2082
2026-09-26T10:37:23;IDF2;site;RIS;rapide;2026-10-02 08:00;BEST_GUESS;OK;14026;1380;15406;1197;1177
2026-09-26T10:37:23;IDF3;site;VITRY;rapide;2026-10-02 08:00;BEST_GUESS;OK;66563;0;66563;4780;3895
2026-09-26T10:37:23;IDF3;site;RIS;rapide;2026-10-02 08:00;BEST_GUESS;OK;90870;1380;92250;5617;4706
2026-09-26T10:37:23;IDF4;site;VITRY;rapide;2026-10-02 08:00;BEST_GUESS;OK;31174;0;31174;3095;2409
2026-09-26T10:37:23;IDF4;site;RIS;rapide;2026-10-02 08:00;BEST_GUESS;OK;48236;1380;49616;4077;3299
2026-09-26T10:37:23;IDF5;site;VITRY;rapide;2026-10-02 08:00;BEST_GUESS;OK;27596;0;27596;3408;2840
2026-09-26T10:37:23;IDF5;site;RIS;rapide;2026-10-02 08:00;BEST_GUESS;OK;48346;1380;49726;4270;3517
2026-09-26T10:37:23;IDF6;site;VITRY;rapide;2026-10-02 08:00;BEST_GUESS;OK;41449;0;41449;3540;2811
2026-09-26T10:37:23;IDF6;site;RIS;rapide;2026-10-02 08:00;BEST_GUESS;OK;57321;1380;58701;3907;3170
2026-09-26T10:37:23;IDF7;site;VITRY;rapide;2026-10-02 08:00;BEST_GUESS;OK;40735;0;40735;3424;2678
2026-09-26T10:37:23;IDF7;site;RIS;rapide;2026-10-02 08:00;BEST_GUESS;OK;56204;1380;57584;3760;3049
2026-09-26T10:37:23;IDF8;site;VITRY;rapide;2026-10-02 08:00;BEST_GUESS;OK;45059;0;45059;3185;2489
2026-09-26T10:37:23;IDF8;site;RIS;rapide;2026-10-02 08:00;BEST_GUESS;OK;64478;1380;65858;3759;3408
2026-09-26T10:37:23;IDF9;site;VITRY;rapide;2026-10-02 08:00;BEST_GUESS;OK;46751;0;46751;3541;2980
2026-09-26T10:37:23;IDF9;site;RIS;rapide;2026-10-02 08:00;BEST_GUESS;OK;53507;1380;54887;3865;3297
2026-09-26T10:37:23;IDF10;site;VITRY;rapide;2026-10-02 08:00;BEST_GUESS;OK;34363;0;34363;3329;2348
2026-09-26T10:37:23;IDF10;site;RIS;rapide;2026-10-02 08:00;BEST_GUESS;OK;51425;1380;52805;4336;3238
2026-09-26T10:37:23;IDF11;site;VITRY;rapide;2026-10-02 08:00;BEST_GUESS;OK;49468;0;49468;3035;2370
2026-09-26T10:37:23;IDF11;site;RIS;rapide;2026-10-02 08:00;BEST_GUESS;OK;68887;1380;70267;3588;3288
2026-09-26T10:37:23;IDF12;site;VITRY;rapide;2026-10-02 08:00;BEST_GUESS;OK;11529;0;11529;1160;1049
2026-09-26T10:37:23;IDF12;site;RIS;rapide;2026-10-02 08:00;BEST_GUESS;OK;14828;1380;16208;2009;1956
2026-09-26T10:37:23;IDF13;site;VITRY;rapide;2026-10-02 08:00;BEST_GUESS;OK;38905;0;38905;2803;2536
2026-09-26T10:37:23;IDF13;site;RIS;rapide;2026-10-02 08:00;BEST_GUESS;OK;32603;1380;33983;2133;2015
2026-09-26T10:37:23;IDF14;site;VITRY;rapide;2026-10-02 08:00;BEST_GUESS;OK;7704;0;7704;1338;1243
2026-09-26T10:37:23;IDF14;site;RIS;rapide;2026-10-02 08:00;BEST_GUESS;OK;10572;1380;11952;1327;1306
2026-09-26T10:37:23;IDF15;site;VITRY;rapide;2026-10-02 08:00;BEST_GUESS;OK;46693;0;46693;2878;2492
2026-09-26T10:37:23;IDF15;site;RIS;rapide;2026-10-02 08:00;BEST_GUESS;OK;53449;1380;54829;3194;2809
2026-09-26T10:37:23;HDF1;site;VITRY;rapide;2026-10-02 08:00;BEST_GUESS;OK;210106;0;210106;9918;9101
2026-09-26T10:37:23;HDF1;site;RIS;rapide;2026-10-02 08:00;BEST_GUESS;OK;227168;1380;228548;11181;9991
2026-09-26T10:37:23;HDF2;site;VITRY;rapide;2026-10-02 08:00;BEST_GUESS;OK;203649;0;203649;8617;7989
2026-09-26T10:37:23;HDF2;site;RIS;rapide;2026-10-02 08:00;BEST_GUESS;OK;220711;1380;222091;10021;8880
2026-09-26T10:37:23;HDF3;site;VITRY;rapide;2026-10-02 08:00;BEST_GUESS;OK;251636;0;251636;10737;10124
2026-09-26T10:37:23;HDF3;site;RIS;rapide;2026-10-02 08:00;BEST_GUESS;OK;268698;1380;270078;12034;11014
2026-09-26T10:37:23;HDF4;site;VITRY;rapide;2026-10-02 08:00;BEST_GUESS;OK;203647;0;203647;8648;8114
2026-09-26T10:37:23;HDF4;site;RIS;rapide;2026-10-02 08:00;BEST_GUESS;OK;220709;1380;222089;10048;9004
2026-09-26T10:37:23;HDF5;site;VITRY;rapide;2026-10-02 08:00;BEST_GUESS;OK;224457;0;224457;9538;8842
2026-09-26T10:37:23;HDF5;site;RIS;rapide;2026-10-02 08:00;BEST_GUESS;OK;241519;1380;242899;10830;9732
2026-09-26T10:37:23;NOR1;site;VITRY;rapide;2026-10-02 08:00;BEST_GUESS;OK;209946;0;209946;7997;7853
2026-09-26T10:37:23;NOR1;site;RIS;rapide;2026-10-02 08:00;BEST_GUESS;OK;216703;1380;218083;8398;8170
2026-09-26T10:37:23;NOR2;site;VITRY;rapide;2026-10-02 08:00;BEST_GUESS;OK;139338;0;139338;5668;5440
2026-09-26T10:37:23;NOR2;site;RIS;rapide;2026-10-02 08:00;BEST_GUESS;OK;146094;1380;147474;6010;5756
2026-09-26T10:37:23;NOR3;site;VITRY;rapide;2026-10-02 08:00;BEST_GUESS;OK;134270;0;134270;5836;5551
2026-09-26T10:37:23;NOR3;site;RIS;rapide;2026-10-02 08:00;BEST_GUESS;OK;141027;1380;142407;6177;5868
2026-09-26T10:37:23;CVL1;site;VITRY;rapide;2026-10-02 08:00;BEST_GUESS;OK;226354;0;226354;8368;8187
2026-09-26T10:37:23;CVL1;site;RIS;rapide;2026-10-02 08:00;BEST_GUESS;OK;222599;1380;223979;8053;7982
2026-09-26T10:37:23;CVL2;site;VITRY;rapide;2026-10-02 08:00;BEST_GUESS;OK;262174;0;262174;10329;10181
2026-09-26T10:37:23;CVL2;site;RIS;rapide;2026-10-02 08:00;BEST_GUESS;OK;258419;1380;259799;9992;9975
2026-09-26T10:37:23;CVL3;site;VITRY;rapide;2026-10-02 08:00;BEST_GUESS;OK;130619;0;130619;5423;5212
2026-09-26T10:37:23;CVL3;site;RIS;rapide;2026-10-02 08:00;BEST_GUESS;OK;126864;1380;128244;5089;5006
2026-09-26T10:37:23;GE1;site;VITRY;rapide;2026-10-02 08:00;BEST_GUESS;OK;185285;0;185285;7456;6915
2026-09-26T10:37:23;GE1;site;RIS;rapide;2026-10-02 08:00;BEST_GUESS;OK;204704;1380;206084;8130;7834
2026-09-26T10:37:23;BFC1;site;VITRY;rapide;2026-10-02 08:00;BEST_GUESS;OK;312203;0;312203;10886;10719
2026-09-26T10:37:23;BFC1;site;RIS;rapide;2026-10-02 08:00;BEST_GUESS;OK;290785;1380;292165;9858;9824
2026-09-26T10:37:24;E_A1;entree;RIS;acces_impose;2026-10-02 08:00;BEST_GUESS;OK;67584;1380;68964;4536;3457
2026-09-26T10:37:24;E_A1;entree;RIS;impose_ouest;2026-10-02 08:00;BEST_GUESS;OK;86345;1380;87725;5425;4305
2026-09-26T10:37:24;E_A4;entree;RIS;acces_impose;2026-10-02 08:00;BEST_GUESS;OK;95907;1380;97287;4285;3915
2026-09-26T10:37:24;E_A4;entree;RIS;impose_est;2026-10-02 08:00;BEST_GUESS;OK;95907;1380;97287;4285;3915
2026-09-26T10:37:25;E_A5;entree;RIS;acces_impose;2026-10-02 08:00;BEST_GUESS;OK;74032;1380;75412;2929;2802
2026-09-26T10:37:25;E_A5;entree;RIS;impose_est;2026-10-02 08:00;BEST_GUESS;OK;74032;1380;75412;2929;2802
2026-09-26T10:37:25;E_A6;entree;RIS;acces_impose;2026-10-02 08:00;BEST_GUESS;OK;72354;1380;73734;2687;2641
2026-09-26T10:37:25;E_A6;entree;RIS;impose_est;2026-10-02 08:00;BEST_GUESS;OK;86270;1380;87650;3394;3292
2026-09-26T10:37:25;E_A10;entree;RIS;acces_impose;2026-10-02 08:00;BEST_GUESS;OK;59203;1380;60583;2473;2411
2026-09-26T10:37:26;E_A10;entree;RIS;impose_ouest;2026-10-02 08:00;BEST_GUESS;OK;59203;1380;60583;2473;2411
2026-09-26T10:37:26;E_A11;entree;RIS;acces_impose;2026-10-02 08:00;BEST_GUESS;OK;58437;1380;59817;2612;2527
2026-09-26T10:37:26;E_A11;entree;RIS;impose_ouest;2026-10-02 08:00;BEST_GUESS;OK;58437;1380;59817;2612;2527
2026-09-26T10:37:27;E_A13;entree;RIS;acces_impose;2026-10-02 08:00;BEST_GUESS;OK;100919;1380;102299;4449;4105
2026-09-26T10:37:27;E_A13;entree;RIS;impose_ouest;2026-10-02 08:00;BEST_GUESS;OK;115696;1380;117076;4999;4740
2026-09-26T10:37:27;E_A16;entree;RIS;acces_impose;2026-10-02 08:00;BEST_GUESS;OK;91380;1380;92760;5403;4341
2026-09-26T10:37:27;E_A16;entree;RIS;impose_ouest;2026-10-02 08:00;BEST_GUESS;OK;106157;1380;107537;5968;4977
2026-09-26T10:37:28;IDF1;site;RIS;acces_impose;2026-10-02 08:00;BEST_GUESS;OK;60653;1380;62033;4826;3740
2026-09-26T10:37:28;IDF1;site;RIS;impose_ouest;2026-10-02 08:00;BEST_GUESS;OK;79415;1380;80795;5694;4588
2026-09-26T10:37:28;IDF2;site;RIS;acces_impose;2026-10-02 08:00;BEST_GUESS;OK;14026;1380;15406;1197;1177
2026-09-26T10:37:28;IDF2;site;RIS;impose_ouest;2026-10-02 08:00;BEST_GUESS;OK;23176;1380;24556;1630;1590
2026-09-26T10:37:28;IDF3;site;RIS;acces_impose;2026-10-02 08:00;BEST_GUESS;OK;92571;1380;93951;5619;4715
2026-09-26T10:37:29;IDF3;site;RIS;impose_ouest;2026-10-02 08:00;BEST_GUESS;OK;107348;1380;108728;6166;5350
2026-09-26T10:37:29;IDF4;site;RIS;acces_impose;2026-10-02 08:00;BEST_GUESS;OK;49937;1380;51317;4077;3308
2026-09-26T10:37:29;IDF4;site;RIS;impose_ouest;2026-10-02 08:00;BEST_GUESS;OK;68699;1380;70079;4970;4155
2026-09-26T10:37:29;IDF5;site;RIS;acces_impose;2026-10-02 08:00;BEST_GUESS;OK;50047;1380;51427;4270;3526
2026-09-26T10:37:29;IDF5;site;RIS;impose_ouest;2026-10-02 08:00;BEST_GUESS;OK;68809;1380;70189;5162;4374
2026-09-26T10:37:30;IDF6;site;RIS;acces_impose;2026-10-02 08:00;BEST_GUESS;OK;59022;1380;60402;3906;3179
2026-09-26T10:37:30;IDF6;site;RIS;impose_ouest;2026-10-02 08:00;BEST_GUESS;OK;73799;1380;75179;4488;3814
2026-09-26T10:37:30;IDF7;site;RIS;acces_impose;2026-10-02 08:00;BEST_GUESS;OK;57906;1380;59286;3760;3058
2026-09-26T10:37:30;IDF7;site;RIS;impose_ouest;2026-10-02 08:00;BEST_GUESS;OK;72682;1380;74062;4330;3693
2026-09-26T10:37:30;IDF8;site;RIS;acces_impose;2026-10-02 08:00;BEST_GUESS;OK;67876;1380;69256;3764;3352
2026-09-26T10:37:31;IDF8;site;RIS;impose_est;2026-10-02 08:00;BEST_GUESS;OK;67876;1380;69256;3764;3352
2026-09-26T10:37:31;IDF9;site;RIS;acces_impose;2026-10-02 08:00;BEST_GUESS;OK;55209;1380;56589;3865;3306
2026-09-26T10:37:31;IDF9;site;RIS;impose_ouest;2026-10-02 08:00;BEST_GUESS;OK;69985;1380;71365;4439;3941
2026-09-26T10:37:31;IDF10;site;RIS;acces_impose;2026-10-02 08:00;BEST_GUESS;OK;53126;1380;54506;4335;3247
2026-09-26T10:37:31;IDF10;site;RIS;impose_ouest;2026-10-02 08:00;BEST_GUESS;OK;71888;1380;73268;5231;4094
2026-09-26T10:37:32;IDF11;site;RIS;acces_impose;2026-10-02 08:00;BEST_GUESS;OK;72285;1380;73665;3590;3233
2026-09-26T10:37:32;IDF11;site;RIS;impose_est;2026-10-02 08:00;BEST_GUESS;OK;72285;1380;73665;3590;3233
2026-09-26T10:37:32;IDF12;site;RIS;acces_impose;2026-10-02 08:00;BEST_GUESS;OK;34869;1380;36249;2413;2106
2026-09-26T10:37:32;IDF12;site;RIS;impose_est;2026-10-02 08:00;BEST_GUESS;OK;32483;1380;33863;2518;2372
2026-09-26T10:37:32;IDF13;site;RIS;acces_impose;2026-10-02 08:00;BEST_GUESS;OK;36001;1380;37381;2131;1960
2026-09-26T10:37:33;IDF13;site;RIS;impose_est;2026-10-02 08:00;BEST_GUESS;OK;36001;1380;37381;2131;1960
2026-09-26T10:37:33;IDF14;site;RIS;acces_impose;2026-10-02 08:00;BEST_GUESS;OK;16078;1380;17458;1928;1912
2026-09-26T10:37:33;IDF14;site;RIS;impose_est;2026-10-02 08:00;BEST_GUESS;OK;33504;1380;34884;2164;2057
2026-09-26T10:37:33;IDF15;site;RIS;acces_impose;2026-10-02 08:00;BEST_GUESS;OK;55151;1380;56531;3198;2819
2026-09-26T10:37:33;IDF15;site;RIS;impose_ouest;2026-10-02 08:00;BEST_GUESS;OK;69927;1380;71307;3745;3454
2026-09-26T10:37:34;HDF1;site;RIS;acces_impose;2026-10-02 08:00;BEST_GUESS;OK;228870;1380;230250;11202;10000
2026-09-26T10:37:34;HDF1;site;RIS;impose_est;2026-10-02 08:00;BEST_GUESS;OK;224950;1380;226330;10812;10145
2026-09-26T10:37:34;HDF2;site;RIS;acces_impose;2026-10-02 08:00;BEST_GUESS;OK;222412;1380;223792;10035;8889
2026-09-26T10:37:35;HDF2;site;RIS;impose_ouest;2026-10-02 08:00;BEST_GUESS;OK;241174;1380;242554;10918;9736
2026-09-26T10:37:35;HDF3;site;RIS;acces_impose;2026-10-02 08:00;BEST_GUESS;OK;270399;1380;271779;12051;11024
2026-09-26T10:37:35;HDF3;site;RIS;impose_ouest;2026-10-02 08:00;BEST_GUESS;OK;289161;1380;290541;12959;11871
2026-09-26T10:37:35;HDF4;site;RIS;acces_impose;2026-10-02 08:00;BEST_GUESS;OK;222410;1380;223790;10063;9013
2026-09-26T10:37:36;HDF4;site;RIS;impose_ouest;2026-10-02 08:00;BEST_GUESS;OK;241172;1380;242552;10945;9861
2026-09-26T10:37:36;HDF5;site;RIS;acces_impose;2026-10-02 08:00;BEST_GUESS;OK;243220;1380;244600;10851;9741
2026-09-26T10:37:36;HDF5;site;RIS;impose_ouest;2026-10-02 08:00;BEST_GUESS;OK;261982;1380;263362;11736;10588
2026-09-26T10:37:37;NOR1;site;RIS;acces_impose;2026-10-02 08:00;BEST_GUESS;OK;218404;1380;219784;8413;8179
2026-09-26T10:37:37;NOR1;site;RIS;impose_ouest;2026-10-02 08:00;BEST_GUESS;OK;233181;1380;234561;8942;8814
2026-09-26T10:37:37;NOR2;site;RIS;acces_impose;2026-10-02 08:00;BEST_GUESS;OK;147795;1380;149175;6017;5767
2026-09-26T10:37:37;NOR2;site;RIS;impose_ouest;2026-10-02 08:00;BEST_GUESS;OK;162572;1380;163952;6555;6402
2026-09-26T10:37:38;NOR3;site;RIS;acces_impose;2026-10-02 08:00;BEST_GUESS;OK;142728;1380;144108;6187;5877
2026-09-26T10:37:38;NOR3;site;RIS;impose_ouest;2026-10-02 08:00;BEST_GUESS;OK;157505;1380;158885;6740;6512
2026-09-26T10:37:38;CVL1;site;RIS;acces_impose;2026-10-02 08:00;BEST_GUESS;OK;222599;1380;223979;8053;7981
2026-09-26T10:37:38;CVL1;site;RIS;impose_ouest;2026-10-02 08:00;BEST_GUESS;OK;222599;1380;223979;8053;7981
2026-09-26T10:37:39;CVL2;site;RIS;acces_impose;2026-10-02 08:00;BEST_GUESS;OK;258419;1380;259799;9992;9975
2026-09-26T10:37:39;CVL2;site;RIS;impose_ouest;2026-10-02 08:00;BEST_GUESS;OK;258419;1380;259799;9992;9975
2026-09-26T10:37:39;CVL3;site;RIS;acces_impose;2026-10-02 08:00;BEST_GUESS;OK;126864;1380;128244;5089;5006
2026-09-26T10:37:39;CVL3;site;RIS;impose_ouest;2026-10-02 08:00;BEST_GUESS;OK;126864;1380;128244;5089;5006
2026-09-26T10:37:40;GE1;site;RIS;acces_impose;2026-10-02 08:00;BEST_GUESS;OK;208102;1380;209482;8121;7779
2026-09-26T10:37:40;GE1;site;RIS;impose_est;2026-10-02 08:00;BEST_GUESS;OK;208102;1380;209482;8121;7779
2026-09-26T10:37:40;BFC1;site;RIS;acces_impose;2026-10-02 08:00;BEST_GUESS;OK;290785;1380;292165;9858;9823
2026-09-26T10:37:40;BFC1;site;RIS;impose_est;2026-10-02 08:00;BEST_GUESS;OK;304701;1380;306081;10520;10474
2026-09-26T10:37:41;E_A1;entree;VITRY;rapide;2026-10-02 09:00;BEST_GUESS;OK;48820;0;48820;3303;2558
2026-09-26T10:37:41;E_A1;entree;RIS;rapide;2026-10-02 09:00;BEST_GUESS;OK;65882;1380;67262;4558;3448
2026-09-26T10:37:41;E_A4;entree;VITRY;rapide;2026-10-02 09:00;BEST_GUESS;OK;73090;0;73090;3560;3052
2026-09-26T10:37:41;E_A4;entree;RIS;rapide;2026-10-02 09:00;BEST_GUESS;OK;92509;1380;93889;4228;3971
2026-09-26T10:37:41;E_A5;entree;VITRY;rapide;2026-10-02 09:00;BEST_GUESS;OK;82488;0;82488;3762;3626
2026-09-26T10:37:41;E_A5;entree;RIS;rapide;2026-10-02 09:00;BEST_GUESS;OK;70634;1380;72014;2928;2857
2026-09-26T10:37:41;E_A6;entree;VITRY;rapide;2026-10-02 09:00;BEST_GUESS;OK;93772;0;93772;3677;3537
2026-09-26T10:37:41;E_A6;entree;RIS;rapide;2026-10-02 09:00;BEST_GUESS;OK;72354;1380;73734;2644;2642
2026-09-26T10:37:41;E_A10;entree;VITRY;rapide;2026-10-02 09:00;BEST_GUESS;OK;62958;0;62958;2788;2616
2026-09-26T10:37:41;E_A10;entree;RIS;rapide;2026-10-02 09:00;BEST_GUESS;OK;59203;1380;60583;2417;2411
2026-09-26T10:37:41;E_A11;entree;VITRY;rapide;2026-10-02 09:00;BEST_GUESS;OK;62192;0;62192;2930;2733
2026-09-26T10:37:41;E_A11;entree;RIS;rapide;2026-10-02 09:00;BEST_GUESS;OK;58437;1380;59817;2561;2528
2026-09-26T10:37:41;E_A13;entree;VITRY;rapide;2026-10-02 09:00;BEST_GUESS;OK;92461;0;92461;3996;3779
2026-09-26T10:37:41;E_A13;entree;RIS;rapide;2026-10-02 09:00;BEST_GUESS;OK;99218;1380;100598;4391;4096
2026-09-26T10:37:41;E_A16;entree;VITRY;rapide;2026-10-02 09:00;BEST_GUESS;OK;69185;0;69185;4481;3564
2026-09-26T10:37:41;E_A16;entree;RIS;rapide;2026-10-02 09:00;BEST_GUESS;OK;89679;1380;91059;5326;4332
2026-09-26T10:37:41;IDF1;site;VITRY;rapide;2026-10-02 09:00;BEST_GUESS;OK;41890;0;41890;3611;2841
2026-09-26T10:37:41;IDF1;site;RIS;rapide;2026-10-02 09:00;BEST_GUESS;OK;58952;1380;60332;4927;3731
2026-09-26T10:37:41;IDF2;site;VITRY;rapide;2026-10-02 09:00;BEST_GUESS;OK;35448;0;35448;2312;2082
2026-09-26T10:37:41;IDF2;site;RIS;rapide;2026-10-02 09:00;BEST_GUESS;OK;14026;1380;15406;1198;1177
2026-09-26T10:37:41;IDF3;site;VITRY;rapide;2026-10-02 09:00;BEST_GUESS;OK;66563;0;66563;4605;3895
2026-09-26T10:37:41;IDF3;site;RIS;rapide;2026-10-02 09:00;BEST_GUESS;OK;90870;1380;92250;5490;4706
2026-09-26T10:37:41;IDF4;site;VITRY;rapide;2026-10-02 09:00;BEST_GUESS;OK;31174;0;31174;2963;2409
2026-09-26T10:37:41;IDF4;site;RIS;rapide;2026-10-02 09:00;BEST_GUESS;OK;48236;1380;49616;4173;3299
2026-09-26T10:37:41;IDF5;site;VITRY;rapide;2026-10-02 09:00;BEST_GUESS;OK;27596;0;27596;3356;2840
2026-09-26T10:37:41;IDF5;site;RIS;rapide;2026-10-02 09:00;BEST_GUESS;OK;48346;1380;49726;4307;3517
2026-09-26T10:37:41;IDF6;site;VITRY;rapide;2026-10-02 09:00;BEST_GUESS;OK;41449;0;41449;3443;2811
2026-09-26T10:37:41;IDF6;site;RIS;rapide;2026-10-02 09:00;BEST_GUESS;OK;57321;1380;58701;3895;3170
2026-09-26T10:37:41;IDF7;site;VITRY;rapide;2026-10-02 09:00;BEST_GUESS;OK;40735;0;40735;3312;2678
2026-09-26T10:37:41;IDF7;site;RIS;rapide;2026-10-02 09:00;BEST_GUESS;OK;56204;1380;57584;3714;3049
2026-09-26T10:37:41;IDF8;site;VITRY;rapide;2026-10-02 09:00;BEST_GUESS;OK;45059;0;45059;3029;2489
2026-09-26T10:37:41;IDF8;site;RIS;rapide;2026-10-02 09:00;BEST_GUESS;OK;64478;1380;65858;3716;3408
2026-09-26T10:37:41;IDF9;site;VITRY;rapide;2026-10-02 09:00;BEST_GUESS;OK;46751;0;46751;3433;2980
2026-09-26T10:37:41;IDF9;site;RIS;rapide;2026-10-02 09:00;BEST_GUESS;OK;53507;1380;54887;3800;3297
2026-09-26T10:37:41;IDF10;site;VITRY;rapide;2026-10-02 09:00;BEST_GUESS;OK;34363;0;34363;3104;2348
2026-09-26T10:37:41;IDF10;site;RIS;rapide;2026-10-02 09:00;BEST_GUESS;OK;51425;1380;52805;4342;3238
2026-09-26T10:37:41;IDF11;site;VITRY;rapide;2026-10-02 09:00;BEST_GUESS;OK;49468;0;49468;2894;2370
2026-09-26T10:37:41;IDF11;site;RIS;rapide;2026-10-02 09:00;BEST_GUESS;OK;68887;1380;70267;3553;3288
2026-09-26T10:37:41;IDF12;site;VITRY;rapide;2026-10-02 09:00;BEST_GUESS;OK;11528;0;11528;1148;1049
2026-09-26T10:37:41;IDF12;site;RIS;rapide;2026-10-02 09:00;BEST_GUESS;OK;14828;1380;16208;1994;1956
2026-09-26T10:37:41;IDF13;site;VITRY;rapide;2026-10-02 09:00;BEST_GUESS;OK;38905;0;38905;2660;2536
2026-09-26T10:37:41;IDF13;site;RIS;rapide;2026-10-02 09:00;BEST_GUESS;OK;32603;1380;33983;2110;2015
2026-09-26T10:37:41;IDF14;site;VITRY;rapide;2026-10-02 09:00;BEST_GUESS;OK;7704;0;7704;1336;1243
2026-09-26T10:37:41;IDF14;site;RIS;rapide;2026-10-02 09:00;BEST_GUESS;OK;10572;1380;11952;1364;1306
2026-09-26T10:37:41;IDF15;site;VITRY;rapide;2026-10-02 09:00;BEST_GUESS;OK;46693;0;46693;2741;2492
2026-09-26T10:37:41;IDF15;site;RIS;rapide;2026-10-02 09:00;BEST_GUESS;OK;53449;1380;54829;3088;2809
2026-09-26T10:37:41;HDF1;site;VITRY;rapide;2026-10-02 09:00;BEST_GUESS;OK;210106;0;210106;9792;9101
2026-09-26T10:37:41;HDF1;site;RIS;rapide;2026-10-02 09:00;BEST_GUESS;OK;227168;1380;228548;11470;9991
2026-09-26T10:37:41;HDF2;site;VITRY;rapide;2026-10-02 09:00;BEST_GUESS;OK;203649;0;203649;8741;7989
2026-09-26T10:37:41;HDF2;site;RIS;rapide;2026-10-02 09:00;BEST_GUESS;OK;220711;1380;222091;10096;8880
2026-09-26T10:37:41;HDF3;site;VITRY;rapide;2026-10-02 09:00;BEST_GUESS;OK;251636;0;251636;10848;10124
2026-09-26T10:37:41;HDF3;site;RIS;rapide;2026-10-02 09:00;BEST_GUESS;OK;268698;1380;270078;12490;11014
2026-09-26T10:37:41;HDF4;site;VITRY;rapide;2026-10-02 09:00;BEST_GUESS;OK;203647;0;203647;8795;8114
2026-09-26T10:37:41;HDF4;site;RIS;rapide;2026-10-02 09:00;BEST_GUESS;OK;220709;1380;222089;10190;9004
2026-09-26T10:37:41;HDF5;site;VITRY;rapide;2026-10-02 09:00;BEST_GUESS;OK;224457;0;224457;9378;8842
2026-09-26T10:37:41;HDF5;site;RIS;rapide;2026-10-02 09:00;BEST_GUESS;OK;241519;1380;242899;10970;9732
2026-09-26T10:37:41;NOR1;site;VITRY;rapide;2026-10-02 09:00;BEST_GUESS;OK;209946;0;209946;8270;7853
2026-09-26T10:37:41;NOR1;site;RIS;rapide;2026-10-02 09:00;BEST_GUESS;OK;216703;1380;218083;8752;8170
2026-09-26T10:37:41;NOR2;site;VITRY;rapide;2026-10-02 09:00;BEST_GUESS;OK;139338;0;139338;5653;5440
2026-09-26T10:37:41;NOR2;site;RIS;rapide;2026-10-02 09:00;BEST_GUESS;OK;146094;1380;147474;6086;5757
2026-09-26T10:37:41;NOR3;site;VITRY;rapide;2026-10-02 09:00;BEST_GUESS;OK;134270;0;134270;5837;5551
2026-09-26T10:37:41;NOR3;site;RIS;rapide;2026-10-02 09:00;BEST_GUESS;OK;141027;1380;142407;6261;5868
2026-09-26T10:37:41;CVL1;site;VITRY;rapide;2026-10-02 09:00;BEST_GUESS;OK;226354;0;226354;8324;8187
2026-09-26T10:37:41;CVL1;site;RIS;rapide;2026-10-02 09:00;BEST_GUESS;OK;222599;1380;223979;7985;7982
2026-09-26T10:37:41;CVL2;site;VITRY;rapide;2026-10-02 09:00;BEST_GUESS;OK;262173;0;262173;10444;10181
2026-09-26T10:37:41;CVL2;site;RIS;rapide;2026-10-02 09:00;BEST_GUESS;OK;258419;1380;259799;10059;9975
2026-09-26T10:37:41;CVL3;site;VITRY;rapide;2026-10-02 09:00;BEST_GUESS;OK;130619;0;130619;5413;5212
2026-09-26T10:37:41;CVL3;site;RIS;rapide;2026-10-02 09:00;BEST_GUESS;OK;126864;1380;128244;5067;5006
2026-09-26T10:37:41;GE1;site;VITRY;rapide;2026-10-02 09:00;BEST_GUESS;OK;185285;0;185285;7475;6915
2026-09-26T10:37:41;GE1;site;RIS;rapide;2026-10-02 09:00;BEST_GUESS;OK;204704;1380;206084;8238;7834
2026-09-26T10:37:41;BFC1;site;VITRY;rapide;2026-10-02 09:00;BEST_GUESS;OK;312203;0;312203;10699;10719
2026-09-26T10:37:41;BFC1;site;RIS;rapide;2026-10-02 09:00;BEST_GUESS;OK;290785;1380;292165;9652;9824
2026-09-26T10:37:41;E_A1;entree;RIS;acces_impose;2026-10-02 09:00;BEST_GUESS;OK;67584;1380;68964;4573;3457
2026-09-26T10:37:41;E_A1;entree;RIS;impose_ouest;2026-10-02 09:00;BEST_GUESS;OK;86345;1380;87725;5430;4305
2026-09-26T10:37:41;E_A4;entree;RIS;acces_impose;2026-10-02 09:00;BEST_GUESS;OK;95907;1380;97287;4223;3915
2026-09-26T10:37:42;E_A4;entree;RIS;impose_est;2026-10-02 09:00;BEST_GUESS;OK;95907;1380;97287;4223;3915
2026-09-26T10:37:42;E_A5;entree;RIS;acces_impose;2026-10-02 09:00;BEST_GUESS;OK;74032;1380;75412;2921;2802
2026-09-26T10:37:42;E_A5;entree;RIS;impose_est;2026-10-02 09:00;BEST_GUESS;OK;74032;1380;75412;2921;2802
2026-09-26T10:37:42;E_A6;entree;RIS;acces_impose;2026-10-02 09:00;BEST_GUESS;OK;72354;1380;73734;2644;2641
2026-09-26T10:37:43;E_A6;entree;RIS;impose_est;2026-10-02 09:00;BEST_GUESS;OK;86270;1380;87650;3313;3292
2026-09-26T10:37:43;E_A10;entree;RIS;acces_impose;2026-10-02 09:00;BEST_GUESS;OK;59203;1380;60583;2417;2411
2026-09-26T10:37:43;E_A10;entree;RIS;impose_ouest;2026-10-02 09:00;BEST_GUESS;OK;59203;1380;60583;2417;2411
2026-09-26T10:37:43;E_A11;entree;RIS;acces_impose;2026-10-02 09:00;BEST_GUESS;OK;58437;1380;59817;2561;2527
2026-09-26T10:37:43;E_A11;entree;RIS;impose_ouest;2026-10-02 09:00;BEST_GUESS;OK;58437;1380;59817;2561;2527
2026-09-26T10:37:43;E_A13;entree;RIS;acces_impose;2026-10-02 09:00;BEST_GUESS;OK;100919;1380;102299;4408;4105
2026-09-26T10:37:44;E_A13;entree;RIS;impose_ouest;2026-10-02 09:00;BEST_GUESS;OK;115696;1380;117076;4903;4740
2026-09-26T10:37:44;E_A16;entree;RIS;acces_impose;2026-10-02 09:00;BEST_GUESS;OK;91380;1380;92760;5343;4341
2026-09-26T10:37:46;E_A16;entree;RIS;impose_ouest;2026-10-02 09:00;BEST_GUESS;OK;106157;1380;107537;5909;4977
2026-09-26T10:37:46;IDF1;site;RIS;acces_impose;2026-10-02 09:00;BEST_GUESS;OK;60653;1380;62033;4942;3740
2026-09-26T10:37:46;IDF1;site;RIS;impose_ouest;2026-10-02 09:00;BEST_GUESS;OK;79415;1380;80795;5806;4588
2026-09-26T10:37:46;IDF2;site;RIS;acces_impose;2026-10-02 09:00;BEST_GUESS;OK;14026;1380;15406;1198;1177
2026-09-26T10:37:46;IDF2;site;RIS;impose_ouest;2026-10-02 09:00;BEST_GUESS;OK;23176;1380;24556;1640;1590
2026-09-26T10:37:47;IDF3;site;RIS;acces_impose;2026-10-02 09:00;BEST_GUESS;OK;92571;1380;93951;5508;4715
2026-09-26T10:37:47;IDF3;site;RIS;impose_ouest;2026-10-02 09:00;BEST_GUESS;OK;107348;1380;108728;6084;5350
2026-09-26T10:37:47;IDF4;site;RIS;acces_impose;2026-10-02 09:00;BEST_GUESS;OK;49937;1380;51317;4191;3308
2026-09-26T10:37:47;IDF4;site;RIS;impose_ouest;2026-10-02 09:00;BEST_GUESS;OK;68699;1380;70079;5055;4155
2026-09-26T10:37:47;IDF5;site;RIS;acces_impose;2026-10-02 09:00;BEST_GUESS;OK;50047;1380;51427;4324;3526
2026-09-26T10:37:48;IDF5;site;RIS;impose_ouest;2026-10-02 09:00;BEST_GUESS;OK;68809;1380;70189;5187;4374
2026-09-26T10:37:48;IDF6;site;RIS;acces_impose;2026-10-02 09:00;BEST_GUESS;OK;59022;1380;60402;3909;3179
2026-09-26T10:37:48;IDF6;site;RIS;impose_ouest;2026-10-02 09:00;BEST_GUESS;OK;73799;1380;75179;4440;3814
2026-09-26T10:37:48;IDF7;site;RIS;acces_impose;2026-10-02 09:00;BEST_GUESS;OK;57906;1380;59286;3728;3058
2026-09-26T10:37:48;IDF7;site;RIS;impose_ouest;2026-10-02 09:00;BEST_GUESS;OK;72682;1380;74062;4236;3693
2026-09-26T10:37:49;IDF8;site;RIS;acces_impose;2026-10-02 09:00;BEST_GUESS;OK;67876;1380;69256;3714;3352
2026-09-26T10:37:49;IDF8;site;RIS;impose_est;2026-10-02 09:00;BEST_GUESS;OK;67876;1380;69256;3714;3352
2026-09-26T10:37:49;IDF9;site;RIS;acces_impose;2026-10-02 09:00;BEST_GUESS;OK;55209;1380;56589;3815;3306
2026-09-26T10:37:49;IDF9;site;RIS;impose_ouest;2026-10-02 09:00;BEST_GUESS;OK;69985;1380;71365;4334;3941
2026-09-26T10:37:49;IDF10;site;RIS;acces_impose;2026-10-02 09:00;BEST_GUESS;OK;53126;1380;54506;4360;3247
2026-09-26T10:37:50;IDF10;site;RIS;impose_ouest;2026-10-02 09:00;BEST_GUESS;OK;71888;1380;73268;5221;4094
2026-09-26T10:37:50;IDF11;site;RIS;acces_impose;2026-10-02 09:00;BEST_GUESS;OK;72285;1380;73665;3550;3233
2026-09-26T10:37:50;IDF11;site;RIS;impose_est;2026-10-02 09:00;BEST_GUESS;OK;72285;1380;73665;3550;3233
2026-09-26T10:37:50;IDF12;site;RIS;acces_impose;2026-10-02 09:00;BEST_GUESS;OK;34869;1380;36249;2419;2106
2026-09-26T10:37:50;IDF12;site;RIS;impose_est;2026-10-02 09:00;BEST_GUESS;OK;32483;1380;33863;2492;2372
2026-09-26T10:37:51;IDF13;site;RIS;acces_impose;2026-10-02 09:00;BEST_GUESS;OK;36001;1380;37381;2110;1960
2026-09-26T10:37:51;IDF13;site;RIS;impose_est;2026-10-02 09:00;BEST_GUESS;OK;36001;1380;37381;2110;1960
2026-09-26T10:37:51;IDF14;site;RIS;acces_impose;2026-10-02 09:00;BEST_GUESS;OK;16078;1380;17458;1961;1912
2026-09-26T10:37:51;IDF14;site;RIS;impose_est;2026-10-02 09:00;BEST_GUESS;OK;33504;1380;34884;2141;2057
2026-09-26T10:37:51;IDF15;site;RIS;acces_impose;2026-10-02 09:00;BEST_GUESS;OK;55151;1380;56531;3100;2819
2026-09-26T10:37:51;IDF15;site;RIS;impose_ouest;2026-10-02 09:00;BEST_GUESS;OK;69927;1380;71307;3627;3454
2026-09-26T10:37:52;HDF1;site;RIS;acces_impose;2026-10-02 09:00;BEST_GUESS;OK;228870;1380;230250;11473;10000
2026-09-26T10:37:52;HDF1;site;RIS;impose_est;2026-10-02 09:00;BEST_GUESS;OK;224950;1380;226330;10917;10145
2026-09-26T10:37:52;HDF2;site;RIS;acces_impose;2026-10-02 09:00;BEST_GUESS;OK;222412;1380;223792;10110;8889
2026-09-26T10:37:52;HDF2;site;RIS;impose_ouest;2026-10-02 09:00;BEST_GUESS;OK;241174;1380;242554;11048;9736
2026-09-26T10:37:53;HDF3;site;RIS;acces_impose;2026-10-02 09:00;BEST_GUESS;OK;270399;1380;271779;12507;11024
2026-09-26T10:37:53;HDF3;site;RIS;impose_ouest;2026-10-02 09:00;BEST_GUESS;OK;289161;1380;290541;13472;11871
2026-09-26T10:37:53;HDF4;site;RIS;acces_impose;2026-10-02 09:00;BEST_GUESS;OK;222410;1380;223790;10204;9013
2026-09-26T10:37:54;HDF4;site;RIS;impose_ouest;2026-10-02 09:00;BEST_GUESS;OK;241172;1380;242552;11151;9861
2026-09-26T10:37:54;HDF5;site;RIS;acces_impose;2026-10-02 09:00;BEST_GUESS;OK;243220;1380;244600;10972;9741
2026-09-26T10:37:54;HDF5;site;RIS;impose_ouest;2026-10-02 09:00;BEST_GUESS;OK;261982;1380;263362;11939;10588
2026-09-26T10:37:54;NOR1;site;RIS;acces_impose;2026-10-02 09:00;BEST_GUESS;OK;218404;1380;219784;8766;8179
2026-09-26T10:37:55;NOR1;site;RIS;impose_ouest;2026-10-02 09:00;BEST_GUESS;OK;233181;1380;234561;9192;8814
2026-09-26T10:37:55;NOR2;site;RIS;acces_impose;2026-10-02 09:00;BEST_GUESS;OK;147795;1380;149175;6102;5767
2026-09-26T10:37:55;NOR2;site;RIS;impose_ouest;2026-10-02 09:00;BEST_GUESS;OK;162572;1380;163952;6685;6402
2026-09-26T10:37:55;NOR3;site;RIS;acces_impose;2026-10-02 09:00;BEST_GUESS;OK;142728;1380;144108;6275;5877
2026-09-26T10:37:56;NOR3;site;RIS;impose_ouest;2026-10-02 09:00;BEST_GUESS;OK;157505;1380;158885;6886;6512
2026-09-26T10:37:56;CVL1;site;RIS;acces_impose;2026-10-02 09:00;BEST_GUESS;OK;222599;1380;223979;7985;7981
2026-09-26T10:37:57;CVL1;site;RIS;impose_ouest;2026-10-02 09:00;BEST_GUESS;OK;222599;1380;223979;7985;7981
2026-09-26T10:37:57;CVL2;site;RIS;acces_impose;2026-10-02 09:00;BEST_GUESS;OK;258419;1380;259799;10059;9975
2026-09-26T10:37:57;CVL2;site;RIS;impose_ouest;2026-10-02 09:00;BEST_GUESS;OK;258419;1380;259799;10059;9975
2026-09-26T10:37:57;CVL3;site;RIS;acces_impose;2026-10-02 09:00;BEST_GUESS;OK;126864;1380;128244;5067;5006
2026-09-26T10:37:58;CVL3;site;RIS;impose_ouest;2026-10-02 09:00;BEST_GUESS;OK;126864;1380;128244;5067;5006
2026-09-26T10:37:58;GE1;site;RIS;acces_impose;2026-10-02 09:00;BEST_GUESS;OK;208102;1380;209482;8188;7779
2026-09-26T10:37:58;GE1;site;RIS;impose_est;2026-10-02 09:00;BEST_GUESS;OK;208102;1380;209482;8188;7779
2026-09-26T10:37:58;BFC1;site;RIS;acces_impose;2026-10-02 09:00;BEST_GUESS;OK;290785;1380;292165;9652;9823
2026-09-26T10:37:58;BFC1;site;RIS;impose_est;2026-10-02 09:00;BEST_GUESS;OK;304701;1380;306081;10322;10474
2026-09-26T10:37:59;E_A1;entree;VITRY;rapide;2026-10-02 10:00;BEST_GUESS;OK;48820;0;48820;3375;2558
2026-09-26T10:37:59;E_A1;entree;RIS;rapide;2026-10-02 10:00;BEST_GUESS;OK;65882;1380;67262;4664;3448
2026-09-26T10:37:59;E_A4;entree;VITRY;rapide;2026-10-02 10:00;BEST_GUESS;OK;73090;0;73090;3557;3052
2026-09-26T10:37:59;E_A4;entree;RIS;rapide;2026-10-02 10:00;BEST_GUESS;OK;92509;1380;93889;4340;3971
2026-09-26T10:37:59;E_A5;entree;VITRY;rapide;2026-10-02 10:00;BEST_GUESS;OK;82488;0;82488;3744;3626
2026-09-26T10:37:59;E_A5;entree;RIS;rapide;2026-10-02 10:00;BEST_GUESS;OK;70634;1380;72014;2917;2857
2026-09-26T10:37:59;E_A6;entree;VITRY;rapide;2026-10-02 10:00;BEST_GUESS;OK;93772;0;93772;3688;3537
2026-09-26T10:37:59;E_A6;entree;RIS;rapide;2026-10-02 10:00;BEST_GUESS;OK;72353;1380;73733;2661;2641
2026-09-26T10:37:59;E_A10;entree;VITRY;rapide;2026-10-02 10:00;BEST_GUESS;OK;62958;0;62958;2754;2617
2026-09-26T10:37:59;E_A10;entree;RIS;rapide;2026-10-02 10:00;BEST_GUESS;OK;59203;1380;60583;2427;2411
2026-09-26T10:37:59;E_A11;entree;VITRY;rapide;2026-10-02 10:00;BEST_GUESS;OK;62192;0;62192;2903;2733
2026-09-26T10:37:59;E_A11;entree;RIS;rapide;2026-10-02 10:00;BEST_GUESS;OK;58437;1380;59817;2573;2528
2026-09-26T10:37:59;E_A13;entree;VITRY;rapide;2026-10-02 10:00;BEST_GUESS;OK;92461;0;92461;4082;3779
2026-09-26T10:37:59;E_A13;entree;RIS;rapide;2026-10-02 10:00;BEST_GUESS;OK;99218;1380;100598;4527;4096
2026-09-26T10:37:59;E_A16;entree;VITRY;rapide;2026-10-02 10:00;BEST_GUESS;OK;69185;0;69185;4532;3564
2026-09-26T10:37:59;E_A16;entree;RIS;rapide;2026-10-02 10:00;BEST_GUESS;OK;89679;1380;91059;5278;4332
2026-09-26T10:37:59;IDF1;site;VITRY;rapide;2026-10-02 10:00;BEST_GUESS;OK;41890;0;41890;3696;2841
2026-09-26T10:37:59;IDF1;site;RIS;rapide;2026-10-02 10:00;BEST_GUESS;OK;58951;1380;60331;5040;3731
2026-09-26T10:37:59;IDF2;site;VITRY;rapide;2026-10-02 10:00;BEST_GUESS;OK;35448;0;35448;2215;2082
2026-09-26T10:37:59;IDF2;site;RIS;rapide;2026-10-02 10:00;BEST_GUESS;OK;14026;1380;15406;1201;1177
2026-09-26T10:37:59;IDF3;site;VITRY;rapide;2026-10-02 10:00;BEST_GUESS;OK;66563;0;66563;4751;3895
2026-09-26T10:37:59;IDF3;site;RIS;rapide;2026-10-02 10:00;BEST_GUESS;OK;90869;1380;92249;5524;4705
2026-09-26T10:37:59;IDF4;site;VITRY;rapide;2026-10-02 10:00;BEST_GUESS;OK;31174;0;31174;3092;2409
2026-09-26T10:37:59;IDF4;site;RIS;rapide;2026-10-02 10:00;BEST_GUESS;OK;48236;1380;49616;4404;3299
2026-09-26T10:37:59;IDF5;site;VITRY;rapide;2026-10-02 10:00;BEST_GUESS;OK;27594;0;27594;3388;2838
2026-09-26T10:37:59;IDF5;site;RIS;rapide;2026-10-02 10:00;BEST_GUESS;OK;48346;1380;49726;4523;3517
2026-09-26T10:37:59;IDF6;site;VITRY;rapide;2026-10-02 10:00;BEST_GUESS;OK;41449;0;41449;3514;2811
2026-09-26T10:37:59;IDF6;site;RIS;rapide;2026-10-02 10:00;BEST_GUESS;OK;57321;1380;58701;3965;3170
2026-09-26T10:37:59;IDF7;site;VITRY;rapide;2026-10-02 10:00;BEST_GUESS;OK;40735;0;40735;3362;2678
2026-09-26T10:37:59;IDF7;site;RIS;rapide;2026-10-02 10:00;BEST_GUESS;OK;56204;1380;57584;3773;3049
2026-09-26T10:37:59;IDF8;site;VITRY;rapide;2026-10-02 10:00;BEST_GUESS;OK;45059;0;45059;3009;2489
2026-09-26T10:37:59;IDF8;site;RIS;rapide;2026-10-02 10:00;BEST_GUESS;OK;64478;1380;65858;3772;3408
2026-09-26T10:37:59;IDF9;site;VITRY;rapide;2026-10-02 10:00;BEST_GUESS;OK;46751;0;46751;3490;2980
2026-09-26T10:37:59;IDF9;site;RIS;rapide;2026-10-02 10:00;BEST_GUESS;OK;53507;1380;54887;3931;3297
2026-09-26T10:37:59;IDF10;site;VITRY;rapide;2026-10-02 10:00;BEST_GUESS;OK;34363;0;34363;3186;2348
2026-09-26T10:37:59;IDF10;site;RIS;rapide;2026-10-02 10:00;BEST_GUESS;OK;51425;1380;52805;4489;3238
2026-09-26T10:37:59;IDF11;site;VITRY;rapide;2026-10-02 10:00;BEST_GUESS;OK;49468;0;49468;2881;2370
2026-09-26T10:37:59;IDF11;site;RIS;rapide;2026-10-02 10:00;BEST_GUESS;OK;68887;1380;70267;3650;3288
2026-09-26T10:37:59;IDF12;site;VITRY;rapide;2026-10-02 10:00;BEST_GUESS;OK;11529;0;11529;1099;1049
2026-09-26T10:37:59;IDF12;site;RIS;rapide;2026-10-02 10:00;BEST_GUESS;OK;14828;1380;16208;2007;1955
2026-09-26T10:37:59;IDF13;site;VITRY;rapide;2026-10-02 10:00;BEST_GUESS;OK;38905;0;38905;2656;2536
2026-09-26T10:37:59;IDF13;site;RIS;rapide;2026-10-02 10:00;BEST_GUESS;OK;32603;1380;33983;2161;2015
2026-09-26T10:37:59;IDF14;site;VITRY;rapide;2026-10-02 10:00;BEST_GUESS;OK;7704;0;7704;1279;1243
2026-09-26T10:37:59;IDF14;site;RIS;rapide;2026-10-02 10:00;BEST_GUESS;OK;10572;1380;11952;1383;1306
2026-09-26T10:37:59;IDF15;site;VITRY;rapide;2026-10-02 10:00;BEST_GUESS;OK;46693;0;46693;2728;2493
2026-09-26T10:37:59;IDF15;site;RIS;rapide;2026-10-02 10:00;BEST_GUESS;OK;53449;1380;54829;3169;2809
2026-09-26T10:37:59;HDF1;site;VITRY;rapide;2026-10-02 10:00;BEST_GUESS;OK;210106;0;210106;10123;9101
2026-09-26T10:37:59;HDF1;site;RIS;rapide;2026-10-02 10:00;BEST_GUESS;OK;227168;1380;228548;11653;9991
2026-09-26T10:37:59;HDF2;site;VITRY;rapide;2026-10-02 10:00;BEST_GUESS;OK;203649;0;203649;8966;7989
2026-09-26T10:37:59;HDF2;site;RIS;rapide;2026-10-02 10:00;BEST_GUESS;OK;220711;1380;222091;10425;8880
2026-09-26T10:37:59;HDF3;site;VITRY;rapide;2026-10-02 10:00;BEST_GUESS;OK;251636;0;251636;11127;10124
2026-09-26T10:37:59;HDF3;site;RIS;rapide;2026-10-02 10:00;BEST_GUESS;OK;268698;1380;270078;12484;11014
2026-09-26T10:37:59;HDF4;site;VITRY;rapide;2026-10-02 10:00;BEST_GUESS;OK;203646;0;203646;8885;8114
2026-09-26T10:37:59;HDF4;site;RIS;rapide;2026-10-02 10:00;BEST_GUESS;OK;220709;1380;222089;10342;9004
2026-09-26T10:37:59;HDF5;site;VITRY;rapide;2026-10-02 10:00;BEST_GUESS;OK;224457;0;224457;9697;8842
2026-09-26T10:37:59;HDF5;site;RIS;rapide;2026-10-02 10:00;BEST_GUESS;OK;241519;1380;242899;11188;9732
2026-09-26T10:37:59;NOR1;site;VITRY;rapide;2026-10-02 10:00;BEST_GUESS;OK;209946;0;209946;8467;7853
2026-09-26T10:37:59;NOR1;site;RIS;rapide;2026-10-02 10:00;BEST_GUESS;OK;216703;1380;218083;8996;8170
2026-09-26T10:37:59;NOR2;site;VITRY;rapide;2026-10-02 10:00;BEST_GUESS;OK;139338;0;139338;5774;5440
2026-09-26T10:37:59;NOR2;site;RIS;rapide;2026-10-02 10:00;BEST_GUESS;OK;146094;1380;147474;6282;5757
2026-09-26T10:37:59;NOR3;site;VITRY;rapide;2026-10-02 10:00;BEST_GUESS;OK;134270;0;134270;5943;5551
2026-09-26T10:37:59;NOR3;site;RIS;rapide;2026-10-02 10:00;BEST_GUESS;OK;141027;1380;142407;6454;5868
2026-09-26T10:37:59;CVL1;site;VITRY;rapide;2026-10-02 10:00;BEST_GUESS;OK;226354;0;226354;8386;8187
2026-09-26T10:37:59;CVL1;site;RIS;rapide;2026-10-02 10:00;BEST_GUESS;OK;222599;1380;223979;8032;7982
2026-09-26T10:37:59;CVL2;site;VITRY;rapide;2026-10-02 10:00;BEST_GUESS;OK;262174;0;262174;10586;10181
2026-09-26T10:37:59;CVL2;site;RIS;rapide;2026-10-02 10:00;BEST_GUESS;OK;258418;1380;259798;10167;9974
2026-09-26T10:37:59;CVL3;site;VITRY;rapide;2026-10-02 10:00;BEST_GUESS;OK;130619;0;130619;5429;5212
2026-09-26T10:37:59;CVL3;site;RIS;rapide;2026-10-02 10:00;BEST_GUESS;OK;126864;1380;128244;5072;5006
2026-09-26T10:37:59;GE1;site;VITRY;rapide;2026-10-02 10:00;BEST_GUESS;OK;185285;0;185285;7438;6915
2026-09-26T10:37:59;GE1;site;RIS;rapide;2026-10-02 10:00;BEST_GUESS;OK;204704;1380;206084;8319;7834
2026-09-26T10:37:59;BFC1;site;VITRY;rapide;2026-10-02 10:00;BEST_GUESS;OK;312203;0;312203;10747;10719
2026-09-26T10:37:59;BFC1;site;RIS;rapide;2026-10-02 10:00;BEST_GUESS;OK;290785;1380;292165;9634;9824
2026-09-26T10:37:59;E_A1;entree;RIS;acces_impose;2026-10-02 10:00;BEST_GUESS;OK;67584;1380;68964;4682;3457
2026-09-26T10:37:59;E_A1;entree;RIS;impose_ouest;2026-10-02 10:00;BEST_GUESS;OK;86345;1380;87725;5582;4305
2026-09-26T10:38:00;E_A4;entree;RIS;acces_impose;2026-10-02 10:00;BEST_GUESS;OK;95907;1380;97287;4297;3915
2026-09-26T10:38:00;E_A4;entree;RIS;impose_est;2026-10-02 10:00;BEST_GUESS;OK;95907;1380;97287;4297;3915
2026-09-26T10:38:00;E_A5;entree;RIS;acces_impose;2026-10-02 10:00;BEST_GUESS;OK;74032;1380;75412;2873;2802
2026-09-26T10:38:00;E_A5;entree;RIS;impose_est;2026-10-02 10:00;BEST_GUESS;OK;74032;1380;75412;2873;2802
2026-09-26T10:38:00;E_A6;entree;RIS;acces_impose;2026-10-02 10:00;BEST_GUESS;OK;72354;1380;73734;2661;2641
2026-09-26T10:38:00;E_A6;entree;RIS;impose_est;2026-10-02 10:00;BEST_GUESS;OK;86270;1380;87650;3323;3292
2026-09-26T10:38:01;E_A10;entree;RIS;acces_impose;2026-10-02 10:00;BEST_GUESS;OK;59203;1380;60583;2427;2411
2026-09-26T10:38:01;E_A10;entree;RIS;impose_ouest;2026-10-02 10:00;BEST_GUESS;OK;59203;1380;60583;2427;2411
2026-09-26T10:38:01;E_A11;entree;RIS;acces_impose;2026-10-02 10:00;BEST_GUESS;OK;58437;1380;59817;2573;2527
2026-09-26T10:38:01;E_A11;entree;RIS;impose_ouest;2026-10-02 10:00;BEST_GUESS;OK;58437;1380;59817;2573;2527
2026-09-26T10:38:01;E_A13;entree;RIS;acces_impose;2026-10-02 10:00;BEST_GUESS;OK;100919;1380;102299;4545;4105
2026-09-26T10:38:02;E_A13;entree;RIS;impose_ouest;2026-10-02 10:00;BEST_GUESS;OK;115696;1380;117076;5072;4740
2026-09-26T10:38:02;E_A16;entree;RIS;acces_impose;2026-10-02 10:00;BEST_GUESS;OK;91380;1380;92760;5295;4341
2026-09-26T10:38:02;E_A16;entree;RIS;impose_ouest;2026-10-02 10:00;BEST_GUESS;OK;106157;1380;107537;5734;4977
2026-09-26T10:38:02;IDF1;site;RIS;acces_impose;2026-10-02 10:00;BEST_GUESS;OK;60653;1380;62033;5056;3740
2026-09-26T10:38:03;IDF1;site;RIS;impose_ouest;2026-10-02 10:00;BEST_GUESS;OK;79415;1380;80795;5972;4588
2026-09-26T10:38:03;IDF2;site;RIS;acces_impose;2026-10-02 10:00;BEST_GUESS;OK;14026;1380;15406;1201;1177
2026-09-26T10:38:03;IDF2;site;RIS;impose_ouest;2026-10-02 10:00;BEST_GUESS;OK;23176;1380;24556;1616;1590
2026-09-26T10:38:03;IDF3;site;RIS;acces_impose;2026-10-02 10:00;BEST_GUESS;OK;92571;1380;93951;5537;4715
2026-09-26T10:38:03;IDF3;site;RIS;impose_ouest;2026-10-02 10:00;BEST_GUESS;OK;107348;1380;108728;6060;5350
2026-09-26T10:38:04;IDF4;site;RIS;acces_impose;2026-10-02 10:00;BEST_GUESS;OK;49937;1380;51317;4420;3308
2026-09-26T10:38:04;IDF4;site;RIS;impose_ouest;2026-10-02 10:00;BEST_GUESS;OK;68699;1380;70079;5319;4155
2026-09-26T10:38:04;IDF5;site;RIS;acces_impose;2026-10-02 10:00;BEST_GUESS;OK;50047;1380;51427;4541;3526
2026-09-26T10:38:04;IDF5;site;RIS;impose_ouest;2026-10-02 10:00;BEST_GUESS;OK;68809;1380;70189;5440;4374
2026-09-26T10:38:04;IDF6;site;RIS;acces_impose;2026-10-02 10:00;BEST_GUESS;OK;59022;1380;60402;3986;3179
2026-09-26T10:38:05;IDF6;site;RIS;impose_ouest;2026-10-02 10:00;BEST_GUESS;OK;73799;1380;75179;4494;3814
2026-09-26T10:38:05;IDF7;site;RIS;acces_impose;2026-10-02 10:00;BEST_GUESS;OK;57906;1380;59286;3794;3058
2026-09-26T10:38:05;IDF7;site;RIS;impose_ouest;2026-10-02 10:00;BEST_GUESS;OK;72682;1380;74062;4298;3693
2026-09-26T10:38:05;IDF8;site;RIS;acces_impose;2026-10-02 10:00;BEST_GUESS;OK;67876;1380;69256;3733;3352
2026-09-26T10:38:05;IDF8;site;RIS;impose_est;2026-10-02 10:00;BEST_GUESS;OK;67876;1380;69256;3733;3352
2026-09-26T10:38:06;IDF9;site;RIS;acces_impose;2026-10-02 10:00;BEST_GUESS;OK;55209;1380;56589;3952;3306
2026-09-26T10:38:06;IDF9;site;RIS;impose_ouest;2026-10-02 10:00;BEST_GUESS;OK;69985;1380;71365;4466;3941
2026-09-26T10:38:06;IDF10;site;RIS;acces_impose;2026-10-02 10:00;BEST_GUESS;OK;53126;1380;54506;4506;3247
2026-09-26T10:38:06;IDF10;site;RIS;impose_ouest;2026-10-02 10:00;BEST_GUESS;OK;71888;1380;73268;5405;4094
2026-09-26T10:38:06;IDF11;site;RIS;acces_impose;2026-10-02 10:00;BEST_GUESS;OK;72285;1380;73665;3612;3233
2026-09-26T10:38:07;IDF11;site;RIS;impose_est;2026-10-02 10:00;BEST_GUESS;OK;72285;1380;73665;3612;3233
2026-09-26T10:38:07;IDF12;site;RIS;acces_impose;2026-10-02 10:00;BEST_GUESS;OK;34869;1380;36249;2591;2106
2026-09-26T10:38:07;IDF12;site;RIS;impose_est;2026-10-02 10:00;BEST_GUESS;OK;32483;1380;33863;2437;2372
2026-09-26T10:38:09;IDF13;site;RIS;acces_impose;2026-10-02 10:00;BEST_GUESS;OK;36001;1380;37381;2138;1960
2026-09-26T10:38:09;IDF13;site;RIS;impose_est;2026-10-02 10:00;BEST_GUESS;OK;36001;1380;37381;2138;1960
2026-09-26T10:38:09;IDF14;site;RIS;acces_impose;2026-10-02 10:00;BEST_GUESS;OK;16078;1380;17458;2015;1912
2026-09-26T10:38:10;IDF14;site;RIS;impose_est;2026-10-02 10:00;BEST_GUESS;OK;33504;1380;34884;2144;2057
2026-09-26T10:38:10;IDF15;site;RIS;acces_impose;2026-10-02 10:00;BEST_GUESS;OK;55151;1380;56531;3183;2819
2026-09-26T10:38:10;IDF15;site;RIS;impose_ouest;2026-10-02 10:00;BEST_GUESS;OK;69927;1380;71307;3708;3454
2026-09-26T10:38:10;HDF1;site;RIS;acces_impose;2026-10-02 10:00;BEST_GUESS;OK;228870;1380;230250;11680;10000
2026-09-26T10:38:10;HDF1;site;RIS;impose_est;2026-10-02 10:00;BEST_GUESS;OK;224950;1380;226330;11118;10145
2026-09-26T10:38:11;HDF2;site;RIS;acces_impose;2026-10-02 10:00;BEST_GUESS;OK;222412;1380;223792;10442;8889
2026-09-26T10:38:11;HDF2;site;RIS;impose_ouest;2026-10-02 10:00;BEST_GUESS;OK;241174;1380;242554;11404;9736
2026-09-26T10:38:11;HDF3;site;RIS;acces_impose;2026-10-02 10:00;BEST_GUESS;OK;270399;1380;271779;12515;11024
2026-09-26T10:38:11;HDF3;site;RIS;impose_ouest;2026-10-02 10:00;BEST_GUESS;OK;289161;1380;290541;13525;11871
2026-09-26T10:38:12;HDF4;site;RIS;acces_impose;2026-10-02 10:00;BEST_GUESS;OK;222410;1380;223790;10359;9013
2026-09-26T10:38:12;HDF4;site;RIS;impose_ouest;2026-10-02 10:00;BEST_GUESS;OK;241172;1380;242552;11323;9861
2026-09-26T10:38:12;HDF5;site;RIS;acces_impose;2026-10-02 10:00;BEST_GUESS;OK;243220;1380;244600;11207;9741
2026-09-26T10:38:12;HDF5;site;RIS;impose_ouest;2026-10-02 10:00;BEST_GUESS;OK;261982;1380;263362;12172;10588
2026-09-26T10:38:13;NOR1;site;RIS;acces_impose;2026-10-02 10:00;BEST_GUESS;OK;218404;1380;219784;9015;8179
2026-09-26T10:38:13;NOR1;site;RIS;impose_ouest;2026-10-02 10:00;BEST_GUESS;OK;233181;1380;234561;9441;8814
2026-09-26T10:38:13;NOR2;site;RIS;acces_impose;2026-10-02 10:00;BEST_GUESS;OK;147795;1380;149175;6297;5767
2026-09-26T10:38:14;NOR2;site;RIS;impose_ouest;2026-10-02 10:00;BEST_GUESS;OK;162572;1380;163952;6878;6402
2026-09-26T10:38:14;NOR3;site;RIS;acces_impose;2026-10-02 10:00;BEST_GUESS;OK;142728;1380;144108;6468;5877
2026-09-26T10:38:14;NOR3;site;RIS;impose_ouest;2026-10-02 10:00;BEST_GUESS;OK;157505;1380;158885;7033;6512
2026-09-26T10:38:14;CVL1;site;RIS;acces_impose;2026-10-02 10:00;BEST_GUESS;OK;222599;1380;223979;8032;7981
2026-09-26T10:38:14;CVL1;site;RIS;impose_ouest;2026-10-02 10:00;BEST_GUESS;OK;222599;1380;223979;8032;7981
2026-09-26T10:38:15;CVL2;site;RIS;acces_impose;2026-10-02 10:00;BEST_GUESS;OK;258419;1380;259799;10166;9975
2026-09-26T10:38:15;CVL2;site;RIS;impose_ouest;2026-10-02 10:00;BEST_GUESS;OK;258419;1380;259799;10166;9975
2026-09-26T10:38:15;CVL3;site;RIS;acces_impose;2026-10-02 10:00;BEST_GUESS;OK;126864;1380;128244;5072;5006
2026-09-26T10:38:15;CVL3;site;RIS;impose_ouest;2026-10-02 10:00;BEST_GUESS;OK;126864;1380;128244;5072;5006
2026-09-26T10:38:16;GE1;site;RIS;acces_impose;2026-10-02 10:00;BEST_GUESS;OK;208102;1380;209482;8272;7779
2026-09-26T10:38:16;GE1;site;RIS;impose_est;2026-10-02 10:00;BEST_GUESS;OK;208102;1380;209482;8272;7779
2026-09-26T10:38:16;BFC1;site;RIS;acces_impose;2026-10-02 10:00;BEST_GUESS;OK;290785;1380;292165;9634;9823
2026-09-26T10:38:16;BFC1;site;RIS;impose_est;2026-10-02 10:00;BEST_GUESS;OK;304701;1380;306081;10333;10474
2026-09-26T10:38:17;E_A1;entree;VITRY;rapide;2026-10-02 11:00;BEST_GUESS;OK;48820;0;48820;3377;2558
2026-09-26T10:38:17;E_A1;entree;RIS;rapide;2026-10-02 11:00;BEST_GUESS;OK;65882;1380;67262;5045;3448
2026-09-26T10:38:17;E_A4;entree;VITRY;rapide;2026-10-02 11:00;BEST_GUESS;OK;73090;0;73090;3570;3052
2026-09-26T10:38:17;E_A4;entree;RIS;rapide;2026-10-02 11:00;BEST_GUESS;OK;92509;1380;93889;4469;3971
2026-09-26T10:38:17;E_A5;entree;VITRY;rapide;2026-10-02 11:00;BEST_GUESS;OK;82488;0;82488;3737;3626
2026-09-26T10:38:17;E_A5;entree;RIS;rapide;2026-10-02 11:00;BEST_GUESS;OK;70634;1380;72014;2935;2857
2026-09-26T10:38:17;E_A6;entree;VITRY;rapide;2026-10-02 11:00;BEST_GUESS;OK;93772;0;93772;3690;3537
2026-09-26T10:38:17;E_A6;entree;RIS;rapide;2026-10-02 11:00;BEST_GUESS;OK;72354;1380;73734;2633;2642
2026-09-26T10:38:17;E_A10;entree;VITRY;rapide;2026-10-02 11:00;BEST_GUESS;OK;62958;0;62958;2822;2617
2026-09-26T10:38:17;E_A10;entree;RIS;rapide;2026-10-02 11:00;BEST_GUESS;OK;59203;1380;60583;2454;2411
2026-09-26T10:38:17;E_A11;entree;VITRY;rapide;2026-10-02 11:00;BEST_GUESS;OK;62192;0;62192;2974;2733
2026-09-26T10:38:17;E_A11;entree;RIS;rapide;2026-10-02 11:00;BEST_GUESS;OK;58437;1380;59817;2605;2528
2026-09-26T10:38:17;E_A13;entree;VITRY;rapide;2026-10-02 11:00;BEST_GUESS;OK;92461;0;92461;4232;3779
2026-09-26T10:38:17;E_A13;entree;RIS;rapide;2026-10-02 11:00;BEST_GUESS;OK;99218;1380;100598;4784;4096
2026-09-26T10:38:17;E_A16;entree;VITRY;rapide;2026-10-02 11:00;BEST_GUESS;OK;69185;0;69185;4557;3564
2026-09-26T10:38:17;E_A16;entree;RIS;rapide;2026-10-02 11:00;BEST_GUESS;OK;89679;1380;91059;5494;4332
2026-09-26T10:38:17;IDF1;site;VITRY;rapide;2026-10-02 11:00;BEST_GUESS;OK;41890;0;41890;3710;2841
2026-09-26T10:38:17;IDF1;site;RIS;rapide;2026-10-02 11:00;BEST_GUESS;OK;58952;1380;60332;5353;3731
2026-09-26T10:38:17;IDF2;site;VITRY;rapide;2026-10-02 11:00;BEST_GUESS;OK;35448;0;35448;2271;2082
2026-09-26T10:38:17;IDF2;site;RIS;rapide;2026-10-02 11:00;BEST_GUESS;OK;14026;1380;15406;1209;1177
2026-09-26T10:38:17;IDF3;site;VITRY;rapide;2026-10-02 11:00;BEST_GUESS;OK;66563;0;66563;4819;3895
2026-09-26T10:38:17;IDF3;site;RIS;rapide;2026-10-02 11:00;BEST_GUESS;OK;90870;1380;92250;5835;4706
2026-09-26T10:38:17;IDF4;site;VITRY;rapide;2026-10-02 11:00;BEST_GUESS;OK;31174;0;31174;3061;2409
2026-09-26T10:38:17;IDF4;site;RIS;rapide;2026-10-02 11:00;BEST_GUESS;OK;48236;1380;49616;4701;3299
2026-09-26T10:38:17;IDF5;site;VITRY;rapide;2026-10-02 11:00;BEST_GUESS;OK;27596;0;27596;3603;2840
2026-09-26T10:38:17;IDF5;site;RIS;rapide;2026-10-02 11:00;BEST_GUESS;OK;48346;1380;49726;4910;3517
2026-09-26T10:38:17;IDF6;site;VITRY;rapide;2026-10-02 11:00;BEST_GUESS;OK;41449;0;41449;3481;2811
2026-09-26T10:38:17;IDF6;site;RIS;rapide;2026-10-02 11:00;BEST_GUESS;OK;57321;1380;58701;4184;3170
2026-09-26T10:38:17;IDF7;site;VITRY;rapide;2026-10-02 11:00;BEST_GUESS;OK;40735;0;40735;3342;2678
2026-09-26T10:38:17;IDF7;site;RIS;rapide;2026-10-02 11:00;BEST_GUESS;OK;56204;1380;57584;3951;3049
2026-09-26T10:38:17;IDF8;site;VITRY;rapide;2026-10-02 11:00;BEST_GUESS;OK;45059;0;45059;3014;2489
2026-09-26T10:38:17;IDF8;site;RIS;rapide;2026-10-02 11:00;BEST_GUESS;OK;64478;1380;65858;3890;3408
2026-09-26T10:38:17;IDF9;site;VITRY;rapide;2026-10-02 11:00;BEST_GUESS;OK;46751;0;46751;3629;2980
2026-09-26T10:38:17;IDF9;site;RIS;rapide;2026-10-02 11:00;BEST_GUESS;OK;53507;1380;54887;4185;3297
2026-09-26T10:38:17;IDF10;site;VITRY;rapide;2026-10-02 11:00;BEST_GUESS;OK;34363;0;34363;3211;2348
2026-09-26T10:38:17;IDF10;site;RIS;rapide;2026-10-02 11:00;BEST_GUESS;OK;51425;1380;52805;4844;3238
2026-09-26T10:38:17;IDF11;site;VITRY;rapide;2026-10-02 11:00;BEST_GUESS;OK;49468;0;49468;2895;2370
2026-09-26T10:38:17;IDF11;site;RIS;rapide;2026-10-02 11:00;BEST_GUESS;OK;68887;1380;70267;3761;3288
2026-09-26T10:38:17;IDF12;site;VITRY;rapide;2026-10-02 11:00;BEST_GUESS;OK;11529;0;11529;1118;1049
2026-09-26T10:38:17;IDF12;site;RIS;rapide;2026-10-02 11:00;BEST_GUESS;OK;14828;1380;16208;2052;1956
2026-09-26T10:38:17;IDF13;site;VITRY;rapide;2026-10-02 11:00;BEST_GUESS;OK;38905;0;38905;2651;2536
2026-09-26T10:38:17;IDF13;site;RIS;rapide;2026-10-02 11:00;BEST_GUESS;OK;32603;1380;33983;2181;2015
2026-09-26T10:38:17;IDF14;site;VITRY;rapide;2026-10-02 11:00;BEST_GUESS;OK;7704;0;7704;1308;1243
2026-09-26T10:38:17;IDF14;site;RIS;rapide;2026-10-02 11:00;BEST_GUESS;OK;10572;1380;11952;1397;1306
2026-09-26T10:38:17;IDF15;site;VITRY;rapide;2026-10-02 11:00;BEST_GUESS;OK;46693;0;46693;2797;2492
2026-09-26T10:38:17;IDF15;site;RIS;rapide;2026-10-02 11:00;BEST_GUESS;OK;53449;1380;54829;3283;2809
2026-09-26T10:38:17;HDF1;site;VITRY;rapide;2026-10-02 11:00;BEST_GUESS;OK;210106;0;210106;10044;9101
2026-09-26T10:38:17;HDF1;site;RIS;rapide;2026-10-02 11:00;BEST_GUESS;OK;227168;1380;228548;11481;9991
2026-09-26T10:38:17;HDF2;site;VITRY;rapide;2026-10-02 11:00;BEST_GUESS;OK;203649;0;203649;9118;7989
2026-09-26T10:38:17;HDF2;site;RIS;rapide;2026-10-02 11:00;BEST_GUESS;OK;220711;1380;222091;10419;8880
2026-09-26T10:38:17;HDF3;site;VITRY;rapide;2026-10-02 11:00;BEST_GUESS;OK;251636;0;251636;10997;10124
2026-09-26T10:38:17;HDF3;site;RIS;rapide;2026-10-02 11:00;BEST_GUESS;OK;268698;1380;270078;12404;11014
2026-09-26T10:38:17;HDF4;site;VITRY;rapide;2026-10-02 11:00;BEST_GUESS;OK;203647;0;203647;9113;8114
2026-09-26T10:38:17;HDF4;site;RIS;rapide;2026-10-02 11:00;BEST_GUESS;OK;220709;1380;222089;10414;9004
2026-09-26T10:38:17;HDF5;site;VITRY;rapide;2026-10-02 11:00;BEST_GUESS;OK;224457;0;224457;9708;8842
2026-09-26T10:38:17;HDF5;site;RIS;rapide;2026-10-02 11:00;BEST_GUESS;OK;241519;1380;242899;11143;9732
2026-09-26T10:38:17;NOR1;site;VITRY;rapide;2026-10-02 11:00;BEST_GUESS;OK;209946;0;209946;8440;7853
2026-09-26T10:38:17;NOR1;site;RIS;rapide;2026-10-02 11:00;BEST_GUESS;OK;216703;1380;218083;8987;8170
2026-09-26T10:38:17;NOR2;site;VITRY;rapide;2026-10-02 11:00;BEST_GUESS;OK;139338;0;139338;5960;5440
2026-09-26T10:38:17;NOR2;site;RIS;rapide;2026-10-02 11:00;BEST_GUESS;OK;146094;1380;147474;6493;5757
2026-09-26T10:38:17;NOR3;site;VITRY;rapide;2026-10-02 11:00;BEST_GUESS;OK;134270;0;134270;6113;5551
2026-09-26T10:38:17;NOR3;site;RIS;rapide;2026-10-02 11:00;BEST_GUESS;OK;141027;1380;142407;6638;5868
2026-09-26T10:38:17;CVL1;site;VITRY;rapide;2026-10-02 11:00;BEST_GUESS;OK;226354;0;226354;8455;8187
2026-09-26T10:38:17;CVL1;site;RIS;rapide;2026-10-02 11:00;BEST_GUESS;OK;222599;1380;223979;8043;7982
2026-09-26T10:38:17;CVL2;site;VITRY;rapide;2026-10-02 11:00;BEST_GUESS;OK;262174;0;262174;10562;10181
2026-09-26T10:38:17;CVL2;site;RIS;rapide;2026-10-02 11:00;BEST_GUESS;OK;258419;1380;259799;10236;9975
2026-09-26T10:38:17;CVL3;site;VITRY;rapide;2026-10-02 11:00;BEST_GUESS;OK;130619;0;130619;5525;5212
2026-09-26T10:38:17;CVL3;site;RIS;rapide;2026-10-02 11:00;BEST_GUESS;OK;126864;1380;128244;5140;5006
2026-09-26T10:38:17;GE1;site;VITRY;rapide;2026-10-02 11:00;BEST_GUESS;OK;185285;0;185285;7465;6915
2026-09-26T10:38:17;GE1;site;RIS;rapide;2026-10-02 11:00;BEST_GUESS;OK;204704;1380;206084;8305;7834
2026-09-26T10:38:17;BFC1;site;VITRY;rapide;2026-10-02 11:00;BEST_GUESS;OK;312203;0;312203;10728;10719
2026-09-26T10:38:17;BFC1;site;RIS;rapide;2026-10-02 11:00;BEST_GUESS;OK;290785;1380;292165;9642;9824
2026-09-26T10:38:17;E_A1;entree;RIS;acces_impose;2026-10-02 11:00;BEST_GUESS;OK;67584;1380;68964;5055;3457
2026-09-26T10:38:17;E_A1;entree;RIS;impose_ouest;2026-10-02 11:00;BEST_GUESS;OK;86345;1380;87725;6018;4305
2026-09-26T10:38:18;E_A4;entree;RIS;acces_impose;2026-10-02 11:00;BEST_GUESS;OK;95907;1380;97287;4418;3915
2026-09-26T10:38:18;E_A4;entree;RIS;impose_est;2026-10-02 11:00;BEST_GUESS;OK;95907;1380;97287;4418;3915
2026-09-26T10:38:18;E_A5;entree;RIS;acces_impose;2026-10-02 11:00;BEST_GUESS;OK;74032;1380;75412;2894;2802
2026-09-26T10:38:18;E_A5;entree;RIS;impose_est;2026-10-02 11:00;BEST_GUESS;OK;74032;1380;75412;2894;2802
2026-09-26T10:38:18;E_A6;entree;RIS;acces_impose;2026-10-02 11:00;BEST_GUESS;OK;72354;1380;73734;2633;2641
2026-09-26T10:38:19;E_A6;entree;RIS;impose_est;2026-10-02 11:00;BEST_GUESS;OK;86270;1380;87650;3297;3292
2026-09-26T10:38:19;E_A10;entree;RIS;acces_impose;2026-10-02 11:00;BEST_GUESS;OK;59203;1380;60583;2454;2411
2026-09-26T10:38:19;E_A10;entree;RIS;impose_ouest;2026-10-02 11:00;BEST_GUESS;OK;59203;1380;60583;2454;2411
2026-09-26T10:38:19;E_A11;entree;RIS;acces_impose;2026-10-02 11:00;BEST_GUESS;OK;58437;1380;59817;2605;2527
2026-09-26T10:38:19;E_A11;entree;RIS;impose_ouest;2026-10-02 11:00;BEST_GUESS;OK;58437;1380;59817;2605;2527
2026-09-26T10:38:20;E_A13;entree;RIS;acces_impose;2026-10-02 11:00;BEST_GUESS;OK;100919;1380;102299;4793;4105
2026-09-26T10:38:20;E_A13;entree;RIS;impose_ouest;2026-10-02 11:00;BEST_GUESS;OK;115696;1380;117076;5267;4740
2026-09-26T10:38:20;E_A16;entree;RIS;acces_impose;2026-10-02 11:00;BEST_GUESS;OK;91380;1380;92760;5513;4341
2026-09-26T10:38:20;E_A16;entree;RIS;impose_ouest;2026-10-02 11:00;BEST_GUESS;OK;106157;1380;107537;5956;4977
2026-09-26T10:38:21;IDF1;site;RIS;acces_impose;2026-10-02 11:00;BEST_GUESS;OK;60653;1380;62033;5371;3740
2026-09-26T10:38:21;IDF1;site;RIS;impose_ouest;2026-10-02 11:00;BEST_GUESS;OK;79415;1380;80795;6337;4588
2026-09-26T10:38:21;IDF2;site;RIS;acces_impose;2026-10-02 11:00;BEST_GUESS;OK;14026;1380;15406;1209;1177
2026-09-26T10:38:21;IDF2;site;RIS;impose_ouest;2026-10-02 11:00;BEST_GUESS;OK;23176;1380;24556;1640;1590
2026-09-26T10:38:21;IDF3;site;RIS;acces_impose;2026-10-02 11:00;BEST_GUESS;OK;92571;1380;93951;5854;4715
2026-09-26T10:38:22;IDF3;site;RIS;impose_ouest;2026-10-02 11:00;BEST_GUESS;OK;107348;1380;108728;6325;5350
2026-09-26T10:38:22;IDF4;site;RIS;acces_impose;2026-10-02 11:00;BEST_GUESS;OK;49937;1380;51317;4710;3308
2026-09-26T10:38:22;IDF4;site;RIS;impose_ouest;2026-10-02 11:00;BEST_GUESS;OK;68699;1380;70079;5673;4155
2026-09-26T10:38:22;IDF5;site;RIS;acces_impose;2026-10-02 11:00;BEST_GUESS;OK;50047;1380;51427;4920;3526
2026-09-26T10:38:23;IDF5;site;RIS;impose_ouest;2026-10-02 11:00;BEST_GUESS;OK;68809;1380;70189;5891;4374
2026-09-26T10:38:23;IDF6;site;RIS;acces_impose;2026-10-02 11:00;BEST_GUESS;OK;59022;1380;60402;4189;3179
2026-09-26T10:38:23;IDF6;site;RIS;impose_ouest;2026-10-02 11:00;BEST_GUESS;OK;73799;1380;75179;4668;3814
2026-09-26T10:38:23;IDF7;site;RIS;acces_impose;2026-10-02 11:00;BEST_GUESS;OK;57906;1380;59286;3953;3058
2026-09-26T10:38:24;IDF7;site;RIS;impose_ouest;2026-10-02 11:00;BEST_GUESS;OK;72682;1380;74062;4490;3693
2026-09-26T10:38:24;IDF8;site;RIS;acces_impose;2026-10-02 11:00;BEST_GUESS;OK;67876;1380;69256;3840;3352
2026-09-26T10:38:24;IDF8;site;RIS;impose_est;2026-10-02 11:00;BEST_GUESS;OK;67876;1380;69256;3840;3352
2026-09-26T10:38:24;IDF9;site;RIS;acces_impose;2026-10-02 11:00;BEST_GUESS;OK;55209;1380;56589;4190;3306
2026-09-26T10:38:24;IDF9;site;RIS;impose_ouest;2026-10-02 11:00;BEST_GUESS;OK;69985;1380;71365;4668;3941
2026-09-26T10:38:25;IDF10;site;RIS;acces_impose;2026-10-02 11:00;BEST_GUESS;OK;53126;1380;54506;4853;3247
2026-09-26T10:38:25;IDF10;site;RIS;impose_ouest;2026-10-02 11:00;BEST_GUESS;OK;71888;1380;73268;5825;4094
2026-09-26T10:38:25;IDF11;site;RIS;acces_impose;2026-10-02 11:00;BEST_GUESS;OK;72285;1380;73665;3714;3233
2026-09-26T10:38:27;IDF11;site;RIS;impose_est;2026-10-02 11:00;BEST_GUESS;OK;72285;1380;73665;3714;3233
2026-09-26T10:38:27;IDF12;site;RIS;acces_impose;2026-10-02 11:00;BEST_GUESS;OK;34869;1380;36249;2659;2106
2026-09-26T10:38:28;IDF12;site;RIS;impose_est;2026-10-02 11:00;BEST_GUESS;OK;32483;1380;33863;2454;2372
2026-09-26T10:38:28;IDF13;site;RIS;acces_impose;2026-10-02 11:00;BEST_GUESS;OK;36001;1380;37381;2142;1960
2026-09-26T10:38:28;IDF13;site;RIS;impose_est;2026-10-02 11:00;BEST_GUESS;OK;36001;1380;37381;2142;1960
2026-09-26T10:38:28;IDF14;site;RIS;acces_impose;2026-10-02 11:00;BEST_GUESS;OK;16078;1380;17458;2037;1912
2026-09-26T10:38:28;IDF14;site;RIS;impose_est;2026-10-02 11:00;BEST_GUESS;OK;33504;1380;34884;2180;2057
2026-09-26T10:38:28;IDF15;site;RIS;acces_impose;2026-10-02 11:00;BEST_GUESS;OK;55151;1380;56531;3292;2819
2026-09-26T10:38:29;IDF15;site;RIS;impose_ouest;2026-10-02 11:00;BEST_GUESS;OK;69927;1380;71307;3837;3454
2026-09-26T10:38:29;HDF1;site;RIS;acces_impose;2026-10-02 11:00;BEST_GUESS;OK;228870;1380;230250;11501;10000
2026-09-26T10:38:29;HDF1;site;RIS;impose_est;2026-10-02 11:00;BEST_GUESS;OK;224950;1380;226330;11183;10145
2026-09-26T10:38:29;HDF2;site;RIS;acces_impose;2026-10-02 11:00;BEST_GUESS;OK;222412;1380;223792;10452;8889
2026-09-26T10:38:30;HDF2;site;RIS;impose_ouest;2026-10-02 11:00;BEST_GUESS;OK;241174;1380;242554;11503;9736
2026-09-26T10:38:30;HDF3;site;RIS;acces_impose;2026-10-02 11:00;BEST_GUESS;OK;270399;1380;271779;12433;11024
2026-09-26T10:38:30;HDF3;site;RIS;impose_ouest;2026-10-02 11:00;BEST_GUESS;OK;289161;1380;290541;13509;11871
2026-09-26T10:38:30;HDF4;site;RIS;acces_impose;2026-10-02 11:00;BEST_GUESS;OK;222410;1380;223790;10447;9013
2026-09-26T10:38:31;HDF4;site;RIS;impose_ouest;2026-10-02 11:00;BEST_GUESS;OK;241172;1380;242552;11498;9861
2026-09-26T10:38:31;HDF5;site;RIS;acces_impose;2026-10-02 11:00;BEST_GUESS;OK;243220;1380;244600;11163;9741
2026-09-26T10:38:31;HDF5;site;RIS;impose_ouest;2026-10-02 11:00;BEST_GUESS;OK;261982;1380;263362;12216;10588
2026-09-26T10:38:32;NOR1;site;RIS;acces_impose;2026-10-02 11:00;BEST_GUESS;OK;218404;1380;219784;9017;8179
2026-09-26T10:38:32;NOR1;site;RIS;impose_ouest;2026-10-02 11:00;BEST_GUESS;OK;233181;1380;234561;9468;8814
2026-09-26T10:38:32;NOR2;site;RIS;acces_impose;2026-10-02 11:00;BEST_GUESS;OK;147795;1380;149175;6510;5767
2026-09-26T10:38:32;NOR2;site;RIS;impose_ouest;2026-10-02 11:00;BEST_GUESS;OK;162572;1380;163952;6952;6402
2026-09-26T10:38:33;NOR3;site;RIS;acces_impose;2026-10-02 11:00;BEST_GUESS;OK;142728;1380;144108;6655;5877
2026-09-26T10:38:33;NOR3;site;RIS;impose_ouest;2026-10-02 11:00;BEST_GUESS;OK;157505;1380;158885;7116;6512
2026-09-26T10:38:33;CVL1;site;RIS;acces_impose;2026-10-02 11:00;BEST_GUESS;OK;222599;1380;223979;8043;7981
2026-09-26T10:38:33;CVL1;site;RIS;impose_ouest;2026-10-02 11:00;BEST_GUESS;OK;222599;1380;223979;8043;7981
2026-09-26T10:38:33;CVL2;site;RIS;acces_impose;2026-10-02 11:00;BEST_GUESS;OK;258419;1380;259799;10236;9975
2026-09-26T10:38:34;CVL2;site;RIS;impose_ouest;2026-10-02 11:00;BEST_GUESS;OK;258419;1380;259799;10236;9975
2026-09-26T10:38:34;CVL3;site;RIS;acces_impose;2026-10-02 11:00;BEST_GUESS;OK;126864;1380;128244;5140;5006
2026-09-26T10:38:34;CVL3;site;RIS;impose_ouest;2026-10-02 11:00;BEST_GUESS;OK;126864;1380;128244;5140;5006
2026-09-26T10:38:34;GE1;site;RIS;acces_impose;2026-10-02 11:00;BEST_GUESS;OK;208102;1380;209482;8260;7779
2026-09-26T10:38:35;GE1;site;RIS;impose_est;2026-10-02 11:00;BEST_GUESS;OK;208102;1380;209482;8260;7779
2026-09-26T10:38:35;BFC1;site;RIS;acces_impose;2026-10-02 11:00;BEST_GUESS;OK;290785;1380;292165;9642;9823
2026-09-26T10:38:35;BFC1;site;RIS;impose_est;2026-10-02 11:00;BEST_GUESS;OK;304701;1380;306081;10368;10474
2026-09-26T10:38:35;E_A1;entree;VITRY;rapide;2026-10-02 12:00;BEST_GUESS;OK;48820;0;48820;3603;2558
2026-09-26T10:38:35;E_A1;entree;RIS;rapide;2026-10-02 12:00;BEST_GUESS;OK;65882;1380;67262;5022;3448
2026-09-26T10:38:35;E_A4;entree;VITRY;rapide;2026-10-02 12:00;BEST_GUESS;OK;73090;0;73090;3609;3052
2026-09-26T10:38:35;E_A4;entree;RIS;rapide;2026-10-02 12:00;BEST_GUESS;OK;92509;1380;93889;4437;3971
2026-09-26T10:38:35;E_A5;entree;VITRY;rapide;2026-10-02 12:00;BEST_GUESS;OK;82488;0;82488;3699;3626
2026-09-26T10:38:35;E_A5;entree;RIS;rapide;2026-10-02 12:00;BEST_GUESS;OK;70634;1380;72014;2905;2857
2026-09-26T10:38:35;E_A6;entree;VITRY;rapide;2026-10-02 12:00;BEST_GUESS;OK;93772;0;93772;3737;3537
2026-09-26T10:38:35;E_A6;entree;RIS;rapide;2026-10-02 12:00;BEST_GUESS;OK;72354;1380;73734;2647;2642
2026-09-26T10:38:35;E_A10;entree;VITRY;rapide;2026-10-02 12:00;BEST_GUESS;OK;62958;0;62958;3001;2617
2026-09-26T10:38:35;E_A10;entree;RIS;rapide;2026-10-02 12:00;BEST_GUESS;OK;59203;1380;60583;2543;2409
2026-09-26T10:38:35;E_A11;entree;VITRY;rapide;2026-10-02 12:00;BEST_GUESS;OK;62192;0;62192;3151;2733
2026-09-26T10:38:35;E_A11;entree;RIS;rapide;2026-10-02 12:00;BEST_GUESS;OK;58437;1380;59817;2691;2528
2026-09-26T10:38:35;E_A13;entree;VITRY;rapide;2026-10-02 12:00;BEST_GUESS;OK;92461;0;92461;4338;3779
2026-09-26T10:38:35;E_A13;entree;RIS;rapide;2026-10-02 12:00;BEST_GUESS;OK;99218;1380;100598;4924;4096
2026-09-26T10:38:35;E_A16;entree;VITRY;rapide;2026-10-02 12:00;BEST_GUESS;OK;69185;0;69185;4672;3564
2026-09-26T10:38:35;E_A16;entree;RIS;rapide;2026-10-02 12:00;BEST_GUESS;OK;89679;1380;91059;5567;4332
2026-09-26T10:38:35;IDF1;site;VITRY;rapide;2026-10-02 12:00;BEST_GUESS;OK;41890;0;41890;3992;2841
2026-09-26T10:38:35;IDF1;site;RIS;rapide;2026-10-02 12:00;BEST_GUESS;OK;58952;1380;60332;5349;3731
2026-09-26T10:38:35;IDF2;site;VITRY;rapide;2026-10-02 12:00;BEST_GUESS;OK;35448;0;35448;2310;2082
2026-09-26T10:38:35;IDF2;site;RIS;rapide;2026-10-02 12:00;BEST_GUESS;OK;14026;1380;15406;1218;1177
2026-09-26T10:38:35;IDF3;site;VITRY;rapide;2026-10-02 12:00;BEST_GUESS;OK;66563;0;66563;5007;3895
2026-09-26T10:38:35;IDF3;site;RIS;rapide;2026-10-02 12:00;BEST_GUESS;OK;90870;1380;92250;5888;4706
2026-09-26T10:38:35;IDF4;site;VITRY;rapide;2026-10-02 12:00;BEST_GUESS;OK;31174;0;31174;3275;2408
2026-09-26T10:38:35;IDF4;site;RIS;rapide;2026-10-02 12:00;BEST_GUESS;OK;48236;1380;49616;4743;3299
2026-09-26T10:38:35;IDF5;site;VITRY;rapide;2026-10-02 12:00;BEST_GUESS;OK;27596;0;27596;3646;2840
2026-09-26T10:38:35;IDF5;site;RIS;rapide;2026-10-02 12:00;BEST_GUESS;OK;48346;1380;49726;4982;3517
2026-09-26T10:38:35;IDF6;site;VITRY;rapide;2026-10-02 12:00;BEST_GUESS;OK;41449;0;41449;3804;2811
2026-09-26T10:38:35;IDF6;site;RIS;rapide;2026-10-02 12:00;BEST_GUESS;OK;57321;1380;58701;4374;3170
2026-09-26T10:38:35;IDF7;site;VITRY;rapide;2026-10-02 12:00;BEST_GUESS;OK;40735;0;40735;3646;2678
2026-09-26T10:38:35;IDF7;site;RIS;rapide;2026-10-02 12:00;BEST_GUESS;OK;56204;1380;57584;4160;3049
2026-09-26T10:38:35;IDF8;site;VITRY;rapide;2026-10-02 12:00;BEST_GUESS;OK;45059;0;45059;3054;2489
2026-09-26T10:38:35;IDF8;site;RIS;rapide;2026-10-02 12:00;BEST_GUESS;OK;64478;1380;65858;3891;3408
2026-09-26T10:38:35;IDF9;site;VITRY;rapide;2026-10-02 12:00;BEST_GUESS;OK;46751;0;46751;3751;2980
2026-09-26T10:38:35;IDF9;site;RIS;rapide;2026-10-02 12:00;BEST_GUESS;OK;53507;1380;54887;4328;3297
2026-09-26T10:38:35;IDF10;site;VITRY;rapide;2026-10-02 12:00;BEST_GUESS;OK;34363;0;34363;3454;2348
2026-09-26T10:38:35;IDF10;site;RIS;rapide;2026-10-02 12:00;BEST_GUESS;OK;51425;1380;52805;4897;3238
2026-09-26T10:38:35;IDF11;site;VITRY;rapide;2026-10-02 12:00;BEST_GUESS;OK;49468;0;49468;2934;2370
2026-09-26T10:38:35;IDF11;site;RIS;rapide;2026-10-02 12:00;BEST_GUESS;OK;68887;1380;70267;3774;3288
2026-09-26T10:38:35;IDF12;site;VITRY;rapide;2026-10-02 12:00;BEST_GUESS;OK;11529;0;11529;1128;1049
2026-09-26T10:38:35;IDF12;site;RIS;rapide;2026-10-02 12:00;BEST_GUESS;OK;14828;1380;16208;2078;1956
2026-09-26T10:38:35;IDF13;site;VITRY;rapide;2026-10-02 12:00;BEST_GUESS;OK;38905;0;38905;2677;2536
2026-09-26T10:38:35;IDF13;site;RIS;rapide;2026-10-02 12:00;BEST_GUESS;OK;32603;1380;33983;2194;2015
2026-09-26T10:38:35;IDF14;site;VITRY;rapide;2026-10-02 12:00;BEST_GUESS;OK;7704;0;7704;1308;1243
2026-09-26T10:38:35;IDF14;site;RIS;rapide;2026-10-02 12:00;BEST_GUESS;OK;10572;1380;11952;1404;1306
2026-09-26T10:38:35;IDF15;site;VITRY;rapide;2026-10-02 12:00;BEST_GUESS;OK;46693;0;46693;3024;2492
2026-09-26T10:38:35;IDF15;site;RIS;rapide;2026-10-02 12:00;BEST_GUESS;OK;53449;1380;54829;3573;2809
2026-09-26T10:38:35;HDF1;site;VITRY;rapide;2026-10-02 12:00;BEST_GUESS;OK;210106;0;210106;9829;9101
2026-09-26T10:38:35;HDF1;site;RIS;rapide;2026-10-02 12:00;BEST_GUESS;OK;227168;1380;228548;11448;9991
2026-09-26T10:38:35;HDF2;site;VITRY;rapide;2026-10-02 12:00;BEST_GUESS;OK;203648;0;203648;8799;7989
2026-09-26T10:38:35;HDF2;site;RIS;rapide;2026-10-02 12:00;BEST_GUESS;OK;220711;1380;222091;10293;8880
2026-09-26T10:38:35;HDF3;site;VITRY;rapide;2026-10-02 12:00;BEST_GUESS;OK;251636;0;251636;10768;10124
2026-09-26T10:38:35;HDF3;site;RIS;rapide;2026-10-02 12:00;BEST_GUESS;OK;268698;1380;270078;12441;11014
2026-09-26T10:38:35;HDF4;site;VITRY;rapide;2026-10-02 12:00;BEST_GUESS;OK;203647;0;203647;8793;8114
2026-09-26T10:38:35;HDF4;site;RIS;rapide;2026-10-02 12:00;BEST_GUESS;OK;220709;1380;222089;10287;9004
2026-09-26T10:38:35;HDF5;site;VITRY;rapide;2026-10-02 12:00;BEST_GUESS;OK;224457;0;224457;9465;8842
2026-09-26T10:38:35;HDF5;site;RIS;rapide;2026-10-02 12:00;BEST_GUESS;OK;241519;1380;242899;11076;9732
2026-09-26T10:38:35;NOR1;site;VITRY;rapide;2026-10-02 12:00;BEST_GUESS;OK;209946;0;209946;8409;7853
2026-09-26T10:38:35;NOR1;site;RIS;rapide;2026-10-02 12:00;BEST_GUESS;OK;216703;1380;218083;9016;8170
2026-09-26T10:38:35;NOR2;site;VITRY;rapide;2026-10-02 12:00;BEST_GUESS;OK;139338;0;139338;6017;5440
2026-09-26T10:38:35;NOR2;site;RIS;rapide;2026-10-02 12:00;BEST_GUESS;OK;146094;1380;147474;6543;5757
2026-09-26T10:38:35;NOR3;site;VITRY;rapide;2026-10-02 12:00;BEST_GUESS;OK;134270;0;134270;6167;5551
2026-09-26T10:38:35;NOR3;site;RIS;rapide;2026-10-02 12:00;BEST_GUESS;OK;141027;1380;142407;6700;5868
2026-09-26T10:38:35;CVL1;site;VITRY;rapide;2026-10-02 12:00;BEST_GUESS;OK;226354;0;226354;8458;8187
2026-09-26T10:38:35;CVL1;site;RIS;rapide;2026-10-02 12:00;BEST_GUESS;OK;222599;1380;223979;8183;7982
2026-09-26T10:38:35;CVL2;site;VITRY;rapide;2026-10-02 12:00;BEST_GUESS;OK;262174;0;262174;10597;10181
2026-09-26T10:38:35;CVL2;site;RIS;rapide;2026-10-02 12:00;BEST_GUESS;OK;258419;1380;259799;10202;9975
2026-09-26T10:38:35;CVL3;site;VITRY;rapide;2026-10-02 12:00;BEST_GUESS;OK;130619;0;130619;5587;5212
2026-09-26T10:38:35;CVL3;site;RIS;rapide;2026-10-02 12:00;BEST_GUESS;OK;126863;1380;128243;5190;5007
2026-09-26T10:38:35;GE1;site;VITRY;rapide;2026-10-02 12:00;BEST_GUESS;OK;185285;0;185285;7373;6915
2026-09-26T10:38:35;GE1;site;RIS;rapide;2026-10-02 12:00;BEST_GUESS;OK;204704;1380;206084;8386;7834
2026-09-26T10:38:35;BFC1;site;VITRY;rapide;2026-10-02 12:00;BEST_GUESS;OK;312203;0;312203;10726;10719
2026-09-26T10:38:35;BFC1;site;RIS;rapide;2026-10-02 12:00;BEST_GUESS;OK;290785;1380;292165;9631;9824
2026-09-26T10:38:36;E_A1;entree;RIS;acces_impose;2026-10-02 12:00;BEST_GUESS;OK;67584;1380;68964;5050;3457
2026-09-26T10:38:37;E_A1;entree;RIS;impose_ouest;2026-10-02 12:00;BEST_GUESS;OK;86345;1380;87725;6061;4305
2026-09-26T10:38:37;E_A4;entree;RIS;acces_impose;2026-10-02 12:00;BEST_GUESS;OK;95907;1380;97287;4390;3915
2026-09-26T10:38:37;E_A4;entree;RIS;impose_est;2026-10-02 12:00;BEST_GUESS;OK;95907;1380;97287;4390;3915
2026-09-26T10:38:37;E_A5;entree;RIS;acces_impose;2026-10-02 12:00;BEST_GUESS;OK;74032;1380;75412;2862;2802
2026-09-26T10:38:37;E_A5;entree;RIS;impose_est;2026-10-02 12:00;BEST_GUESS;OK;74032;1380;75412;2862;2802
2026-09-26T10:38:38;E_A6;entree;RIS;acces_impose;2026-10-02 12:00;BEST_GUESS;OK;72354;1380;73734;2647;2641
2026-09-26T10:38:38;E_A6;entree;RIS;impose_est;2026-10-02 12:00;BEST_GUESS;OK;86270;1380;87650;3339;3292
2026-09-26T10:38:38;E_A10;entree;RIS;acces_impose;2026-10-02 12:00;BEST_GUESS;OK;59203;1380;60583;2542;2411
2026-09-26T10:38:38;E_A10;entree;RIS;impose_ouest;2026-10-02 12:00;BEST_GUESS;OK;59203;1380;60583;2542;2411
2026-09-26T10:38:38;E_A11;entree;RIS;acces_impose;2026-10-02 12:00;BEST_GUESS;OK;58437;1380;59817;2691;2527
2026-09-26T10:38:39;E_A11;entree;RIS;impose_ouest;2026-10-02 12:00;BEST_GUESS;OK;58437;1380;59817;2691;2527
2026-09-26T10:38:39;E_A13;entree;RIS;acces_impose;2026-10-02 12:00;BEST_GUESS;OK;100919;1380;102299;4951;4105
2026-09-26T10:38:39;E_A13;entree;RIS;impose_ouest;2026-10-02 12:00;BEST_GUESS;OK;115696;1380;117076;5310;4740
2026-09-26T10:38:39;E_A16;entree;RIS;acces_impose;2026-10-02 12:00;BEST_GUESS;OK;91380;1380;92760;5599;4341
2026-09-26T10:38:39;E_A16;entree;RIS;impose_ouest;2026-10-02 12:00;BEST_GUESS;OK;106157;1380;107537;6067;4977
2026-09-26T10:38:39;IDF1;site;RIS;acces_impose;2026-10-02 12:00;BEST_GUESS;OK;60653;1380;62033;5380;3740
2026-09-26T10:38:40;IDF1;site;RIS;impose_ouest;2026-10-02 12:00;BEST_GUESS;OK;79415;1380;80795;6389;4588
2026-09-26T10:38:40;IDF2;site;RIS;acces_impose;2026-10-02 12:00;BEST_GUESS;OK;14026;1380;15406;1218;1177
2026-09-26T10:38:40;IDF2;site;RIS;impose_ouest;2026-10-02 12:00;BEST_GUESS;OK;23176;1380;24556;1705;1590
2026-09-26T10:38:40;IDF3;site;RIS;acces_impose;2026-10-02 12:00;BEST_GUESS;OK;92571;1380;93951;5920;4715
2026-09-26T10:38:40;IDF3;site;RIS;impose_ouest;2026-10-02 12:00;BEST_GUESS;OK;107348;1380;108728;6486;5350
2026-09-26T10:38:41;IDF4;site;RIS;acces_impose;2026-10-02 12:00;BEST_GUESS;OK;49937;1380;51317;4771;3308
2026-09-26T10:38:41;IDF4;site;RIS;impose_ouest;2026-10-02 12:00;BEST_GUESS;OK;68699;1380;70079;5761;4155
2026-09-26T10:38:41;IDF5;site;RIS;acces_impose;2026-10-02 12:00;BEST_GUESS;OK;50047;1380;51427;5008;3526
2026-09-26T10:38:41;IDF5;site;RIS;impose_ouest;2026-10-02 12:00;BEST_GUESS;OK;68809;1380;70189;6020;4374
2026-09-26T10:38:41;IDF6;site;RIS;acces_impose;2026-10-02 12:00;BEST_GUESS;OK;59022;1380;60402;4400;3179
2026-09-26T10:38:42;IDF6;site;RIS;impose_ouest;2026-10-02 12:00;BEST_GUESS;OK;73799;1380;75179;4796;3814
2026-09-26T10:38:42;IDF7;site;RIS;acces_impose;2026-10-02 12:00;BEST_GUESS;OK;57906;1380;59286;4179;3058
2026-09-26T10:38:42;IDF7;site;RIS;impose_ouest;2026-10-02 12:00;BEST_GUESS;OK;72682;1380;74062;4591;3693
2026-09-26T10:38:42;IDF8;site;RIS;acces_impose;2026-10-02 12:00;BEST_GUESS;OK;67876;1380;69256;3845;3352
2026-09-26T10:38:43;IDF8;site;RIS;impose_est;2026-10-02 12:00;BEST_GUESS;OK;67876;1380;69256;3845;3352
2026-09-26T10:38:43;IDF9;site;RIS;acces_impose;2026-10-02 12:00;BEST_GUESS;OK;55209;1380;56589;4352;3306
2026-09-26T10:38:43;IDF9;site;RIS;impose_ouest;2026-10-02 12:00;BEST_GUESS;OK;69985;1380;71365;4762;3941
2026-09-26T10:38:43;IDF10;site;RIS;acces_impose;2026-10-02 12:00;BEST_GUESS;OK;53126;1380;54506;4924;3247
2026-09-26T10:38:43;IDF10;site;RIS;impose_ouest;2026-10-02 12:00;BEST_GUESS;OK;71888;1380;73268;5935;4094
2026-09-26T10:38:43;IDF11;site;RIS;acces_impose;2026-10-02 12:00;BEST_GUESS;OK;72285;1380;73665;3729;3233
2026-09-26T10:38:44;IDF11;site;RIS;impose_est;2026-10-02 12:00;BEST_GUESS;OK;72285;1380;73665;3729;3233
2026-09-26T10:38:44;IDF12;site;RIS;acces_impose;2026-10-02 12:00;BEST_GUESS;OK;34869;1380;36249;2827;2106
2026-09-26T10:38:44;IDF12;site;RIS;impose_est;2026-10-02 12:00;BEST_GUESS;OK;32483;1380;33863;2485;2372
2026-09-26T10:38:44;IDF13;site;RIS;acces_impose;2026-10-02 12:00;BEST_GUESS;OK;36001;1380;37381;2155;1960
2026-09-26T10:38:44;IDF13;site;RIS;impose_est;2026-10-02 12:00;BEST_GUESS;OK;36001;1380;37381;2155;1960
2026-09-26T10:38:45;IDF14;site;RIS;acces_impose;2026-10-02 12:00;BEST_GUESS;OK;16078;1380;17458;2057;1912
2026-09-26T10:38:45;IDF14;site;RIS;impose_est;2026-10-02 12:00;BEST_GUESS;OK;33504;1380;34884;2222;2057
2026-09-26T10:38:45;IDF15;site;RIS;acces_impose;2026-10-02 12:00;BEST_GUESS;OK;55151;1380;56531;3589;2819
2026-09-26T10:38:45;IDF15;site;RIS;impose_ouest;2026-10-02 12:00;BEST_GUESS;OK;69927;1380;71307;3996;3454
2026-09-26T10:38:45;HDF1;site;RIS;acces_impose;2026-10-02 12:00;BEST_GUESS;OK;228870;1380;230250;11466;10000
2026-09-26T10:38:46;HDF1;site;RIS;impose_est;2026-10-02 12:00;BEST_GUESS;OK;224950;1380;226330;11078;10145
2026-09-26T10:38:46;HDF2;site;RIS;acces_impose;2026-10-02 12:00;BEST_GUESS;OK;222412;1380;223792;10321;8889
2026-09-26T10:38:46;HDF2;site;RIS;impose_ouest;2026-10-02 12:00;BEST_GUESS;OK;241174;1380;242554;11450;9736
2026-09-26T10:38:47;HDF3;site;RIS;acces_impose;2026-10-02 12:00;BEST_GUESS;OK;270399;1380;271779;12454;11024
2026-09-26T10:38:47;HDF3;site;RIS;impose_ouest;2026-10-02 12:00;BEST_GUESS;OK;289161;1380;290541;13591;11871
2026-09-26T10:38:47;HDF4;site;RIS;acces_impose;2026-10-02 12:00;BEST_GUESS;OK;222410;1380;223790;10315;9013
2026-09-26T10:38:47;HDF4;site;RIS;impose_ouest;2026-10-02 12:00;BEST_GUESS;OK;241172;1380;242552;11444;9861
2026-09-26T10:38:48;HDF5;site;RIS;acces_impose;2026-10-02 12:00;BEST_GUESS;OK;243220;1380;244600;11096;9741
2026-09-26T10:38:48;HDF5;site;RIS;impose_ouest;2026-10-02 12:00;BEST_GUESS;OK;261982;1380;263362;12243;10588
2026-09-26T10:38:48;NOR1;site;RIS;acces_impose;2026-10-02 12:00;BEST_GUESS;OK;218404;1380;219784;9044;8179
2026-09-26T10:38:49;NOR1;site;RIS;impose_ouest;2026-10-02 12:00;BEST_GUESS;OK;233181;1380;234561;9626;8814
2026-09-26T10:38:49;NOR2;site;RIS;acces_impose;2026-10-02 12:00;BEST_GUESS;OK;147795;1380;149175;6577;5767
2026-09-26T10:38:49;NOR2;site;RIS;impose_ouest;2026-10-02 12:00;BEST_GUESS;OK;162572;1380;163952;7174;6402
2026-09-26T10:38:49;NOR3;site;RIS;acces_impose;2026-10-02 12:00;BEST_GUESS;OK;142728;1380;144108;6734;5877
2026-09-26T10:38:50;NOR3;site;RIS;impose_ouest;2026-10-02 12:00;BEST_GUESS;OK;157505;1380;158885;7344;6512
2026-09-26T10:38:50;CVL1;site;RIS;acces_impose;2026-10-02 12:00;BEST_GUESS;OK;222599;1380;223979;8183;7981
2026-09-26T10:38:50;CVL1;site;RIS;impose_ouest;2026-10-02 12:00;BEST_GUESS;OK;222599;1380;223979;8183;7981
2026-09-26T10:38:50;CVL2;site;RIS;acces_impose;2026-10-02 12:00;BEST_GUESS;OK;258419;1380;259799;10202;9975
2026-09-26T10:38:51;CVL2;site;RIS;impose_ouest;2026-10-02 12:00;BEST_GUESS;OK;258419;1380;259799;10202;9975
2026-09-26T10:38:51;CVL3;site;RIS;acces_impose;2026-10-02 12:00;BEST_GUESS;OK;126864;1380;128244;5190;5006
2026-09-26T10:38:51;CVL3;site;RIS;impose_ouest;2026-10-02 12:00;BEST_GUESS;OK;126864;1380;128244;5190;5006
2026-09-26T10:38:51;GE1;site;RIS;acces_impose;2026-10-02 12:00;BEST_GUESS;OK;208102;1380;209482;8329;7779
2026-09-26T10:38:52;GE1;site;RIS;impose_est;2026-10-02 12:00;BEST_GUESS;OK;208102;1380;209482;8329;7779
2026-09-26T10:38:52;BFC1;site;RIS;acces_impose;2026-10-02 12:00;BEST_GUESS;OK;290785;1380;292165;9631;9823
2026-09-26T10:38:52;BFC1;site;RIS;impose_est;2026-10-02 12:00;BEST_GUESS;OK;304701;1380;306081;10370;10474
2026-09-26T10:38:52;E_A1;entree;VITRY;rapide;2026-10-02 13:00;BEST_GUESS;OK;48820;0;48820;3443;2558
2026-09-26T10:38:52;E_A1;entree;RIS;rapide;2026-10-02 13:00;BEST_GUESS;OK;65882;1380;67262;4947;3448
2026-09-26T10:38:52;E_A4;entree;VITRY;rapide;2026-10-02 13:00;BEST_GUESS;OK;73090;0;73090;3472;3052
2026-09-26T10:38:52;E_A4;entree;RIS;rapide;2026-10-02 13:00;BEST_GUESS;OK;92509;1380;93889;4533;3971
2026-09-26T10:38:52;E_A5;entree;VITRY;rapide;2026-10-02 13:00;BEST_GUESS;OK;82488;0;82488;3729;3626
2026-09-26T10:38:52;E_A5;entree;RIS;rapide;2026-10-02 13:00;BEST_GUESS;OK;70634;1380;72014;2933;2857
2026-09-26T10:38:52;E_A6;entree;VITRY;rapide;2026-10-02 13:00;BEST_GUESS;OK;93772;0;93772;3707;3537
2026-09-26T10:38:52;E_A6;entree;RIS;rapide;2026-10-02 13:00;BEST_GUESS;OK;72354;1380;73734;2640;2642
2026-09-26T10:38:52;E_A10;entree;VITRY;rapide;2026-10-02 13:00;BEST_GUESS;OK;62958;0;62958;2957;2617
2026-09-26T10:38:52;E_A10;entree;RIS;rapide;2026-10-02 13:00;BEST_GUESS;OK;59203;1380;60583;2630;2411
2026-09-26T10:38:52;E_A11;entree;VITRY;rapide;2026-10-02 13:00;BEST_GUESS;OK;62192;0;62192;3090;2733
2026-09-26T10:38:52;E_A11;entree;RIS;rapide;2026-10-02 13:00;BEST_GUESS;OK;58437;1380;59817;2764;2528
2026-09-26T10:38:52;E_A13;entree;VITRY;rapide;2026-10-02 13:00;BEST_GUESS;OK;92461;0;92461;4368;3779
2026-09-26T10:38:52;E_A13;entree;RIS;rapide;2026-10-02 13:00;BEST_GUESS;OK;99218;1380;100598;4953;4096
2026-09-26T10:38:52;E_A16;entree;VITRY;rapide;2026-10-02 13:00;BEST_GUESS;OK;69185;0;69185;4414;3564
2026-09-26T10:38:52;E_A16;entree;RIS;rapide;2026-10-02 13:00;BEST_GUESS;OK;89679;1380;91059;5515;4332
2026-09-26T10:38:52;IDF1;site;VITRY;rapide;2026-10-02 13:00;BEST_GUESS;OK;41890;0;41890;3854;2841
2026-09-26T10:38:52;IDF1;site;RIS;rapide;2026-10-02 13:00;BEST_GUESS;OK;58952;1380;60332;5253;3731
2026-09-26T10:38:52;IDF2;site;VITRY;rapide;2026-10-02 13:00;BEST_GUESS;OK;35448;0;35448;2333;2082
2026-09-26T10:38:52;IDF2;site;RIS;rapide;2026-10-02 13:00;BEST_GUESS;OK;14026;1380;15406;1233;1177
2026-09-26T10:38:52;IDF3;site;VITRY;rapide;2026-10-02 13:00;BEST_GUESS;OK;66563;0;66563;4712;3895
2026-09-26T10:38:52;IDF3;site;RIS;rapide;2026-10-02 13:00;BEST_GUESS;OK;90870;1380;92250;5924;4706
2026-09-26T10:38:52;IDF4;site;VITRY;rapide;2026-10-02 13:00;BEST_GUESS;OK;31174;0;31174;3240;2409
2026-09-26T10:38:52;IDF4;site;RIS;rapide;2026-10-02 13:00;BEST_GUESS;OK;48236;1380;49616;4766;3299
2026-09-26T10:38:52;IDF5;site;VITRY;rapide;2026-10-02 13:00;BEST_GUESS;OK;27596;0;27596;3519;2840
2026-09-26T10:38:52;IDF5;site;RIS;rapide;2026-10-02 13:00;BEST_GUESS;OK;48346;1380;49726;4957;3517
2026-09-26T10:38:52;IDF6;site;VITRY;rapide;2026-10-02 13:00;BEST_GUESS;OK;41449;0;41449;3835;2811
2026-09-26T10:38:52;IDF6;site;RIS;rapide;2026-10-02 13:00;BEST_GUESS;OK;57321;1380;58701;4307;3170
2026-09-26T10:38:52;IDF7;site;VITRY;rapide;2026-10-02 13:00;BEST_GUESS;OK;40735;0;40735;3627;2678
2026-09-26T10:38:52;IDF7;site;RIS;rapide;2026-10-02 13:00;BEST_GUESS;OK;56204;1380;57584;4153;3049
2026-09-26T10:38:52;IDF8;site;VITRY;rapide;2026-10-02 13:00;BEST_GUESS;OK;45059;0;45059;2958;2489
2026-09-26T10:38:52;IDF8;site;RIS;rapide;2026-10-02 13:00;BEST_GUESS;OK;64478;1380;65858;3993;3407
2026-09-26T10:38:52;IDF9;site;VITRY;rapide;2026-10-02 13:00;BEST_GUESS;OK;46751;0;46751;3713;2980
2026-09-26T10:38:52;IDF9;site;RIS;rapide;2026-10-02 13:00;BEST_GUESS;OK;53507;1380;54887;4291;3297
2026-09-26T10:38:52;IDF10;site;VITRY;rapide;2026-10-02 13:00;BEST_GUESS;OK;34363;0;34363;3268;2348
2026-09-26T10:38:52;IDF10;site;RIS;rapide;2026-10-02 13:00;BEST_GUESS;OK;51425;1380;52805;4815;3238
2026-09-26T10:38:52;IDF11;site;VITRY;rapide;2026-10-02 13:00;BEST_GUESS;OK;49468;0;49468;2840;2370
2026-09-26T10:38:52;IDF11;site;RIS;rapide;2026-10-02 13:00;BEST_GUESS;OK;68887;1380;70267;3873;3288
2026-09-26T10:38:52;IDF12;site;VITRY;rapide;2026-10-02 13:00;BEST_GUESS;OK;11529;0;11529;1079;1049
2026-09-26T10:38:52;IDF12;site;RIS;rapide;2026-10-02 13:00;BEST_GUESS;OK;14828;1380;16208;2073;1956
2026-09-26T10:38:52;IDF13;site;VITRY;rapide;2026-10-02 13:00;BEST_GUESS;OK;38905;0;38905;2629;2536
2026-09-26T10:38:52;IDF13;site;RIS;rapide;2026-10-02 13:00;BEST_GUESS;OK;32603;1380;33983;2163;2015
2026-09-26T10:38:52;IDF14;site;VITRY;rapide;2026-10-02 13:00;BEST_GUESS;OK;7704;0;7704;1308;1243
2026-09-26T10:38:52;IDF14;site;RIS;rapide;2026-10-02 13:00;BEST_GUESS;OK;10572;1380;11952;1367;1306
2026-09-26T10:38:52;IDF15;site;VITRY;rapide;2026-10-02 13:00;BEST_GUESS;OK;46693;0;46693;3013;2492
2026-09-26T10:38:52;IDF15;site;RIS;rapide;2026-10-02 13:00;BEST_GUESS;OK;53449;1380;54829;3578;2809
2026-09-26T10:38:52;HDF1;site;VITRY;rapide;2026-10-02 13:00;BEST_GUESS;OK;210106;0;210106;10023;9101
2026-09-26T10:38:52;HDF1;site;RIS;rapide;2026-10-02 13:00;BEST_GUESS;OK;227168;1380;228548;11626;9991
2026-09-26T10:38:52;HDF2;site;VITRY;rapide;2026-10-02 13:00;BEST_GUESS;OK;203649;0;203649;8918;7989
2026-09-26T10:38:52;HDF2;site;RIS;rapide;2026-10-02 13:00;BEST_GUESS;OK;220711;1380;222091;10591;8880
2026-09-26T10:38:52;HDF3;site;VITRY;rapide;2026-10-02 13:00;BEST_GUESS;OK;251635;0;251635;11063;10124
2026-09-26T10:38:52;HDF3;site;RIS;rapide;2026-10-02 13:00;BEST_GUESS;OK;268698;1380;270078;12727;11014
2026-09-26T10:38:52;HDF4;site;VITRY;rapide;2026-10-02 13:00;BEST_GUESS;OK;203647;0;203647;8882;8114
2026-09-26T10:38:52;HDF4;site;RIS;rapide;2026-10-02 13:00;BEST_GUESS;OK;220709;1380;222089;10553;9004
2026-09-26T10:38:52;HDF5;site;VITRY;rapide;2026-10-02 13:00;BEST_GUESS;OK;224457;0;224457;9651;8842
2026-09-26T10:38:52;HDF5;site;RIS;rapide;2026-10-02 13:00;BEST_GUESS;OK;241519;1380;242899;11207;9732
2026-09-26T10:38:52;NOR1;site;VITRY;rapide;2026-10-02 13:00;BEST_GUESS;OK;209946;0;209946;8468;7853
2026-09-26T10:38:52;NOR1;site;RIS;rapide;2026-10-02 13:00;BEST_GUESS;OK;216703;1380;218083;9170;8170
2026-09-26T10:38:52;NOR2;site;VITRY;rapide;2026-10-02 13:00;BEST_GUESS;OK;139338;0;139338;5935;5440
2026-09-26T10:38:52;NOR2;site;RIS;rapide;2026-10-02 13:00;BEST_GUESS;OK;146094;1380;147474;6556;5757
2026-09-26T10:38:52;NOR3;site;VITRY;rapide;2026-10-02 13:00;BEST_GUESS;OK;134270;0;134270;6099;5551
2026-09-26T10:38:52;NOR3;site;RIS;rapide;2026-10-02 13:00;BEST_GUESS;OK;141027;1380;142407;6715;5868
2026-09-26T10:38:52;CVL1;site;VITRY;rapide;2026-10-02 13:00;BEST_GUESS;OK;226354;0;226354;8643;8187
2026-09-26T10:38:52;CVL1;site;RIS;rapide;2026-10-02 13:00;BEST_GUESS;OK;222599;1380;223979;8245;7982
2026-09-26T10:38:52;CVL2;site;VITRY;rapide;2026-10-02 13:00;BEST_GUESS;OK;262174;0;262174;10798;10181
2026-09-26T10:38:52;CVL2;site;RIS;rapide;2026-10-02 13:00;BEST_GUESS;OK;258419;1380;259799;10187;9975
2026-09-26T10:38:52;CVL3;site;VITRY;rapide;2026-10-02 13:00;BEST_GUESS;OK;130619;0;130619;5637;5212
2026-09-26T10:38:52;CVL3;site;RIS;rapide;2026-10-02 13:00;BEST_GUESS;OK;126864;1380;128244;5289;5006
2026-09-26T10:38:52;GE1;site;VITRY;rapide;2026-10-02 13:00;BEST_GUESS;OK;185285;0;185285;7161;6915
2026-09-26T10:38:52;GE1;site;RIS;rapide;2026-10-02 13:00;BEST_GUESS;OK;204704;1380;206084;8437;7834
2026-09-26T10:38:52;BFC1;site;VITRY;rapide;2026-10-02 13:00;BEST_GUESS;OK;312203;0;312203;10826;10719
2026-09-26T10:38:52;BFC1;site;RIS;rapide;2026-10-02 13:00;BEST_GUESS;OK;290785;1380;292165;9547;9824
2026-09-26T10:38:53;E_A1;entree;RIS;acces_impose;2026-10-02 13:00;BEST_GUESS;OK;67584;1380;68964;4970;3457
2026-09-26T10:38:54;E_A1;entree;RIS;impose_ouest;2026-10-02 13:00;BEST_GUESS;OK;86345;1380;87725;6050;4305
2026-09-26T10:38:54;E_A4;entree;RIS;acces_impose;2026-10-02 13:00;BEST_GUESS;OK;95907;1380;97287;4479;3915
2026-09-26T10:38:54;E_A4;entree;RIS;impose_est;2026-10-02 13:00;BEST_GUESS;OK;95907;1380;97287;4479;3915
2026-09-26T10:38:54;E_A5;entree;RIS;acces_impose;2026-10-02 13:00;BEST_GUESS;OK;74032;1380;75412;2882;2802
2026-09-26T10:38:54;E_A5;entree;RIS;impose_est;2026-10-02 13:00;BEST_GUESS;OK;74032;1380;75412;2882;2802
2026-09-26T10:38:55;E_A6;entree;RIS;acces_impose;2026-10-02 13:00;BEST_GUESS;OK;72354;1380;73734;2640;2641
2026-09-26T10:38:55;E_A6;entree;RIS;impose_est;2026-10-02 13:00;BEST_GUESS;OK;86270;1380;87650;3361;3292
2026-09-26T10:38:55;E_A10;entree;RIS;acces_impose;2026-10-02 13:00;BEST_GUESS;OK;59203;1380;60583;2630;2411
2026-09-26T10:38:55;E_A10;entree;RIS;impose_ouest;2026-10-02 13:00;BEST_GUESS;OK;59203;1380;60583;2630;2411
2026-09-26T10:38:55;E_A11;entree;RIS;acces_impose;2026-10-02 13:00;BEST_GUESS;OK;58437;1380;59817;2764;2527
2026-09-26T10:38:56;E_A11;entree;RIS;impose_ouest;2026-10-02 13:00;BEST_GUESS;OK;58437;1380;59817;2764;2527
2026-09-26T10:38:56;E_A13;entree;RIS;acces_impose;2026-10-02 13:00;BEST_GUESS;OK;100919;1380;102299;4975;4105
2026-09-26T10:38:56;E_A13;entree;RIS;impose_ouest;2026-10-02 13:00;BEST_GUESS;OK;115696;1380;117076;5530;4740
2026-09-26T10:38:56;E_A16;entree;RIS;acces_impose;2026-10-02 13:00;BEST_GUESS;OK;91380;1380;92760;5544;4341
2026-09-26T10:38:56;E_A16;entree;RIS;impose_ouest;2026-10-02 13:00;BEST_GUESS;OK;106157;1380;107537;6114;4977
2026-09-26T10:38:57;IDF1;site;RIS;acces_impose;2026-10-02 13:00;BEST_GUESS;OK;60653;1380;62033;5281;3740
2026-09-26T10:38:57;IDF1;site;RIS;impose_ouest;2026-10-02 13:00;BEST_GUESS;OK;79415;1380;80795;6360;4588
2026-09-26T10:38:57;IDF2;site;RIS;acces_impose;2026-10-02 13:00;BEST_GUESS;OK;14026;1380;15406;1233;1177
2026-09-26T10:38:57;IDF2;site;RIS;impose_ouest;2026-10-02 13:00;BEST_GUESS;OK;23176;1380;24556;1718;1590
2026-09-26T10:38:58;IDF3;site;RIS;acces_impose;2026-10-02 13:00;BEST_GUESS;OK;92571;1380;93951;5951;4715
2026-09-26T10:38:58;IDF3;site;RIS;impose_ouest;2026-10-02 13:00;BEST_GUESS;OK;107348;1380;108728;6512;5350
2026-09-26T10:38:58;IDF4;site;RIS;acces_impose;2026-10-02 13:00;BEST_GUESS;OK;49937;1380;51317;4788;3308
2026-09-26T10:38:58;IDF4;site;RIS;impose_ouest;2026-10-02 13:00;BEST_GUESS;OK;68699;1380;70079;5860;4155
2026-09-26T10:38:58;IDF5;site;RIS;acces_impose;2026-10-02 13:00;BEST_GUESS;OK;50047;1380;51427;4979;3526
2026-09-26T10:38:59;IDF5;site;RIS;impose_ouest;2026-10-02 13:00;BEST_GUESS;OK;68809;1380;70189;6060;4374
2026-09-26T10:38:59;IDF6;site;RIS;acces_impose;2026-10-02 13:00;BEST_GUESS;OK;59022;1380;60402;4326;3179
2026-09-26T10:38:59;IDF6;site;RIS;impose_ouest;2026-10-02 13:00;BEST_GUESS;OK;73799;1380;75179;4925;3814
2026-09-26T10:38:59;IDF7;site;RIS;acces_impose;2026-10-02 13:00;BEST_GUESS;OK;57906;1380;59286;4175;3058
2026-09-26T10:38:59;IDF7;site;RIS;impose_ouest;2026-10-02 13:00;BEST_GUESS;OK;72682;1380;74062;4747;3693
2026-09-26T10:39:00;IDF8;site;RIS;acces_impose;2026-10-02 13:00;BEST_GUESS;OK;67876;1380;69256;3935;3352
2026-09-26T10:39:00;IDF8;site;RIS;impose_est;2026-10-02 13:00;BEST_GUESS;OK;67876;1380;69256;3935;3352
2026-09-26T10:39:00;IDF9;site;RIS;acces_impose;2026-10-02 13:00;BEST_GUESS;OK;55209;1380;56589;4311;3306
2026-09-26T10:39:00;IDF9;site;RIS;impose_ouest;2026-10-02 13:00;BEST_GUESS;OK;69985;1380;71365;4906;3941
2026-09-26T10:39:00;IDF10;site;RIS;acces_impose;2026-10-02 13:00;BEST_GUESS;OK;53126;1380;54506;4837;3247
2026-09-26T10:39:01;IDF10;site;RIS;impose_ouest;2026-10-02 13:00;BEST_GUESS;OK;71888;1380;73268;5907;4094
2026-09-26T10:39:01;IDF11;site;RIS;acces_impose;2026-10-02 13:00;BEST_GUESS;OK;72285;1380;73665;3817;3233
2026-09-26T10:39:01;IDF11;site;RIS;impose_est;2026-10-02 13:00;BEST_GUESS;OK;72285;1380;73665;3817;3233
2026-09-26T10:39:01;IDF12;site;RIS;acces_impose;2026-10-02 13:00;BEST_GUESS;OK;34869;1380;36249;2758;2106
2026-09-26T10:39:01;IDF12;site;RIS;impose_est;2026-10-02 13:00;BEST_GUESS;OK;32483;1380;33863;2490;2372
2026-09-26T10:39:02;IDF13;site;RIS;acces_impose;2026-10-02 13:00;BEST_GUESS;OK;36001;1380;37381;2117;1960
2026-09-26T10:39:02;IDF13;site;RIS;impose_est;2026-10-02 13:00;BEST_GUESS;OK;36001;1380;37381;2117;1960
2026-09-26T10:39:02;IDF14;site;RIS;acces_impose;2026-10-02 13:00;BEST_GUESS;OK;16078;1380;17458;2024;1912
2026-09-26T10:39:02;IDF14;site;RIS;impose_est;2026-10-02 13:00;BEST_GUESS;OK;33504;1380;34884;2214;2057
2026-09-26T10:39:02;IDF15;site;RIS;acces_impose;2026-10-02 13:00;BEST_GUESS;OK;55151;1380;56531;3597;2819
2026-09-26T10:39:02;IDF15;site;RIS;impose_ouest;2026-10-02 13:00;BEST_GUESS;OK;69927;1380;71307;4199;3454
2026-09-26T10:39:03;HDF1;site;RIS;acces_impose;2026-10-02 13:00;BEST_GUESS;OK;228870;1380;230250;11634;10000
2026-09-26T10:39:03;HDF1;site;RIS;impose_est;2026-10-02 13:00;BEST_GUESS;OK;224950;1380;226330;11178;10145
2026-09-26T10:39:03;HDF2;site;RIS;acces_impose;2026-10-02 13:00;BEST_GUESS;OK;222412;1380;223792;10598;8889
2026-09-26T10:39:03;HDF2;site;RIS;impose_ouest;2026-10-02 13:00;BEST_GUESS;OK;241174;1380;242554;11808;9736
2026-09-26T10:39:04;HDF3;site;RIS;acces_impose;2026-10-02 13:00;BEST_GUESS;OK;270399;1380;271779;12735;11024
2026-09-26T10:39:06;HDF3;site;RIS;impose_ouest;2026-10-02 13:00;BEST_GUESS;OK;289161;1380;290541;13998;11871
2026-09-26T10:39:06;HDF4;site;RIS;acces_impose;2026-10-02 13:00;BEST_GUESS;OK;222410;1380;223790;10560;9013
2026-09-26T10:39:06;HDF4;site;RIS;impose_ouest;2026-10-02 13:00;BEST_GUESS;OK;241172;1380;242552;11768;9861
2026-09-26T10:39:06;HDF5;site;RIS;acces_impose;2026-10-02 13:00;BEST_GUESS;OK;243220;1380;244600;11218;9741
2026-09-26T10:39:07;HDF5;site;RIS;impose_ouest;2026-10-02 13:00;BEST_GUESS;OK;261982;1380;263362;12462;10588
2026-09-26T10:39:07;NOR1;site;RIS;acces_impose;2026-10-02 13:00;BEST_GUESS;OK;218404;1380;219784;9179;8179
2026-09-26T10:39:07;NOR1;site;RIS;impose_ouest;2026-10-02 13:00;BEST_GUESS;OK;233181;1380;234561;9666;8814
2026-09-26T10:39:08;NOR2;site;RIS;acces_impose;2026-10-02 13:00;BEST_GUESS;OK;147795;1380;149175;6584;5767
2026-09-26T10:39:08;NOR2;site;RIS;impose_ouest;2026-10-02 13:00;BEST_GUESS;OK;162572;1380;163952;7182;6402
2026-09-26T10:39:08;NOR3;site;RIS;acces_impose;2026-10-02 13:00;BEST_GUESS;OK;142728;1380;144108;6743;5877
2026-09-26T10:39:08;NOR3;site;RIS;impose_ouest;2026-10-02 13:00;BEST_GUESS;OK;157505;1380;158885;7324;6512
2026-09-26T10:39:09;CVL1;site;RIS;acces_impose;2026-10-02 13:00;BEST_GUESS;OK;222599;1380;223979;8245;7981
2026-09-26T10:39:09;CVL1;site;RIS;impose_ouest;2026-10-02 13:00;BEST_GUESS;OK;222599;1380;223979;8245;7981
2026-09-26T10:39:09;CVL2;site;RIS;acces_impose;2026-10-02 13:00;BEST_GUESS;OK;258419;1380;259799;10187;9975
2026-09-26T10:39:09;CVL2;site;RIS;impose_ouest;2026-10-02 13:00;BEST_GUESS;OK;258419;1380;259799;10187;9975
2026-09-26T10:39:10;CVL3;site;RIS;acces_impose;2026-10-02 13:00;BEST_GUESS;OK;126864;1380;128244;5289;5006
2026-09-26T10:39:10;CVL3;site;RIS;impose_ouest;2026-10-02 13:00;BEST_GUESS;OK;126864;1380;128244;5289;5006
2026-09-26T10:39:10;GE1;site;RIS;acces_impose;2026-10-02 13:00;BEST_GUESS;OK;208102;1380;209482;8380;7779
2026-09-26T10:39:10;GE1;site;RIS;impose_est;2026-10-02 13:00;BEST_GUESS;OK;208102;1380;209482;8380;7779
2026-09-26T10:39:11;BFC1;site;RIS;acces_impose;2026-10-02 13:00;BEST_GUESS;OK;290785;1380;292165;9547;9823
2026-09-26T10:39:11;BFC1;site;RIS;impose_est;2026-10-02 13:00;BEST_GUESS;OK;304701;1380;306081;10413;10474
2026-09-26T10:39:11;E_A1;entree;VITRY;rapide;2026-10-02 14:00;BEST_GUESS;OK;48820;0;48820;3375;2558
2026-09-26T10:39:11;E_A1;entree;RIS;rapide;2026-10-02 14:00;BEST_GUESS;OK;65882;1380;67262;5043;3448
2026-09-26T10:39:11;E_A4;entree;VITRY;rapide;2026-10-02 14:00;BEST_GUESS;OK;73090;0;73090;3377;3052
2026-09-26T10:39:11;E_A4;entree;RIS;rapide;2026-10-02 14:00;BEST_GUESS;OK;92509;1380;93889;4594;3971
2026-09-26T10:39:11;E_A5;entree;VITRY;rapide;2026-10-02 14:00;BEST_GUESS;OK;82487;0;82487;3662;3625
2026-09-26T10:39:11;E_A5;entree;RIS;rapide;2026-10-02 14:00;BEST_GUESS;OK;70634;1380;72014;2979;2857
2026-09-26T10:39:11;E_A6;entree;VITRY;rapide;2026-10-02 14:00;BEST_GUESS;OK;93772;0;93772;3722;3537
2026-09-26T10:39:11;E_A6;entree;RIS;rapide;2026-10-02 14:00;BEST_GUESS;OK;72354;1380;73734;2627;2642
2026-09-26T10:39:11;E_A10;entree;VITRY;rapide;2026-10-02 14:00;BEST_GUESS;OK;62958;0;62958;3159;2617
2026-09-26T10:39:11;E_A10;entree;RIS;rapide;2026-10-02 14:00;BEST_GUESS;OK;59203;1380;60583;2721;2411
2026-09-26T10:39:11;E_A11;entree;VITRY;rapide;2026-10-02 14:00;BEST_GUESS;OK;62192;0;62192;3302;2733
2026-09-26T10:39:11;E_A11;entree;RIS;rapide;2026-10-02 14:00;BEST_GUESS;OK;58437;1380;59817;2873;2527
2026-09-26T10:39:11;E_A13;entree;VITRY;rapide;2026-10-02 14:00;BEST_GUESS;OK;92461;0;92461;4275;3779
2026-09-26T10:39:11;E_A13;entree;RIS;rapide;2026-10-02 14:00;BEST_GUESS;OK;99218;1380;100598;4945;4096
2026-09-26T10:39:11;E_A16;entree;VITRY;rapide;2026-10-02 14:00;BEST_GUESS;OK;69185;0;69185;4419;3564
2026-09-26T10:39:11;E_A16;entree;RIS;rapide;2026-10-02 14:00;BEST_GUESS;OK;89679;1380;91059;5662;4332
2026-09-26T10:39:11;IDF1;site;VITRY;rapide;2026-10-02 14:00;BEST_GUESS;OK;41890;0;41890;3736;2841
2026-09-26T10:39:11;IDF1;site;RIS;rapide;2026-10-02 14:00;BEST_GUESS;OK;58952;1380;60332;5441;3731
2026-09-26T10:39:11;IDF2;site;VITRY;rapide;2026-10-02 14:00;BEST_GUESS;OK;35448;0;35448;2371;2082
2026-09-26T10:39:11;IDF2;site;RIS;rapide;2026-10-02 14:00;BEST_GUESS;OK;14026;1380;15406;1250;1177
2026-09-26T10:39:11;IDF3;site;VITRY;rapide;2026-10-02 14:00;BEST_GUESS;OK;66563;0;66563;4828;3895
2026-09-26T10:39:11;IDF3;site;RIS;rapide;2026-10-02 14:00;BEST_GUESS;OK;90870;1380;92250;6021;4706
2026-09-26T10:39:11;IDF4;site;VITRY;rapide;2026-10-02 14:00;BEST_GUESS;OK;31174;0;31174;3150;2409
2026-09-26T10:39:11;IDF4;site;RIS;rapide;2026-10-02 14:00;BEST_GUESS;OK;48236;1380;49616;4770;3299
2026-09-26T10:39:11;IDF5;site;VITRY;rapide;2026-10-02 14:00;BEST_GUESS;OK;27596;0;27596;3385;2840
2026-09-26T10:39:11;IDF5;site;RIS;rapide;2026-10-02 14:00;BEST_GUESS;OK;48345;1380;49725;4872;3517
2026-09-26T10:39:11;IDF6;site;VITRY;rapide;2026-10-02 14:00;BEST_GUESS;OK;41449;0;41449;3590;2811
2026-09-26T10:39:11;IDF6;site;RIS;rapide;2026-10-02 14:00;BEST_GUESS;OK;57321;1380;58701;4368;3170
2026-09-26T10:39:11;IDF7;site;VITRY;rapide;2026-10-02 14:00;BEST_GUESS;OK;40735;0;40735;3450;2678
2026-09-26T10:39:11;IDF7;site;RIS;rapide;2026-10-02 14:00;BEST_GUESS;OK;56204;1380;57584;4162;3049
2026-09-26T10:39:11;IDF8;site;VITRY;rapide;2026-10-02 14:00;BEST_GUESS;OK;45059;0;45059;2806;2489
2026-09-26T10:39:11;IDF8;site;RIS;rapide;2026-10-02 14:00;BEST_GUESS;OK;64478;1380;65858;4017;3408
2026-09-26T10:39:11;IDF9;site;VITRY;rapide;2026-10-02 14:00;BEST_GUESS;OK;46751;0;46751;3725;2980
2026-09-26T10:39:11;IDF9;site;RIS;rapide;2026-10-02 14:00;BEST_GUESS;OK;53507;1380;54887;4432;3297
2026-09-26T10:39:11;IDF10;site;VITRY;rapide;2026-10-02 14:00;BEST_GUESS;OK;34363;0;34363;3217;2348
2026-09-26T10:39:11;IDF10;site;RIS;rapide;2026-10-02 14:00;BEST_GUESS;OK;51425;1380;52805;4851;3238
2026-09-26T10:39:11;IDF11;site;VITRY;rapide;2026-10-02 14:00;BEST_GUESS;OK;49468;0;49468;2696;2370
2026-09-26T10:39:11;IDF11;site;RIS;rapide;2026-10-02 14:00;BEST_GUESS;OK;68887;1380;70267;3906;3288
2026-09-26T10:39:11;IDF12;site;VITRY;rapide;2026-10-02 14:00;BEST_GUESS;OK;11529;0;11529;1138;1049
2026-09-26T10:39:11;IDF12;site;RIS;rapide;2026-10-02 14:00;BEST_GUESS;OK;14828;1380;16208;2072;1956
2026-09-26T10:39:11;IDF13;site;VITRY;rapide;2026-10-02 14:00;BEST_GUESS;OK;38905;0;38905;2697;2536
2026-09-26T10:39:11;IDF13;site;RIS;rapide;2026-10-02 14:00;BEST_GUESS;OK;32603;1380;33983;2261;2015
2026-09-26T10:39:11;IDF14;site;VITRY;rapide;2026-10-02 14:00;BEST_GUESS;OK;7704;0;7704;1292;1243
2026-09-26T10:39:11;IDF14;site;RIS;rapide;2026-10-02 14:00;BEST_GUESS;OK;10572;1380;11952;1383;1306
2026-09-26T10:39:11;IDF15;site;VITRY;rapide;2026-10-02 14:00;BEST_GUESS;OK;46693;0;46693;2952;2492
2026-09-26T10:39:11;IDF15;site;RIS;rapide;2026-10-02 14:00;BEST_GUESS;OK;53449;1380;54829;3613;2809
2026-09-26T10:39:11;HDF1;site;VITRY;rapide;2026-10-02 14:00;BEST_GUESS;OK;210106;0;210106;10130;9101
2026-09-26T10:39:11;HDF1;site;RIS;rapide;2026-10-02 14:00;BEST_GUESS;OK;227168;1380;228548;11950;9991
2026-09-26T10:39:11;HDF2;site;VITRY;rapide;2026-10-02 14:00;BEST_GUESS;OK;203649;0;203649;8999;7989
2026-09-26T10:39:11;HDF2;site;RIS;rapide;2026-10-02 14:00;BEST_GUESS;OK;220711;1380;222091;10786;8880
2026-09-26T10:39:11;HDF3;site;VITRY;rapide;2026-10-02 14:00;BEST_GUESS;OK;251636;0;251636;11099;10124
2026-09-26T10:39:11;HDF3;site;RIS;rapide;2026-10-02 14:00;BEST_GUESS;OK;268698;1380;270078;13037;11014
2026-09-26T10:39:11;HDF4;site;VITRY;rapide;2026-10-02 14:00;BEST_GUESS;OK;203647;0;203647;9036;8114
2026-09-26T10:39:11;HDF4;site;RIS;rapide;2026-10-02 14:00;BEST_GUESS;OK;220709;1380;222089;10831;9004
2026-09-26T10:39:11;HDF5;site;VITRY;rapide;2026-10-02 14:00;BEST_GUESS;OK;224457;0;224457;9745;8842
2026-09-26T10:39:11;HDF5;site;RIS;rapide;2026-10-02 14:00;BEST_GUESS;OK;241519;1380;242899;11623;9732
2026-09-26T10:39:11;NOR1;site;VITRY;rapide;2026-10-02 14:00;BEST_GUESS;OK;209946;0;209946;8630;7853
2026-09-26T10:39:11;NOR1;site;RIS;rapide;2026-10-02 14:00;BEST_GUESS;OK;216703;1380;218083;9210;8170
2026-09-26T10:39:11;NOR2;site;VITRY;rapide;2026-10-02 14:00;BEST_GUESS;OK;139338;0;139338;6132;5440
2026-09-26T10:39:11;NOR2;site;RIS;rapide;2026-10-02 14:00;BEST_GUESS;OK;146094;1380;147474;6799;5757
2026-09-26T10:39:11;NOR3;site;VITRY;rapide;2026-10-02 14:00;BEST_GUESS;OK;134270;0;134270;6271;5551
2026-09-26T10:39:11;NOR3;site;RIS;rapide;2026-10-02 14:00;BEST_GUESS;OK;141027;1380;142407;6926;5868
2026-09-26T10:39:11;CVL1;site;VITRY;rapide;2026-10-02 14:00;BEST_GUESS;OK;226354;0;226354;8696;8187
2026-09-26T10:39:11;CVL1;site;RIS;rapide;2026-10-02 14:00;BEST_GUESS;OK;222599;1380;223979;8230;7982
2026-09-26T10:39:11;CVL2;site;VITRY;rapide;2026-10-02 14:00;BEST_GUESS;OK;262174;0;262174;10818;10181
2026-09-26T10:39:11;CVL2;site;RIS;rapide;2026-10-02 14:00;BEST_GUESS;OK;258419;1380;259799;10394;9975
2026-09-26T10:39:11;CVL3;site;VITRY;rapide;2026-10-02 14:00;BEST_GUESS;OK;130619;0;130619;5837;5212
2026-09-26T10:39:11;CVL3;site;RIS;rapide;2026-10-02 14:00;BEST_GUESS;OK;126864;1380;128244;5370;5006
2026-09-26T10:39:11;GE1;site;VITRY;rapide;2026-10-02 14:00;BEST_GUESS;OK;185285;0;185285;7219;6915
2026-09-26T10:39:11;GE1;site;RIS;rapide;2026-10-02 14:00;BEST_GUESS;OK;204704;1380;206084;8303;7834
2026-09-26T10:39:11;BFC1;site;VITRY;rapide;2026-10-02 14:00;BEST_GUESS;OK;312203;0;312203;11041;10719
2026-09-26T10:39:11;BFC1;site;RIS;rapide;2026-10-02 14:00;BEST_GUESS;OK;290785;1380;292165;9656;9824
2026-09-26T10:39:11;E_A1;entree;RIS;acces_impose;2026-10-02 14:00;BEST_GUESS;OK;67584;1380;68964;5062;3457
2026-09-26T10:39:12;E_A1;entree;RIS;impose_ouest;2026-10-02 14:00;BEST_GUESS;OK;86345;1380;87725;6177;4305
2026-09-26T10:39:12;E_A4;entree;RIS;acces_impose;2026-10-02 14:00;BEST_GUESS;OK;95907;1380;97287;4540;3915
2026-09-26T10:39:12;E_A4;entree;RIS;impose_est;2026-10-02 14:00;BEST_GUESS;OK;95907;1380;97287;4540;3915
2026-09-26T10:39:12;E_A5;entree;RIS;acces_impose;2026-10-02 14:00;BEST_GUESS;OK;74032;1380;75412;2921;2802
2026-09-26T10:39:13;E_A5;entree;RIS;impose_est;2026-10-02 14:00;BEST_GUESS;OK;74032;1380;75412;2921;2802
2026-09-26T10:39:13;E_A6;entree;RIS;acces_impose;2026-10-02 14:00;BEST_GUESS;OK;72354;1380;73734;2627;2641
2026-09-26T10:39:13;E_A6;entree;RIS;impose_est;2026-10-02 14:00;BEST_GUESS;OK;86270;1380;87650;3400;3292
2026-09-26T10:39:13;E_A10;entree;RIS;acces_impose;2026-10-02 14:00;BEST_GUESS;OK;59203;1380;60583;2721;2411
2026-09-26T10:39:13;E_A10;entree;RIS;impose_ouest;2026-10-02 14:00;BEST_GUESS;OK;59203;1380;60583;2721;2411
2026-09-26T10:39:14;E_A11;entree;RIS;acces_impose;2026-10-02 14:00;BEST_GUESS;OK;58437;1380;59817;2873;2527
2026-09-26T10:39:14;E_A11;entree;RIS;impose_ouest;2026-10-02 14:00;BEST_GUESS;OK;58437;1380;59817;2873;2527
2026-09-26T10:39:14;E_A13;entree;RIS;acces_impose;2026-10-02 14:00;BEST_GUESS;OK;100919;1380;102299;4960;4105
2026-09-26T10:39:14;E_A13;entree;RIS;impose_ouest;2026-10-02 14:00;BEST_GUESS;OK;115696;1380;117076;5677;4740
2026-09-26T10:39:14;E_A16;entree;RIS;acces_impose;2026-10-02 14:00;BEST_GUESS;OK;91380;1380;92760;5671;4341
2026-09-26T10:39:15;E_A16;entree;RIS;impose_ouest;2026-10-02 14:00;BEST_GUESS;OK;106157;1380;107537;6156;4977
2026-09-26T10:39:15;IDF1;site;RIS;acces_impose;2026-10-02 14:00;BEST_GUESS;OK;60653;1380;62033;5450;3740
2026-09-26T10:39:15;IDF1;site;RIS;impose_ouest;2026-10-02 14:00;BEST_GUESS;OK;79415;1380;80795;6576;4588
2026-09-26T10:39:15;IDF2;site;RIS;acces_impose;2026-10-02 14:00;BEST_GUESS;OK;14026;1380;15406;1250;1177
2026-09-26T10:39:15;IDF2;site;RIS;impose_ouest;2026-10-02 14:00;BEST_GUESS;OK;23176;1380;24556;1831;1590
2026-09-26T10:39:16;IDF3;site;RIS;acces_impose;2026-10-02 14:00;BEST_GUESS;OK;92571;1380;93951;6026;4715
2026-09-26T10:39:16;IDF3;site;RIS;impose_ouest;2026-10-02 14:00;BEST_GUESS;OK;107348;1380;108728;6572;5350
2026-09-26T10:39:16;IDF4;site;RIS;acces_impose;2026-10-02 14:00;BEST_GUESS;OK;49937;1380;51317;4786;3308
2026-09-26T10:39:16;IDF4;site;RIS;impose_ouest;2026-10-02 14:00;BEST_GUESS;OK;68699;1380;70079;5896;4155
2026-09-26T10:39:16;IDF5;site;RIS;acces_impose;2026-10-02 14:00;BEST_GUESS;OK;50047;1380;51427;4887;3526
2026-09-26T10:39:17;IDF5;site;RIS;impose_ouest;2026-10-02 14:00;BEST_GUESS;OK;68809;1380;70189;5997;4374
2026-09-26T10:39:17;IDF6;site;RIS;acces_impose;2026-10-02 14:00;BEST_GUESS;OK;59022;1380;60402;4386;3179
2026-09-26T10:39:17;IDF6;site;RIS;impose_ouest;2026-10-02 14:00;BEST_GUESS;OK;73799;1380;75179;4949;3814
2026-09-26T10:39:17;IDF7;site;RIS;acces_impose;2026-10-02 14:00;BEST_GUESS;OK;57906;1380;59286;4181;3058
2026-09-26T10:39:17;IDF7;site;RIS;impose_ouest;2026-10-02 14:00;BEST_GUESS;OK;72682;1380;74062;4776;3693
2026-09-26T10:39:17;IDF8;site;RIS;acces_impose;2026-10-02 14:00;BEST_GUESS;OK;67876;1380;69256;3959;3352
2026-09-26T10:39:18;IDF8;site;RIS;impose_est;2026-10-02 14:00;BEST_GUESS;OK;67876;1380;69256;3959;3352
2026-09-26T10:39:18;IDF9;site;RIS;acces_impose;2026-10-02 14:00;BEST_GUESS;OK;55209;1380;56589;4449;3306
2026-09-26T10:39:18;IDF9;site;RIS;impose_ouest;2026-10-02 14:00;BEST_GUESS;OK;69985;1380;71365;5029;3941
2026-09-26T10:39:18;IDF10;site;RIS;acces_impose;2026-10-02 14:00;BEST_GUESS;OK;53126;1380;54506;4866;3247
2026-09-26T10:39:18;IDF10;site;RIS;impose_ouest;2026-10-02 14:00;BEST_GUESS;OK;71888;1380;73268;5975;4094
2026-09-26T10:39:19;IDF11;site;RIS;acces_impose;2026-10-02 14:00;BEST_GUESS;OK;72285;1380;73665;3847;3233
2026-09-26T10:39:19;IDF11;site;RIS;impose_est;2026-10-02 14:00;BEST_GUESS;OK;72285;1380;73665;3847;3233
2026-09-26T10:39:19;IDF12;site;RIS;acces_impose;2026-10-02 14:00;BEST_GUESS;OK;34869;1380;36249;2930;2106
2026-09-26T10:39:19;IDF12;site;RIS;impose_est;2026-10-02 14:00;BEST_GUESS;OK;32483;1380;33863;2595;2372
2026-09-26T10:39:19;IDF13;site;RIS;acces_impose;2026-10-02 14:00;BEST_GUESS;OK;36001;1380;37381;2203;1960
2026-09-26T10:39:20;IDF13;site;RIS;impose_est;2026-10-02 14:00;BEST_GUESS;OK;36001;1380;37381;2203;1960
2026-09-26T10:39:20;IDF14;site;RIS;acces_impose;2026-10-02 14:00;BEST_GUESS;OK;16078;1380;17458;2038;1912
2026-09-26T10:39:20;IDF14;site;RIS;impose_est;2026-10-02 14:00;BEST_GUESS;OK;33504;1380;34884;2315;2057
2026-09-26T10:39:20;IDF15;site;RIS;acces_impose;2026-10-02 14:00;BEST_GUESS;OK;55151;1380;56531;3633;2819
2026-09-26T10:39:20;IDF15;site;RIS;impose_ouest;2026-10-02 14:00;BEST_GUESS;OK;69927;1380;71307;4274;3454
2026-09-26T10:39:21;HDF1;site;RIS;acces_impose;2026-10-02 14:00;BEST_GUESS;OK;228870;1380;230250;11952;10000
2026-09-26T10:39:21;HDF1;site;RIS;impose_est;2026-10-02 14:00;BEST_GUESS;OK;224950;1380;226330;11456;10145
2026-09-26T10:39:21;HDF2;site;RIS;acces_impose;2026-10-02 14:00;BEST_GUESS;OK;222412;1380;223792;10789;8889
2026-09-26T10:39:21;HDF2;site;RIS;impose_ouest;2026-10-02 14:00;BEST_GUESS;OK;241174;1380;242554;12016;9736
2026-09-26T10:39:22;HDF3;site;RIS;acces_impose;2026-10-02 14:00;BEST_GUESS;OK;270399;1380;271779;13039;11024
2026-09-26T10:39:22;HDF3;site;RIS;impose_ouest;2026-10-02 14:00;BEST_GUESS;OK;289161;1380;290541;14193;11871
2026-09-26T10:39:22;HDF4;site;RIS;acces_impose;2026-10-02 14:00;BEST_GUESS;OK;222410;1380;223790;10831;9013
2026-09-26T10:39:23;HDF4;site;RIS;impose_ouest;2026-10-02 14:00;BEST_GUESS;OK;241172;1380;242552;12063;9861
2026-09-26T10:39:23;HDF5;site;RIS;acces_impose;2026-10-02 14:00;BEST_GUESS;OK;243220;1380;244600;11626;9741
2026-09-26T10:39:23;HDF5;site;RIS;impose_ouest;2026-10-02 14:00;BEST_GUESS;OK;261982;1380;263362;12821;10588
2026-09-26T10:39:23;NOR1;site;RIS;acces_impose;2026-10-02 14:00;BEST_GUESS;OK;218404;1380;219784;9218;8179
2026-09-26T10:39:24;NOR1;site;RIS;impose_ouest;2026-10-02 14:00;BEST_GUESS;OK;233181;1380;234561;9890;8814
2026-09-26T10:39:24;NOR2;site;RIS;acces_impose;2026-10-02 14:00;BEST_GUESS;OK;147795;1380;149175;6804;5767
2026-09-26T10:39:24;NOR2;site;RIS;impose_ouest;2026-10-02 14:00;BEST_GUESS;OK;162572;1380;163952;7344;6402
2026-09-26T10:39:25;NOR3;site;RIS;acces_impose;2026-10-02 14:00;BEST_GUESS;OK;142728;1380;144108;6934;5877
2026-09-26T10:39:25;NOR3;site;RIS;impose_ouest;2026-10-02 14:00;BEST_GUESS;OK;157505;1380;158885;7502;6512
2026-09-26T10:39:25;CVL1;site;RIS;acces_impose;2026-10-02 14:00;BEST_GUESS;OK;222599;1380;223979;8230;7981
2026-09-26T10:39:25;CVL1;site;RIS;impose_ouest;2026-10-02 14:00;BEST_GUESS;OK;222599;1380;223979;8230;7981
2026-09-26T10:39:25;CVL2;site;RIS;acces_impose;2026-10-02 14:00;BEST_GUESS;OK;258419;1380;259799;10394;9975
2026-09-26T10:39:26;CVL2;site;RIS;impose_ouest;2026-10-02 14:00;BEST_GUESS;OK;258419;1380;259799;10394;9975
2026-09-26T10:39:26;CVL3;site;RIS;acces_impose;2026-10-02 14:00;BEST_GUESS;OK;126864;1380;128244;5370;5006
2026-09-26T10:39:26;CVL3;site;RIS;impose_ouest;2026-10-02 14:00;BEST_GUESS;OK;126864;1380;128244;5370;5006
2026-09-26T10:39:27;GE1;site;RIS;acces_impose;2026-10-02 14:00;BEST_GUESS;OK;208102;1380;209482;8278;7779
2026-09-26T10:39:27;GE1;site;RIS;impose_est;2026-10-02 14:00;BEST_GUESS;OK;208102;1380;209482;8278;7779
2026-09-26T10:39:27;BFC1;site;RIS;acces_impose;2026-10-02 14:00;BEST_GUESS;OK;290785;1380;292165;9656;9823
2026-09-26T10:39:27;BFC1;site;RIS;impose_est;2026-10-02 14:00;BEST_GUESS;OK;304701;1380;306081;10661;10474
2026-09-26T10:39:28;E_A1;entree;VITRY;rapide;2026-10-02 15:00;BEST_GUESS;OK;48820;0;48820;3606;2558
2026-09-26T10:39:28;E_A1;entree;RIS;rapide;2026-10-02 15:00;BEST_GUESS;OK;65882;1380;67262;5231;3448
2026-09-26T10:39:28;E_A4;entree;VITRY;rapide;2026-10-02 15:00;BEST_GUESS;OK;73090;0;73090;3410;3052
2026-09-26T10:39:28;E_A4;entree;RIS;rapide;2026-10-02 15:00;BEST_GUESS;OK;92509;1380;93889;4517;3971
2026-09-26T10:39:28;E_A5;entree;VITRY;rapide;2026-10-02 15:00;BEST_GUESS;OK;82488;0;82488;3646;3626
2026-09-26T10:39:28;E_A5;entree;RIS;rapide;2026-10-02 15:00;BEST_GUESS;OK;70634;1380;72014;3016;2857
2026-09-26T10:39:28;E_A6;entree;VITRY;rapide;2026-10-02 15:00;BEST_GUESS;OK;93772;0;93772;3933;3537
2026-09-26T10:39:28;E_A6;entree;RIS;rapide;2026-10-02 15:00;BEST_GUESS;OK;72354;1380;73734;2630;2642
2026-09-26T10:39:28;E_A10;entree;VITRY;rapide;2026-10-02 15:00;BEST_GUESS;OK;62958;0;62958;3350;2617
2026-09-26T10:39:28;E_A10;entree;RIS;rapide;2026-10-02 15:00;BEST_GUESS;OK;59203;1380;60583;2770;2411
2026-09-26T10:39:28;E_A11;entree;VITRY;rapide;2026-10-02 15:00;BEST_GUESS;OK;62192;0;62192;3504;2733
2026-09-26T10:39:28;E_A11;entree;RIS;rapide;2026-10-02 15:00;BEST_GUESS;OK;58437;1380;59817;2909;2528
2026-09-26T10:39:28;E_A13;entree;VITRY;rapide;2026-10-02 15:00;BEST_GUESS;OK;92461;0;92461;4459;3779
2026-09-26T10:39:28;E_A13;entree;RIS;rapide;2026-10-02 15:00;BEST_GUESS;OK;99218;1380;100598;5061;4096
2026-09-26T10:39:28;E_A16;entree;VITRY;rapide;2026-10-02 15:00;BEST_GUESS;OK;69185;0;69185;4750;3564
2026-09-26T10:39:28;E_A16;entree;RIS;rapide;2026-10-02 15:00;BEST_GUESS;OK;89679;1380;91059;5782;4332
2026-09-26T10:39:28;IDF1;site;VITRY;rapide;2026-10-02 15:00;BEST_GUESS;OK;41890;0;41890;4024;2841
2026-09-26T10:39:28;IDF1;site;RIS;rapide;2026-10-02 15:00;BEST_GUESS;OK;58952;1380;60332;5732;3731
2026-09-26T10:39:28;IDF2;site;VITRY;rapide;2026-10-02 15:00;BEST_GUESS;OK;35448;0;35448;2477;2082
2026-09-26T10:39:28;IDF2;site;RIS;rapide;2026-10-02 15:00;BEST_GUESS;OK;14026;1380;15406;1260;1177
2026-09-26T10:39:28;IDF3;site;VITRY;rapide;2026-10-02 15:00;BEST_GUESS;OK;66563;0;66563;5064;3895
2026-09-26T10:39:28;IDF3;site;RIS;rapide;2026-10-02 15:00;BEST_GUESS;OK;90870;1380;92250;6187;4706
2026-09-26T10:39:28;IDF4;site;VITRY;rapide;2026-10-02 15:00;BEST_GUESS;OK;31174;0;31174;3304;2409
2026-09-26T10:39:28;IDF4;site;RIS;rapide;2026-10-02 15:00;BEST_GUESS;OK;48236;1380;49616;4886;3299
2026-09-26T10:39:28;IDF5;site;VITRY;rapide;2026-10-02 15:00;BEST_GUESS;OK;27596;0;27596;3596;2840
2026-09-26T10:39:28;IDF5;site;RIS;rapide;2026-10-02 15:00;BEST_GUESS;OK;48346;1380;49726;5140;3517
2026-09-26T10:39:28;IDF6;site;VITRY;rapide;2026-10-02 15:00;BEST_GUESS;OK;41449;0;41449;3871;2811
2026-09-26T10:39:28;IDF6;site;RIS;rapide;2026-10-02 15:00;BEST_GUESS;OK;57321;1380;58701;4454;3170
2026-09-26T10:39:28;IDF7;site;VITRY;rapide;2026-10-02 15:00;BEST_GUESS;OK;40735;0;40735;3741;2678
2026-09-26T10:39:28;IDF7;site;RIS;rapide;2026-10-02 15:00;BEST_GUESS;OK;56204;1380;57584;4271;3049
2026-09-26T10:39:28;IDF8;site;VITRY;rapide;2026-10-02 15:00;BEST_GUESS;OK;45059;0;45059;2849;2489
2026-09-26T10:39:28;IDF8;site;RIS;rapide;2026-10-02 15:00;BEST_GUESS;OK;64478;1380;65858;3985;3408
2026-09-26T10:39:28;IDF9;site;VITRY;rapide;2026-10-02 15:00;BEST_GUESS;OK;46751;0;46751;3896;2980
2026-09-26T10:39:28;IDF9;site;RIS;rapide;2026-10-02 15:00;BEST_GUESS;OK;53507;1380;54887;4467;3297
2026-09-26T10:39:28;IDF10;site;VITRY;rapide;2026-10-02 15:00;BEST_GUESS;OK;34363;0;34363;3437;2348
2026-09-26T10:39:28;IDF10;site;RIS;rapide;2026-10-02 15:00;BEST_GUESS;OK;51425;1380;52805;5037;3238
2026-09-26T10:39:28;IDF11;site;VITRY;rapide;2026-10-02 15:00;BEST_GUESS;OK;49468;0;49468;2757;2370
2026-09-26T10:39:28;IDF11;site;RIS;rapide;2026-10-02 15:00;BEST_GUESS;OK;68887;1380;70267;3889;3288
2026-09-26T10:39:28;IDF12;site;VITRY;rapide;2026-10-02 15:00;BEST_GUESS;OK;11529;0;11529;1136;1049
2026-09-26T10:39:28;IDF12;site;RIS;rapide;2026-10-02 15:00;BEST_GUESS;OK;14828;1380;16208;2164;1956
2026-09-26T10:39:28;IDF13;site;VITRY;rapide;2026-10-02 15:00;BEST_GUESS;OK;38905;0;38905;2637;2536
2026-09-26T10:39:28;IDF13;site;RIS;rapide;2026-10-02 15:00;BEST_GUESS;OK;32603;1380;33983;2244;2015
2026-09-26T10:39:28;IDF14;site;VITRY;rapide;2026-10-02 15:00;BEST_GUESS;OK;7704;0;7704;1316;1243
2026-09-26T10:39:28;IDF14;site;RIS;rapide;2026-10-02 15:00;BEST_GUESS;OK;10572;1380;11952;1396;1306
2026-09-26T10:39:28;IDF15;site;VITRY;rapide;2026-10-02 15:00;BEST_GUESS;OK;46693;0;46693;3129;2492
2026-09-26T10:39:28;IDF15;site;RIS;rapide;2026-10-02 15:00;BEST_GUESS;OK;53449;1380;54829;3703;2809
2026-09-26T10:39:28;HDF1;site;VITRY;rapide;2026-10-02 15:00;BEST_GUESS;OK;210106;0;210106;10340;9101
2026-09-26T10:39:28;HDF1;site;RIS;rapide;2026-10-02 15:00;BEST_GUESS;OK;227168;1380;228548;12035;9991
2026-09-26T10:39:28;HDF2;site;VITRY;rapide;2026-10-02 15:00;BEST_GUESS;OK;203649;0;203649;9114;7989
2026-09-26T10:39:28;HDF2;site;RIS;rapide;2026-10-02 15:00;BEST_GUESS;OK;220711;1380;222091;10924;8880
2026-09-26T10:39:28;HDF3;site;VITRY;rapide;2026-10-02 15:00;BEST_GUESS;OK;251636;0;251636;11249;10124
2026-09-26T10:39:28;HDF3;site;RIS;rapide;2026-10-02 15:00;BEST_GUESS;OK;268698;1380;270078;12924;11014
2026-09-26T10:39:28;HDF4;site;VITRY;rapide;2026-10-02 15:00;BEST_GUESS;OK;203647;0;203647;9250;8114
2026-09-26T10:39:28;HDF4;site;RIS;rapide;2026-10-02 15:00;BEST_GUESS;OK;220709;1380;222089;11069;9004
2026-09-26T10:39:28;HDF5;site;VITRY;rapide;2026-10-02 15:00;BEST_GUESS;OK;224457;0;224457;10043;8842
2026-09-26T10:39:28;HDF5;site;RIS;rapide;2026-10-02 15:00;BEST_GUESS;OK;241519;1380;242899;11752;9732
2026-09-26T10:39:28;NOR1;site;VITRY;rapide;2026-10-02 15:00;BEST_GUESS;OK;209946;0;209946;8722;7853
2026-09-26T10:39:28;NOR1;site;RIS;rapide;2026-10-02 15:00;BEST_GUESS;OK;216703;1380;218083;9404;8170
2026-09-26T10:39:28;NOR2;site;VITRY;rapide;2026-10-02 15:00;BEST_GUESS;OK;139338;0;139338;6293;5440
2026-09-26T10:39:28;NOR2;site;RIS;rapide;2026-10-02 15:00;BEST_GUESS;OK;146094;1380;147474;6843;5757
2026-09-26T10:39:28;NOR3;site;VITRY;rapide;2026-10-02 15:00;BEST_GUESS;OK;134270;0;134270;6468;5551
2026-09-26T10:39:28;NOR3;site;RIS;rapide;2026-10-02 15:00;BEST_GUESS;OK;141027;1380;142407;7061;5868
2026-09-26T10:39:28;CVL1;site;VITRY;rapide;2026-10-02 15:00;BEST_GUESS;OK;226354;0;226354;8749;8187
2026-09-26T10:39:28;CVL1;site;RIS;rapide;2026-10-02 15:00;BEST_GUESS;OK;222599;1380;223979;8281;7982
2026-09-26T10:39:28;CVL2;site;VITRY;rapide;2026-10-02 15:00;BEST_GUESS;OK;262174;0;262174;10848;10181
2026-09-26T10:39:28;CVL2;site;RIS;rapide;2026-10-02 15:00;BEST_GUESS;OK;258419;1380;259799;10229;9975
2026-09-26T10:39:28;CVL3;site;VITRY;rapide;2026-10-02 15:00;BEST_GUESS;OK;130619;0;130619;5886;5212
2026-09-26T10:39:28;CVL3;site;RIS;rapide;2026-10-02 15:00;BEST_GUESS;OK;126864;1380;128244;5430;5006
2026-09-26T10:39:28;GE1;site;VITRY;rapide;2026-10-02 15:00;BEST_GUESS;OK;185285;0;185285;7168;6915
2026-09-26T10:39:28;GE1;site;RIS;rapide;2026-10-02 15:00;BEST_GUESS;OK;204704;1380;206084;8497;7834
2026-09-26T10:39:28;BFC1;site;VITRY;rapide;2026-10-02 15:00;BEST_GUESS;OK;312203;0;312203;10980;10719
2026-09-26T10:39:28;BFC1;site;RIS;rapide;2026-10-02 15:00;BEST_GUESS;OK;290785;1380;292165;9638;9824
2026-09-26T10:39:30;E_A1;entree;RIS;acces_impose;2026-10-02 15:00;BEST_GUESS;OK;67584;1380;68964;5240;3457
2026-09-26T10:39:30;E_A1;entree;RIS;impose_ouest;2026-10-02 15:00;BEST_GUESS;OK;86345;1380;87725;6500;4305
2026-09-26T10:39:30;E_A4;entree;RIS;acces_impose;2026-10-02 15:00;BEST_GUESS;OK;95907;1380;97287;4500;3915
2026-09-26T10:39:30;E_A4;entree;RIS;impose_est;2026-10-02 15:00;BEST_GUESS;OK;95907;1380;97287;4500;3915
2026-09-26T10:39:31;E_A5;entree;RIS;acces_impose;2026-10-02 15:00;BEST_GUESS;OK;74032;1380;75412;2983;2802
2026-09-26T10:39:31;E_A5;entree;RIS;impose_est;2026-10-02 15:00;BEST_GUESS;OK;74032;1380;75412;2983;2802
2026-09-26T10:39:31;E_A6;entree;RIS;acces_impose;2026-10-02 15:00;BEST_GUESS;OK;72354;1380;73734;2630;2641
2026-09-26T10:39:32;E_A6;entree;RIS;impose_est;2026-10-02 15:00;BEST_GUESS;OK;86270;1380;87650;3513;3292
2026-09-26T10:39:32;E_A10;entree;RIS;acces_impose;2026-10-02 15:00;BEST_GUESS;OK;59203;1380;60583;2770;2411
2026-09-26T10:39:32;E_A10;entree;RIS;impose_ouest;2026-10-02 15:00;BEST_GUESS;OK;59203;1380;60583;2770;2411
2026-09-26T10:39:32;E_A11;entree;RIS;acces_impose;2026-10-02 15:00;BEST_GUESS;OK;58437;1380;59817;2909;2527
2026-09-26T10:39:32;E_A11;entree;RIS;impose_ouest;2026-10-02 15:00;BEST_GUESS;OK;58437;1380;59817;2909;2527
2026-09-26T10:39:33;E_A13;entree;RIS;acces_impose;2026-10-02 15:00;BEST_GUESS;OK;100919;1380;102299;5070;4105
2026-09-26T10:39:33;E_A13;entree;RIS;impose_ouest;2026-10-02 15:00;BEST_GUESS;OK;115696;1380;117076;5766;4740
2026-09-26T10:39:33;E_A16;entree;RIS;acces_impose;2026-10-02 15:00;BEST_GUESS;OK;91380;1380;92760;5791;4341
2026-09-26T10:39:33;E_A16;entree;RIS;impose_ouest;2026-10-02 15:00;BEST_GUESS;OK;106157;1380;107537;6473;4977
2026-09-26T10:39:33;IDF1;site;RIS;acces_impose;2026-10-02 15:00;BEST_GUESS;OK;60653;1380;62033;5741;3740
2026-09-26T10:39:34;IDF1;site;RIS;impose_ouest;2026-10-02 15:00;BEST_GUESS;OK;79415;1380;80795;6989;4588
2026-09-26T10:39:34;IDF2;site;RIS;acces_impose;2026-10-02 15:00;BEST_GUESS;OK;14026;1380;15406;1260;1177
2026-09-26T10:39:34;IDF2;site;RIS;impose_ouest;2026-10-02 15:00;BEST_GUESS;OK;23176;1380;24556;1902;1590
2026-09-26T10:39:34;IDF3;site;RIS;acces_impose;2026-10-02 15:00;BEST_GUESS;OK;92571;1380;93951;6185;4715
2026-09-26T10:39:34;IDF3;site;RIS;impose_ouest;2026-10-02 15:00;BEST_GUESS;OK;107348;1380;108728;6867;5350
2026-09-26T10:39:35;IDF4;site;RIS;acces_impose;2026-10-02 15:00;BEST_GUESS;OK;49937;1380;51317;4895;3308
2026-09-26T10:39:35;IDF4;site;RIS;impose_ouest;2026-10-02 15:00;BEST_GUESS;OK;68699;1380;70079;6137;4155
2026-09-26T10:39:35;IDF5;site;RIS;acces_impose;2026-10-02 15:00;BEST_GUESS;OK;50047;1380;51427;5150;3526
2026-09-26T10:39:35;IDF5;site;RIS;impose_ouest;2026-10-02 15:00;BEST_GUESS;OK;68809;1380;70189;6402;4374
2026-09-26T10:39:35;IDF6;site;RIS;acces_impose;2026-10-02 15:00;BEST_GUESS;OK;59022;1380;60402;4462;3179
2026-09-26T10:39:36;IDF6;site;RIS;impose_ouest;2026-10-02 15:00;BEST_GUESS;OK;73799;1380;75179;5070;3814
2026-09-26T10:39:36;IDF7;site;RIS;acces_impose;2026-10-02 15:00;BEST_GUESS;OK;57906;1380;59286;4277;3058
2026-09-26T10:39:36;IDF7;site;RIS;impose_ouest;2026-10-02 15:00;BEST_GUESS;OK;72682;1380;74062;4856;3693
2026-09-26T10:39:36;IDF8;site;RIS;acces_impose;2026-10-02 15:00;BEST_GUESS;OK;67876;1380;69256;3973;3352
2026-09-26T10:39:36;IDF8;site;RIS;impose_est;2026-10-02 15:00;BEST_GUESS;OK;67876;1380;69256;3973;3352
2026-09-26T10:39:37;IDF9;site;RIS;acces_impose;2026-10-02 15:00;BEST_GUESS;OK;55209;1380;56589;4475;3306
2026-09-26T10:39:37;IDF9;site;RIS;impose_ouest;2026-10-02 15:00;BEST_GUESS;OK;69985;1380;71365;5083;3941
2026-09-26T10:39:37;IDF10;site;RIS;acces_impose;2026-10-02 15:00;BEST_GUESS;OK;53126;1380;54506;5047;3247
2026-09-26T10:39:37;IDF10;site;RIS;impose_ouest;2026-10-02 15:00;BEST_GUESS;OK;71888;1380;73268;6283;4094
2026-09-26T10:39:37;IDF11;site;RIS;acces_impose;2026-10-02 15:00;BEST_GUESS;OK;72285;1380;73665;3877;3233
2026-09-26T10:39:38;IDF11;site;RIS;impose_est;2026-10-02 15:00;BEST_GUESS;OK;72285;1380;73665;3877;3233
2026-09-26T10:39:38;IDF12;site;RIS;acces_impose;2026-10-02 15:00;BEST_GUESS;OK;34869;1380;36249;2995;2106
2026-09-26T10:39:38;IDF12;site;RIS;impose_est;2026-10-02 15:00;BEST_GUESS;OK;32483;1380;33863;2577;2372
2026-09-26T10:39:38;IDF13;site;RIS;acces_impose;2026-10-02 15:00;BEST_GUESS;OK;36001;1380;37381;2195;1960
2026-09-26T10:39:39;IDF13;site;RIS;impose_est;2026-10-02 15:00;BEST_GUESS;OK;36001;1380;37381;2195;1960
2026-09-26T10:39:39;IDF14;site;RIS;acces_impose;2026-10-02 15:00;BEST_GUESS;OK;16078;1380;17458;2054;1912
2026-09-26T10:39:39;IDF14;site;RIS;impose_est;2026-10-02 15:00;BEST_GUESS;OK;33504;1380;34884;2335;2057
2026-09-26T10:39:39;IDF15;site;RIS;acces_impose;2026-10-02 15:00;BEST_GUESS;OK;55151;1380;56531;3714;2819
2026-09-26T10:39:39;IDF15;site;RIS;impose_ouest;2026-10-02 15:00;BEST_GUESS;OK;69927;1380;71307;4358;3454
2026-09-26T10:39:39;HDF1;site;RIS;acces_impose;2026-10-02 15:00;BEST_GUESS;OK;228870;1380;230250;12025;10000
2026-09-26T10:39:40;HDF1;site;RIS;impose_est;2026-10-02 15:00;BEST_GUESS;OK;224950;1380;226330;11468;10145
2026-09-26T10:39:40;HDF2;site;RIS;acces_impose;2026-10-02 15:00;BEST_GUESS;OK;222412;1380;223792;10915;8889
2026-09-26T10:39:40;HDF2;site;RIS;impose_ouest;2026-10-02 15:00;BEST_GUESS;OK;241174;1380;242554;11956;9736
2026-09-26T10:39:41;HDF3;site;RIS;acces_impose;2026-10-02 15:00;BEST_GUESS;OK;270399;1380;271779;12923;11024
2026-09-26T10:39:41;HDF3;site;RIS;impose_ouest;2026-10-02 15:00;BEST_GUESS;OK;289161;1380;290541;13901;11871
2026-09-26T10:39:41;HDF4;site;RIS;acces_impose;2026-10-02 15:00;BEST_GUESS;OK;222410;1380;223790;11059;9013
2026-09-26T10:39:41;HDF4;site;RIS;impose_ouest;2026-10-02 15:00;BEST_GUESS;OK;241172;1380;242552;12093;9861
2026-09-26T10:39:42;HDF5;site;RIS;acces_impose;2026-10-02 15:00;BEST_GUESS;OK;243220;1380;244600;11742;9741
2026-09-26T10:39:42;HDF5;site;RIS;impose_ouest;2026-10-02 15:00;BEST_GUESS;OK;261982;1380;263362;12727;10588
2026-09-26T10:39:42;NOR1;site;RIS;acces_impose;2026-10-02 15:00;BEST_GUESS;OK;218404;1380;219784;9406;8179
2026-09-26T10:39:43;NOR1;site;RIS;impose_ouest;2026-10-02 15:00;BEST_GUESS;OK;233181;1380;234561;9807;8814
2026-09-26T10:39:43;NOR2;site;RIS;acces_impose;2026-10-02 15:00;BEST_GUESS;OK;147795;1380;149175;6840;5767
2026-09-26T10:39:43;NOR2;site;RIS;impose_ouest;2026-10-02 15:00;BEST_GUESS;OK;162572;1380;163952;7468;6402
2026-09-26T10:39:43;NOR3;site;RIS;acces_impose;2026-10-02 15:00;BEST_GUESS;OK;142728;1380;144108;7061;5877
2026-09-26T10:39:44;NOR3;site;RIS;impose_ouest;2026-10-02 15:00;BEST_GUESS;OK;157505;1380;158885;7641;6512
2026-09-26T10:39:44;CVL1;site;RIS;acces_impose;2026-10-02 15:00;BEST_GUESS;OK;222599;1380;223979;8281;7981
2026-09-26T10:39:44;CVL1;site;RIS;impose_ouest;2026-10-02 15:00;BEST_GUESS;OK;222599;1380;223979;8281;7981
2026-09-26T10:39:44;CVL2;site;RIS;acces_impose;2026-10-02 15:00;BEST_GUESS;OK;258419;1380;259799;10229;9975
2026-09-26T10:39:45;CVL2;site;RIS;impose_ouest;2026-10-02 15:00;BEST_GUESS;OK;258419;1380;259799;10229;9975
2026-09-26T10:39:45;CVL3;site;RIS;acces_impose;2026-10-02 15:00;BEST_GUESS;OK;126864;1380;128244;5430;5006
2026-09-26T10:39:45;CVL3;site;RIS;impose_ouest;2026-10-02 15:00;BEST_GUESS;OK;126864;1380;128244;5430;5006
2026-09-26T10:39:45;GE1;site;RIS;acces_impose;2026-10-02 15:00;BEST_GUESS;OK;208102;1380;209482;8521;7779
2026-09-26T10:39:46;GE1;site;RIS;impose_est;2026-10-02 15:00;BEST_GUESS;OK;208102;1380;209482;8521;7779
2026-09-26T10:39:46;BFC1;site;RIS;acces_impose;2026-10-02 15:00;BEST_GUESS;OK;290785;1380;292165;9638;9823
2026-09-26T10:39:46;BFC1;site;RIS;impose_est;2026-10-02 15:00;BEST_GUESS;OK;304701;1380;306081;10641;10474
2026-09-26T10:39:47;E_A1;entree;VITRY;rapide;2026-10-02 16:00;BEST_GUESS;OK;48820;0;48820;3667;2558
2026-09-26T10:39:47;E_A1;entree;RIS;rapide;2026-10-02 16:00;BEST_GUESS;OK;65882;1380;67262;5601;3448
2026-09-26T10:39:47;E_A4;entree;VITRY;rapide;2026-10-02 16:00;BEST_GUESS;OK;73090;0;73090;3357;3052
2026-09-26T10:39:47;E_A4;entree;RIS;rapide;2026-10-02 16:00;BEST_GUESS;OK;92509;1380;93889;4652;3970
2026-09-26T10:39:47;E_A5;entree;VITRY;rapide;2026-10-02 16:00;BEST_GUESS;OK;82488;0;82488;3696;3626
2026-09-26T10:39:47;E_A5;entree;RIS;rapide;2026-10-02 16:00;BEST_GUESS;OK;70634;1380;72014;3025;2857
2026-09-26T10:39:47;E_A6;entree;VITRY;rapide;2026-10-02 16:00;BEST_GUESS;OK;93772;0;93772;4038;3537
2026-09-26T10:39:47;E_A6;entree;RIS;rapide;2026-10-02 16:00;BEST_GUESS;OK;72354;1380;73734;2698;2642
2026-09-26T10:39:47;E_A10;entree;VITRY;rapide;2026-10-02 16:00;BEST_GUESS;OK;62958;0;62958;3353;2617
2026-09-26T10:39:47;E_A10;entree;RIS;rapide;2026-10-02 16:00;BEST_GUESS;OK;59203;1380;60583;2934;2411
2026-09-26T10:39:47;E_A11;entree;VITRY;rapide;2026-10-02 16:00;BEST_GUESS;OK;62192;0;62192;3536;2733
2026-09-26T10:39:47;E_A11;entree;RIS;rapide;2026-10-02 16:00;BEST_GUESS;OK;58437;1380;59817;3109;2528
2026-09-26T10:39:47;E_A13;entree;VITRY;rapide;2026-10-02 16:00;BEST_GUESS;OK;92461;0;92461;4589;3779
2026-09-26T10:39:47;E_A13;entree;RIS;rapide;2026-10-02 16:00;BEST_GUESS;OK;99218;1380;100598;5230;4096
2026-09-26T10:39:47;E_A16;entree;VITRY;rapide;2026-10-02 16:00;BEST_GUESS;OK;69184;0;69184;4788;3563
2026-09-26T10:39:47;E_A16;entree;RIS;rapide;2026-10-02 16:00;BEST_GUESS;OK;89679;1380;91059;6001;4332
2026-09-26T10:39:47;IDF1;site;VITRY;rapide;2026-10-02 16:00;BEST_GUESS;OK;41890;0;41890;4020;2841
2026-09-26T10:39:47;IDF1;site;RIS;rapide;2026-10-02 16:00;BEST_GUESS;OK;58952;1380;60332;5934;3731
2026-09-26T10:39:47;IDF2;site;VITRY;rapide;2026-10-02 16:00;BEST_GUESS;OK;35448;0;35448;2665;2082
2026-09-26T10:39:47;IDF2;site;RIS;rapide;2026-10-02 16:00;BEST_GUESS;OK;14026;1380;15406;1269;1177
2026-09-26T10:39:47;IDF3;site;VITRY;rapide;2026-10-02 16:00;BEST_GUESS;OK;66563;0;66563;5158;3895
2026-09-26T10:39:47;IDF3;site;RIS;rapide;2026-10-02 16:00;BEST_GUESS;OK;90870;1380;92250;6375;4706
2026-09-26T10:39:47;IDF4;site;VITRY;rapide;2026-10-02 16:00;BEST_GUESS;OK;31174;0;31174;3154;2409
2026-09-26T10:39:47;IDF4;site;RIS;rapide;2026-10-02 16:00;BEST_GUESS;OK;48236;1380;49616;5030;3299
2026-09-26T10:39:47;IDF5;site;VITRY;rapide;2026-10-02 16:00;BEST_GUESS;OK;27596;0;27596;3733;2839
2026-09-26T10:39:47;IDF5;site;RIS;rapide;2026-10-02 16:00;BEST_GUESS;OK;48346;1380;49726;5408;3517
2026-09-26T10:39:47;IDF6;site;VITRY;rapide;2026-10-02 16:00;BEST_GUESS;OK;41449;0;41449;3821;2811
2026-09-26T10:39:47;IDF6;site;RIS;rapide;2026-10-02 16:00;BEST_GUESS;OK;57321;1380;58701;4616;3170
2026-09-26T10:39:47;IDF7;site;VITRY;rapide;2026-10-02 16:00;BEST_GUESS;OK;40735;0;40735;3657;2678
2026-09-26T10:39:47;IDF7;site;RIS;rapide;2026-10-02 16:00;BEST_GUESS;OK;56204;1380;57584;4378;3049
2026-09-26T10:39:47;IDF8;site;VITRY;rapide;2026-10-02 16:00;BEST_GUESS;OK;45059;0;45059;2808;2489
2026-09-26T10:39:47;IDF8;site;RIS;rapide;2026-10-02 16:00;BEST_GUESS;OK;64478;1380;65858;4147;3408
2026-09-26T10:39:47;IDF9;site;VITRY;rapide;2026-10-02 16:00;BEST_GUESS;OK;46751;0;46751;3976;2980
2026-09-26T10:39:47;IDF9;site;RIS;rapide;2026-10-02 16:00;BEST_GUESS;OK;53507;1380;54887;4561;3297
2026-09-26T10:39:47;IDF10;site;VITRY;rapide;2026-10-02 16:00;BEST_GUESS;OK;34363;0;34363;3469;2348
2026-09-26T10:39:47;IDF10;site;RIS;rapide;2026-10-02 16:00;BEST_GUESS;OK;51425;1380;52805;5405;3238
2026-09-26T10:39:47;IDF11;site;VITRY;rapide;2026-10-02 16:00;BEST_GUESS;OK;49468;0;49468;2670;2370
2026-09-26T10:39:47;IDF11;site;RIS;rapide;2026-10-02 16:00;BEST_GUESS;OK;68887;1380;70267;3989;3288
2026-09-26T10:39:47;IDF12;site;VITRY;rapide;2026-10-02 16:00;BEST_GUESS;OK;11529;0;11529;1111;1049
2026-09-26T10:39:47;IDF12;site;RIS;rapide;2026-10-02 16:00;BEST_GUESS;OK;14828;1380;16208;2179;1956
2026-09-26T10:39:47;IDF13;site;VITRY;rapide;2026-10-02 16:00;BEST_GUESS;OK;38905;0;38905;2655;2536
2026-09-26T10:39:47;IDF13;site;RIS;rapide;2026-10-02 16:00;BEST_GUESS;OK;32603;1380;33983;2314;2015
2026-09-26T10:39:47;IDF14;site;VITRY;rapide;2026-10-02 16:00;BEST_GUESS;OK;7704;0;7704;1352;1243
2026-09-26T10:39:47;IDF14;site;RIS;rapide;2026-10-02 16:00;BEST_GUESS;OK;10572;1380;11952;1409;1306
2026-09-26T10:39:47;IDF15;site;VITRY;rapide;2026-10-02 16:00;BEST_GUESS;OK;46693;0;46693;3314;2492
2026-09-26T10:39:47;IDF15;site;RIS;rapide;2026-10-02 16:00;BEST_GUESS;OK;53449;1380;54829;3864;2809
2026-09-26T10:39:47;HDF1;site;VITRY;rapide;2026-10-02 16:00;BEST_GUESS;OK;210106;0;210106;10180;9101
2026-09-26T10:39:47;HDF1;site;RIS;rapide;2026-10-02 16:00;BEST_GUESS;OK;227168;1380;228548;11700;9991
2026-09-26T10:39:47;HDF2;site;VITRY;rapide;2026-10-02 16:00;BEST_GUESS;OK;203649;0;203649;9103;7989
2026-09-26T10:39:47;HDF2;site;RIS;rapide;2026-10-02 16:00;BEST_GUESS;OK;220711;1380;222091;10787;8880
2026-09-26T10:39:47;HDF3;site;VITRY;rapide;2026-10-02 16:00;BEST_GUESS;OK;251636;0;251636;10908;10124
2026-09-26T10:39:47;HDF3;site;RIS;rapide;2026-10-02 16:00;BEST_GUESS;OK;268698;1380;270078;12447;11014
2026-09-26T10:39:47;HDF4;site;VITRY;rapide;2026-10-02 16:00;BEST_GUESS;OK;203647;0;203647;9200;8114
2026-09-26T10:39:47;HDF4;site;RIS;rapide;2026-10-02 16:00;BEST_GUESS;OK;220709;1380;222089;10902;9004
2026-09-26T10:39:47;HDF5;site;VITRY;rapide;2026-10-02 16:00;BEST_GUESS;OK;224457;0;224457;9823;8842
2026-09-26T10:39:47;HDF5;site;RIS;rapide;2026-10-02 16:00;BEST_GUESS;OK;241519;1380;242899;11422;9732
2026-09-26T10:39:47;NOR1;site;VITRY;rapide;2026-10-02 16:00;BEST_GUESS;OK;209946;0;209946;8523;7853
2026-09-26T10:39:47;NOR1;site;RIS;rapide;2026-10-02 16:00;BEST_GUESS;OK;216703;1380;218083;9137;8170
2026-09-26T10:39:47;NOR2;site;VITRY;rapide;2026-10-02 16:00;BEST_GUESS;OK;139338;0;139338;6303;5440
2026-09-26T10:39:47;NOR2;site;RIS;rapide;2026-10-02 16:00;BEST_GUESS;OK;146094;1380;147474;7015;5757
2026-09-26T10:39:47;NOR3;site;VITRY;rapide;2026-10-02 16:00;BEST_GUESS;OK;134270;0;134270;6517;5550
2026-09-26T10:39:47;NOR3;site;RIS;rapide;2026-10-02 16:00;BEST_GUESS;OK;141027;1380;142407;7234;5868
2026-09-26T10:39:47;CVL1;site;VITRY;rapide;2026-10-02 16:00;BEST_GUESS;OK;226354;0;226354;8677;8187
2026-09-26T10:39:47;CVL1;site;RIS;rapide;2026-10-02 16:00;BEST_GUESS;OK;222599;1380;223979;7993;7982
2026-09-26T10:39:47;CVL2;site;VITRY;rapide;2026-10-02 16:00;BEST_GUESS;OK;262174;0;262174;10477;10181
2026-09-26T10:39:47;CVL2;site;RIS;rapide;2026-10-02 16:00;BEST_GUESS;OK;258419;1380;259799;9936;9975
2026-09-26T10:39:47;CVL3;site;VITRY;rapide;2026-10-02 16:00;BEST_GUESS;OK;130619;0;130619;5850;5212
2026-09-26T10:39:47;CVL3;site;RIS;rapide;2026-10-02 16:00;BEST_GUESS;OK;126864;1380;128244;5384;5006
2026-09-26T10:39:47;GE1;site;VITRY;rapide;2026-10-02 16:00;BEST_GUESS;OK;185285;0;185285;7312;6915
2026-09-26T10:39:47;GE1;site;RIS;rapide;2026-10-02 16:00;BEST_GUESS;OK;204704;1380;206084;8445;7834
2026-09-26T10:39:47;BFC1;site;VITRY;rapide;2026-10-02 16:00;BEST_GUESS;OK;312203;0;312203;10804;10719
2026-09-26T10:39:47;BFC1;site;RIS;rapide;2026-10-02 16:00;BEST_GUESS;OK;290785;1380;292165;9564;9824
2026-09-26T10:39:47;E_A1;entree;RIS;acces_impose;2026-10-02 16:00;BEST_GUESS;OK;67584;1380;68964;5602;3457
2026-09-26T10:39:48;E_A1;entree;RIS;impose_ouest;2026-10-02 16:00;BEST_GUESS;OK;86345;1380;87725;6772;4305
2026-09-26T10:39:48;E_A4;entree;RIS;acces_impose;2026-10-02 16:00;BEST_GUESS;OK;95907;1380;97287;4671;3915
2026-09-26T10:39:48;E_A4;entree;RIS;impose_est;2026-10-02 16:00;BEST_GUESS;OK;95907;1380;97287;4671;3915
2026-09-26T10:39:48;E_A5;entree;RIS;acces_impose;2026-10-02 16:00;BEST_GUESS;OK;74032;1380;75412;3045;2802
2026-09-26T10:39:48;E_A5;entree;RIS;impose_est;2026-10-02 16:00;BEST_GUESS;OK;74032;1380;75412;3045;2802
2026-09-26T10:39:49;E_A6;entree;RIS;acces_impose;2026-10-02 16:00;BEST_GUESS;OK;72354;1380;73734;2698;2641
2026-09-26T10:39:49;E_A6;entree;RIS;impose_est;2026-10-02 16:00;BEST_GUESS;OK;86270;1380;87650;3668;3292
2026-09-26T10:39:49;E_A10;entree;RIS;acces_impose;2026-10-02 16:00;BEST_GUESS;OK;59203;1380;60583;2934;2411
2026-09-26T10:39:49;E_A10;entree;RIS;impose_ouest;2026-10-02 16:00;BEST_GUESS;OK;59203;1380;60583;2934;2411
2026-09-26T10:39:50;E_A11;entree;RIS;acces_impose;2026-10-02 16:00;BEST_GUESS;OK;58437;1380;59817;3109;2527
2026-09-26T10:39:50;E_A11;entree;RIS;impose_ouest;2026-10-02 16:00;BEST_GUESS;OK;58437;1380;59817;3109;2527
2026-09-26T10:39:50;E_A13;entree;RIS;acces_impose;2026-10-02 16:00;BEST_GUESS;OK;100919;1380;102299;5232;4105
2026-09-26T10:39:50;E_A13;entree;RIS;impose_ouest;2026-10-02 16:00;BEST_GUESS;OK;115696;1380;117076;5735;4740
2026-09-26T10:39:50;E_A16;entree;RIS;acces_impose;2026-10-02 16:00;BEST_GUESS;OK;91380;1380;92760;6002;4341
2026-09-26T10:39:50;E_A16;entree;RIS;impose_ouest;2026-10-02 16:00;BEST_GUESS;OK;106157;1380;107537;6416;4977
2026-09-26T10:39:51;IDF1;site;RIS;acces_impose;2026-10-02 16:00;BEST_GUESS;OK;60653;1380;62033;5936;3740
2026-09-26T10:39:51;IDF1;site;RIS;impose_ouest;2026-10-02 16:00;BEST_GUESS;OK;79415;1380;80795;7103;4588
2026-09-26T10:39:51;IDF2;site;RIS;acces_impose;2026-10-02 16:00;BEST_GUESS;OK;14026;1380;15406;1269;1177
2026-09-26T10:39:51;IDF2;site;RIS;impose_ouest;2026-10-02 16:00;BEST_GUESS;OK;23176;1380;24556;1978;1590
2026-09-26T10:39:51;IDF3;site;RIS;acces_impose;2026-10-02 16:00;BEST_GUESS;OK;92571;1380;93951;6372;4715
2026-09-26T10:39:52;IDF3;site;RIS;impose_ouest;2026-10-02 16:00;BEST_GUESS;OK;107348;1380;108728;6744;5350
2026-09-26T10:39:52;IDF4;site;RIS;acces_impose;2026-10-02 16:00;BEST_GUESS;OK;49937;1380;51317;5033;3308
2026-09-26T10:39:52;IDF4;site;RIS;impose_ouest;2026-10-02 16:00;BEST_GUESS;OK;68699;1380;70079;6205;4155
2026-09-26T10:39:52;IDF5;site;RIS;acces_impose;2026-10-02 16:00;BEST_GUESS;OK;50047;1380;51427;5407;3526
2026-09-26T10:39:52;IDF5;site;RIS;impose_ouest;2026-10-02 16:00;BEST_GUESS;OK;68809;1380;70189;6608;4374
2026-09-26T10:39:53;IDF6;site;RIS;acces_impose;2026-10-02 16:00;BEST_GUESS;OK;59022;1380;60402;4620;3179
2026-09-26T10:39:53;IDF6;site;RIS;impose_ouest;2026-10-02 16:00;BEST_GUESS;OK;73799;1380;75179;5218;3814
2026-09-26T10:39:53;IDF7;site;RIS;acces_impose;2026-10-02 16:00;BEST_GUESS;OK;57906;1380;59286;4379;3058
2026-09-26T10:39:53;IDF7;site;RIS;impose_ouest;2026-10-02 16:00;BEST_GUESS;OK;72682;1380;74062;4980;3693
2026-09-26T10:39:53;IDF8;site;RIS;acces_impose;2026-10-02 16:00;BEST_GUESS;OK;67876;1380;69256;4151;3352
2026-09-26T10:39:54;IDF8;site;RIS;impose_est;2026-10-02 16:00;BEST_GUESS;OK;67876;1380;69256;4151;3352
2026-09-26T10:39:54;IDF9;site;RIS;acces_impose;2026-10-02 16:00;BEST_GUESS;OK;55209;1380;56589;4564;3306
2026-09-26T10:39:54;IDF9;site;RIS;impose_ouest;2026-10-02 16:00;BEST_GUESS;OK;69985;1380;71365;5179;3941
2026-09-26T10:39:54;IDF10;site;RIS;acces_impose;2026-10-02 16:00;BEST_GUESS;OK;53126;1380;54506;5405;3247
2026-09-26T10:39:55;IDF10;site;RIS;impose_ouest;2026-10-02 16:00;BEST_GUESS;OK;71888;1380;73268;6605;4094
2026-09-26T10:39:55;IDF11;site;RIS;acces_impose;2026-10-02 16:00;BEST_GUESS;OK;72285;1380;73665;3994;3233
2026-09-26T10:39:55;IDF11;site;RIS;impose_est;2026-10-02 16:00;BEST_GUESS;OK;72285;1380;73665;3994;3233
2026-09-26T10:39:55;IDF12;site;RIS;acces_impose;2026-10-02 16:00;BEST_GUESS;OK;34869;1380;36249;3044;2106
2026-09-26T10:39:55;IDF12;site;RIS;impose_est;2026-10-02 16:00;BEST_GUESS;OK;32483;1380;33863;2670;2372
2026-09-26T10:39:56;IDF13;site;RIS;acces_impose;2026-10-02 16:00;BEST_GUESS;OK;36001;1380;37381;2301;1960
2026-09-26T10:39:56;IDF13;site;RIS;impose_est;2026-10-02 16:00;BEST_GUESS;OK;36001;1380;37381;2301;1960
2026-09-26T10:39:56;IDF14;site;RIS;acces_impose;2026-10-02 16:00;BEST_GUESS;OK;16078;1380;17458;2102;1912
2026-09-26T10:39:56;IDF14;site;RIS;impose_est;2026-10-02 16:00;BEST_GUESS;OK;33504;1380;34884;2413;2057
2026-09-26T10:39:56;IDF15;site;RIS;acces_impose;2026-10-02 16:00;BEST_GUESS;OK;55151;1380;56531;3862;2819
2026-09-26T10:39:56;IDF15;site;RIS;impose_ouest;2026-10-02 16:00;BEST_GUESS;OK;69927;1380;71307;4438;3454
2026-09-26T10:39:57;HDF1;site;RIS;acces_impose;2026-10-02 16:00;BEST_GUESS;OK;228870;1380;230250;11702;10000
2026-09-26T10:39:57;HDF1;site;RIS;impose_est;2026-10-02 16:00;BEST_GUESS;OK;224950;1380;226330;11216;10145
2026-09-26T10:39:57;HDF2;site;RIS;acces_impose;2026-10-02 16:00;BEST_GUESS;OK;222412;1380;223792;10799;8889
2026-09-26T10:39:58;HDF2;site;RIS;impose_ouest;2026-10-02 16:00;BEST_GUESS;OK;241174;1380;242554;11731;9736
2026-09-26T10:39:58;HDF3;site;RIS;acces_impose;2026-10-02 16:00;BEST_GUESS;OK;270399;1380;271779;12449;11024
2026-09-26T10:39:58;HDF3;site;RIS;impose_ouest;2026-10-02 16:00;BEST_GUESS;OK;289161;1380;290541;13356;11871
2026-09-26T10:39:58;HDF4;site;RIS;acces_impose;2026-10-02 16:00;BEST_GUESS;OK;222410;1380;223790;10913;9013
2026-09-26T10:39:59;HDF4;site;RIS;impose_ouest;2026-10-02 16:00;BEST_GUESS;OK;241172;1380;242552;11845;9861
2026-09-26T10:39:59;HDF5;site;RIS;acces_impose;2026-10-02 16:00;BEST_GUESS;OK;243220;1380;244600;11428;9741
2026-09-26T10:39:59;HDF5;site;RIS;impose_ouest;2026-10-02 16:00;BEST_GUESS;OK;261982;1380;263362;12368;10588
2026-09-26T10:40:00;NOR1;site;RIS;acces_impose;2026-10-02 16:00;BEST_GUESS;OK;218404;1380;219784;9136;8179
2026-09-26T10:40:00;NOR1;site;RIS;impose_ouest;2026-10-02 16:00;BEST_GUESS;OK;233181;1380;234561;9503;8814
2026-09-26T10:40:00;NOR2;site;RIS;acces_impose;2026-10-02 16:00;BEST_GUESS;OK;147795;1380;149175;7009;5767
2026-09-26T10:40:00;NOR2;site;RIS;impose_ouest;2026-10-02 16:00;BEST_GUESS;OK;162572;1380;163952;7290;6402
2026-09-26T10:40:01;NOR3;site;RIS;acces_impose;2026-10-02 16:00;BEST_GUESS;OK;142728;1380;144108;7223;5877
2026-09-26T10:40:01;NOR3;site;RIS;impose_ouest;2026-10-02 16:00;BEST_GUESS;OK;157505;1380;158885;7483;6512
2026-09-26T10:40:01;CVL1;site;RIS;acces_impose;2026-10-02 16:00;BEST_GUESS;OK;222599;1380;223979;7993;7981
2026-09-26T10:40:01;CVL1;site;RIS;impose_ouest;2026-10-02 16:00;BEST_GUESS;OK;222599;1380;223979;7993;7981
2026-09-26T10:40:02;CVL2;site;RIS;acces_impose;2026-10-02 16:00;BEST_GUESS;OK;258419;1380;259799;9936;9975
2026-09-26T10:40:02;CVL2;site;RIS;impose_ouest;2026-10-02 16:00;BEST_GUESS;OK;258419;1380;259799;9936;9975
2026-09-26T10:40:02;CVL3;site;RIS;acces_impose;2026-10-02 16:00;BEST_GUESS;OK;126864;1380;128244;5384;5006
2026-09-26T10:40:03;CVL3;site;RIS;impose_ouest;2026-10-02 16:00;BEST_GUESS;OK;126864;1380;128244;5384;5006
2026-09-26T10:40:03;GE1;site;RIS;acces_impose;2026-10-02 16:00;BEST_GUESS;OK;208102;1380;209482;8421;7779
2026-09-26T10:40:03;GE1;site;RIS;impose_est;2026-10-02 16:00;BEST_GUESS;OK;208102;1380;209482;8421;7779
2026-09-26T10:40:03;BFC1;site;RIS;acces_impose;2026-10-02 16:00;BEST_GUESS;OK;290785;1380;292165;9564;9823
2026-09-26T10:40:04;BFC1;site;RIS;impose_est;2026-10-02 16:00;BEST_GUESS;OK;304701;1380;306081;10412;10474
2026-09-26T10:40:04;E_A1;entree;VITRY;rapide;2026-10-02 17:00;BEST_GUESS;OK;48820;0;48820;3769;2558
2026-09-26T10:40:04;E_A1;entree;RIS;rapide;2026-10-02 17:00;BEST_GUESS;OK;65882;1380;67262;5467;3448
2026-09-26T10:40:04;E_A4;entree;VITRY;rapide;2026-10-02 17:00;BEST_GUESS;OK;73090;0;73090;3547;3052
2026-09-26T10:40:04;E_A4;entree;RIS;rapide;2026-10-02 17:00;BEST_GUESS;OK;92509;1380;93889;4676;3971
2026-09-26T10:40:04;E_A5;entree;VITRY;rapide;2026-10-02 17:00;BEST_GUESS;OK;82488;0;82488;3717;3626
2026-09-26T10:40:04;E_A5;entree;RIS;rapide;2026-10-02 17:00;BEST_GUESS;OK;70634;1380;72014;3054;2857
2026-09-26T10:40:04;E_A6;entree;VITRY;rapide;2026-10-02 17:00;BEST_GUESS;OK;93772;0;93772;4007;3537
2026-09-26T10:40:04;E_A6;entree;RIS;rapide;2026-10-02 17:00;BEST_GUESS;OK;72354;1380;73734;2687;2642
2026-09-26T10:40:04;E_A10;entree;VITRY;rapide;2026-10-02 17:00;BEST_GUESS;OK;62958;0;62958;3331;2617
2026-09-26T10:40:04;E_A10;entree;RIS;rapide;2026-10-02 17:00;BEST_GUESS;OK;59203;1380;60583;2773;2411
2026-09-26T10:40:04;E_A11;entree;VITRY;rapide;2026-10-02 17:00;BEST_GUESS;OK;62192;0;62192;3471;2733
2026-09-26T10:40:04;E_A11;entree;RIS;rapide;2026-10-02 17:00;BEST_GUESS;OK;58437;1380;59817;2895;2528
2026-09-26T10:40:04;E_A13;entree;VITRY;rapide;2026-10-02 17:00;BEST_GUESS;OK;92461;0;92461;4533;3779
2026-09-26T10:40:04;E_A13;entree;RIS;rapide;2026-10-02 17:00;BEST_GUESS;OK;99218;1380;100598;5189;4096
2026-09-26T10:40:04;E_A16;entree;VITRY;rapide;2026-10-02 17:00;BEST_GUESS;OK;69185;0;69185;4793;3564
2026-09-26T10:40:04;E_A16;entree;RIS;rapide;2026-10-02 17:00;BEST_GUESS;OK;89679;1380;91059;5834;4332
2026-09-26T10:40:04;IDF1;site;VITRY;rapide;2026-10-02 17:00;BEST_GUESS;OK;41890;0;41890;4182;2841
2026-09-26T10:40:04;IDF1;site;RIS;rapide;2026-10-02 17:00;BEST_GUESS;OK;58952;1380;60332;5855;3731
2026-09-26T10:40:04;IDF2;site;VITRY;rapide;2026-10-02 17:00;BEST_GUESS;OK;35448;0;35448;2624;2082
2026-09-26T10:40:04;IDF2;site;RIS;rapide;2026-10-02 17:00;BEST_GUESS;OK;14026;1380;15406;1324;1177
2026-09-26T10:40:04;IDF3;site;VITRY;rapide;2026-10-02 17:00;BEST_GUESS;OK;66563;0;66563;5117;3895
2026-09-26T10:40:04;IDF3;site;RIS;rapide;2026-10-02 17:00;BEST_GUESS;OK;90870;1380;92250;6193;4706
2026-09-26T10:40:04;IDF4;site;VITRY;rapide;2026-10-02 17:00;BEST_GUESS;OK;31174;0;31174;3324;2409
2026-09-26T10:40:04;IDF4;site;RIS;rapide;2026-10-02 17:00;BEST_GUESS;OK;48236;1380;49616;5049;3299
2026-09-26T10:40:04;IDF5;site;VITRY;rapide;2026-10-02 17:00;BEST_GUESS;OK;27596;0;27596;3655;2840
2026-09-26T10:40:04;IDF5;site;RIS;rapide;2026-10-02 17:00;BEST_GUESS;OK;48346;1380;49726;5234;3517
2026-09-26T10:40:04;IDF6;site;VITRY;rapide;2026-10-02 17:00;BEST_GUESS;OK;41449;0;41449;3961;2811
2026-09-26T10:40:04;IDF6;site;RIS;rapide;2026-10-02 17:00;BEST_GUESS;OK;57321;1380;58701;4696;3170
2026-09-26T10:40:04;IDF7;site;VITRY;rapide;2026-10-02 17:00;BEST_GUESS;OK;40735;0;40735;3841;2678
2026-09-26T10:40:04;IDF7;site;RIS;rapide;2026-10-02 17:00;BEST_GUESS;OK;56204;1380;57584;4471;3049
2026-09-26T10:40:04;IDF8;site;VITRY;rapide;2026-10-02 17:00;BEST_GUESS;OK;45059;0;45059;2934;2489
2026-09-26T10:40:04;IDF8;site;RIS;rapide;2026-10-02 17:00;BEST_GUESS;OK;64478;1380;65858;4110;3408
2026-09-26T10:40:04;IDF9;site;VITRY;rapide;2026-10-02 17:00;BEST_GUESS;OK;46751;0;46751;4010;2980
2026-09-26T10:40:04;IDF9;site;RIS;rapide;2026-10-02 17:00;BEST_GUESS;OK;53507;1380;54887;4671;3297
2026-09-26T10:40:04;IDF10;site;VITRY;rapide;2026-10-02 17:00;BEST_GUESS;OK;34363;0;34363;3621;2348
2026-09-26T10:40:04;IDF10;site;RIS;rapide;2026-10-02 17:00;BEST_GUESS;OK;51425;1380;52805;5314;3238
2026-09-26T10:40:04;IDF11;site;VITRY;rapide;2026-10-02 17:00;BEST_GUESS;OK;49468;0;49468;2788;2370
2026-09-26T10:40:04;IDF11;site;RIS;rapide;2026-10-02 17:00;BEST_GUESS;OK;68887;1380;70267;3969;3288
2026-09-26T10:40:04;IDF12;site;VITRY;rapide;2026-10-02 17:00;BEST_GUESS;OK;11529;0;11529;1143;1049
2026-09-26T10:40:04;IDF12;site;RIS;rapide;2026-10-02 17:00;BEST_GUESS;OK;14828;1380;16208;2253;1956
2026-09-26T10:40:04;IDF13;site;VITRY;rapide;2026-10-02 17:00;BEST_GUESS;OK;38905;0;38905;2683;2536
2026-09-26T10:40:04;IDF13;site;RIS;rapide;2026-10-02 17:00;BEST_GUESS;OK;32603;1380;33983;2309;2015
2026-09-26T10:40:04;IDF14;site;VITRY;rapide;2026-10-02 17:00;BEST_GUESS;OK;7704;0;7704;1326;1243
2026-09-26T10:40:04;IDF14;site;RIS;rapide;2026-10-02 17:00;BEST_GUESS;OK;10572;1380;11952;1451;1306
2026-09-26T10:40:04;IDF15;site;VITRY;rapide;2026-10-02 17:00;BEST_GUESS;OK;46693;0;46693;3300;2492
2026-09-26T10:40:04;IDF15;site;RIS;rapide;2026-10-02 17:00;BEST_GUESS;OK;53449;1380;54829;4068;2809
2026-09-26T10:40:04;HDF1;site;VITRY;rapide;2026-10-02 17:00;BEST_GUESS;OK;210106;0;210106;9806;9101
2026-09-26T10:40:04;HDF1;site;RIS;rapide;2026-10-02 17:00;BEST_GUESS;OK;227168;1380;228548;11053;9991
2026-09-26T10:40:04;HDF2;site;VITRY;rapide;2026-10-02 17:00;BEST_GUESS;OK;203649;0;203649;8637;7989
2026-09-26T10:40:04;HDF2;site;RIS;rapide;2026-10-02 17:00;BEST_GUESS;OK;220711;1380;222091;10074;8880
2026-09-26T10:40:04;HDF3;site;VITRY;rapide;2026-10-02 17:00;BEST_GUESS;OK;251635;0;251635;10716;10124
2026-09-26T10:40:04;HDF3;site;RIS;rapide;2026-10-02 17:00;BEST_GUESS;OK;268698;1380;270078;11959;11014
2026-09-26T10:40:04;HDF4;site;VITRY;rapide;2026-10-02 17:00;BEST_GUESS;OK;203647;0;203647;8854;8114
2026-09-26T10:40:04;HDF4;site;RIS;rapide;2026-10-02 17:00;BEST_GUESS;OK;220709;1380;222089;10300;9004
2026-09-26T10:40:04;HDF5;site;VITRY;rapide;2026-10-02 17:00;BEST_GUESS;OK;224457;0;224457;9563;8842
2026-09-26T10:40:04;HDF5;site;RIS;rapide;2026-10-02 17:00;BEST_GUESS;OK;241519;1380;242899;10848;9732
2026-09-26T10:40:04;NOR1;site;VITRY;rapide;2026-10-02 17:00;BEST_GUESS;OK;209946;0;209946;8227;7851
2026-09-26T10:40:04;NOR1;site;RIS;rapide;2026-10-02 17:00;BEST_GUESS;OK;216703;1380;218083;8833;8170
2026-09-26T10:40:04;NOR2;site;VITRY;rapide;2026-10-02 17:00;BEST_GUESS;OK;139338;0;139338;6052;5440
2026-09-26T10:40:04;NOR2;site;RIS;rapide;2026-10-02 17:00;BEST_GUESS;OK;146094;1380;147474;6715;5757
2026-09-26T10:40:04;NOR3;site;VITRY;rapide;2026-10-02 17:00;BEST_GUESS;OK;134270;0;134270;6311;5551
2026-09-26T10:40:04;NOR3;site;RIS;rapide;2026-10-02 17:00;BEST_GUESS;OK;141027;1380;142407;6976;5868
2026-09-26T10:40:04;CVL1;site;VITRY;rapide;2026-10-02 17:00;BEST_GUESS;OK;226354;0;226354;8227;8187
2026-09-26T10:40:04;CVL1;site;RIS;rapide;2026-10-02 17:00;BEST_GUESS;OK;222599;1380;223979;7801;7982
2026-09-26T10:40:04;CVL2;site;VITRY;rapide;2026-10-02 17:00;BEST_GUESS;OK;262174;0;262174;10140;10181
2026-09-26T10:40:04;CVL2;site;RIS;rapide;2026-10-02 17:00;BEST_GUESS;OK;258419;1380;259799;9790;9975
2026-09-26T10:40:04;CVL3;site;VITRY;rapide;2026-10-02 17:00;BEST_GUESS;OK;130619;0;130619;5788;5212
2026-09-26T10:40:04;CVL3;site;RIS;rapide;2026-10-02 17:00;BEST_GUESS;OK;126864;1380;128244;5132;5006
2026-09-26T10:40:04;GE1;site;VITRY;rapide;2026-10-02 17:00;BEST_GUESS;OK;185285;0;185285;7186;6915
2026-09-26T10:40:04;GE1;site;RIS;rapide;2026-10-02 17:00;BEST_GUESS;OK;204704;1380;206084;8253;7834
2026-09-26T10:40:04;BFC1;site;VITRY;rapide;2026-10-02 17:00;BEST_GUESS;OK;312203;0;312203;10493;10719
2026-09-26T10:40:04;BFC1;site;RIS;rapide;2026-10-02 17:00;BEST_GUESS;OK;290785;1380;292165;9481;9824
2026-09-26T10:40:05;E_A1;entree;RIS;acces_impose;2026-10-02 17:00;BEST_GUESS;OK;67584;1380;68964;5465;3457
2026-09-26T10:40:05;E_A1;entree;RIS;impose_ouest;2026-10-02 17:00;BEST_GUESS;OK;86345;1380;87725;6433;4305
2026-09-26T10:40:05;E_A4;entree;RIS;acces_impose;2026-10-02 17:00;BEST_GUESS;OK;95907;1380;97287;4651;3915
2026-09-26T10:40:05;E_A4;entree;RIS;impose_est;2026-10-02 17:00;BEST_GUESS;OK;95907;1380;97287;4651;3915
2026-09-26T10:40:06;E_A5;entree;RIS;acces_impose;2026-10-02 17:00;BEST_GUESS;OK;74032;1380;75412;3064;2802
2026-09-26T10:40:06;E_A5;entree;RIS;impose_est;2026-10-02 17:00;BEST_GUESS;OK;74032;1380;75412;3064;2802
2026-09-26T10:40:06;E_A6;entree;RIS;acces_impose;2026-10-02 17:00;BEST_GUESS;OK;72354;1380;73734;2687;2641
2026-09-26T10:40:06;E_A6;entree;RIS;impose_est;2026-10-02 17:00;BEST_GUESS;OK;86270;1380;87650;3680;3292
2026-09-26T10:40:06;E_A10;entree;RIS;acces_impose;2026-10-02 17:00;BEST_GUESS;OK;59203;1380;60583;2773;2411
2026-09-26T10:40:07;E_A10;entree;RIS;impose_ouest;2026-10-02 17:00;BEST_GUESS;OK;59203;1380;60583;2773;2411
2026-09-26T10:40:07;E_A11;entree;RIS;acces_impose;2026-10-02 17:00;BEST_GUESS;OK;58437;1380;59817;2895;2527
2026-09-26T10:40:07;E_A11;entree;RIS;impose_ouest;2026-10-02 17:00;BEST_GUESS;OK;58437;1380;59817;2895;2527
2026-09-26T10:40:07;E_A13;entree;RIS;acces_impose;2026-10-02 17:00;BEST_GUESS;OK;100919;1380;102299;5181;4105
2026-09-26T10:40:07;E_A13;entree;RIS;impose_ouest;2026-10-02 17:00;BEST_GUESS;OK;115696;1380;117076;5516;4740
2026-09-26T10:40:08;E_A16;entree;RIS;acces_impose;2026-10-02 17:00;BEST_GUESS;OK;91380;1380;92760;5833;4341
2026-09-26T10:40:08;E_A16;entree;RIS;impose_ouest;2026-10-02 17:00;BEST_GUESS;OK;106157;1380;107537;6196;4977
2026-09-26T10:40:08;IDF1;site;RIS;acces_impose;2026-10-02 17:00;BEST_GUESS;OK;60653;1380;62033;5854;3740
2026-09-26T10:40:08;IDF1;site;RIS;impose_ouest;2026-10-02 17:00;BEST_GUESS;OK;79415;1380;80795;6829;4588
2026-09-26T10:40:09;IDF2;site;RIS;acces_impose;2026-10-02 17:00;BEST_GUESS;OK;14026;1380;15406;1324;1177
2026-09-26T10:40:09;IDF2;site;RIS;impose_ouest;2026-10-02 17:00;BEST_GUESS;OK;23176;1380;24556;1882;1590
2026-09-26T10:40:09;IDF3;site;RIS;acces_impose;2026-10-02 17:00;BEST_GUESS;OK;92571;1380;93951;6203;4715
2026-09-26T10:40:09;IDF3;site;RIS;impose_ouest;2026-10-02 17:00;BEST_GUESS;OK;107348;1380;108728;6563;5350
2026-09-26T10:40:09;IDF4;site;RIS;acces_impose;2026-10-02 17:00;BEST_GUESS;OK;49937;1380;51317;5036;3308
2026-09-26T10:40:10;IDF4;site;RIS;impose_ouest;2026-10-02 17:00;BEST_GUESS;OK;68699;1380;70079;6009;4155
2026-09-26T10:40:10;IDF5;site;RIS;acces_impose;2026-10-02 17:00;BEST_GUESS;OK;50047;1380;51427;5230;3526
2026-09-26T10:40:10;IDF5;site;RIS;impose_ouest;2026-10-02 17:00;BEST_GUESS;OK;68809;1380;70189;6198;4374
2026-09-26T10:40:10;IDF6;site;RIS;acces_impose;2026-10-02 17:00;BEST_GUESS;OK;59022;1380;60402;4686;3179
2026-09-26T10:40:10;IDF6;site;RIS;impose_ouest;2026-10-02 17:00;BEST_GUESS;OK;73799;1380;75179;4995;3814
2026-09-26T10:40:11;IDF7;site;RIS;acces_impose;2026-10-02 17:00;BEST_GUESS;OK;57906;1380;59286;4461;3058
2026-09-26T10:40:11;IDF7;site;RIS;impose_ouest;2026-10-02 17:00;BEST_GUESS;OK;72682;1380;74062;4747;3693
2026-09-26T10:40:11;IDF8;site;RIS;acces_impose;2026-10-02 17:00;BEST_GUESS;OK;67876;1380;69256;4102;3352
2026-09-26T10:40:11;IDF8;site;RIS;impose_est;2026-10-02 17:00;BEST_GUESS;OK;67876;1380;69256;4102;3352
2026-09-26T10:40:11;IDF9;site;RIS;acces_impose;2026-10-02 17:00;BEST_GUESS;OK;55209;1380;56589;4660;3306
2026-09-26T10:40:12;IDF9;site;RIS;impose_ouest;2026-10-02 17:00;BEST_GUESS;OK;69985;1380;71365;4956;3941
2026-09-26T10:40:12;IDF10;site;RIS;acces_impose;2026-10-02 17:00;BEST_GUESS;OK;53126;1380;54506;5312;3247
2026-09-26T10:40:12;IDF10;site;RIS;impose_ouest;2026-10-02 17:00;BEST_GUESS;OK;71888;1380;73268;6279;4094
2026-09-26T10:40:12;IDF11;site;RIS;acces_impose;2026-10-02 17:00;BEST_GUESS;OK;72285;1380;73665;3961;3233
2026-09-26T10:40:13;IDF11;site;RIS;impose_est;2026-10-02 17:00;BEST_GUESS;OK;72285;1380;73665;3961;3233
2026-09-26T10:40:13;IDF12;site;RIS;acces_impose;2026-10-02 17:00;BEST_GUESS;OK;34869;1380;36249;3214;2106
2026-09-26T10:40:13;IDF12;site;RIS;impose_est;2026-10-02 17:00;BEST_GUESS;OK;32483;1380;33863;2776;2372
2026-09-26T10:40:13;IDF13;site;RIS;acces_impose;2026-10-02 17:00;BEST_GUESS;OK;36001;1380;37381;2310;1960
2026-09-26T10:40:13;IDF13;site;RIS;impose_est;2026-10-02 17:00;BEST_GUESS;OK;36001;1380;37381;2310;1960
2026-09-26T10:40:13;IDF14;site;RIS;acces_impose;2026-10-02 17:00;BEST_GUESS;OK;16078;1380;17458;2148;1912
2026-09-26T10:40:14;IDF14;site;RIS;impose_est;2026-10-02 17:00;BEST_GUESS;OK;33504;1380;34884;2460;2057
2026-09-26T10:40:14;IDF15;site;RIS;acces_impose;2026-10-02 17:00;BEST_GUESS;OK;55151;1380;56531;4059;2819
2026-09-26T10:40:14;IDF15;site;RIS;impose_ouest;2026-10-02 17:00;BEST_GUESS;OK;69927;1380;71307;4280;3454
2026-09-26T10:40:14;HDF1;site;RIS;acces_impose;2026-10-02 17:00;BEST_GUESS;OK;228870;1380;230250;11046;10000
2026-09-26T10:40:15;HDF1;site;RIS;impose_est;2026-10-02 17:00;BEST_GUESS;OK;224950;1380;226330;10694;10145
2026-09-26T10:40:15;HDF2;site;RIS;acces_impose;2026-10-02 17:00;BEST_GUESS;OK;222412;1380;223792;10070;8889
2026-09-26T10:40:15;HDF2;site;RIS;impose_ouest;2026-10-02 17:00;BEST_GUESS;OK;241174;1380;242554;10934;9736
2026-09-26T10:40:16;HDF3;site;RIS;acces_impose;2026-10-02 17:00;BEST_GUESS;OK;270399;1380;271779;11956;11024
2026-09-26T10:40:16;HDF3;site;RIS;impose_ouest;2026-10-02 17:00;BEST_GUESS;OK;289161;1380;290541;12775;11871
2026-09-26T10:40:16;HDF4;site;RIS;acces_impose;2026-10-02 17:00;BEST_GUESS;OK;222410;1380;223790;10296;9013
2026-09-26T10:40:16;HDF4;site;RIS;impose_ouest;2026-10-02 17:00;BEST_GUESS;OK;241172;1380;242552;11150;9861
2026-09-26T10:40:17;HDF5;site;RIS;acces_impose;2026-10-02 17:00;BEST_GUESS;OK;243220;1380;244600;10842;9741
2026-09-26T10:40:17;HDF5;site;RIS;impose_ouest;2026-10-02 17:00;BEST_GUESS;OK;261982;1380;263362;11688;10588
2026-09-26T10:40:17;NOR1;site;RIS;acces_impose;2026-10-02 17:00;BEST_GUESS;OK;218404;1380;219784;8836;8179
2026-09-26T10:40:18;NOR1;site;RIS;impose_ouest;2026-10-02 17:00;BEST_GUESS;OK;233181;1380;234561;9214;8814
2026-09-26T10:40:18;NOR2;site;RIS;acces_impose;2026-10-02 17:00;BEST_GUESS;OK;147795;1380;149175;6722;5767
2026-09-26T10:40:18;NOR2;site;RIS;impose_ouest;2026-10-02 17:00;BEST_GUESS;OK;162572;1380;163952;7043;6402
2026-09-26T10:40:19;NOR3;site;RIS;acces_impose;2026-10-02 17:00;BEST_GUESS;OK;142728;1380;144108;6986;5877
2026-09-26T10:40:19;NOR3;site;RIS;impose_ouest;2026-10-02 17:00;BEST_GUESS;OK;157505;1380;158885;7265;6512
2026-09-26T10:40:19;CVL1;site;RIS;acces_impose;2026-10-02 17:00;BEST_GUESS;OK;222599;1380;223979;7801;7981
2026-09-26T10:40:19;CVL1;site;RIS;impose_ouest;2026-10-02 17:00;BEST_GUESS;OK;222599;1380;223979;7801;7981
2026-09-26T10:40:19;CVL2;site;RIS;acces_impose;2026-10-02 17:00;BEST_GUESS;OK;258419;1380;259799;9790;9975
2026-09-26T10:40:20;CVL2;site;RIS;impose_ouest;2026-10-02 17:00;BEST_GUESS;OK;258419;1380;259799;9790;9975
2026-09-26T10:40:20;CVL3;site;RIS;acces_impose;2026-10-02 17:00;BEST_GUESS;OK;126864;1380;128244;5132;5006
2026-09-26T10:40:20;CVL3;site;RIS;impose_ouest;2026-10-02 17:00;BEST_GUESS;OK;126864;1380;128244;5132;5006
2026-09-26T10:40:20;GE1;site;RIS;acces_impose;2026-10-02 17:00;BEST_GUESS;OK;208102;1380;209482;8182;7779
2026-09-26T10:40:21;GE1;site;RIS;impose_est;2026-10-02 17:00;BEST_GUESS;OK;208102;1380;209482;8182;7779
2026-09-26T10:40:21;BFC1;site;RIS;acces_impose;2026-10-02 17:00;BEST_GUESS;OK;290785;1380;292165;9481;9823
2026-09-26T10:40:21;BFC1;site;RIS;impose_est;2026-10-02 17:00;BEST_GUESS;OK;304701;1380;306081;10170;10474
2026-09-26T10:40:21;E_A1;entree;VITRY;rapide;2026-10-02 18:00;BEST_GUESS;OK;48820;0;48820;3555;2558
2026-09-26T10:40:21;E_A1;entree;RIS;rapide;2026-10-02 18:00;BEST_GUESS;OK;65882;1380;67262;5106;3448
2026-09-26T10:40:21;E_A4;entree;VITRY;rapide;2026-10-02 18:00;BEST_GUESS;OK;73090;0;73090;3439;3052
2026-09-26T10:40:21;E_A4;entree;RIS;rapide;2026-10-02 18:00;BEST_GUESS;OK;92509;1380;93889;4519;3971
2026-09-26T10:40:21;E_A5;entree;VITRY;rapide;2026-10-02 18:00;BEST_GUESS;OK;82488;0;82488;3653;3626
2026-09-26T10:40:21;E_A5;entree;RIS;rapide;2026-10-02 18:00;BEST_GUESS;OK;70634;1380;72014;2959;2857
2026-09-26T10:40:21;E_A6;entree;VITRY;rapide;2026-10-02 18:00;BEST_GUESS;OK;93772;0;93772;3842;3537
2026-09-26T10:40:21;E_A6;entree;RIS;rapide;2026-10-02 18:00;BEST_GUESS;OK;72354;1380;73734;2628;2642
2026-09-26T10:40:21;E_A10;entree;VITRY;rapide;2026-10-02 18:00;BEST_GUESS;OK;62958;0;62958;3055;2617
2026-09-26T10:40:21;E_A10;entree;RIS;rapide;2026-10-02 18:00;BEST_GUESS;OK;59203;1380;60583;2499;2411
2026-09-26T10:40:21;E_A11;entree;VITRY;rapide;2026-10-02 18:00;BEST_GUESS;OK;62192;0;62192;3188;2733
2026-09-26T10:40:21;E_A11;entree;RIS;rapide;2026-10-02 18:00;BEST_GUESS;OK;58437;1380;59817;2632;2528
2026-09-26T10:40:21;E_A13;entree;VITRY;rapide;2026-10-02 18:00;BEST_GUESS;OK;92461;0;92461;4274;3779
2026-09-26T10:40:21;E_A13;entree;RIS;rapide;2026-10-02 18:00;BEST_GUESS;OK;99218;1380;100598;4897;4096
2026-09-26T10:40:21;E_A16;entree;VITRY;rapide;2026-10-02 18:00;BEST_GUESS;OK;69185;0;69185;4599;3564
2026-09-26T10:40:21;E_A16;entree;RIS;rapide;2026-10-02 18:00;BEST_GUESS;OK;89679;1380;91059;5585;4332
2026-09-26T10:40:21;IDF1;site;VITRY;rapide;2026-10-02 18:00;BEST_GUESS;OK;41890;0;41890;3834;2841
2026-09-26T10:40:21;IDF1;site;RIS;rapide;2026-10-02 18:00;BEST_GUESS;OK;58952;1380;60332;5355;3731
2026-09-26T10:40:21;IDF2;site;VITRY;rapide;2026-10-02 18:00;BEST_GUESS;OK;35448;0;35448;2509;2082
2026-09-26T10:40:21;IDF2;site;RIS;rapide;2026-10-02 18:00;BEST_GUESS;OK;14026;1380;15406;1239;1177
2026-09-26T10:40:21;IDF3;site;VITRY;rapide;2026-10-02 18:00;BEST_GUESS;OK;66563;0;66563;4834;3895
2026-09-26T10:40:21;IDF3;site;RIS;rapide;2026-10-02 18:00;BEST_GUESS;OK;90870;1380;92250;5869;4706
2026-09-26T10:40:21;IDF4;site;VITRY;rapide;2026-10-02 18:00;BEST_GUESS;OK;31174;0;31174;3162;2409
2026-09-26T10:40:21;IDF4;site;RIS;rapide;2026-10-02 18:00;BEST_GUESS;OK;48236;1380;49616;4722;3299
2026-09-26T10:40:21;IDF5;site;VITRY;rapide;2026-10-02 18:00;BEST_GUESS;OK;27596;0;27596;3578;2840
2026-09-26T10:40:21;IDF5;site;RIS;rapide;2026-10-02 18:00;BEST_GUESS;OK;48346;1380;49726;4975;3517
2026-09-26T10:40:21;IDF6;site;VITRY;rapide;2026-10-02 18:00;BEST_GUESS;OK;41449;0;41449;3737;2811
2026-09-26T10:40:21;IDF6;site;RIS;rapide;2026-10-02 18:00;BEST_GUESS;OK;57321;1380;58701;4442;3170
2026-09-26T10:40:21;IDF7;site;VITRY;rapide;2026-10-02 18:00;BEST_GUESS;OK;40735;0;40735;3650;2678
2026-09-26T10:40:21;IDF7;site;RIS;rapide;2026-10-02 18:00;BEST_GUESS;OK;56204;1380;57584;4213;3049
2026-09-26T10:40:21;IDF8;site;VITRY;rapide;2026-10-02 18:00;BEST_GUESS;OK;45059;0;45059;2921;2489
2026-09-26T10:40:21;IDF8;site;RIS;rapide;2026-10-02 18:00;BEST_GUESS;OK;64478;1380;65858;4030;3408
2026-09-26T10:40:21;IDF9;site;VITRY;rapide;2026-10-02 18:00;BEST_GUESS;OK;46751;0;46751;3768;2980
2026-09-26T10:40:21;IDF9;site;RIS;rapide;2026-10-02 18:00;BEST_GUESS;OK;53507;1380;54887;4400;3297
2026-09-26T10:40:21;IDF10;site;VITRY;rapide;2026-10-02 18:00;BEST_GUESS;OK;34363;0;34363;3409;2348
2026-09-26T10:40:21;IDF10;site;RIS;rapide;2026-10-02 18:00;BEST_GUESS;OK;51425;1380;52805;4964;3238
2026-09-26T10:40:21;IDF11;site;VITRY;rapide;2026-10-02 18:00;BEST_GUESS;OK;49468;0;49468;2775;2370
2026-09-26T10:40:21;IDF11;site;RIS;rapide;2026-10-02 18:00;BEST_GUESS;OK;68887;1380;70267;3923;3288
2026-09-26T10:40:21;IDF12;site;VITRY;rapide;2026-10-02 18:00;BEST_GUESS;OK;11529;0;11529;1115;1049
2026-09-26T10:40:21;IDF12;site;RIS;rapide;2026-10-02 18:00;BEST_GUESS;OK;14828;1380;16208;2182;1956
2026-09-26T10:40:21;IDF13;site;VITRY;rapide;2026-10-02 18:00;BEST_GUESS;OK;38905;0;38905;2668;2536
2026-09-26T10:40:21;IDF13;site;RIS;rapide;2026-10-02 18:00;BEST_GUESS;OK;32603;1380;33983;2254;2015
2026-09-26T10:40:21;IDF14;site;VITRY;rapide;2026-10-02 18:00;BEST_GUESS;OK;7704;0;7704;1380;1243
2026-09-26T10:40:21;IDF14;site;RIS;rapide;2026-10-02 18:00;BEST_GUESS;OK;10572;1380;11952;1423;1306
2026-09-26T10:40:21;IDF15;site;VITRY;rapide;2026-10-02 18:00;BEST_GUESS;OK;46693;0;46693;3084;2492
2026-09-26T10:40:21;IDF15;site;RIS;rapide;2026-10-02 18:00;BEST_GUESS;OK;53449;1380;54829;3773;2809
2026-09-26T10:40:21;HDF1;site;VITRY;rapide;2026-10-02 18:00;BEST_GUESS;OK;210106;0;210106;9386;9101
2026-09-26T10:40:21;HDF1;site;RIS;rapide;2026-10-02 18:00;BEST_GUESS;OK;227168;1380;228548;10535;9991
2026-09-26T10:40:21;HDF2;site;VITRY;rapide;2026-10-02 18:00;BEST_GUESS;OK;203649;0;203649;8442;7989
2026-09-26T10:40:21;HDF2;site;RIS;rapide;2026-10-02 18:00;BEST_GUESS;OK;220711;1380;222091;9623;8880
2026-09-26T10:40:21;HDF3;site;VITRY;rapide;2026-10-02 18:00;BEST_GUESS;OK;251636;0;251636;10296;10124
2026-09-26T10:40:21;HDF3;site;RIS;rapide;2026-10-02 18:00;BEST_GUESS;OK;268698;1380;270078;11472;11014
2026-09-26T10:40:21;HDF4;site;VITRY;rapide;2026-10-02 18:00;BEST_GUESS;OK;203647;0;203647;8559;8114
2026-09-26T10:40:21;HDF4;site;RIS;rapide;2026-10-02 18:00;BEST_GUESS;OK;220709;1380;222089;9734;9004
2026-09-26T10:40:21;HDF5;site;VITRY;rapide;2026-10-02 18:00;BEST_GUESS;OK;224457;0;224457;9096;8842
2026-09-26T10:40:21;HDF5;site;RIS;rapide;2026-10-02 18:00;BEST_GUESS;OK;241519;1380;242899;10203;9732
2026-09-26T10:40:21;NOR1;site;VITRY;rapide;2026-10-02 18:00;BEST_GUESS;OK;209946;0;209946;7977;7853
2026-09-26T10:40:21;NOR1;site;RIS;rapide;2026-10-02 18:00;BEST_GUESS;OK;216703;1380;218083;8377;8170
2026-09-26T10:40:21;NOR2;site;VITRY;rapide;2026-10-02 18:00;BEST_GUESS;OK;139338;0;139338;5780;5440
2026-09-26T10:40:21;NOR2;site;RIS;rapide;2026-10-02 18:00;BEST_GUESS;OK;146094;1380;147474;6354;5757
2026-09-26T10:40:21;NOR3;site;VITRY;rapide;2026-10-02 18:00;BEST_GUESS;OK;134270;0;134270;5912;5551
2026-09-26T10:40:21;NOR3;site;RIS;rapide;2026-10-02 18:00;BEST_GUESS;OK;141027;1380;142407;6477;5868
2026-09-26T10:40:21;CVL1;site;VITRY;rapide;2026-10-02 18:00;BEST_GUESS;OK;226354;0;226354;8048;8187
2026-09-26T10:40:21;CVL1;site;RIS;rapide;2026-10-02 18:00;BEST_GUESS;OK;222599;1380;223979;7715;7982
2026-09-26T10:40:21;CVL2;site;VITRY;rapide;2026-10-02 18:00;BEST_GUESS;OK;262174;0;262174;9861;10181
2026-09-26T10:40:21;CVL2;site;RIS;rapide;2026-10-02 18:00;BEST_GUESS;OK;258418;1380;259798;9646;9974
2026-09-26T10:40:21;CVL3;site;VITRY;rapide;2026-10-02 18:00;BEST_GUESS;OK;130619;0;130619;5353;5212
2026-09-26T10:40:21;CVL3;site;RIS;rapide;2026-10-02 18:00;BEST_GUESS;OK;126864;1380;128244;4961;5006
2026-09-26T10:40:21;GE1;site;VITRY;rapide;2026-10-02 18:00;BEST_GUESS;OK;185285;0;185285;6925;6915
2026-09-26T10:40:21;GE1;site;RIS;rapide;2026-10-02 18:00;BEST_GUESS;OK;204704;1380;206084;8008;7834
2026-09-26T10:40:21;BFC1;site;VITRY;rapide;2026-10-02 18:00;BEST_GUESS;OK;312203;0;312203;10223;10719
2026-09-26T10:40:21;BFC1;site;RIS;rapide;2026-10-02 18:00;BEST_GUESS;OK;290785;1380;292165;9345;9824
2026-09-26T10:40:22;E_A1;entree;RIS;acces_impose;2026-10-02 18:00;BEST_GUESS;OK;67584;1380;68964;5107;3457
2026-09-26T10:40:23;E_A1;entree;RIS;impose_ouest;2026-10-02 18:00;BEST_GUESS;OK;86345;1380;87725;6015;4305
2026-09-26T10:40:23;E_A4;entree;RIS;acces_impose;2026-10-02 18:00;BEST_GUESS;OK;95907;1380;97287;4450;3915
2026-09-26T10:40:23;E_A4;entree;RIS;impose_est;2026-10-02 18:00;BEST_GUESS;OK;95907;1380;97287;4450;3915
2026-09-26T10:40:23;E_A5;entree;RIS;acces_impose;2026-10-02 18:00;BEST_GUESS;OK;74032;1380;75412;2913;2802
2026-09-26T10:40:23;E_A5;entree;RIS;impose_est;2026-10-02 18:00;BEST_GUESS;OK;74032;1380;75412;2913;2802
2026-09-26T10:40:24;E_A6;entree;RIS;acces_impose;2026-10-02 18:00;BEST_GUESS;OK;72354;1380;73734;2628;2641
2026-09-26T10:40:24;E_A6;entree;RIS;impose_est;2026-10-02 18:00;BEST_GUESS;OK;86270;1380;87650;3443;3292
2026-09-26T10:40:24;E_A10;entree;RIS;acces_impose;2026-10-02 18:00;BEST_GUESS;OK;59203;1380;60583;2499;2411
2026-09-26T10:40:24;E_A10;entree;RIS;impose_ouest;2026-10-02 18:00;BEST_GUESS;OK;59203;1380;60583;2499;2411
2026-09-26T10:40:24;E_A11;entree;RIS;acces_impose;2026-10-02 18:00;BEST_GUESS;OK;58437;1380;59817;2632;2527
2026-09-26T10:40:24;E_A11;entree;RIS;impose_ouest;2026-10-02 18:00;BEST_GUESS;OK;58437;1380;59817;2632;2527
2026-09-26T10:40:25;E_A13;entree;RIS;acces_impose;2026-10-02 18:00;BEST_GUESS;OK;100919;1380;102299;4899;4105
2026-09-26T10:40:25;E_A13;entree;RIS;impose_ouest;2026-10-02 18:00;BEST_GUESS;OK;115696;1380;117076;5280;4740
2026-09-26T10:40:25;E_A16;entree;RIS;acces_impose;2026-10-02 18:00;BEST_GUESS;OK;91380;1380;92760;5588;4341
2026-09-26T10:40:25;E_A16;entree;RIS;impose_ouest;2026-10-02 18:00;BEST_GUESS;OK;106157;1380;107537;5945;4977
2026-09-26T10:40:26;IDF1;site;RIS;acces_impose;2026-10-02 18:00;BEST_GUESS;OK;60653;1380;62033;5356;3740
2026-09-26T10:40:26;IDF1;site;RIS;impose_ouest;2026-10-02 18:00;BEST_GUESS;OK;79415;1380;80795;6252;4588
2026-09-26T10:40:26;IDF2;site;RIS;acces_impose;2026-10-02 18:00;BEST_GUESS;OK;14026;1380;15406;1239;1177
2026-09-26T10:40:26;IDF2;site;RIS;impose_ouest;2026-10-02 18:00;BEST_GUESS;OK;23176;1380;24556;1718;1590
2026-09-26T10:40:26;IDF3;site;RIS;acces_impose;2026-10-02 18:00;BEST_GUESS;OK;92571;1380;93951;5872;4715
2026-09-26T10:40:27;IDF3;site;RIS;impose_ouest;2026-10-02 18:00;BEST_GUESS;OK;107348;1380;108728;6214;5350
2026-09-26T10:40:27;IDF4;site;RIS;acces_impose;2026-10-02 18:00;BEST_GUESS;OK;49937;1380;51317;4724;3308
2026-09-26T10:40:27;IDF4;site;RIS;impose_ouest;2026-10-02 18:00;BEST_GUESS;OK;68699;1380;70079;5647;4155
2026-09-26T10:40:27;IDF5;site;RIS;acces_impose;2026-10-02 18:00;BEST_GUESS;OK;50047;1380;51427;4977;3526
2026-09-26T10:40:27;IDF5;site;RIS;impose_ouest;2026-10-02 18:00;BEST_GUESS;OK;68809;1380;70189;5896;4374
2026-09-26T10:40:28;IDF6;site;RIS;acces_impose;2026-10-02 18:00;BEST_GUESS;OK;59022;1380;60402;4444;3179
2026-09-26T10:40:28;IDF6;site;RIS;impose_ouest;2026-10-02 18:00;BEST_GUESS;OK;73799;1380;75179;4830;3814
2026-09-26T10:40:28;IDF7;site;RIS;acces_impose;2026-10-02 18:00;BEST_GUESS;OK;57906;1380;59286;4219;3058
2026-09-26T10:40:28;IDF7;site;RIS;impose_ouest;2026-10-02 18:00;BEST_GUESS;OK;72682;1380;74062;4541;3693
2026-09-26T10:40:28;IDF8;site;RIS;acces_impose;2026-10-02 18:00;BEST_GUESS;OK;67876;1380;69256;3971;3352
2026-09-26T10:40:29;IDF8;site;RIS;impose_est;2026-10-02 18:00;BEST_GUESS;OK;67876;1380;69256;3971;3352
2026-09-26T10:40:29;IDF9;site;RIS;acces_impose;2026-10-02 18:00;BEST_GUESS;OK;55209;1380;56589;4402;3306
2026-09-26T10:40:29;IDF9;site;RIS;impose_ouest;2026-10-02 18:00;BEST_GUESS;OK;69985;1380;71365;4761;3941
2026-09-26T10:40:29;IDF10;site;RIS;acces_impose;2026-10-02 18:00;BEST_GUESS;OK;53126;1380;54506;4966;3247
2026-09-26T10:40:30;IDF10;site;RIS;impose_ouest;2026-10-02 18:00;BEST_GUESS;OK;71888;1380;73268;5886;4094
2026-09-26T10:40:30;IDF11;site;RIS;acces_impose;2026-10-02 18:00;BEST_GUESS;OK;72285;1380;73665;3863;3233
2026-09-26T10:40:30;IDF11;site;RIS;impose_est;2026-10-02 18:00;BEST_GUESS;OK;72285;1380;73665;3863;3233
2026-09-26T10:40:30;IDF12;site;RIS;acces_impose;2026-10-02 18:00;BEST_GUESS;OK;34869;1380;36249;3058;2106
2026-09-26T10:40:30;IDF12;site;RIS;impose_est;2026-10-02 18:00;BEST_GUESS;OK;32483;1380;33863;2628;2372
2026-09-26T10:40:30;IDF13;site;RIS;acces_impose;2026-10-02 18:00;BEST_GUESS;OK;36001;1380;37381;2210;1960
2026-09-26T10:40:31;IDF13;site;RIS;impose_est;2026-10-02 18:00;BEST_GUESS;OK;36001;1380;37381;2210;1960
2026-09-26T10:40:31;IDF14;site;RIS;acces_impose;2026-10-02 18:00;BEST_GUESS;OK;16078;1380;17458;2082;1912
2026-09-26T10:40:31;IDF14;site;RIS;impose_est;2026-10-02 18:00;BEST_GUESS;OK;33504;1380;34884;2334;2057
2026-09-26T10:40:31;IDF15;site;RIS;acces_impose;2026-10-02 18:00;BEST_GUESS;OK;55151;1380;56531;3784;2819
2026-09-26T10:40:31;IDF15;site;RIS;impose_ouest;2026-10-02 18:00;BEST_GUESS;OK;69927;1380;71307;4032;3454
2026-09-26T10:40:32;HDF1;site;RIS;acces_impose;2026-10-02 18:00;BEST_GUESS;OK;228870;1380;230250;10537;10000
2026-09-26T10:40:32;HDF1;site;RIS;impose_est;2026-10-02 18:00;BEST_GUESS;OK;224950;1380;226330;10328;10145
2026-09-26T10:40:32;HDF2;site;RIS;acces_impose;2026-10-02 18:00;BEST_GUESS;OK;222412;1380;223792;9621;8889
2026-09-26T10:40:32;HDF2;site;RIS;impose_ouest;2026-10-02 18:00;BEST_GUESS;OK;241174;1380;242554;10430;9736
2026-09-26T10:40:33;HDF3;site;RIS;acces_impose;2026-10-02 18:00;BEST_GUESS;OK;270399;1380;271779;11481;11024
2026-09-26T10:40:33;HDF3;site;RIS;impose_ouest;2026-10-02 18:00;BEST_GUESS;OK;289161;1380;290541;12287;11871
2026-09-26T10:40:33;HDF4;site;RIS;acces_impose;2026-10-02 18:00;BEST_GUESS;OK;222410;1380;223790;9735;9013
2026-09-26T10:40:34;HDF4;site;RIS;impose_ouest;2026-10-02 18:00;BEST_GUESS;OK;241172;1380;242552;10544;9861
2026-09-26T10:40:34;HDF5;site;RIS;acces_impose;2026-10-02 18:00;BEST_GUESS;OK;243220;1380;244600;10203;9741
2026-09-26T10:40:34;HDF5;site;RIS;impose_ouest;2026-10-02 18:00;BEST_GUESS;OK;261982;1380;263362;11012;10588
2026-09-26T10:40:35;NOR1;site;RIS;acces_impose;2026-10-02 18:00;BEST_GUESS;OK;218404;1380;219784;8375;8179
2026-09-26T10:40:35;NOR1;site;RIS;impose_ouest;2026-10-02 18:00;BEST_GUESS;OK;233181;1380;234561;8905;8814
2026-09-26T10:40:35;NOR2;site;RIS;acces_impose;2026-10-02 18:00;BEST_GUESS;OK;147795;1380;149175;6349;5767
2026-09-26T10:40:35;NOR2;site;RIS;impose_ouest;2026-10-02 18:00;BEST_GUESS;OK;162572;1380;163952;6711;6402
2026-09-26T10:40:36;NOR3;site;RIS;acces_impose;2026-10-02 18:00;BEST_GUESS;OK;142728;1380;144108;6472;5877
2026-09-26T10:40:36;NOR3;site;RIS;impose_ouest;2026-10-02 18:00;BEST_GUESS;OK;157505;1380;158885;6858;6512
2026-09-26T10:40:36;CVL1;site;RIS;acces_impose;2026-10-02 18:00;BEST_GUESS;OK;222599;1380;223979;7715;7981
2026-09-26T10:40:36;CVL1;site;RIS;impose_ouest;2026-10-02 18:00;BEST_GUESS;OK;222599;1380;223979;7715;7981
2026-09-26T10:40:37;CVL2;site;RIS;acces_impose;2026-10-02 18:00;BEST_GUESS;OK;258419;1380;259799;9645;9975
2026-09-26T10:40:37;CVL2;site;RIS;impose_ouest;2026-10-02 18:00;BEST_GUESS;OK;258419;1380;259799;9645;9975
2026-09-26T10:40:37;CVL3;site;RIS;acces_impose;2026-10-02 18:00;BEST_GUESS;OK;126864;1380;128244;4961;5006
2026-09-26T10:40:37;CVL3;site;RIS;impose_ouest;2026-10-02 18:00;BEST_GUESS;OK;126864;1380;128244;4961;5006
2026-09-26T10:40:38;GE1;site;RIS;acces_impose;2026-10-02 18:00;BEST_GUESS;OK;208102;1380;209482;7931;7779
2026-09-26T10:40:38;GE1;site;RIS;impose_est;2026-10-02 18:00;BEST_GUESS;OK;208102;1380;209482;7931;7779
2026-09-26T10:40:38;BFC1;site;RIS;acces_impose;2026-10-02 18:00;BEST_GUESS;OK;290785;1380;292165;9345;9823
2026-09-26T10:40:38;BFC1;site;RIS;impose_est;2026-10-02 18:00;BEST_GUESS;OK;304701;1380;306081;9971;10474
2026-09-26T10:40:39;E_A1;entree;VITRY;rapide;2026-10-02 19:00;BEST_GUESS;OK;48820;0;48820;3361;2558
2026-09-26T10:40:39;E_A1;entree;RIS;rapide;2026-10-02 19:00;BEST_GUESS;OK;65882;1380;67262;4610;3448
2026-09-26T10:40:39;E_A4;entree;VITRY;rapide;2026-10-02 19:00;BEST_GUESS;OK;73090;0;73090;3242;3052
2026-09-26T10:40:39;E_A4;entree;RIS;rapide;2026-10-02 19:00;BEST_GUESS;OK;92509;1380;93889;4324;3971
2026-09-26T10:40:39;E_A5;entree;VITRY;rapide;2026-10-02 19:00;BEST_GUESS;OK;82488;0;82488;3573;3626
2026-09-26T10:40:39;E_A5;entree;RIS;rapide;2026-10-02 19:00;BEST_GUESS;OK;70634;1380;72014;2895;2857
2026-09-26T10:40:39;E_A6;entree;VITRY;rapide;2026-10-02 19:00;BEST_GUESS;OK;93772;0;93772;3584;3537
2026-09-26T10:40:39;E_A6;entree;RIS;rapide;2026-10-02 19:00;BEST_GUESS;OK;72354;1380;73734;2574;2642
2026-09-26T10:40:39;E_A10;entree;VITRY;rapide;2026-10-02 19:00;BEST_GUESS;OK;62958;0;62958;2744;2617
2026-09-26T10:40:39;E_A10;entree;RIS;rapide;2026-10-02 19:00;BEST_GUESS;OK;59203;1380;60583;2399;2411
2026-09-26T10:40:39;E_A11;entree;VITRY;rapide;2026-10-02 19:00;BEST_GUESS;OK;62192;0;62192;2899;2733
2026-09-26T10:40:39;E_A11;entree;RIS;rapide;2026-10-02 19:00;BEST_GUESS;OK;58437;1380;59817;2554;2528
2026-09-26T10:40:39;E_A13;entree;VITRY;rapide;2026-10-02 19:00;BEST_GUESS;OK;92461;0;92461;4083;3779
2026-09-26T10:40:39;E_A13;entree;RIS;rapide;2026-10-02 19:00;BEST_GUESS;OK;99218;1380;100598;4490;4096
2026-09-26T10:40:39;E_A16;entree;VITRY;rapide;2026-10-02 19:00;BEST_GUESS;OK;69185;0;69185;4321;3564
2026-09-26T10:40:39;E_A16;entree;RIS;rapide;2026-10-02 19:00;BEST_GUESS;OK;89679;1380;91059;5128;4332
2026-09-26T10:40:39;IDF1;site;VITRY;rapide;2026-10-02 19:00;BEST_GUESS;OK;41890;0;41890;3666;2841
2026-09-26T10:40:39;IDF1;site;RIS;rapide;2026-10-02 19:00;BEST_GUESS;OK;58952;1380;60332;4874;3731
2026-09-26T10:40:39;IDF2;site;VITRY;rapide;2026-10-02 19:00;BEST_GUESS;OK;35448;0;35448;2283;2082
2026-09-26T10:40:39;IDF2;site;RIS;rapide;2026-10-02 19:00;BEST_GUESS;OK;14026;1380;15406;1181;1177
2026-09-26T10:40:39;IDF3;site;VITRY;rapide;2026-10-02 19:00;BEST_GUESS;OK;66563;0;66563;4584;3895
2026-09-26T10:40:39;IDF3;site;RIS;rapide;2026-10-02 19:00;BEST_GUESS;OK;90870;1380;92250;5435;4706
2026-09-26T10:40:39;IDF4;site;VITRY;rapide;2026-10-02 19:00;BEST_GUESS;OK;31174;0;31174;2947;2409
2026-09-26T10:40:39;IDF4;site;RIS;rapide;2026-10-02 19:00;BEST_GUESS;OK;48236;1380;49616;4179;3299
2026-09-26T10:40:39;IDF5;site;VITRY;rapide;2026-10-02 19:00;BEST_GUESS;OK;27596;0;27596;3488;2840
2026-09-26T10:40:39;IDF5;site;RIS;rapide;2026-10-02 19:00;BEST_GUESS;OK;48346;1380;49726;4514;3517
2026-09-26T10:40:39;IDF6;site;VITRY;rapide;2026-10-02 19:00;BEST_GUESS;OK;41449;0;41449;3534;2811
2026-09-26T10:40:39;IDF6;site;RIS;rapide;2026-10-02 19:00;BEST_GUESS;OK;57321;1380;58701;4047;3170
2026-09-26T10:40:39;IDF7;site;VITRY;rapide;2026-10-02 19:00;BEST_GUESS;OK;40735;0;40735;3407;2678
2026-09-26T10:40:39;IDF7;site;RIS;rapide;2026-10-02 19:00;BEST_GUESS;OK;56204;1380;57584;3797;3049
2026-09-26T10:40:39;IDF8;site;VITRY;rapide;2026-10-02 19:00;BEST_GUESS;OK;45059;0;45059;2726;2489
2026-09-26T10:40:39;IDF8;site;RIS;rapide;2026-10-02 19:00;BEST_GUESS;OK;64478;1380;65858;3761;3408
2026-09-26T10:40:39;IDF9;site;VITRY;rapide;2026-10-02 19:00;BEST_GUESS;OK;46751;0;46751;3481;2980
2026-09-26T10:40:39;IDF9;site;RIS;rapide;2026-10-02 19:00;BEST_GUESS;OK;53507;1380;54887;3933;3297
2026-09-26T10:40:39;IDF10;site;VITRY;rapide;2026-10-02 19:00;BEST_GUESS;OK;34363;0;34363;3189;2348
2026-09-26T10:40:39;IDF10;site;RIS;rapide;2026-10-02 19:00;BEST_GUESS;OK;51425;1380;52805;4445;3238
2026-09-26T10:40:39;IDF11;site;VITRY;rapide;2026-10-02 19:00;BEST_GUESS;OK;49468;0;49468;2601;2370
2026-09-26T10:40:39;IDF11;site;RIS;rapide;2026-10-02 19:00;BEST_GUESS;OK;68887;1380;70267;3617;3288
2026-09-26T10:40:39;IDF12;site;VITRY;rapide;2026-10-02 19:00;BEST_GUESS;OK;11529;0;11529;1072;1049
2026-09-26T10:40:39;IDF12;site;RIS;rapide;2026-10-02 19:00;BEST_GUESS;OK;14828;1380;16208;2087;1956
2026-09-26T10:40:39;IDF13;site;VITRY;rapide;2026-10-02 19:00;BEST_GUESS;OK;38905;0;38905;2574;2536
2026-09-26T10:40:39;IDF13;site;RIS;rapide;2026-10-02 19:00;BEST_GUESS;OK;32603;1380;33983;2276;2015
2026-09-26T10:40:39;IDF14;site;VITRY;rapide;2026-10-02 19:00;BEST_GUESS;OK;7704;0;7704;1299;1243
2026-09-26T10:40:39;IDF14;site;RIS;rapide;2026-10-02 19:00;BEST_GUESS;OK;10572;1380;11952;1357;1305
2026-09-26T10:40:39;IDF15;site;VITRY;rapide;2026-10-02 19:00;BEST_GUESS;OK;46693;0;46693;2788;2492
2026-09-26T10:40:39;IDF15;site;RIS;rapide;2026-10-02 19:00;BEST_GUESS;OK;53449;1380;54829;3287;2809
2026-09-26T10:40:39;HDF1;site;VITRY;rapide;2026-10-02 19:00;BEST_GUESS;OK;210106;0;210106;8993;9101
2026-09-26T10:40:39;HDF1;site;RIS;rapide;2026-10-02 19:00;BEST_GUESS;OK;227168;1380;228548;10008;9991
2026-09-26T10:40:39;HDF2;site;VITRY;rapide;2026-10-02 19:00;BEST_GUESS;OK;203649;0;203649;7956;7989
2026-09-26T10:40:39;HDF2;site;RIS;rapide;2026-10-02 19:00;BEST_GUESS;OK;220710;1380;222090;9079;8880
2026-09-26T10:40:39;HDF3;site;VITRY;rapide;2026-10-02 19:00;BEST_GUESS;OK;251636;0;251636;9905;10124
2026-09-26T10:40:39;HDF3;site;RIS;rapide;2026-10-02 19:00;BEST_GUESS;OK;268698;1380;270078;10929;11014
2026-09-26T10:40:39;HDF4;site;VITRY;rapide;2026-10-02 19:00;BEST_GUESS;OK;203646;0;203646;8150;8114
2026-09-26T10:40:39;HDF4;site;RIS;rapide;2026-10-02 19:00;BEST_GUESS;OK;220709;1380;222089;9217;9004
2026-09-26T10:40:39;HDF5;site;VITRY;rapide;2026-10-02 19:00;BEST_GUESS;OK;224457;0;224457;8763;8842
2026-09-26T10:40:39;HDF5;site;RIS;rapide;2026-10-02 19:00;BEST_GUESS;OK;241519;1380;242899;9787;9732
2026-09-26T10:40:39;NOR1;site;VITRY;rapide;2026-10-02 19:00;BEST_GUESS;OK;209946;0;209946;7644;7853
2026-09-26T10:40:39;NOR1;site;RIS;rapide;2026-10-02 19:00;BEST_GUESS;OK;216703;1380;218083;8087;8170
2026-09-26T10:40:39;NOR2;site;VITRY;rapide;2026-10-02 19:00;BEST_GUESS;OK;139338;0;139338;5495;5440
2026-09-26T10:40:39;NOR2;site;RIS;rapide;2026-10-02 19:00;BEST_GUESS;OK;146094;1380;147474;5953;5757
2026-09-26T10:40:39;NOR3;site;VITRY;rapide;2026-10-02 19:00;BEST_GUESS;OK;134270;0;134270;5612;5551
2026-09-26T10:40:39;NOR3;site;RIS;rapide;2026-10-02 19:00;BEST_GUESS;OK;141027;1380;142407;6087;5868
2026-09-26T10:40:39;CVL1;site;VITRY;rapide;2026-10-02 19:00;BEST_GUESS;OK;226354;0;226354;7819;8187
2026-09-26T10:40:39;CVL1;site;RIS;rapide;2026-10-02 19:00;BEST_GUESS;OK;222599;1380;223979;7611;7982
2026-09-26T10:40:39;CVL2;site;VITRY;rapide;2026-10-02 19:00;BEST_GUESS;OK;262174;0;262174;9771;10181
2026-09-26T10:40:39;CVL2;site;RIS;rapide;2026-10-02 19:00;BEST_GUESS;OK;258419;1380;259799;9561;9975
2026-09-26T10:40:39;CVL3;site;VITRY;rapide;2026-10-02 19:00;BEST_GUESS;OK;130619;0;130619;5114;5212
2026-09-26T10:40:39;CVL3;site;RIS;rapide;2026-10-02 19:00;BEST_GUESS;OK;126864;1380;128244;4860;5006
2026-09-26T10:40:39;GE1;site;VITRY;rapide;2026-10-02 19:00;BEST_GUESS;OK;185285;0;185285;6737;6915
2026-09-26T10:40:39;GE1;site;RIS;rapide;2026-10-02 19:00;BEST_GUESS;OK;204704;1380;206084;7663;7834
2026-09-26T10:40:39;BFC1;site;VITRY;rapide;2026-10-02 19:00;BEST_GUESS;OK;312203;0;312203;10157;10719
2026-09-26T10:40:39;BFC1;site;RIS;rapide;2026-10-02 19:00;BEST_GUESS;OK;290785;1380;292165;9293;9824
2026-09-26T10:40:39;E_A1;entree;RIS;acces_impose;2026-10-02 19:00;BEST_GUESS;OK;67584;1380;68964;4608;3457
2026-09-26T10:40:39;E_A1;entree;RIS;impose_ouest;2026-10-02 19:00;BEST_GUESS;OK;86345;1380;87725;5431;4305
2026-09-26T10:40:40;E_A4;entree;RIS;acces_impose;2026-10-02 19:00;BEST_GUESS;OK;95907;1380;97287;4245;3915
2026-09-26T10:40:40;E_A4;entree;RIS;impose_est;2026-10-02 19:00;BEST_GUESS;OK;95907;1380;97287;4245;3915
2026-09-26T10:40:40;E_A5;entree;RIS;acces_impose;2026-10-02 19:00;BEST_GUESS;OK;74032;1380;75412;2809;2802
2026-09-26T10:40:40;E_A5;entree;RIS;impose_est;2026-10-02 19:00;BEST_GUESS;OK;74032;1380;75412;2809;2802
2026-09-26T10:40:40;E_A6;entree;RIS;acces_impose;2026-10-02 19:00;BEST_GUESS;OK;72354;1380;73734;2574;2641
2026-09-26T10:40:41;E_A6;entree;RIS;impose_est;2026-10-02 19:00;BEST_GUESS;OK;86270;1380;87650;3266;3292
2026-09-26T10:40:41;E_A10;entree;RIS;acces_impose;2026-10-02 19:00;BEST_GUESS;OK;59203;1380;60583;2399;2411
2026-09-26T10:40:41;E_A10;entree;RIS;impose_ouest;2026-10-02 19:00;BEST_GUESS;OK;59203;1380;60583;2399;2411
2026-09-26T10:40:41;E_A11;entree;RIS;acces_impose;2026-10-02 19:00;BEST_GUESS;OK;58437;1380;59817;2554;2527
2026-09-26T10:40:41;E_A11;entree;RIS;impose_ouest;2026-10-02 19:00;BEST_GUESS;OK;58437;1380;59817;2554;2527
2026-09-26T10:40:42;E_A13;entree;RIS;acces_impose;2026-10-02 19:00;BEST_GUESS;OK;100919;1380;102299;4488;4105
2026-09-26T10:40:42;E_A13;entree;RIS;impose_ouest;2026-10-02 19:00;BEST_GUESS;OK;115696;1380;117076;4973;4740
2026-09-26T10:40:42;E_A16;entree;RIS;acces_impose;2026-10-02 19:00;BEST_GUESS;OK;91380;1380;92760;5128;4341
2026-09-26T10:40:42;E_A16;entree;RIS;impose_ouest;2026-10-02 19:00;BEST_GUESS;OK;106157;1380;107537;5681;4977
2026-09-26T10:40:42;IDF1;site;RIS;acces_impose;2026-10-02 19:00;BEST_GUESS;OK;60653;1380;62033;4872;3740
2026-09-26T10:40:43;IDF1;site;RIS;impose_ouest;2026-10-02 19:00;BEST_GUESS;OK;79415;1380;80795;5689;4588
2026-09-26T10:40:43;IDF2;site;RIS;acces_impose;2026-10-02 19:00;BEST_GUESS;OK;14026;1380;15406;1181;1177
2026-09-26T10:40:43;IDF2;site;RIS;impose_ouest;2026-10-02 19:00;BEST_GUESS;OK;23176;1380;24556;1631;1590
2026-09-26T10:40:43;IDF3;site;RIS;acces_impose;2026-10-02 19:00;BEST_GUESS;OK;92571;1380;93951;5430;4715
2026-09-26T10:40:43;IDF3;site;RIS;impose_ouest;2026-10-02 19:00;BEST_GUESS;OK;107348;1380;108728;5957;5350
2026-09-26T10:40:44;IDF4;site;RIS;acces_impose;2026-10-02 19:00;BEST_GUESS;OK;49937;1380;51317;4169;3308
2026-09-26T10:40:44;IDF4;site;RIS;impose_ouest;2026-10-02 19:00;BEST_GUESS;OK;68699;1380;70079;5007;4155
2026-09-26T10:40:44;IDF5;site;RIS;acces_impose;2026-10-02 19:00;BEST_GUESS;OK;50047;1380;51427;4512;3526
2026-09-26T10:40:44;IDF5;site;RIS;impose_ouest;2026-10-02 19:00;BEST_GUESS;OK;68809;1380;70189;5335;4374
2026-09-26T10:40:45;IDF6;site;RIS;acces_impose;2026-10-02 19:00;BEST_GUESS;OK;59022;1380;60402;4040;3179
2026-09-26T10:40:45;IDF6;site;RIS;impose_ouest;2026-10-02 19:00;BEST_GUESS;OK;73799;1380;75179;4552;3814
2026-09-26T10:40:45;IDF7;site;RIS;acces_impose;2026-10-02 19:00;BEST_GUESS;OK;57906;1380;59286;3790;3058
2026-09-26T10:40:45;IDF7;site;RIS;impose_ouest;2026-10-02 19:00;BEST_GUESS;OK;72682;1380;74062;4312;3693
2026-09-26T10:40:45;IDF8;site;RIS;acces_impose;2026-10-02 19:00;BEST_GUESS;OK;67876;1380;69256;3680;3352
2026-09-26T10:40:46;IDF8;site;RIS;impose_est;2026-10-02 19:00;BEST_GUESS;OK;67876;1380;69256;3680;3352
2026-09-26T10:40:46;IDF9;site;RIS;acces_impose;2026-10-02 19:00;BEST_GUESS;OK;55209;1380;56589;3926;3306
2026-09-26T10:40:46;IDF9;site;RIS;impose_ouest;2026-10-02 19:00;BEST_GUESS;OK;69985;1380;71365;4449;3941
2026-09-26T10:40:46;IDF10;site;RIS;acces_impose;2026-10-02 19:00;BEST_GUESS;OK;53126;1380;54506;4441;3247
2026-09-26T10:40:46;IDF10;site;RIS;impose_ouest;2026-10-02 19:00;BEST_GUESS;OK;71888;1380;73268;5267;4094
2026-09-26T10:40:47;IDF11;site;RIS;acces_impose;2026-10-02 19:00;BEST_GUESS;OK;72285;1380;73665;3536;3233
2026-09-26T10:40:47;IDF11;site;RIS;impose_est;2026-10-02 19:00;BEST_GUESS;OK;72285;1380;73665;3536;3233
2026-09-26T10:40:47;IDF12;site;RIS;acces_impose;2026-10-02 19:00;BEST_GUESS;OK;34869;1380;36249;2807;2106
2026-09-26T10:40:47;IDF12;site;RIS;impose_est;2026-10-02 19:00;BEST_GUESS;OK;32483;1380;33863;2487;2372
2026-09-26T10:40:47;IDF13;site;RIS;acces_impose;2026-10-02 19:00;BEST_GUESS;OK;36001;1380;37381;2196;1960
2026-09-26T10:40:48;IDF13;site;RIS;impose_est;2026-10-02 19:00;BEST_GUESS;OK;36001;1380;37381;2196;1960
2026-09-26T10:40:48;IDF14;site;RIS;acces_impose;2026-10-02 19:00;BEST_GUESS;OK;16078;1380;17458;2004;1912
2026-09-26T10:40:48;IDF14;site;RIS;impose_est;2026-10-02 19:00;BEST_GUESS;OK;33504;1380;34884;2236;2057
2026-09-26T10:40:48;IDF15;site;RIS;acces_impose;2026-10-02 19:00;BEST_GUESS;OK;55151;1380;56531;3280;2819
2026-09-26T10:40:48;IDF15;site;RIS;impose_ouest;2026-10-02 19:00;BEST_GUESS;OK;69927;1380;71307;3781;3454
2026-09-26T10:40:49;HDF1;site;RIS;acces_impose;2026-10-02 19:00;BEST_GUESS;OK;228870;1380;230250;10029;10000
2026-09-26T10:40:49;HDF1;site;RIS;impose_est;2026-10-02 19:00;BEST_GUESS;OK;224950;1380;226330;9919;10145
2026-09-26T10:40:49;HDF2;site;RIS;acces_impose;2026-10-02 19:00;BEST_GUESS;OK;222412;1380;223792;9098;8889
2026-09-26T10:40:49;HDF2;site;RIS;impose_ouest;2026-10-02 19:00;BEST_GUESS;OK;241174;1380;242554;9900;9736
2026-09-26T10:40:50;HDF3;site;RIS;acces_impose;2026-10-02 19:00;BEST_GUESS;OK;270399;1380;271779;10943;11024
2026-09-26T10:40:50;HDF3;site;RIS;impose_ouest;2026-10-02 19:00;BEST_GUESS;OK;289161;1380;290541;11764;11871
2026-09-26T10:40:50;HDF4;site;RIS;acces_impose;2026-10-02 19:00;BEST_GUESS;OK;222410;1380;223790;9236;9013
2026-09-26T10:40:51;HDF4;site;RIS;impose_ouest;2026-10-02 19:00;BEST_GUESS;OK;241172;1380;242552;10040;9861
2026-09-26T10:40:51;HDF5;site;RIS;acces_impose;2026-10-02 19:00;BEST_GUESS;OK;243220;1380;244600;9808;9741
2026-09-26T10:40:51;HDF5;site;RIS;impose_ouest;2026-10-02 19:00;BEST_GUESS;OK;261982;1380;263362;10623;10588
2026-09-26T10:40:51;NOR1;site;RIS;acces_impose;2026-10-02 19:00;BEST_GUESS;OK;218404;1380;219784;8099;8179
2026-09-26T10:40:52;NOR1;site;RIS;impose_ouest;2026-10-02 19:00;BEST_GUESS;OK;233181;1380;234561;8587;8814
2026-09-26T10:40:52;NOR2;site;RIS;acces_impose;2026-10-02 19:00;BEST_GUESS;OK;147795;1380;149175;5947;5767
2026-09-26T10:40:52;NOR2;site;RIS;impose_ouest;2026-10-02 19:00;BEST_GUESS;OK;162572;1380;163952;6472;6402
2026-09-26T10:40:52;NOR3;site;RIS;acces_impose;2026-10-02 19:00;BEST_GUESS;OK;142728;1380;144108;6089;5877
2026-09-26T10:40:53;NOR3;site;RIS;impose_ouest;2026-10-02 19:00;BEST_GUESS;OK;157505;1380;158885;6569;6512
2026-09-26T10:40:53;CVL1;site;RIS;acces_impose;2026-10-02 19:00;BEST_GUESS;OK;222599;1380;223979;7611;7981
2026-09-26T10:40:53;CVL1;site;RIS;impose_ouest;2026-10-02 19:00;BEST_GUESS;OK;222599;1380;223979;7611;7981
2026-09-26T10:40:54;CVL2;site;RIS;acces_impose;2026-10-02 19:00;BEST_GUESS;OK;258419;1380;259799;9561;9975
2026-09-26T10:40:54;CVL2;site;RIS;impose_ouest;2026-10-02 19:00;BEST_GUESS;OK;258419;1380;259799;9561;9975
2026-09-26T10:40:54;CVL3;site;RIS;acces_impose;2026-10-02 19:00;BEST_GUESS;OK;126864;1380;128244;4860;5006
2026-09-26T10:40:54;CVL3;site;RIS;impose_ouest;2026-10-02 19:00;BEST_GUESS;OK;126864;1380;128244;4860;5006
2026-09-26T10:40:55;GE1;site;RIS;acces_impose;2026-10-02 19:00;BEST_GUESS;OK;208102;1380;209482;7590;7779
2026-09-26T10:40:55;GE1;site;RIS;impose_est;2026-10-02 19:00;BEST_GUESS;OK;208102;1380;209482;7590;7779
2026-09-26T10:40:55;BFC1;site;RIS;acces_impose;2026-10-02 19:00;BEST_GUESS;OK;290785;1380;292165;9293;9823
2026-09-26T10:40:55;BFC1;site;RIS;impose_est;2026-10-02 19:00;BEST_GUESS;OK;304701;1380;306081;9915;10474
2026-09-26T10:40:56;E_A1;entree;VITRY;rapide;2026-10-02 20:00;BEST_GUESS;OK;48820;0;48820;2958;2558
2026-09-26T10:40:56;E_A1;entree;RIS;rapide;2026-10-02 20:00;BEST_GUESS;OK;65882;1380;67262;4169;3448
2026-09-26T10:40:56;E_A4;entree;VITRY;rapide;2026-10-02 20:00;BEST_GUESS;OK;73090;0;73090;3085;3052
2026-09-26T10:40:56;E_A4;entree;RIS;rapide;2026-10-02 20:00;BEST_GUESS;OK;92509;1380;93889;4015;3971
2026-09-26T10:40:56;E_A5;entree;VITRY;rapide;2026-10-02 20:00;BEST_GUESS;OK;82488;0;82488;3503;3626
2026-09-26T10:40:56;E_A5;entree;RIS;rapide;2026-10-02 20:00;BEST_GUESS;OK;70634;1380;72014;2832;2857
2026-09-26T10:40:56;E_A6;entree;VITRY;rapide;2026-10-02 20:00;BEST_GUESS;OK;93772;0;93772;3402;3537
2026-09-26T10:40:56;E_A6;entree;RIS;rapide;2026-10-02 20:00;BEST_GUESS;OK;72354;1380;73734;2530;2642
2026-09-26T10:40:56;E_A10;entree;VITRY;rapide;2026-10-02 20:00;BEST_GUESS;OK;62958;0;62958;2556;2617
2026-09-26T10:40:56;E_A10;entree;RIS;rapide;2026-10-02 20:00;BEST_GUESS;OK;59203;1380;60583;2339;2411
2026-09-26T10:40:56;E_A11;entree;VITRY;rapide;2026-10-02 20:00;BEST_GUESS;OK;62192;0;62192;2708;2733
2026-09-26T10:40:56;E_A11;entree;RIS;rapide;2026-10-02 20:00;BEST_GUESS;OK;58437;1380;59817;2494;2528
2026-09-26T10:40:56;E_A13;entree;VITRY;rapide;2026-10-02 20:00;BEST_GUESS;OK;92461;0;92461;3740;3779
2026-09-26T10:40:56;E_A13;entree;RIS;rapide;2026-10-02 20:00;BEST_GUESS;OK;99218;1380;100598;4201;4096
2026-09-26T10:40:56;E_A16;entree;VITRY;rapide;2026-10-02 20:00;BEST_GUESS;OK;69185;0;69185;3796;3564
2026-09-26T10:40:56;E_A16;entree;RIS;rapide;2026-10-02 20:00;BEST_GUESS;OK;89679;1380;91059;4613;4332
2026-09-26T10:40:56;IDF1;site;VITRY;rapide;2026-10-02 20:00;BEST_GUESS;OK;41890;0;41890;3213;2841
2026-09-26T10:40:56;IDF1;site;RIS;rapide;2026-10-02 20:00;BEST_GUESS;OK;58951;1380;60331;4404;3731
2026-09-26T10:40:56;IDF2;site;VITRY;rapide;2026-10-02 20:00;BEST_GUESS;OK;35448;0;35448;2063;2082
2026-09-26T10:40:56;IDF2;site;RIS;rapide;2026-10-02 20:00;BEST_GUESS;OK;14026;1380;15406;1154;1177
2026-09-26T10:40:56;IDF3;site;VITRY;rapide;2026-10-02 20:00;BEST_GUESS;OK;66563;0;66563;4102;3895
2026-09-26T10:40:56;IDF3;site;RIS;rapide;2026-10-02 20:00;BEST_GUESS;OK;90870;1380;92250;4923;4706
2026-09-26T10:40:56;IDF4;site;VITRY;rapide;2026-10-02 20:00;BEST_GUESS;OK;31174;0;31174;2736;2409
2026-09-26T10:40:56;IDF4;site;RIS;rapide;2026-10-02 20:00;BEST_GUESS;OK;48236;1380;49616;3918;3299
2026-09-26T10:40:56;IDF5;site;VITRY;rapide;2026-10-02 20:00;BEST_GUESS;OK;27596;0;27596;3135;2840
2026-09-26T10:40:56;IDF5;site;RIS;rapide;2026-10-02 20:00;BEST_GUESS;OK;48346;1380;49726;4080;3517
2026-09-26T10:40:56;IDF6;site;VITRY;rapide;2026-10-02 20:00;BEST_GUESS;OK;41449;0;41449;3134;2811
2026-09-26T10:40:56;IDF6;site;RIS;rapide;2026-10-02 20:00;BEST_GUESS;OK;57321;1380;58701;3680;3170
2026-09-26T10:40:56;IDF7;site;VITRY;rapide;2026-10-02 20:00;BEST_GUESS;OK;40735;0;40735;3046;2678
2026-09-26T10:40:56;IDF7;site;RIS;rapide;2026-10-02 20:00;BEST_GUESS;OK;56204;1380;57584;3501;3049
2026-09-26T10:40:56;IDF8;site;VITRY;rapide;2026-10-02 20:00;BEST_GUESS;OK;45059;0;45059;2528;2489
2026-09-26T10:40:56;IDF8;site;RIS;rapide;2026-10-02 20:00;BEST_GUESS;OK;64478;1380;65858;3499;3408
2026-09-26T10:40:56;IDF9;site;VITRY;rapide;2026-10-02 20:00;BEST_GUESS;OK;46751;0;46751;3156;2980
2026-09-26T10:40:56;IDF9;site;RIS;rapide;2026-10-02 20:00;BEST_GUESS;OK;53507;1380;54887;3646;3297
2026-09-26T10:40:56;IDF10;site;VITRY;rapide;2026-10-02 20:00;BEST_GUESS;OK;34363;0;34363;2810;2348
2026-09-26T10:40:56;IDF10;site;RIS;rapide;2026-10-02 20:00;BEST_GUESS;OK;51425;1380;52805;4020;3238
2026-09-26T10:40:56;IDF11;site;VITRY;rapide;2026-10-02 20:00;BEST_GUESS;OK;49468;0;49468;2417;2370
2026-09-26T10:40:56;IDF11;site;RIS;rapide;2026-10-02 20:00;BEST_GUESS;OK;68887;1380;70267;3403;3288
2026-09-26T10:40:56;IDF12;site;VITRY;rapide;2026-10-02 20:00;BEST_GUESS;OK;11529;0;11529;1045;1049
2026-09-26T10:40:56;IDF12;site;RIS;rapide;2026-10-02 20:00;BEST_GUESS;OK;14828;1380;16208;2041;1956
2026-09-26T10:40:56;IDF13;site;VITRY;rapide;2026-10-02 20:00;BEST_GUESS;OK;38905;0;38905;2470;2536
2026-09-26T10:40:56;IDF13;site;RIS;rapide;2026-10-02 20:00;BEST_GUESS;OK;32603;1380;33983;2078;2015
2026-09-26T10:40:56;IDF14;site;VITRY;rapide;2026-10-02 20:00;BEST_GUESS;OK;7703;0;7703;1258;1243
2026-09-26T10:40:56;IDF14;site;RIS;rapide;2026-10-02 20:00;BEST_GUESS;OK;10572;1380;11952;1326;1306
2026-09-26T10:40:56;IDF15;site;VITRY;rapide;2026-10-02 20:00;BEST_GUESS;OK;46693;0;46693;2508;2492
2026-09-26T10:40:56;IDF15;site;RIS;rapide;2026-10-02 20:00;BEST_GUESS;OK;53449;1380;54829;2986;2809
2026-09-26T10:40:56;HDF1;site;VITRY;rapide;2026-10-02 20:00;BEST_GUESS;OK;210106;0;210106;8788;9101
2026-09-26T10:40:56;HDF1;site;RIS;rapide;2026-10-02 20:00;BEST_GUESS;OK;227168;1380;228548;9744;9991
2026-09-26T10:40:56;HDF2;site;VITRY;rapide;2026-10-02 20:00;BEST_GUESS;OK;203649;0;203649;7767;7989
2026-09-26T10:40:56;HDF2;site;RIS;rapide;2026-10-02 20:00;BEST_GUESS;OK;220711;1380;222091;8713;8880
2026-09-26T10:40:56;HDF3;site;VITRY;rapide;2026-10-02 20:00;BEST_GUESS;OK;251636;0;251636;9707;10124
2026-09-26T10:40:56;HDF3;site;RIS;rapide;2026-10-02 20:00;BEST_GUESS;OK;268698;1380;270078;10705;11014
2026-09-26T10:40:56;HDF4;site;VITRY;rapide;2026-10-02 20:00;BEST_GUESS;OK;203647;0;203647;7908;8114
2026-09-26T10:40:56;HDF4;site;RIS;rapide;2026-10-02 20:00;BEST_GUESS;OK;220709;1380;222089;8856;9004
2026-09-26T10:40:56;HDF5;site;VITRY;rapide;2026-10-02 20:00;BEST_GUESS;OK;224457;0;224457;8545;8842
2026-09-26T10:40:56;HDF5;site;RIS;rapide;2026-10-02 20:00;BEST_GUESS;OK;241519;1380;242899;9496;9732
2026-09-26T10:40:56;NOR1;site;VITRY;rapide;2026-10-02 20:00;BEST_GUESS;OK;209946;0;209946;7642;7853
2026-09-26T10:40:56;NOR1;site;RIS;rapide;2026-10-02 20:00;BEST_GUESS;OK;216703;1380;218083;7955;8170
2026-09-26T10:40:56;NOR2;site;VITRY;rapide;2026-10-02 20:00;BEST_GUESS;OK;139338;0;139338;5332;5440
2026-09-26T10:40:56;NOR2;site;RIS;rapide;2026-10-02 20:00;BEST_GUESS;OK;146094;1380;147474;5706;5757
2026-09-26T10:40:56;NOR3;site;VITRY;rapide;2026-10-02 20:00;BEST_GUESS;OK;134270;0;134270;5414;5551
2026-09-26T10:40:56;NOR3;site;RIS;rapide;2026-10-02 20:00;BEST_GUESS;OK;141027;1380;142407;5789;5868
2026-09-26T10:40:56;CVL1;site;VITRY;rapide;2026-10-02 20:00;BEST_GUESS;OK;226354;0;226354;7884;8187
2026-09-26T10:40:56;CVL1;site;RIS;rapide;2026-10-02 20:00;BEST_GUESS;OK;222599;1380;223979;7669;7982
2026-09-26T10:40:56;CVL2;site;VITRY;rapide;2026-10-02 20:00;BEST_GUESS;OK;262174;0;262174;9805;10181
2026-09-26T10:40:56;CVL2;site;RIS;rapide;2026-10-02 20:00;BEST_GUESS;OK;258419;1380;259799;9596;9975
2026-09-26T10:40:56;CVL3;site;VITRY;rapide;2026-10-02 20:00;BEST_GUESS;OK;130619;0;130619;5004;5212
2026-09-26T10:40:56;CVL3;site;RIS;rapide;2026-10-02 20:00;BEST_GUESS;OK;126864;1380;128244;4800;5006
2026-09-26T10:40:56;GE1;site;VITRY;rapide;2026-10-02 20:00;BEST_GUESS;OK;185285;0;185285;6628;6915
2026-09-26T10:40:56;GE1;site;RIS;rapide;2026-10-02 20:00;BEST_GUESS;OK;204704;1380;206084;7540;7834
2026-09-26T10:40:56;BFC1;site;VITRY;rapide;2026-10-02 20:00;BEST_GUESS;OK;312203;0;312203;10248;10719
2026-09-26T10:40:56;BFC1;site;RIS;rapide;2026-10-02 20:00;BEST_GUESS;OK;290785;1380;292165;9370;9824
2026-09-26T10:40:57;E_A1;entree;RIS;acces_impose;2026-10-02 20:00;BEST_GUESS;OK;67584;1380;68964;4173;3457
2026-09-26T10:40:57;E_A1;entree;RIS;impose_ouest;2026-10-02 20:00;BEST_GUESS;OK;86345;1380;87725;4979;4305
2026-09-26T10:40:57;E_A4;entree;RIS;acces_impose;2026-10-02 20:00;BEST_GUESS;OK;95907;1380;97287;3941;3915
2026-09-26T10:40:57;E_A4;entree;RIS;impose_est;2026-10-02 20:00;BEST_GUESS;OK;95907;1380;97287;3941;3915
2026-09-26T10:40:58;E_A5;entree;RIS;acces_impose;2026-10-02 20:00;BEST_GUESS;OK;74032;1380;75412;2755;2802
2026-09-26T10:40:58;E_A5;entree;RIS;impose_est;2026-10-02 20:00;BEST_GUESS;OK;74032;1380;75412;2755;2802
2026-09-26T10:40:59;E_A6;entree;RIS;acces_impose;2026-10-02 20:00;BEST_GUESS;OK;72354;1380;73734;2530;2641
2026-09-26T10:41:00;E_A6;entree;RIS;impose_est;2026-10-02 20:00;BEST_GUESS;OK;86270;1380;87650;3157;3292
2026-09-26T10:41:00;E_A10;entree;RIS;acces_impose;2026-10-02 20:00;BEST_GUESS;OK;59203;1380;60583;2339;2411
2026-09-26T10:41:00;E_A10;entree;RIS;impose_ouest;2026-10-02 20:00;BEST_GUESS;OK;59203;1380;60583;2339;2411
2026-09-26T10:41:00;E_A11;entree;RIS;acces_impose;2026-10-02 20:00;BEST_GUESS;OK;58437;1380;59817;2494;2527
2026-09-26T10:41:01;E_A11;entree;RIS;impose_ouest;2026-10-02 20:00;BEST_GUESS;OK;58437;1380;59817;2494;2527
2026-09-26T10:41:01;E_A13;entree;RIS;acces_impose;2026-10-02 20:00;BEST_GUESS;OK;100919;1380;102299;4207;4105
2026-09-26T10:41:01;E_A13;entree;RIS;impose_ouest;2026-10-02 20:00;BEST_GUESS;OK;115696;1380;117076;4694;4740
2026-09-26T10:41:01;E_A16;entree;RIS;acces_impose;2026-10-02 20:00;BEST_GUESS;OK;91380;1380;92760;4626;4341
2026-09-26T10:41:01;E_A16;entree;RIS;impose_ouest;2026-10-02 20:00;BEST_GUESS;OK;106157;1380;107537;5102;4977
2026-09-26T10:41:02;IDF1;site;RIS;acces_impose;2026-10-02 20:00;BEST_GUESS;OK;60653;1380;62033;4414;3740
2026-09-26T10:41:02;IDF1;site;RIS;impose_ouest;2026-10-02 20:00;BEST_GUESS;OK;79415;1380;80795;5220;4588
2026-09-26T10:41:02;IDF2;site;RIS;acces_impose;2026-10-02 20:00;BEST_GUESS;OK;14026;1380;15406;1154;1177
2026-09-26T10:41:02;IDF2;site;RIS;impose_ouest;2026-10-02 20:00;BEST_GUESS;OK;23176;1380;24556;1557;1590
2026-09-26T10:41:03;IDF3;site;RIS;acces_impose;2026-10-02 20:00;BEST_GUESS;OK;92571;1380;93951;4935;4715
2026-09-26T10:41:03;IDF3;site;RIS;impose_ouest;2026-10-02 20:00;BEST_GUESS;OK;107348;1380;108728;5452;5350
2026-09-26T10:41:03;IDF4;site;RIS;acces_impose;2026-10-02 20:00;BEST_GUESS;OK;49937;1380;51317;3921;3308
2026-09-26T10:41:03;IDF4;site;RIS;impose_ouest;2026-10-02 20:00;BEST_GUESS;OK;68699;1380;70079;4727;4155
2026-09-26T10:41:03;IDF5;site;RIS;acces_impose;2026-10-02 20:00;BEST_GUESS;OK;50047;1380;51427;4083;3526
2026-09-26T10:41:04;IDF5;site;RIS;impose_ouest;2026-10-02 20:00;BEST_GUESS;OK;68809;1380;70189;4890;4374
2026-09-26T10:41:04;IDF6;site;RIS;acces_impose;2026-10-02 20:00;BEST_GUESS;OK;59022;1380;60402;3684;3179
2026-09-26T10:41:04;IDF6;site;RIS;impose_ouest;2026-10-02 20:00;BEST_GUESS;OK;73799;1380;75179;4147;3814
2026-09-26T10:41:04;IDF7;site;RIS;acces_impose;2026-10-02 20:00;BEST_GUESS;OK;57906;1380;59286;3503;3058
2026-09-26T10:41:04;IDF7;site;RIS;impose_ouest;2026-10-02 20:00;BEST_GUESS;OK;72682;1380;74062;3943;3693
2026-09-26T10:41:05;IDF8;site;RIS;acces_impose;2026-10-02 20:00;BEST_GUESS;OK;67876;1380;69256;3426;3352
2026-09-26T10:41:05;IDF8;site;RIS;impose_est;2026-10-02 20:00;BEST_GUESS;OK;67876;1380;69256;3426;3352
2026-09-26T10:41:06;IDF9;site;RIS;acces_impose;2026-10-02 20:00;BEST_GUESS;OK;55209;1380;56589;3649;3306
2026-09-26T10:41:06;IDF9;site;RIS;impose_ouest;2026-10-02 20:00;BEST_GUESS;OK;69985;1380;71365;4117;3941
2026-09-26T10:41:06;IDF10;site;RIS;acces_impose;2026-10-02 20:00;BEST_GUESS;OK;53126;1380;54506;4023;3247
2026-09-26T10:41:06;IDF10;site;RIS;impose_ouest;2026-10-02 20:00;BEST_GUESS;OK;71888;1380;73268;4827;4094
2026-09-26T10:41:07;IDF11;site;RIS;acces_impose;2026-10-02 20:00;BEST_GUESS;OK;72285;1380;73665;3331;3233
2026-09-26T10:41:07;IDF11;site;RIS;impose_est;2026-10-02 20:00;BEST_GUESS;OK;72285;1380;73665;3331;3233
2026-09-26T10:41:07;IDF12;site;RIS;acces_impose;2026-10-02 20:00;BEST_GUESS;OK;34869;1380;36249;2528;2106
2026-09-26T10:41:07;IDF12;site;RIS;impose_est;2026-10-02 20:00;BEST_GUESS;OK;32483;1380;33863;2388;2372
2026-09-26T10:41:07;IDF13;site;RIS;acces_impose;2026-10-02 20:00;BEST_GUESS;OK;36001;1380;37381;1999;1960
2026-09-26T10:41:08;IDF13;site;RIS;impose_est;2026-10-02 20:00;BEST_GUESS;OK;36001;1380;37381;1999;1960
2026-09-26T10:41:08;IDF14;site;RIS;acces_impose;2026-10-02 20:00;BEST_GUESS;OK;16078;1380;17458;1928;1912
2026-09-26T10:41:08;IDF14;site;RIS;impose_est;2026-10-02 20:00;BEST_GUESS;OK;33504;1380;34884;2063;2057
2026-09-26T10:41:08;IDF15;site;RIS;acces_impose;2026-10-02 20:00;BEST_GUESS;OK;55151;1380;56531;2986;2819
2026-09-26T10:41:08;IDF15;site;RIS;impose_ouest;2026-10-02 20:00;BEST_GUESS;OK;69927;1380;71307;3450;3454
2026-09-26T10:41:09;HDF1;site;RIS;acces_impose;2026-10-02 20:00;BEST_GUESS;OK;228870;1380;230250;9761;10000
2026-09-26T10:41:09;HDF1;site;RIS;impose_est;2026-10-02 20:00;BEST_GUESS;OK;224950;1380;226330;9865;10145
2026-09-26T10:41:09;HDF2;site;RIS;acces_impose;2026-10-02 20:00;BEST_GUESS;OK;222412;1380;223792;8730;8889
2026-09-26T10:41:09;HDF2;site;RIS;impose_ouest;2026-10-02 20:00;BEST_GUESS;OK;241174;1380;242554;9551;9736
2026-09-26T10:41:10;HDF3;site;RIS;acces_impose;2026-10-02 20:00;BEST_GUESS;OK;270399;1380;271779;10730;11024
2026-09-26T10:41:10;HDF3;site;RIS;impose_ouest;2026-10-02 20:00;BEST_GUESS;OK;289161;1380;290541;11549;11871
2026-09-26T10:41:10;HDF4;site;RIS;acces_impose;2026-10-02 20:00;BEST_GUESS;OK;222410;1380;223790;8869;9013
2026-09-26T10:41:11;HDF4;site;RIS;impose_ouest;2026-10-02 20:00;BEST_GUESS;OK;241172;1380;242552;9692;9861
2026-09-26T10:41:11;HDF5;site;RIS;acces_impose;2026-10-02 20:00;BEST_GUESS;OK;243220;1380;244600;9507;9741
2026-09-26T10:41:11;HDF5;site;RIS;impose_ouest;2026-10-02 20:00;BEST_GUESS;OK;261982;1380;263362;10331;10588
2026-09-26T10:41:12;NOR1;site;RIS;acces_impose;2026-10-02 20:00;BEST_GUESS;OK;218404;1380;219784;7971;8179
2026-09-26T10:41:12;NOR1;site;RIS;impose_ouest;2026-10-02 20:00;BEST_GUESS;OK;233181;1380;234561;8580;8814
2026-09-26T10:41:12;NOR2;site;RIS;acces_impose;2026-10-02 20:00;BEST_GUESS;OK;147795;1380;149175;5724;5767
2026-09-26T10:41:12;NOR2;site;RIS;impose_ouest;2026-10-02 20:00;BEST_GUESS;OK;162572;1380;163952;6263;6402
2026-09-26T10:41:13;NOR3;site;RIS;acces_impose;2026-10-02 20:00;BEST_GUESS;OK;142728;1380;144108;5808;5877
2026-09-26T10:41:13;NOR3;site;RIS;impose_ouest;2026-10-02 20:00;BEST_GUESS;OK;157505;1380;158885;6349;6512
2026-09-26T10:41:13;CVL1;site;RIS;acces_impose;2026-10-02 20:00;BEST_GUESS;OK;222599;1380;223979;7669;7981
2026-09-26T10:41:13;CVL1;site;RIS;impose_ouest;2026-10-02 20:00;BEST_GUESS;OK;222599;1380;223979;7669;7981
2026-09-26T10:41:14;CVL2;site;RIS;acces_impose;2026-10-02 20:00;BEST_GUESS;OK;258419;1380;259799;9596;9975
2026-09-26T10:41:14;CVL2;site;RIS;impose_ouest;2026-10-02 20:00;BEST_GUESS;OK;258419;1380;259799;9596;9975
2026-09-26T10:41:14;CVL3;site;RIS;acces_impose;2026-10-02 20:00;BEST_GUESS;OK;126864;1380;128244;4800;5006
2026-09-26T10:41:14;CVL3;site;RIS;impose_ouest;2026-10-02 20:00;BEST_GUESS;OK;126864;1380;128244;4800;5006
2026-09-26T10:41:15;GE1;site;RIS;acces_impose;2026-10-02 20:00;BEST_GUESS;OK;208102;1380;209482;7469;7779
2026-09-26T10:41:15;GE1;site;RIS;impose_est;2026-10-02 20:00;BEST_GUESS;OK;208102;1380;209482;7469;7779
2026-09-26T10:41:15;BFC1;site;RIS;acces_impose;2026-10-02 20:00;BEST_GUESS;OK;290785;1380;292165;9370;9823
2026-09-26T10:41:16;BFC1;site;RIS;impose_est;2026-10-02 20:00;BEST_GUESS;OK;304701;1380;306081;10007;10474
