{"type":"FeatureCollection","name":"terres_natural-earth","source":"Natural Earth, Admin 0 – Countries, 1:10m, version 5.1.2 (domaine public), https://www.naturalearthdata.com/. Fichier d'origine : https://raw.githubusercontent.com/nvkelso/natural-earth-vector/v5.1.2/geojson/ne_10m_admin_0_countries.geojson (téléchargé le 26/09/2026). Extrait : pays FRA, BEL, LUX, NLD, DEU et GBR, parties de territoire touchant l'emprise 45,8-51,8° N / -2,0-7,0° E, coordonnées arrondies à 5 décimales. Sert à build_data.py pour masquer sur la carte les carrés de la grille dont le centre est en mer ou au Royaume-Uni.","features":[{"type":"Feature","properties":{"ADM0_A3":"FRA","NAME_FR":"France"},"geometry":{"type":"MultiPolygon","coordinates":[[[[2.5218,51.08754],[2.53703,51.06461],[2.54706,51.02048],[2.55698,51.00118],[2.59274,50.97611],[2.60845,50.96113],[2.61165,50.94123],[2.60576,50.93524],[2.58271,50.92067],[2.57693,50.91152],[2.59667,50.86765],[2.59553,50.86113],[2.58778,50.85002],[2.58675,50.84542],[2.58995,50.84201],[2.60204,50.83809],[2.60659,50.83483],[2.61517,50.82217],[2.62044,50.81649],[2.62778,50.81442],[2.64245,50.81245],[2.65062,50.81225],[2.66922,50.8139],[2.67873,50.81323],[2.69186,50.80884],[2.69692,50.80305],[2.70002,50.79628],[2.70663,50.78879],[2.74384,50.7662],[2.74953,50.75959],[2.76296,50.73938],[2.76823,50.73324],[2.78673,50.72337],[2.86673,50.70009],[2.87128,50.69877],[2.88688,50.69665],[2.90011,50.70311],[2.93019,50.73623],[2.94838,50.74869],[2.97142,50.75783],[3.02382,50.76826],[3.1033,50.78408],[3.12925,50.77907],[3.1462,50.76889],[3.16281,50.74994],[3.17668,50.73411],[3.18898,50.7151],[3.19694,50.70921],[3.211,50.70797],[3.22443,50.70517],[3.23239,50.69593],[3.24376,50.6721],[3.22981,50.65541],[3.23787,50.62647],[3.26433,50.5702],[3.26588,50.53831],[3.27104,50.52694],[3.28675,50.51407],[3.29988,50.50746],[3.3436,50.49294],[3.36107,50.48979],[3.38535,50.49165],[3.42917,50.50183],[3.44271,50.50849],[3.45264,50.51485],[3.46287,50.51914],[3.47713,50.51986],[3.4915,50.51707],[3.49801,50.51185],[3.49646,50.50379],[3.48674,50.49268],[3.49914,50.48679],[3.56374,50.48653],[3.58637,50.48348],[3.60829,50.47651],[3.62813,50.46436],[3.64436,50.4455],[3.65283,50.40685],[3.65293,50.36018],[3.66172,50.31931],[3.69686,50.29822],[3.70079,50.30468],[3.70223,50.30525],[3.70389,50.30432],[3.70844,50.30634],[3.71112,50.30933],[3.71546,50.31765],[3.73345,50.33724],[3.74151,50.34313],[3.75505,50.34633],[3.79866,50.34845],[3.84021,50.3452],[3.86088,50.33848],[3.87804,50.33078],[3.89592,50.3253],[3.91855,50.32546],[3.98211,50.34261],[4.0033,50.34406],[4.02273,50.33812],[4.05591,50.31455],[4.0772,50.30665],[4.09787,50.29481],[4.12526,50.25714],[4.14365,50.25161],[4.15099,50.25626],[4.14975,50.26313],[4.15027,50.26954],[4.16277,50.27295],[4.17177,50.27089],[4.1852,50.26546],[4.1976,50.25848],[4.2037,50.25197],[4.20132,50.24153],[4.19151,50.2343],[4.16794,50.22246],[4.1573,50.2127],[4.15275,50.20453],[4.14737,50.18634],[4.12815,50.14624],[4.12577,50.12816],[4.13993,50.12356],[4.15988,50.1294],[4.17063,50.13048],[4.18055,50.12723],[4.1974,50.08408],[4.20339,50.07467],[4.21032,50.06671],[4.21001,50.06015],[4.18603,50.05245],[4.16288,50.0418],[4.14458,50.0308],[4.13735,50.02506],[4.13229,50.01757],[4.12815,50.00579],[4.13291,50.00449],[4.13838,49.9892],[4.13962,49.97452],[4.13237,49.97495],[4.13166,49.97499],[4.18768,49.95551],[4.20112,49.95302],[4.21595,49.95441],[4.2776,49.96016],[4.42765,49.93357],[4.43511,49.93225],[4.46477,49.93561],[4.60419,49.98021],[4.64584,49.9845],[4.6567,49.98909],[4.6659,50.00052],[4.67292,50.01638],[4.68057,50.04832],[4.67954,50.05519],[4.67582,50.0602],[4.67344,50.0662],[4.67613,50.07607],[4.68192,50.08392],[4.78857,50.15337],[4.81555,50.16133],[4.8201,50.14645],[4.83136,50.1434],[4.86268,50.14759],[4.87188,50.13978],[4.87053,50.12226],[4.86516,50.10159],[4.86289,50.08408],[4.85214,50.09162],[4.84604,50.09069],[4.82723,50.06408],[4.82609,50.05503],[4.82764,50.04671],[4.82671,50.03602],[4.78826,49.97426],[4.78392,49.95829],[4.79726,49.94429],[4.84459,49.93173],[4.8602,49.91334],[4.86196,49.90031],[4.85937,49.89168],[4.85431,49.88331],[4.84893,49.87107],[4.84563,49.86585],[4.83674,49.85913],[4.83488,49.85303],[4.83695,49.84802],[4.84676,49.83753],[4.84924,49.83158],[4.84904,49.79417],[4.85803,49.78657],[4.88418,49.78415],[4.9066,49.78647],[4.95001,49.79639],[4.96837,49.79698],[4.97099,49.79707],[4.98908,49.79055],[5.02629,49.76673],[5.04623,49.75939],[5.08189,49.75273],[5.09378,49.74534],[5.13636,49.70534],[5.15124,49.69599],[5.16943,49.6872],[5.19248,49.68281],[5.23764,49.69097],[5.25924,49.69134],[5.28012,49.6779],[5.29945,49.6625],[5.30637,49.64751],[5.30183,49.6439],[5.29376,49.64054],[5.29066,49.62638],[5.29304,49.61718],[5.2979,49.61325],[5.31454,49.61113],[5.32167,49.61258],[5.32694,49.61764],[5.33118,49.62312],[5.3349,49.62581],[5.3411,49.62514],[5.35247,49.62069],[5.38347,49.6133],[5.39117,49.60882],[5.40208,49.60245],[5.45024,49.54576],[5.45437,49.53662],[5.45417,49.52618],[5.45096,49.51677],[5.44993,49.50783],[5.45613,49.49894],[5.47773,49.49522],[5.50367,49.50509],[5.52879,49.51796],[5.5476,49.52344],[5.57892,49.51393],[5.58749,49.51243],[5.60227,49.51372],[5.60558,49.51775],[5.60785,49.52494],[5.61974,49.53553],[5.64465,49.5438],[5.66718,49.54044],[5.68868,49.53352],[5.71028,49.53109],[5.72268,49.5346],[5.7356,49.54571],[5.74635,49.54943],[5.75709,49.5484],[5.77901,49.53961],[5.79068,49.53775],[5.8221,49.51052],[5.83957,49.49987],[5.86469,49.49217],[5.92814,49.4823],[5.94695,49.46995],[5.9607,49.44132],[5.97806,49.4451],[6.06333,49.44846],[6.07801,49.45202],[6.08772,49.46163],[6.09981,49.46463],[6.10209,49.47001],[6.10198,49.47641],[6.10726,49.48251],[6.11439,49.48437],[6.1426,49.48608],[6.13609,49.49527],[6.19355,49.49941],[6.22198,49.49744],[6.24937,49.49031],[6.25112,49.48946],[6.29877,49.46623],[6.32533,49.45672],[6.34531,49.45535],[6.35386,49.45476],[6.3645,49.4561],[6.38352,49.46463],[6.39168,49.4667],[6.40274,49.46546],[6.49452,49.43554],[6.51167,49.42474],[6.51788,49.41642],[6.52056,49.40815],[6.52077,49.40257],[6.51881,49.40215],[6.52573,49.39549],[6.57431,49.36179],[6.57772,49.3558],[6.57338,49.34774],[6.5556,49.34717],[6.55012,49.33802],[6.55643,49.3264],[6.57317,49.31312],[6.63968,49.27115],[6.64123,49.26692],[6.63916,49.25679],[6.6403,49.25276],[6.64567,49.25002],[6.65952,49.24676],[6.66376,49.24387],[6.67161,49.22532],[6.67482,49.22113],[6.67595,49.21891],[6.67792,49.21105],[6.6806,49.20749],[6.68505,49.2078],[6.69848,49.21359],[6.70252,49.21364],[6.70882,49.19777],[6.70376,49.18511],[6.70097,49.17287],[6.71378,49.15886],[6.72556,49.15555],[6.77011,49.1553],[6.80907,49.14584],[6.82179,49.14775],[6.83904,49.16279],[6.83522,49.17938],[6.82768,49.19555],[6.83346,49.20945],[6.84349,49.21105],[6.88524,49.2048],[6.91439,49.20666],[6.92545,49.20558],[6.98787,49.18243],[7.00947,49.1817],[7.00896,49.14641],[7.02053,49.11897],[7.04255,49.1076],[7.07324,49.12031],[7.07479,49.12537],[7.07159,49.13059],[7.07076,49.13612],[7.07986,49.14201],[7.08533,49.14155],[7.12357,49.12331],[7.13929,49.11793],[7.15499,49.11442],[7.24119,49.1139],[7.26806,49.10563],[7.27437,49.10501],[7.28026,49.10899],[7.2908,49.1231],[7.29711,49.12811],[7.30599,49.13013],[7.32646,49.13183],[7.334,49.13416],[7.33907,49.13969],[7.3463,49.15421],[7.35095,49.15917],[7.36759,49.16537],[7.37163,49.16617],[7.39105,49.17002],[7.41048,49.16894],[7.41482,49.15778],[7.45803,49.15586],[7.47611,49.15152],[7.48273,49.13705],[7.47529,49.1339],[7.4728,49.13163],[7.47105,49.12832],[7.4851,49.11871],[7.50774,49.09458],[7.52086,49.08367],[7.54267,49.07458],[7.58639,49.06956],[7.60861,49.06197],[7.61595,49.05597],[7.62566,49.043],[7.63497,49.03778],[7.64494,49.03629],[7.64881,49.03572],[7.6608,49.03773],[7.67248,49.04104],[7.68509,49.0428],[7.69615,49.04156],[7.71734,49.03659],[7.72695,49.03566],[7.73914,49.03773],[7.76261,49.04615],[7.77367,49.04812],[7.85686,49.03225],[7.91381,49.03618],[7.9319,49.03484],[8.09044,48.97918],[8.18873,48.96575],[8.20031,48.95856],[8.19989,48.95825],[8.17933,48.9427],[8.14811,48.90373],[8.10274,48.82131],[8.09034,48.80751],[8.08424,48.80405],[8.04755,48.79103],[8.03876,48.79077],[8.03659,48.78829],[8.03194,48.78534],[8.02729,48.78002],[8.02512,48.77062],[8.02295,48.76509],[8.01727,48.76183],[8.00962,48.76007],[7.98151,48.75976],[7.97014,48.75728],[7.96487,48.74834],[7.96363,48.72928],[7.95918,48.72137],[7.94843,48.71186],[7.9352,48.70333],[7.92332,48.69822],[7.89593,48.67651],[7.88063,48.66773],[7.8641,48.66416],[7.85242,48.65868],[7.81025,48.61502],[7.80178,48.58236],[7.80167,48.54758],[7.81346,48.52634],[7.81346,48.51947],[7.78844,48.50634],[7.77646,48.49818],[7.77129,48.48911],[7.76922,48.47007],[7.76416,48.46035],[7.75765,48.45389],[7.75072,48.44441],[7.74566,48.43301],[7.73832,48.40661],[7.73718,48.39348],[7.74038,48.38144],[7.7469,48.36868],[7.75196,48.35534],[7.75072,48.34137],[7.73697,48.32666],[7.71858,48.32],[7.70245,48.31119],[7.69553,48.29018],[7.69346,48.26987],[7.68716,48.25292],[7.67662,48.2384],[7.61336,48.17921],[7.60675,48.16698],[7.60479,48.15257],[7.59972,48.14471],[7.5929,48.13867],[7.58567,48.12973],[7.57895,48.11448],[7.57264,48.09497],[7.57574,48.05371],[7.61895,48.00265],[7.62112,47.97144],[7.61161,47.9594],[7.58494,47.94041],[7.57957,47.92705],[7.58081,47.9108],[7.57895,47.90633],[7.57264,47.8963],[7.56861,47.89137],[7.562,47.88705],[7.559,47.88271],[7.55786,47.87853],[7.55838,47.87599],[7.55921,47.87346],[7.559,47.86902],[7.56417,47.85041],[7.562,47.83923],[7.54846,47.83424],[7.54288,47.82943],[7.52862,47.79703],[7.52593,47.78316],[7.53833,47.74815],[7.53781,47.73182],[7.53192,47.7252],[7.51539,47.71332],[7.51187,47.70732],[7.51466,47.6858],[7.51787,47.67502],[7.52179,47.67043],[7.53657,47.66521],[7.55011,47.65244],[7.57264,47.622],[7.57864,47.61694],[7.58505,47.61317],[7.59032,47.60795],[7.59249,47.59841],[7.59011,47.59482],[7.58603,47.58462],[7.58548,47.58448],[7.55032,47.57549],[7.52634,47.56645],[7.52087,47.56342],[7.48273,47.54227],[7.4851,47.5416],[7.50174,47.53296],[7.50515,47.53302],[7.50546,47.52302],[7.50112,47.51731],[7.49306,47.5155],[7.48273,47.517],[7.47694,47.51488],[7.4756,47.51173],[7.47776,47.5077],[7.4849,47.5009],[7.48578,47.49877],[7.48593,47.49839],[7.48583,47.49578],[7.48448,47.49294],[7.48273,47.49126],[7.46743,47.48191],[7.45451,47.4832],[7.446,47.48688],[7.44149,47.48883],[7.42599,47.4925],[7.41431,47.49018],[7.41441,47.48403],[7.41947,47.47785],[7.42278,47.47542],[7.42764,47.47075],[7.42929,47.46511],[7.42609,47.45576],[7.42056,47.45086],[7.40635,47.43824],[7.38822,47.43329],[7.37855,47.43065],[7.33693,47.43185],[7.30909,47.43266],[7.28263,47.42889],[7.24481,47.41773],[7.23809,47.4168],[7.23034,47.41902],[7.22631,47.42264],[7.22352,47.42623],[7.21938,47.42848],[7.19003,47.43473],[7.16833,47.44356],[7.16264,47.4599],[7.18083,47.48826],[7.15365,47.4864],[7.14217,47.48765],[7.14032,47.48785],[7.1273,47.49294],[7.10373,47.49627],[7.05391,47.49038],[7.02797,47.49294],[7.01888,47.49767],[7.00978,47.49925],[7.00079,47.49767],[6.9919,47.49294],[6.9733,47.48909],[6.97578,47.47796],[6.98612,47.46413],[6.99097,47.45222],[6.98343,47.4438],[6.96855,47.43519],[6.95232,47.42884],[6.92607,47.42486],[6.92452,47.406],[6.89878,47.39571],[6.884,47.38259],[6.8716,47.36695],[6.86664,47.35417],[6.9856,47.36212],[7.004,47.36814],[7.01888,47.3599],[7.03386,47.35065],[7.0443,47.3405],[7.03655,47.32952],[7.02715,47.32543],[7.01692,47.32352],[7.00648,47.31936],[6.9919,47.30595],[6.98653,47.3045],[6.97743,47.30373],[6.95862,47.29055],[6.95222,47.27004],[6.95625,47.24523],[6.88834,47.21131],[6.8593,47.19092],[6.84028,47.16953],[6.83808,47.16813],[6.77476,47.12818],[6.74479,47.12105],[6.74603,47.10395],[6.73166,47.09888],[6.72794,47.09713],[6.72422,47.09077],[6.69911,47.08462],[6.6897,47.07829],[6.67626,47.0624],[6.68825,47.04385],[6.66541,47.02129],[6.5987,46.98654],[6.49111,46.96339],[6.44264,46.94416],[6.42775,46.90908],[6.43189,46.90003],[6.44522,46.88262],[6.44842,46.87156],[6.44677,46.85771],[6.44312,46.85146],[6.44119,46.84815],[6.43426,46.83955],[6.41855,46.80701],[6.41711,46.80216],[6.4199,46.79653],[6.42517,46.79162],[6.43261,46.78598],[6.43302,46.76911],[6.4292,46.76082],[6.41793,46.7511],[6.40739,46.7457],[6.37422,46.73361],[6.34786,46.71317],[6.33794,46.70741],[6.26631,46.68036],[6.13185,46.59561],[6.11842,46.58346],[6.12152,46.57028],[6.1457,46.55163],[6.11036,46.52083],[6.07552,46.47959],[6.06416,46.47112],[6.06023,46.46502],[6.06023,46.4599],[6.0624,46.4552],[6.06478,46.45107],[6.0655,46.44799],[6.0655,46.44037],[6.06757,46.4336],[6.06571,46.42701],[6.05424,46.41942],[6.05902,46.41738],[6.10818,46.3965],[6.12286,46.38554],[6.13506,46.3704],[6.1364,46.35934],[6.11861,46.33177],[6.10405,46.30922],[6.10074,46.30141],[6.09361,46.27309],[6.09309,46.26229],[6.09403,46.25304],[6.08969,46.24638],[6.06767,46.24162],[6.06188,46.24116],[6.05589,46.24168],[6.04803,46.24343],[6.04617,46.24354],[6.04452,46.24343],[6.04287,46.24307],[5.98292,46.22271],[5.95853,46.21196],[5.95481,46.19992],[5.96525,46.18623],[5.98292,46.17083],[5.97982,46.16225],[5.97217,46.15217],[5.95884,46.13047],[5.98292,46.14044],[6.02829,46.14793],[6.07387,46.14917],[6.10787,46.13863],[6.14033,46.15021],[6.19138,46.1917],[6.25536,46.22111],[6.2812,46.24007],[6.27603,46.26312],[6.269,46.26524],[6.25226,46.25992],[6.24182,46.26369],[6.23758,46.26793],[6.22797,46.28446],[6.22745,46.28849],[6.21826,46.3055],[6.21412,46.31547],[6.2195,46.32911],[6.24058,46.34895],[6.2691,46.37503],[6.30156,46.39448],[6.33236,46.40138],[6.36522,46.40244],[6.39768,46.40818],[6.48294,46.44859],[6.54702,46.45737],[6.61368,46.4559],[6.76267,46.42926],[6.77772,46.42411],[6.78706,46.41417],[6.78811,46.40501],[6.78923,46.3952],[6.7821,46.37846],[6.75574,46.35707],[6.75037,46.34552],[6.76949,46.32268],[6.80494,46.29661],[6.82768,46.26948],[6.79223,46.22168],[6.77486,46.18586],[6.76566,46.1516],[6.77435,46.13481],[6.85393,46.12261],[6.86922,46.11233],[6.86819,46.10468],[6.86116,46.09703],[6.8531,46.09021],[6.84855,46.08504],[6.85134,46.08602],[6.8531,46.0761],[6.85341,46.06567],[6.85196,46.06468],[6.85238,46.05693],[6.85031,46.05275],[6.85093,46.04964],[6.85971,46.04499],[6.86922,46.04406],[6.87687,46.0481],[6.884,46.05321],[6.89238,46.05559],[6.91511,46.04861],[6.98281,45.99538],[6.98767,45.99311],[6.99128,45.98247],[7.00276,45.96169],[7.00978,45.9434],[7.01516,45.93332],[7.02208,45.92526],[7.00772,45.92051],[6.99718,45.91131],[6.98911,45.89927],[6.98281,45.88578],[6.96917,45.86976],[6.94901,45.85782],[6.92638,45.84976],[6.90509,45.84537],[6.88039,45.84552],[6.87346,45.8448],[6.87274,45.83968],[6.8717,45.83277],[6.87066,45.82827],[6.86444,45.82689],[6.85856,45.83346],[6.852,45.83622],[6.84336,45.83864],[6.8162,45.83291],[6.8008,45.82646],[6.78809,45.81173],[6.78272,45.79529],[6.78199,45.77746],[6.78468,45.75959],[6.79595,45.71814],[6.8161,45.69685],[6.84307,45.68274],[6.86922,45.67902],[6.88256,45.67551],[6.90529,45.65969],[6.91863,45.65256],[6.95108,45.64678],[6.96338,45.64073],[6.96948,45.62585],[6.9671,45.62016],[6.95563,45.60259],[6.95294,45.59427],[6.9549,45.58621],[6.96586,45.57443],[6.96979,45.56699],[6.97526,45.52565],[6.98281,45.51112],[7.02849,45.49314],[7.072,45.47004],[7.07537,45.46629],[7.08182,45.45909],[7.08875,45.44663],[7.09681,45.43542],[7.11014,45.42829],[7.15293,45.41511],[7.16068,45.41092],[7.15965,45.39847],[7.15076,45.38323],[7.13009,45.35708],[7.09774,45.32984],[7.09257,45.32395],[7.09763,45.29496],[7.10838,45.27491],[7.10838,45.2592],[7.0812,45.24308],[7.06218,45.21853],[7.05547,45.21368],[7.0502,45.21502],[7.03769,45.22577],[7.02973,45.2282],[6.99449,45.22132],[6.95873,45.2098],[6.94581,45.20107],[6.92844,45.17957],[6.91377,45.17016],[6.90467,45.16861],[6.88132,45.16841],[6.87346,45.16593],[6.86819,45.15745],[6.87284,45.15203],[6.87863,45.14743],[6.87667,45.14122],[6.84411,45.13012],[6.80814,45.13911],[6.77145,45.15316],[6.73642,45.15735],[6.72887,45.15461],[6.71089,45.14474],[6.70221,45.14122],[6.69435,45.1403],[6.67626,45.14076],[6.66738,45.13962],[6.6327,45.12552],[6.62939,45.12355],[6.61461,45.11477],[6.60273,45.10345],[6.6203,45.08443],[6.63658,45.07446],[6.63813,45.06743],[6.63699,45.05942],[6.63968,45.05038],[6.65167,45.03565],[6.66221,45.02924],[6.69724,45.02692],[6.7235,45.01338],[6.7299,44.9847],[6.72794,44.92873],[6.74541,44.9078],[6.77817,44.88765],[6.84711,44.85907],[6.86602,44.85566],[6.91532,44.86269],[6.93268,44.86166],[6.98281,44.84698],[7.00079,44.83297],[7.00493,44.82796],[7.0071,44.82207],[7.00679,44.81902],[7.00586,44.81634],[7.00596,44.81153],[7.0041,44.81081],[6.99914,44.79505],[6.99841,44.79375],[7.00978,44.7721],[7.01516,44.7474],[7.01898,44.73887],[7.04937,44.69789],[7.05516,44.68487],[7.03728,44.68461],[7.0012,44.69226],[6.98281,44.69216],[6.95986,44.68317],[6.94147,44.66699],[6.93434,44.64668],[6.9456,44.62544],[6.93165,44.61795],[6.89734,44.57542],[6.84638,44.54746],[6.83574,44.53403],[6.83884,44.50292],[6.86127,44.47491],[6.89165,44.45197],[6.9178,44.43631],[6.88421,44.42303],[6.87718,44.4144],[6.86881,44.38318],[6.86633,44.37719],[6.86612,44.37212],[6.86984,44.36293],[6.87398,44.35838],[6.89599,44.33983],[6.90385,44.33001],[6.91563,44.3097],[6.92121,44.30215],[6.9302,44.29539],[6.95005,44.2851],[6.95924,44.27735],[6.96555,44.26753],[6.96886,44.25818],[6.9734,44.24945],[6.98281,44.24175],[6.99614,44.23782],[7.00803,44.23921],[7.02002,44.24211],[7.03345,44.24293],[7.04606,44.2403],[7.10487,44.21777],[7.14497,44.20723],[7.25132,44.16004],[7.27013,44.15431],[7.29617,44.15116],[7.3093,44.14749],[7.31623,44.1402],[7.3216,44.13188],[7.331,44.12527],[7.34062,44.12366],[7.38082,44.12294],[7.55476,44.15906],[7.5836,44.16072],[7.62473,44.1801],[7.65564,44.17606],[7.64189,44.14356],[7.65409,44.12496],[7.6762,44.10899],[7.68794,44.0908],[7.69191,44.08465],[7.68995,44.06734],[7.67879,44.05659],[7.66432,44.04858],[7.65336,44.03969],[7.64695,44.0275],[7.63869,44.00507],[7.63093,43.99354],[7.60861,43.97561],[7.55693,43.94409],[7.53678,43.92078],[7.49348,43.88624],[7.47787,43.86552],[7.48273,43.84022],[7.50229,43.79222],[7.48911,43.78547],[7.48487,43.78539],[7.48072,43.78583],[7.47641,43.78449],[7.47576,43.78083],[7.47731,43.76813],[7.47641,43.76463],[7.46844,43.7617],[7.46266,43.76211],[7.45434,43.75712],[7.44597,43.74985],[7.43745,43.74336],[7.42625,43.75546],[7.40697,43.76351],[7.38754,43.7579],[7.37265,43.74583],[7.36726,43.73412],[7.36575,43.72273],[7.35318,43.71569],[7.3423,43.70783],[7.33806,43.69831],[7.33053,43.68642],[7.319,43.68525],[7.3009,43.68769],[7.28025,43.69333],[7.25727,43.69165],[7.24167,43.68487],[7.22851,43.6742],[7.23181,43.66347],[7.2138,43.64867],[7.20379,43.64436],[7.19668,43.65692],[7.17765,43.66011],[7.1646,43.65606],[7.15162,43.65477],[7.14422,43.64545],[7.13657,43.64118],[7.13307,43.63386],[7.12615,43.60583],[7.13209,43.5788],[7.13258,43.57355],[7.13624,43.56246],[7.13892,43.55402],[7.12551,43.54777],[7.11294,43.56454],[7.10432,43.56829],[7.08843,43.56867],[7.07105,43.56081],[7.05811,43.54989],[7.04508,43.54214],[7.0372,43.53626],[7.03063,43.54789],[7.01447,43.54709],[6.99382,43.54891],[6.9756,43.54695],[6.96209,43.54011],[6.9452,43.52725],[6.94089,43.51246],[6.94956,43.50788],[6.94899,43.50739],[6.95381,43.50462],[6.9543,43.50011],[6.92508,43.47276],[6.92037,43.44901],[6.89824,43.438],[6.89403,43.42763],[6.87107,43.42609],[6.86967,43.43205],[6.86656,43.43546],[6.86296,43.43936],[6.85799,43.43618],[6.8561,43.42873],[6.86014,43.41587],[6.84667,43.41258],[6.83483,43.41581],[6.81884,43.41607],[6.78305,43.40863],[6.77297,43.41845],[6.75709,43.42269],[6.7465,43.41791],[6.73115,43.40785],[6.73282,43.38208],[6.71778,43.36689],[6.71784,43.3506],[6.69393,43.34837],[6.67457,43.34638],[6.66603,43.3332],[6.66131,43.32233],[6.65203,43.31493],[6.62463,43.29591],[6.59724,43.28401],[6.59089,43.2689],[6.61167,43.26429],[6.67236,43.2762],[6.69337,43.27297],[6.69802,43.26546],[6.68539,43.24804],[6.66836,43.23954],[6.6654,43.22129],[6.67198,43.21361],[6.6798,43.20155],[6.6604,43.19041],[6.64039,43.18183],[6.62916,43.17988],[6.60987,43.17341],[6.59946,43.17499],[6.59547,43.17988],[6.59327,43.18773],[6.58128,43.18437],[6.56372,43.18445],[6.53991,43.1822],[6.53643,43.17254],[6.52671,43.16057],[6.50568,43.15097],[6.47916,43.15606],[6.45133,43.15272],[6.42202,43.15234],[6.40168,43.14694],[6.37854,43.13608],[6.36608,43.11863],[6.36988,43.10552],[6.37537,43.09084],[6.34226,43.09076],[6.32887,43.09992],[6.32569,43.10419],[6.3062,43.10941],[6.28037,43.11867],[6.25347,43.12087],[6.2197,43.11655],[6.1932,43.10877],[6.17866,43.10286],[6.16293,43.0926],[6.15317,43.07197],[6.15277,43.04811],[6.17133,43.04232],[6.18542,43.04544],[6.18007,43.03592],[6.15446,43.03375],[6.09769,43.03126],[6.08852,43.03485],[6.10303,43.04078],[6.11925,43.04515],[6.13207,43.05264],[6.12909,43.07136],[6.10966,43.08432],[6.09193,43.0829],[6.04452,43.07821],[6.02701,43.0782],[6.01652,43.09894],[5.99173,43.10235],[5.95865,43.10217],[5.93409,43.11359],[5.93653,43.11945],[5.93824,43.1291],[5.94093,43.13402],[5.92449,43.13435],[5.90854,43.13129],[5.87941,43.12043],[5.89625,43.11542],[5.91061,43.0932],[5.92725,43.0876],[5.95138,43.07998],[5.94029,43.07091],[5.91721,43.07274],[5.88796,43.07223],[5.87534,43.06879],[5.85661,43.04483],[5.81896,43.05347],[5.79024,43.06993],[5.78187,43.07912],[5.8029,43.08889],[5.81808,43.09909],[5.81147,43.10672],[5.80056,43.11185],[5.78341,43.1146],[5.78084,43.12333],[5.77613,43.13081],[5.76056,43.13198],[5.74101,43.13206],[5.6963,43.14688],[5.68767,43.16885],[5.67392,43.17989],[5.65522,43.18559],[5.63421,43.18723],[5.6229,43.17673],[5.61242,43.16043],[5.58826,43.16798],[5.57271,43.16915],[5.55897,43.18158],[5.54725,43.19386],[5.53784,43.20739],[5.52495,43.21263],[5.51434,43.20774],[5.50418,43.20566],[5.45983,43.20852],[5.43975,43.20765],[5.40951,43.21129],[5.39531,43.21234],[5.37034,43.20786],[5.34698,43.2159],[5.3506,43.23359],[5.35377,43.2438],[5.36085,43.25397],[5.36915,43.27041],[5.35734,43.28034],[5.35597,43.29206],[5.35182,43.29792],[5.33888,43.33429],[5.29417,43.35547],[5.23828,43.32804],[5.16324,43.32931],[5.12517,43.32577],[5.0648,43.32802],[5.03402,43.33548],[5.01394,43.35792],[5.00557,43.38163],[5.02613,43.40933],[5.05714,43.42207],[5.14617,43.42207],[5.17384,43.42829],[5.19288,43.43952],[5.21355,43.45783],[5.22633,43.48029],[5.22283,43.50397],[5.19361,43.48994],[5.16554,43.48249],[5.13999,43.48578],[5.11842,43.50397],[5.1115,43.51935],[5.11085,43.5279],[5.10572,43.53303],[5.08497,43.53815],[5.0774,43.53889],[5.05372,43.53815],[5.04957,43.54145],[5.03533,43.55573],[5.02914,43.55858],[5.02231,43.55219],[5.01588,43.53876],[5.011,43.52509],[5.00929,43.51765],[5.01466,43.49873],[5.02369,43.49047],[5.03582,43.48558],[5.0503,43.47671],[5.06227,43.45165],[5.05112,43.42927],[5.0276,43.41698],[4.99847,43.4147],[4.98308,43.41706],[4.92848,43.44013],[4.90317,43.43163],[4.89259,43.42536],[4.86817,43.42145],[4.85841,43.41523],[4.85027,43.40143],[4.85499,43.39619],[4.86489,43.3779],[4.86753,43.36511],[4.901,43.36697],[4.87719,43.35078],[4.85578,43.34178],[4.85082,43.35893],[4.83326,43.38199],[4.79176,43.39912],[4.75782,43.42235],[4.74244,43.44872],[4.74496,43.50739],[4.74244,43.52448],[4.73618,43.5395],[4.72584,43.55679],[4.71192,43.57152],[4.69459,43.57909],[4.69459,43.5729],[4.72438,43.5384],[4.72877,43.5279],[4.72877,43.4562],[4.74252,43.42255],[4.76971,43.40192],[4.80006,43.38605],[4.82302,43.36717],[4.82028,43.34636],[4.79125,43.34522],[4.66589,43.34754],[4.59234,43.35989],[4.56629,43.37109],[4.56554,43.38795],[4.5857,43.40424],[4.58804,43.41689],[4.57959,43.43007],[4.55521,43.44327],[4.51303,43.4558],[4.40942,43.44774],[4.2059,43.45991],[4.18165,43.46377],[4.16033,43.4715],[4.13282,43.48705],[4.1172,43.51048],[4.13282,43.53278],[4.1312,43.53624],[4.10532,43.55187],[4.04746,43.55614],[3.9909,43.55085],[3.95297,43.53994],[3.9393,43.53254],[3.73992,43.41283],[3.62216,43.3749],[3.58969,43.35489],[3.51336,43.28107],[3.49236,43.27432],[3.4524,43.28876],[3.4284,43.28547],[3.38543,43.28392],[3.31772,43.26309],[3.24431,43.21943],[3.22755,43.20425],[3.22096,43.19522],[3.20729,43.18663],[3.19589,43.17666],[3.17872,43.16523],[3.16594,43.15241],[3.15447,43.13528],[3.136,43.12104],[3.11402,43.10631],[3.10418,43.08779],[3.09604,43.07258],[3.08603,43.05402],[3.0704,43.02692],[3.06324,43.00837],[3.05608,42.9927],[3.04615,42.96418],[3.03899,42.94278],[3.04184,42.93281],[3.0547,42.92711],[3.05608,42.90713],[3.04754,42.84723],[3.04046,42.79019],[3.03899,42.75027],[3.04331,42.7246],[3.03761,42.68321],[3.04184,42.62906],[3.04615,42.58767],[3.05185,42.55488],[3.06609,42.54206],[3.08749,42.53494],[3.11459,42.53063],[3.13738,42.52493],[3.14593,42.51496],[3.14593,42.50353],[3.14308,42.49213],[3.15024,42.48216],[3.16025,42.47504],[3.17587,42.45649],[3.18157,42.43509],[3.18097,42.43148],[3.13782,42.42594],[3.11167,42.42501],[3.08615,42.42718],[3.06558,42.43201],[3.05359,42.43764],[3.04388,42.44527],[3.03602,42.45462],[3.02961,42.46565],[3.023,42.46705],[2.99375,42.46762],[2.9831,42.46932],[2.96605,42.461],[2.9337,42.47022],[2.90083,42.45126],[2.88409,42.44919],[2.86694,42.44963],[2.85081,42.44837],[2.83479,42.44131],[2.80461,42.41956],[2.78859,42.41201],[2.76772,42.40956],[2.72855,42.41403],[2.70808,42.41289],[2.69041,42.40617],[2.64824,42.38147],[2.64028,42.37284],[2.64938,42.35372],[2.66178,42.34336],[2.66219,42.33902],[2.63543,42.33788],[2.61341,42.34096],[2.56742,42.35264],[2.54809,42.35225],[2.54034,42.34698],[2.53197,42.33078],[2.52525,42.32589],[2.51481,42.32566],[2.50365,42.32845],[2.48339,42.33698],[2.46489,42.34062],[2.44557,42.35196],[2.42986,42.36754],[2.42252,42.38369],[2.4066,42.38426],[2.37549,42.38933],[2.31731,42.40961],[2.30532,42.41697],[2.27741,42.42863],[2.24599,42.42612],[2.18419,42.41181],[2.13695,42.41622],[2.12104,42.41062],[2.11628,42.4054],[2.10874,42.39064],[2.10399,42.38483],[2.08011,42.37127],[2.06326,42.35791],[2.05169,42.35235],[2.03525,42.34925],[2.00921,42.34708],[1.99567,42.34868],[1.98337,42.35455],[1.96374,42.36723],[1.95423,42.38269],[1.9411,42.4201],[1.92746,42.43689],[1.91196,42.44196],[1.89325,42.44273],[1.86979,42.44679],[1.81367,42.47524],[1.79269,42.48172],[1.73057,42.48805],[1.71217,42.49371],[1.71269,42.49679],[1.71197,42.49929],[1.71,42.50133],[1.70701,42.50278],[1.71062,42.52774],[1.72168,42.54852],[1.73998,42.56164],[1.76509,42.56337],[1.76111,42.56765],[1.75269,42.57668],[1.72943,42.582],[1.71331,42.58955],[1.72199,42.60986],[1.6083,42.61812],[1.59735,42.62192],[1.54309,42.64936],[1.52779,42.64854],[1.49844,42.64024],[1.46681,42.64146],[1.45141,42.60205],[1.4293,42.59539],[1.41483,42.60934],[1.39798,42.64363],[1.37876,42.66324],[1.36108,42.68672],[1.35271,42.69006],[1.34331,42.69044],[1.33824,42.69445],[1.34258,42.70866],[1.31912,42.71336],[1.19593,42.71365],[1.16254,42.70569],[1.15149,42.70672],[1.13433,42.71597],[1.1241,42.72974],[1.11655,42.74525],[1.10673,42.75961],[1.08906,42.77132],[1.06818,42.77612],[0.98292,42.78036],[0.97527,42.78375],[0.95873,42.79372],[0.95026,42.79612],[0.94002,42.79367],[0.93062,42.78804],[0.92111,42.78437],[0.91036,42.78767],[0.89445,42.79933],[0.88577,42.80424],[0.8561,42.81276],[0.8129,42.83162],[0.79574,42.83385],[0.77631,42.83245],[0.75885,42.83527],[0.72433,42.84529],[0.70676,42.84658],[0.67937,42.84511],[0.65632,42.83842],[0.65157,42.82405],[0.65374,42.80269],[0.63968,42.77468],[0.65074,42.76339],[0.6433,42.75907],[0.63958,42.75483],[0.63348,42.74478],[0.64764,42.74104],[0.65963,42.7299],[0.66645,42.71476],[0.66542,42.69866],[0.66343,42.69621],[0.65673,42.68799],[0.64361,42.68448],[0.60816,42.68799],[0.48351,42.6853],[0.46693,42.69044],[0.42879,42.68303],[0.40928,42.68225],[0.38928,42.68515],[0.3844,42.68858],[0.38368,42.69269],[0.38401,42.69685],[0.38182,42.70011],[0.35417,42.7175],[0.33603,42.71269],[0.31831,42.69954],[0.29024,42.67029],[0.27539,42.66869],[0.25981,42.68238],[0.23836,42.71037],[0.22239,42.71621],[0.16917,42.72646],[0.15294,42.7246],[0.13418,42.71522],[0.07284,42.70848],[-0.00431,42.68753],[-0.03893,42.68515],[-0.07841,42.69667],[-0.0842,42.70109],[-0.08885,42.70613],[-0.09575,42.71068],[-0.10849,42.71336],[-0.11903,42.71685],[-0.12182,42.72331],[-0.12311,42.73036],[-0.12924,42.73589],[-0.14572,42.74589],[-0.15779,42.7607],[-0.16363,42.77798],[-0.16141,42.79535],[-0.17939,42.78974],[-0.20836,42.78388],[-0.23515,42.78623],[-0.24703,42.80483],[-0.30513,42.83081],[-0.30742,42.83183],[-0.32279,42.8425],[-0.32824,42.83258],[-0.33517,42.82496],[-0.343,42.82274],[-0.35168,42.82925],[-0.39974,42.80132],[-0.42392,42.79067],[-0.45446,42.78891],[-0.50841,42.80749],[-0.53389,42.80801],[-0.53565,42.78421],[-0.54443,42.78202],[-0.56117,42.77354],[-0.56903,42.77264],[-0.57869,42.77734],[-0.57854,42.78331],[-0.57714,42.78979],[-0.58293,42.79584],[-0.58732,42.79685],[-0.60355,42.79685],[-0.61016,42.79909],[-0.60996,42.80284],[-0.60805,42.80718],[-0.60949,42.81144],[-0.6483,42.84979],[-0.66608,42.86074],[-0.70039,42.87643],[-0.71052,42.87767],[-0.72029,42.87661],[-0.73011,42.87751],[-0.74029,42.8848],[-0.74587,42.89392],[-0.74478,42.8993],[-0.74142,42.90389],[-0.74091,42.9109],[-0.74503,42.91873],[-0.75967,42.9465],[-0.78643,42.95327],[-0.86353,42.94306],[-0.94322,42.9479],[-0.98146,42.95704],[-1.01629,42.97624],[-1.02849,42.98671],[-1.04507,42.99022],[-1.0797,42.9934],[-1.08719,42.998],[-1.10373,43.00575],[-1.11241,43.00825],[-1.14993,43.00572],[-1.18253,43.02528],[-1.2169,43.03926],[-1.27488,43.04683],[-1.29369,43.0552],[-1.31059,43.06949],[-1.31508,43.08288],[-1.30697,43.09598],[-1.28604,43.10918],[-1.30862,43.11357],[-1.33105,43.10734],[-1.34826,43.09308],[-1.35518,43.07303],[-1.35761,43.04683],[-1.36614,43.03332],[-1.38314,43.02921],[-1.41053,43.03092],[-1.43502,43.03572],[-1.45714,43.04507],[-1.47528,43.06014],[-1.48784,43.08182],[-1.47962,43.09027],[-1.43843,43.1228],[-1.42577,43.13528],[-1.41053,43.1669],[-1.39968,43.20674],[-1.4035,43.24333],[-1.43223,43.26501],[-1.44422,43.26511],[-1.45528,43.26222],[-1.46639,43.26077],[-1.50809,43.27676],[-1.5392,43.28356],[-1.55905,43.28408],[-1.57398,43.27744],[-1.58189,43.26036],[-1.58757,43.2516],[-1.59848,43.247],[-1.61109,43.24581],[-1.62189,43.247],[-1.63408,43.25111],[-1.63904,43.25568],[-1.64633,43.27279],[-1.64798,43.28155],[-1.64519,43.28764],[-1.64504,43.29237],[-1.65491,43.29754],[-1.67387,43.30415],[-1.68302,43.30493],[-1.70333,43.29862],[-1.72483,43.29653],[-1.73656,43.29232],[-1.74736,43.291],[-1.74973,43.29479],[-1.75242,43.29909],[-1.75578,43.31855],[-1.76823,43.33092],[-1.79691,43.34113],[-1.79717,43.35332],[-1.79645,43.37438],[-1.79408,43.38602],[-1.79137,43.38459],[-1.79076,43.38426],[-1.7755,43.37617],[-1.76797,43.38361],[-1.74962,43.38923],[-1.661,43.39968],[-1.63781,43.42377],[-1.61547,43.43256],[-1.59675,43.44253],[-1.58804,43.45116],[-1.5664,43.48216],[-1.56208,43.49339],[-1.55333,43.50137],[-1.51399,43.53864],[-1.50634,43.55012],[-1.47688,43.58006],[-1.47004,43.61152],[-1.44595,43.66844],[-1.40494,43.83234],[-1.38117,43.88959],[-1.3461,44.01919],[-1.28157,44.30219],[-1.25414,44.44245],[-1.2473,44.50454],[-1.24975,44.51923],[-1.25829,44.54755],[-1.25723,44.55606],[-1.23078,44.58356],[-1.22688,44.58991],[-1.22419,44.602],[-1.20629,44.64789],[-1.18651,44.66547],[-1.16145,44.66616],[-1.10021,44.65534],[-1.06501,44.65913],[-1.04475,44.66942],[-1.04442,44.68464],[-1.06916,44.70319],[-1.05549,44.70319],[-1.0653,44.71748],[-1.14086,44.76813],[-1.15172,44.77143],[-1.1564,44.77342],[-1.16063,44.77652],[-1.16535,44.77871],[-1.17223,44.77827],[-1.1765,44.77521],[-1.17846,44.7709],[-1.17976,44.76691],[-1.18212,44.7652],[-1.18859,44.75585],[-1.23363,44.70685],[-1.24494,44.66275],[-1.25381,44.63866],[-1.26036,44.62743],[-1.19945,45.12084],[-1.15787,45.27912],[-1.13996,45.49006],[-1.1337,45.50483],[-1.0996,45.55353],[-1.08528,45.56904],[-1.06916,45.57331],[-1.05858,45.56965],[-1.05622,45.56513],[-1.05675,45.5576],[-1.05736,45.54633],[-1.06017,45.54304],[-1.06233,45.53775],[-1.06233,45.53242],[-1.05923,45.52705],[-1.04869,45.51504],[-1.03995,45.50727],[-0.97297,45.47053],[-0.93078,45.4538],[-0.91527,45.45043],[-0.79418,45.35541],[-0.76618,45.32608],[-0.75451,45.29588],[-0.75194,45.27595],[-0.73868,45.23871],[-0.72004,45.14594],[-0.71597,45.13451],[-0.6822,45.07648],[-0.64818,45.04491],[-0.60985,45.01846],[-0.57779,45.00507],[-0.56896,44.99799],[-0.5607,44.98542],[-0.55919,44.97614],[-0.56208,44.96015],[-0.56086,44.93928],[-0.55651,44.91852],[-0.54817,44.90229],[-0.53466,44.89496],[-0.53865,44.90876],[-0.54239,44.9372],[-0.54845,44.94953],[-0.53897,44.97651],[-0.55036,44.9982],[-0.57258,45.01431],[-0.59618,45.02464],[-0.5653,45.02359],[-0.53942,45.01952],[-0.51643,45.01138],[-0.49376,44.99799],[-0.51895,45.02945],[-0.55875,45.04344],[-0.60216,45.05345],[-0.63777,45.07306],[-0.65599,45.09911],[-0.66869,45.13081],[-0.70665,45.32241],[-0.71972,45.36107],[-0.75304,45.42406],[-0.7731,45.45209],[-0.79548,45.47712],[-0.84179,45.51455],[-0.98351,45.58698],[-0.98689,45.59125],[-0.99087,45.61005],[-0.99722,45.61433],[-1.03026,45.62287],[-1.08381,45.66039],[-1.11392,45.66893],[-1.1328,45.6717],[-1.14932,45.6789],[-1.16344,45.68895],[-1.17561,45.70026],[-1.1942,45.71019],[-1.22936,45.70478],[-1.2473,45.70991],[-1.23013,45.77961],[-1.23029,45.79243],[-1.16381,45.80671],[-1.14428,45.8061],[-1.08056,45.7534],[-1.06916,45.74811],[-1.05724,45.74022],[-0.98717,45.71735],[-1.00963,45.73517],[-1.09948,45.78604],[-1.12536,45.80768],[-1.13069,45.81672],[-1.13215,45.82832],[-1.13659,45.84325],[-1.14322,45.85773],[-1.15172,45.86815],[-1.14061,45.8723],[-1.13366,45.87824],[-1.12853,45.88422],[-1.12377,45.88866],[-1.11254,45.89566],[-1.09703,45.90229],[-1.08776,45.90322],[-1.07974,45.902],[-1.07335,45.90436],[-1.06916,45.91596],[-1.07042,45.92634],[-1.07632,45.93671],[-1.08349,45.94538],[-1.08975,45.95075],[-1.08422,45.95392],[-1.07421,45.96158],[-1.06916,45.96434],[-1.08556,45.97199],[-1.09659,45.98542],[-1.11075,46.01838],[-1.08975,46.0082],[-1.07299,46.00747],[-1.05972,46.01577],[-1.04869,46.03266],[-1.04869,46.0388],[-1.05289,46.04328],[-1.05858,46.04792],[-1.06517,46.05158],[-1.08422,46.05654],[-1.08776,46.06468],[-1.08874,46.07477],[-1.09602,46.08837],[-1.09569,46.09772],[-1.09703,46.10155],[-1.10074,46.1031],[-1.1136,46.10615],[-1.11701,46.10782],[-1.12295,46.11249],[-1.12902,46.11579],[-1.1289,46.12006],[-1.11701,46.12824],[-1.14037,46.14057],[-1.14802,46.14191],[-1.15209,46.14387],[-1.15185,46.14842],[-1.15054,46.15327],[-1.15172,46.15619],[-1.15709,46.15697],[-1.17223,46.15619],[-1.18261,46.15839],[-1.19164,46.15794],[-1.20019,46.15913],[-1.20971,46.16616],[-1.2108,46.17455],[-1.20442,46.18431],[-1.19449,46.19278],[-1.18517,46.19717],[-1.19054,46.2163],[-1.1796,46.22948],[-1.11075,46.25922],[-1.10265,46.27196],[-1.1035,46.28001],[-1.10802,46.28852],[-1.11075,46.30268],[-1.13248,46.32412],[-1.17724,46.32616],[-1.21435,46.3107],[-1.21321,46.27912],[-1.2401,46.28425],[-1.25918,46.30044],[-1.27741,46.31952],[-1.29337,46.32266],[-1.30346,46.32388],[-1.33422,46.33674],[-1.35684,46.35033],[-1.37023,46.35419],[-1.42333,46.34248],[-1.44872,46.34341],[-1.45958,46.36473],[-1.46548,46.38996],[-1.48144,46.40819],[-1.50446,46.41934],[-1.53189,46.42308],[-1.59878,46.42504],[-1.62564,46.43114],[-1.61718,46.44355],[-1.63345,46.45429],[-1.68676,46.46088],[-1.72029,46.48127],[-1.74861,46.48656],[-1.76114,46.49201],[-1.76842,46.50023],[-1.77965,46.52212],[-1.78917,46.53294],[-1.78889,46.52045],[-1.78307,46.50414],[-1.78173,46.49543],[-1.786,46.49095],[-1.7954,46.49453],[-1.8048,46.50361],[-1.82706,46.57697],[-1.82266,46.59439],[-1.83869,46.59907],[-1.84659,46.61026],[-1.85123,46.62373],[-1.85741,46.63532],[-1.87243,46.64741],[-1.88781,46.65656],[-1.89977,46.66625],[-1.9099,46.6918],[-1.92317,46.69916],[-1.94001,46.70307],[-1.95645,46.70429],[-1.965,46.71039],[-1.99462,46.75202],[-2.05028,46.79206],[-2.08129,46.80736],[-2.10717,46.81346],[-2.11876,46.81997],[-2.12609,46.8356],[-2.13003,46.85468],[-2.13126,46.87181],[-2.12877,46.89346],[-2.12198,46.90371],[-2.09634,46.91649],[-2.10216,46.93065],[-2.08747,46.94123],[-2.04922,46.95746],[-2.03702,46.97256],[-2.02017,47.00861],[-2.00829,47.02635],[-1.99071,47.03539],[-1.99258,47.05231],[-2.00377,47.07001],[-2.01456,47.08161],[-2.03002,47.09211],[-2.09016,47.11518],[-2.20547,47.1291],[-2.24112,47.14248],[-2.22785,47.14863],[-2.21703,47.1555],[-2.20539,47.1612],[-2.17284,47.16437],[-2.16519,47.16787],[-2.1621,47.17601],[-2.15909,47.19086],[-2.15868,47.2045],[-2.1693,47.22016],[-2.17211,47.23526],[-2.17089,47.24632],[-2.16698,47.25922],[-2.16055,47.27119],[-2.15168,47.27969],[-2.12767,47.28681],[-2.03563,47.29328],[-2.02872,47.29694],[-2.02196,47.29926],[-2.01456,47.30012],[-2.00658,47.29328],[-1.99914,47.28856],[-1.94786,47.27936],[-1.93249,47.27969],[-1.93936,47.28644],[-1.9278,47.28632],[-1.91706,47.28417],[-1.90734,47.27993],[-1.89843,47.27342],[-1.91885,47.27342],[-1.91885,47.26602],[-1.87784,47.24551],[-1.83625,47.23994],[-1.82608,47.23526],[-1.80394,47.21898],[-1.781,47.21198],[-1.72704,47.21076],[-1.74722,47.21992],[-1.78824,47.22557],[-1.80565,47.23526],[-1.83593,47.25975],[-1.87116,47.27969],[-1.90563,47.29393],[-1.92569,47.29849],[-1.94929,47.30012],[-1.95816,47.30239],[-1.97216,47.31216],[-2.01012,47.31973],[-2.1481,47.31322],[-2.17956,47.30012],[-2.18659,47.29271],[-2.19058,47.2862],[-2.19595,47.27993],[-2.20629,47.27342],[-2.23607,47.26748],[-2.25943,47.25161],[-2.27839,47.24641],[-2.29808,47.24665],[-2.31607,47.25165],[-2.33096,47.26081],[-2.35534,47.2801],[-2.37141,47.28644],[-2.38809,47.28791],[-2.39745,47.28758],[-2.4049,47.28644],[-2.41283,47.28172],[-2.41657,47.27497],[-2.41812,47.26887],[-2.41918,47.26602],[-2.44839,47.26659],[-2.54198,47.30012],[-2.54198,47.30695],[-2.51903,47.30463],[-2.47606,47.29068],[-2.45336,47.29328],[-2.43619,47.30703],[-2.44538,47.32038],[-2.46544,47.33381],[-2.48062,47.34789],[-2.48794,47.3454],[-2.49128,47.3439],[-2.49425,47.34174],[-2.48937,47.33442],[-2.48892,47.33039],[-2.49425,47.32062],[-2.5017,47.32062],[-2.50333,47.3496],[-2.5148,47.36494],[-2.55639,47.38325],[-2.4768,47.41568],[-2.46613,47.41523],[-2.4558,47.41218],[-2.43904,47.40998],[-2.44103,47.40445],[-2.44221,47.40436],[-2.4464,47.40253],[-2.43904,47.39631],[-2.42943,47.40388],[-2.39501,47.41698],[-2.39183,47.42365],[-2.40713,47.42573],[-2.43175,47.42617],[-2.44815,47.43061],[-2.43904,47.44477],[-2.45531,47.45222],[-2.47619,47.45376],[-2.48892,47.45917],[-2.48062,47.47822],[-2.49474,47.4912],[-2.48363,47.49795],[-2.42121,47.50023],[-2.38467,47.50715],[-2.36392,47.50617],[-2.38012,47.50922],[-2.40705,47.50605],[-2.42536,47.50617],[-2.5017,47.52668],[-2.51749,47.52839],[-2.53051,47.52725],[-2.56322,47.51984],[-2.6007,47.51984],[-2.60985,47.51773],[-2.61559,47.51415],[-2.62169,47.51341],[-2.63199,47.51984],[-2.61693,47.52172],[-2.59936,47.52912],[-2.58446,47.54047],[-2.57681,47.55394],[-2.59227,47.54365],[-2.60643,47.54206],[-2.6212,47.54304],[-2.63825,47.54027],[-2.63012,47.53913],[-2.62393,47.53718],[-2.61994,47.53339],[-2.61779,47.52668],[-2.64306,47.52643],[-2.65477,47.52831],[-2.66552,47.53352],[-2.6671,47.50959],[-2.68073,47.50422],[-2.71402,47.5124],[-2.7307,47.51162],[-2.78279,47.49942],[-2.80215,47.49811],[-2.81713,47.49921],[-2.83019,47.50361],[-2.84366,47.5124],[-2.84569,47.51618],[-2.86107,47.53583],[-2.86482,47.53685],[-2.86897,47.54218],[-2.87853,47.54532],[-2.88988,47.54662],[-2.89293,47.54767],[-2.89151,47.54906],[-2.89208,47.55394],[-2.90925,47.55842],[-2.89257,47.5666],[-2.86531,47.56664],[-2.85058,47.54654],[-2.84366,47.54654],[-2.83812,47.55183],[-2.83243,47.55402],[-2.82543,47.55248],[-2.8164,47.54654],[-2.8153,47.55297],[-2.80956,47.56761],[-2.79402,47.55512],[-2.76867,47.54955],[-2.74144,47.55134],[-2.7202,47.56078],[-2.72765,47.56761],[-2.68863,47.6044],[-2.68399,47.62299],[-2.70653,47.64273],[-2.70653,47.63654],[-2.69693,47.62979],[-2.69563,47.62336],[-2.70157,47.61835],[-2.71402,47.61603],[-2.69978,47.6092],[-2.70425,47.60444],[-2.70861,47.60228],[-2.7202,47.60175],[-2.72533,47.60737],[-2.77538,47.6291],[-2.75447,47.62702],[-2.73449,47.62226],[-2.74633,47.63386],[-2.75821,47.63907],[-2.78913,47.64273],[-2.77538,47.63654],[-2.79605,47.62987],[-2.84773,47.62617],[-2.85798,47.61913],[-2.86677,47.60716],[-2.88638,47.60102],[-2.91942,47.59553],[-2.91942,47.60175],[-2.91267,47.60175],[-2.91267,47.6092],[-2.92569,47.60765],[-2.92882,47.60602],[-2.93309,47.60175],[-2.93993,47.60175],[-2.94376,47.61396],[-2.94481,47.62409],[-2.94164,47.63182],[-2.93309,47.63654],[-2.9475,47.63691],[-2.958,47.64216],[-2.96459,47.65143],[-2.96719,47.6638],[-2.97468,47.6638],[-2.9733,47.65599],[-2.96858,47.6435],[-2.96719,47.63654],[-2.96719,47.61262],[-2.96361,47.60261],[-2.9547,47.59154],[-2.94351,47.58149],[-2.93309,47.57445],[-2.93562,47.56757],[-2.93724,47.56468],[-2.93993,47.56078],[-2.94262,47.5644],[-2.95295,47.57445],[-2.96129,47.57054],[-2.97029,47.57697],[-2.98095,47.58735],[-2.9945,47.59553],[-2.9886,47.58226],[-2.99421,47.57608],[-3.00341,47.57868],[-3.00817,47.59178],[-3.01179,47.60716],[-3.01822,47.60566],[-3.02172,47.59455],[-3.0157,47.58124],[-3.02994,47.58194],[-3.0358,47.58332],[-3.04239,47.58808],[-3.07384,47.57648],[-3.08975,47.57551],[-3.10375,47.58124],[-3.09732,47.58405],[-3.09073,47.58808],[-3.10045,47.59418],[-3.11205,47.59919],[-3.12328,47.59878],[-3.1317,47.58808],[-3.12719,47.58662],[-3.12296,47.58324],[-3.11803,47.58124],[-3.1289,47.54759],[-3.12328,47.51899],[-3.10676,47.4958],[-3.08454,47.47822],[-3.09813,47.4787],[-3.11913,47.48261],[-3.12548,47.47822],[-3.1317,47.47822],[-3.14379,47.50702],[-3.14538,47.5161],[-3.14322,47.52705],[-3.13386,47.54393],[-3.1317,47.55744],[-3.13418,47.58076],[-3.14118,47.59805],[-3.15217,47.61123],[-3.16649,47.62226],[-3.17602,47.62637],[-3.18724,47.62958],[-3.19668,47.63349],[-3.20059,47.63959],[-3.19839,47.65257],[-3.18635,47.68061],[-3.11119,47.70417],[-3.11506,47.70942],[-3.11718,47.71503],[-3.11803,47.72215],[-3.11803,47.73212],[-3.12279,47.72993],[-3.13451,47.72679],[-3.13915,47.72468],[-3.13976,47.7458],[-3.13915,47.75259],[-3.14538,47.75259],[-3.15319,47.74201],[-3.16393,47.74388],[-3.17736,47.74852],[-3.19319,47.74641],[-3.17919,47.74274],[-3.16967,47.73542],[-3.16332,47.72476],[-3.15909,47.71101],[-3.16405,47.71027],[-3.16503,47.70954],[-3.16503,47.70791],[-3.16649,47.70417],[-3.17837,47.71003],[-3.18537,47.70637],[-3.19323,47.69994],[-3.20739,47.69733],[-3.20352,47.69432],[-3.19319,47.68374],[-3.20714,47.67914],[-3.2119,47.66983],[-3.21508,47.66059],[-3.22419,47.6564],[-3.2316,47.66035],[-3.26207,47.68374],[-3.28759,47.68867],[-3.33153,47.69672],[-3.35827,47.69733],[-3.3402,47.7023],[-3.32242,47.70099],[-3.28262,47.69115],[-3.28262,47.69733],[-3.29845,47.70384],[-3.31627,47.70808],[-3.35827,47.71101],[-3.35827,47.71845],[-3.34936,47.71906],[-3.34512,47.72126],[-3.34398,47.72626],[-3.34398,47.73554],[-3.34057,47.73949],[-3.32356,47.73774],[-3.31729,47.73896],[-3.30443,47.76114],[-3.2954,47.77302],[-3.28262,47.77993],[-3.28262,47.78734],[-3.30435,47.77009],[-3.33178,47.75251],[-3.36217,47.74042],[-3.38317,47.73705],[-3.37548,47.73404],[-3.36925,47.7298],[-3.36449,47.72468],[-3.36449,47.71845],[-3.44644,47.70458],[-3.46068,47.70759],[-3.465,47.71304],[-3.49486,47.73896],[-3.50918,47.75943],[-3.52025,47.76813],[-3.52448,47.77245],[-3.52831,47.77993],[-3.5393,47.77375],[-3.55565,47.77399],[-3.59097,47.77993],[-3.61685,47.77912],[-3.62515,47.77993],[-3.63305,47.78303],[-3.6444,47.79173],[-3.64904,47.79361],[-3.68692,47.7923],[-3.70617,47.79694],[-3.71459,47.81061],[-3.72322,47.81338],[-3.77538,47.79361],[-3.78991,47.80321],[-3.81119,47.80292],[-3.83357,47.79975],[-3.85171,47.80101],[-3.8531,47.80435],[-3.87222,47.82832],[-3.87922,47.83356],[-3.88646,47.83747],[-3.88996,47.84345],[-3.88585,47.85505],[-3.89452,47.85529],[-3.90079,47.85712],[-3.9132,47.86245],[-3.91633,47.87336],[-3.93513,47.88788],[-3.96182,47.89997],[-3.98827,47.90347],[-3.97924,47.883],[-3.98648,47.86791],[-4.0089,47.85126],[-4.02921,47.85505],[-4.01915,47.85448],[-4.01122,47.85594],[-4.00544,47.8605],[-4.00194,47.86929],[-4.01407,47.86628],[-4.02404,47.86595],[-4.03156,47.86371],[-4.03669,47.85505],[-4.06493,47.8708],[-4.07824,47.87442],[-4.09439,47.87547],[-4.10656,47.88011],[-4.11929,47.89191],[-4.12914,47.90762],[-4.13219,47.9239],[-4.14273,47.91201],[-4.13683,47.89692],[-4.12336,47.88325],[-4.1112,47.87547],[-4.1112,47.86929],[-4.12377,47.8686],[-4.13362,47.8662],[-4.14265,47.86176],[-4.15274,47.85505],[-4.17162,47.87702],[-4.18562,47.87442],[-4.18847,47.86213],[-4.1739,47.85505],[-4.17667,47.85126],[-4.18004,47.84821],[-4.18004,47.84199],[-4.15274,47.84199],[-4.15274,47.83446],[-4.18521,47.81338],[-4.20055,47.8072],[-4.22517,47.80244],[-4.37182,47.8072],[-4.37125,47.81477],[-4.37344,47.82868],[-4.37182,47.83446],[-4.36547,47.8371],[-4.35607,47.83706],[-4.34765,47.83832],[-4.34386,47.84512],[-4.34732,47.86294],[-4.36221,47.88858],[-4.37198,47.91584],[-4.38695,47.93407],[-4.43464,47.97565],[-4.52326,48.02269],[-4.53327,48.02631],[-4.5467,48.02074],[-4.55899,48.01069],[-4.57201,48.00593],[-4.60196,48.02558],[-4.61921,48.02766],[-4.65298,48.02631],[-4.72814,48.0406],[-4.72151,48.04413],[-4.71646,48.05024],[-4.71227,48.05659],[-4.70621,48.06391],[-4.70556,48.06745],[-4.70425,48.07123],[-4.7008,48.07477],[-4.69742,48.0749],[-4.68952,48.06883],[-4.6837,48.06733],[-4.36193,48.11571],[-4.30476,48.10407],[-4.28991,48.10822],[-4.28539,48.11538],[-4.27571,48.14362],[-4.28018,48.15493],[-4.29434,48.16706],[-4.29735,48.17406],[-4.30236,48.19636],[-4.31583,48.20551],[-4.35823,48.21186],[-4.36612,48.21516],[-4.37243,48.22004],[-4.37686,48.22598],[-4.37926,48.23237],[-4.40437,48.22614],[-4.45763,48.24897],[-4.48546,48.24262],[-4.49999,48.22492],[-4.51399,48.20209],[-4.53165,48.18309],[-4.55748,48.17719],[-4.54874,48.19843],[-4.54377,48.20506],[-4.55504,48.21654],[-4.56119,48.22504],[-4.56363,48.23237],[-4.55867,48.24421],[-4.55093,48.2486],[-4.54719,48.25259],[-4.55407,48.26276],[-4.56627,48.26488],[-4.62633,48.26655],[-4.62369,48.27705],[-4.62633,48.28706],[-4.61539,48.29108],[-4.60709,48.2906],[-4.59879,48.2884],[-4.58788,48.28706],[-4.57519,48.29002],[-4.57291,48.29682],[-4.57551,48.30386],[-4.57726,48.30752],[-4.55948,48.33869],[-4.5467,48.34683],[-4.53014,48.34162],[-4.5432,48.30467],[-4.51553,48.29584],[-4.4265,48.30004],[-4.41637,48.29662],[-4.40966,48.2923],[-4.40197,48.28856],[-4.38899,48.28706],[-4.37686,48.28779],[-4.3297,48.29702],[-4.2626,48.30004],[-4.26895,48.29584],[-4.27522,48.29401],[-4.28991,48.29385],[-4.26936,48.2884],[-4.18749,48.30004],[-4.18749,48.30752],[-4.21882,48.30606],[-4.23054,48.30988],[-4.23473,48.32172],[-4.24397,48.31391],[-4.25772,48.31135],[-4.27017,48.31468],[-4.27571,48.32486],[-4.28197,48.32368],[-4.3247,48.32172],[-4.31631,48.3308],[-4.31208,48.33308],[-4.30362,48.33539],[-4.30313,48.33959],[-4.29849,48.34382],[-4.28869,48.34854],[-4.2694,48.36274],[-4.28629,48.36254],[-4.30899,48.35155],[-4.3247,48.34846],[-4.3247,48.35529],[-4.31729,48.35529],[-4.31729,48.36274],[-4.3247,48.36274],[-4.32779,48.35786],[-4.33406,48.35273],[-4.33772,48.34846],[-4.35261,48.35273],[-4.38419,48.33812],[-4.40661,48.33539],[-4.4038,48.33918],[-4.40282,48.33959],[-4.39916,48.34162],[-4.40661,48.34846],[-4.41503,48.34292],[-4.4265,48.33885],[-4.43993,48.33637],[-4.45373,48.33539],[-4.45373,48.34162],[-4.3966,48.38776],[-4.38557,48.39374],[-4.28991,48.43159],[-4.30773,48.42805],[-4.33902,48.41608],[-4.35896,48.41112],[-4.4265,48.40371],[-4.45751,48.39484],[-4.52062,48.36831],[-4.56957,48.3603],[-4.59936,48.35016],[-4.61889,48.34846],[-4.63634,48.35114],[-4.67113,48.36058],[-4.69054,48.36274],[-4.69408,48.35944],[-4.69408,48.3522],[-4.69567,48.34496],[-4.7045,48.34162],[-4.75499,48.34199],[-4.76838,48.3454],[-4.77717,48.35562],[-4.78336,48.37641],[-4.76476,48.37763],[-4.76635,48.39045],[-4.78336,48.41739],[-4.7849,48.43618],[-4.77986,48.4549],[-4.76806,48.46865],[-4.74926,48.4726],[-4.74926,48.47883],[-4.77465,48.49128],[-4.76456,48.52021],[-4.7399,48.55073],[-4.72199,48.56818],[-4.71158,48.56367],[-4.7008,48.56074],[-4.70824,48.56818],[-4.69229,48.57551],[-4.67345,48.57958],[-4.64249,48.58185],[-4.62304,48.57819],[-4.58983,48.56574],[-4.57726,48.56818],[-4.60049,48.58934],[-4.60774,48.60301],[-4.59464,48.60912],[-4.54882,48.60122],[-4.53014,48.60171],[-4.55748,48.60912],[-4.55443,48.61323],[-4.5526,48.61652],[-4.5548,48.6197],[-4.56363,48.62344],[-4.56363,48.62962],[-4.48546,48.62962],[-4.46288,48.63231],[-4.4298,48.64281],[-4.40661,48.64326],[-4.4204,48.64887],[-4.4265,48.65009],[-4.4265,48.65754],[-4.39806,48.66096],[-4.37023,48.67182],[-4.34325,48.67886],[-4.31729,48.67805],[-4.29914,48.66364],[-4.30651,48.64155],[-4.28311,48.64326],[-4.25259,48.65546],[-4.24205,48.65754],[-4.22981,48.65595],[-4.20714,48.64997],[-4.19376,48.65009],[-4.19376,48.65754],[-4.213,48.6612],[-4.20775,48.67137],[-4.19058,48.68305],[-4.1739,48.69111],[-4.15465,48.69623],[-4.13146,48.69916],[-4.10871,48.69815],[-4.09069,48.69111],[-4.08479,48.69717],[-4.07925,48.69693],[-4.07433,48.69229],[-4.07022,48.68488],[-4.06404,48.68488],[-4.05736,48.6896],[-4.05329,48.69554],[-4.05264,48.70307],[-4.05655,48.71214],[-4.04271,48.71393],[-4.03051,48.71703],[-4.00935,48.72582],[-3.97399,48.73282],[-3.96776,48.72956],[-3.97029,48.72004],[-3.97387,48.71279],[-3.97273,48.70771],[-3.96101,48.70474],[-3.96101,48.69855],[-3.96776,48.69855],[-3.96776,48.69111],[-3.95775,48.68684],[-3.95104,48.67939],[-3.94953,48.66934],[-3.95474,48.65754],[-3.92658,48.67617],[-3.91194,48.68122],[-3.892,48.67805],[-3.90197,48.67202],[-3.90632,48.6706],[-3.90632,48.66437],[-3.89419,48.65355],[-3.86465,48.64102],[-3.85171,48.62962],[-3.84431,48.63646],[-3.85171,48.64326],[-3.84431,48.65009],[-3.84895,48.65632],[-3.85245,48.66454],[-3.8579,48.68488],[-3.85171,48.68488],[-3.8485,48.67902],[-3.84545,48.67601],[-3.83747,48.6706],[-3.84008,48.68806],[-3.83715,48.70726],[-3.82925,48.71845],[-3.81697,48.71214],[-3.81265,48.71674],[-3.81046,48.7215],[-3.8098,48.72695],[-3.81013,48.73322],[-3.79711,48.72118],[-3.77843,48.71735],[-3.73192,48.71898],[-3.72085,48.71601],[-3.69787,48.70234],[-3.68663,48.69855],[-3.67382,48.69823],[-3.63817,48.70474],[-3.63854,48.68781],[-3.614,48.68268],[-3.58479,48.68281],[-3.57055,48.68797],[-3.58047,48.71109],[-3.58454,48.72639],[-3.58047,48.73322],[-3.52831,48.73949],[-3.54284,48.74567],[-3.57738,48.77424],[-3.58153,48.7906],[-3.5714,48.79906],[-3.54259,48.80781],[-3.52086,48.83364],[-3.51529,48.84195],[-3.50918,48.84195],[-3.49983,48.83698],[-3.46813,48.83568],[-3.43358,48.82221],[-3.41975,48.82144],[-3.4254,48.81843],[-3.42809,48.81574],[-3.42992,48.81244],[-3.43334,48.80781],[-3.4099,48.80654],[-3.39761,48.80732],[-3.38874,48.81118],[-3.37865,48.81932],[-3.37182,48.8225],[-3.28747,48.84345],[-3.27579,48.84935],[-3.26895,48.84935],[-3.25951,48.84772],[-3.22973,48.87226],[-3.21361,48.86982],[-3.20714,48.85541],[-3.20775,48.83592],[-3.21495,48.81786],[-3.2279,48.80781],[-3.2268,48.80329],[-3.22558,48.80048],[-3.22053,48.79413],[-3.21687,48.80679],[-3.20873,48.81635],[-3.17882,48.84101],[-3.15421,48.85493],[-3.14538,48.86237],[-3.135,48.8592],[-3.11644,48.87409],[-3.10375,48.87665],[-3.09146,48.87128],[-3.08434,48.86221],[-3.08373,48.85171],[-3.09073,48.84195],[-3.09073,48.83568],[-3.07706,48.82827],[-3.08462,48.82014],[-3.09752,48.79413],[-3.10407,48.7862],[-3.12548,48.7674],[-3.12548,48.75995],[-3.11803,48.75995],[-3.08503,48.805],[-3.0655,48.82396],[-3.04918,48.82144],[-3.0393,48.82697],[-3.02872,48.8288],[-3.01822,48.82697],[-3.00817,48.82144],[-3.0157,48.8146],[-3.01179,48.81367],[-3.00939,48.81371],[-3.00837,48.81249],[-3.00817,48.80781],[-3.01781,48.80585],[-3.0255,48.80292],[-3.04239,48.79413],[-3.04239,48.78791],[-3.02929,48.78046],[-3.00365,48.77387],[-2.95295,48.77228],[-2.93309,48.7674],[-2.93444,48.7591],[-2.9344,48.75308],[-2.93309,48.74632],[-2.94274,48.74091],[-2.94668,48.73949],[-2.94668,48.73322],[-2.93204,48.72695],[-2.91397,48.7165],[-2.89867,48.70478],[-2.89208,48.69477],[-2.82698,48.65754],[-2.81705,48.62767],[-2.81298,48.6197],[-2.81143,48.61457],[-2.81436,48.60993],[-2.8164,48.60493],[-2.81298,48.59858],[-2.80801,48.59561],[-2.79503,48.59125],[-2.77107,48.57917],[-2.71402,48.56074],[-2.71695,48.5517],[-2.72102,48.54462],[-2.72667,48.53897],[-2.73449,48.534],[-2.72273,48.53364],[-2.71312,48.5301],[-2.7047,48.52416],[-2.69628,48.51667],[-2.68236,48.50902],[-2.67968,48.51838],[-2.68025,48.53278],[-2.67614,48.54023],[-2.63634,48.5388],[-2.62003,48.54361],[-2.6007,48.5576],[-2.57706,48.58246],[-2.56941,48.58869],[-2.55883,48.59414],[-2.54109,48.59809],[-2.47362,48.62596],[-2.45954,48.63646],[-2.45954,48.64326],[-2.46801,48.64395],[-2.48746,48.65009],[-2.44286,48.65908],[-2.42105,48.65697],[-2.41226,48.64326],[-2.38622,48.65009],[-2.35607,48.66327],[-2.32999,48.68037],[-2.31607,48.69855],[-2.31249,48.68696],[-2.30533,48.67963],[-2.29524,48.67658],[-2.28197,48.67805],[-2.28197,48.6706],[-2.28942,48.66657],[-2.29377,48.66136],[-2.29747,48.65571],[-2.3024,48.65009],[-2.33031,48.62962],[-2.31265,48.62018],[-2.29402,48.62861],[-2.27359,48.64265],[-2.25097,48.65009],[-2.2462,48.64472],[-2.24071,48.62132],[-2.23729,48.61591],[-2.22594,48.61237],[-2.21923,48.60366],[-2.21569,48.59243],[-2.21369,48.58185],[-2.20279,48.58588],[-2.19555,48.59345],[-2.19213,48.60375],[-2.19262,48.61591],[-2.18838,48.6013],[-2.18297,48.58877],[-2.17406,48.58295],[-2.15909,48.58869],[-2.15909,48.59544],[-2.1632,48.5965],[-2.17211,48.60171],[-2.16104,48.61302],[-2.14932,48.61888],[-2.13703,48.61799],[-2.12434,48.60912],[-2.13126,48.6153],[-2.13663,48.62214],[-2.14485,48.63646],[-2.10021,48.64692],[-2.05236,48.65009],[-2.04979,48.64558],[-2.02872,48.6197],[-2.02709,48.60895],[-2.02204,48.59894],[-2.01325,48.59162],[-2.00088,48.58869],[-2.00512,48.57884],[-2.00829,48.57502],[-1.98249,48.54898],[-1.97639,48.53563],[-1.98029,48.51358],[-1.97045,48.5207],[-1.93936,48.534],[-1.96728,48.54707],[-1.9619,48.55492],[-1.97663,48.5727],[-1.98029,48.58869],[-1.9735,48.58869],[-1.96939,48.58417],[-1.96516,48.5812],[-1.95295,48.57502],[-1.96036,48.58662],[-1.96939,48.59276],[-1.97981,48.59512],[-1.99112,48.59544],[-2.00048,48.6013],[-2.01903,48.63105],[-2.02872,48.64326],[-2.02554,48.65131],[-2.01814,48.66035],[-2.00658,48.66763],[-1.99112,48.6706],[-1.9877,48.67377],[-1.9877,48.68085],[-1.98591,48.68789],[-1.97696,48.69111],[-1.93936,48.69111],[-1.94563,48.69855],[-1.84374,48.71214],[-1.84667,48.70783],[-1.84691,48.70344],[-1.84358,48.69815],[-1.83633,48.69111],[-1.86119,48.66421],[-1.86095,48.64086],[-1.83821,48.62376],[-1.79601,48.61591],[-1.72281,48.6153],[-1.64395,48.62344],[-1.59569,48.64094],[-1.58967,48.64179],[-1.5797,48.64326],[-1.50056,48.63646],[-1.39314,48.65241],[-1.35656,48.64326],[-1.3723,48.66059],[-1.3946,48.66828],[-1.43285,48.6706],[-1.43301,48.66828],[-1.43773,48.66445],[-1.44327,48.66283],[-1.44595,48.66747],[-1.44709,48.6739],[-1.45051,48.67951],[-1.4558,48.68342],[-1.49022,48.69013],[-1.50267,48.6955],[-1.50796,48.70161],[-1.51647,48.72516],[-1.55362,48.74714],[-1.56208,48.77082],[-1.56257,48.79849],[-1.56676,48.82217],[-1.57885,48.83784],[-1.60293,48.84195],[-1.60293,48.84935],[-1.5891,48.85358],[-1.57852,48.86262],[-1.57185,48.87421],[-1.56371,48.92211],[-1.55704,48.93232],[-1.54841,48.92381],[-1.54279,48.93525],[-1.54198,48.94408],[-1.54703,48.94969],[-1.55899,48.95181],[-1.56306,48.95759],[-1.55224,49.01545],[-1.54577,49.03034],[-1.53234,49.03514],[-1.50796,49.02753],[-1.50796,49.03368],[-1.52725,49.03978],[-1.54971,49.03978],[-1.56843,49.03266],[-1.57632,49.01728],[-1.57946,49.01317],[-1.58654,49.01899],[-1.59358,49.029],[-1.59675,49.03742],[-1.59594,49.06126],[-1.59374,49.07197],[-1.58935,49.0821],[-1.60342,49.08397],[-1.60875,49.0915],[-1.60774,49.10273],[-1.60293,49.11563],[-1.59594,49.12848],[-1.58902,49.13459],[-1.56949,49.14354],[-1.58178,49.14985],[-1.58422,49.14842],[-1.58935,49.14354],[-1.59777,49.15937],[-1.60448,49.17821],[-1.60879,49.19782],[-1.61042,49.21589],[-1.60265,49.22541],[-1.58446,49.22626],[-1.54841,49.21931],[-1.54841,49.22549],[-1.56957,49.22968],[-1.59529,49.23786],[-1.61685,49.23823],[-1.62466,49.21931],[-1.64053,49.23151],[-1.65709,49.26838],[-1.67186,49.2801],[-1.66539,49.28461],[-1.66259,49.28604],[-1.65819,49.28754],[-1.68692,49.30244],[-1.69909,49.31354],[-1.70665,49.32917],[-1.68619,49.32917],[-1.68619,49.33535],[-1.69913,49.35586],[-1.70665,49.35586],[-1.71475,49.33853],[-1.73327,49.34626],[-1.75573,49.36245],[-1.7755,49.3701],[-1.77286,49.37702],[-1.77111,49.37995],[-1.76797,49.38373],[-1.78189,49.38154],[-1.79507,49.37763],[-1.80679,49.37686],[-1.81648,49.38373],[-1.81957,49.3968],[-1.81578,49.43085],[-1.81648,49.44522],[-1.81941,49.45205],[-1.8236,49.45848],[-1.83821,49.47582],[-1.83951,49.48066],[-1.84024,49.48583],[-1.84374,49.4936],[-1.85359,49.5043],[-1.87946,49.52497],[-1.88467,49.53091],[-1.87841,49.54487],[-1.85017,49.56171],[-1.84374,49.57185],[-1.83922,49.60318],[-1.83951,49.61978],[-1.84691,49.63394],[-1.85505,49.64509],[-1.86058,49.65477],[-1.8695,49.66169],[-1.9016,49.66584],[-1.94563,49.67797],[-1.93765,49.70157],[-1.93956,49.71646],[-1.93521,49.72411],[-1.90836,49.72639],[-1.899,49.72427],[-1.87914,49.71483],[-1.8673,49.71271],[-1.83943,49.7154],[-1.82946,49.71271],[-1.82462,49.70844],[-1.82095,49.69636],[-1.81648,49.69164],[-1.81184,49.69074],[-1.80089,49.69208],[-1.79601,49.69164],[-1.774,49.68671],[-1.70775,49.68016],[-1.63305,49.66352],[-1.61718,49.66429],[-1.61669,49.66201],[-1.61636,49.65705],[-1.61392,49.65225],[-1.60668,49.65005],[-1.59732,49.65229],[-1.58373,49.66206],[-1.57286,49.66429],[-1.56119,49.66303],[-1.54039,49.65778],[-1.52843,49.65746],[-1.51146,49.66254],[-1.49592,49.67219],[-1.47012,49.69505],[-1.45572,49.70222],[-1.40949,49.71158],[-1.39126,49.71271],[-1.27115,49.69843],[-1.26305,49.6955],[-1.2591,49.6883],[-1.25414,49.67178],[-1.23225,49.64142],[-1.22777,49.62409],[-1.25333,49.61225],[-1.25756,49.60285],[-1.26,49.59345],[-1.26403,49.58926],[-1.2862,49.58893],[-1.29499,49.58682],[-1.30142,49.58177],[-1.30626,49.55809],[-1.29361,49.5384],[-1.27652,49.52074],[-1.26159,49.49315],[-1.18529,49.43037],[-1.17569,49.41523],[-1.17223,49.39338],[-1.17422,49.38239],[-1.1787,49.37458],[-1.18326,49.36945],[-1.18517,49.3664],[-1.182,49.35619],[-1.17382,49.357],[-1.16308,49.36152],[-1.15172,49.3627],[-1.14102,49.35668],[-1.13345,49.34951],[-1.12287,49.34544],[-1.10342,49.34903],[-1.10342,49.35586],[-1.11376,49.36579],[-1.10635,49.37946],[-1.08959,49.39155],[-1.07225,49.3968],[-0.94042,49.39228],[-0.82213,49.3627],[-0.65079,49.35586],[-0.60798,49.3474],[-0.58336,49.34589],[-0.54695,49.35895],[-0.52253,49.35529],[-0.47948,49.34276],[-0.41112,49.34276],[-0.39363,49.33804],[-0.36343,49.32502],[-0.3131,49.31733],[-0.21947,49.2801],[-0.19408,49.29523],[-0.03384,49.32005],[0.01287,49.33462],[0.04029,49.35041],[0.06308,49.35448],[0.07195,49.35928],[0.09596,49.38373],[0.16236,49.41519],[0.28688,49.43362],[0.41131,49.45205],[0.45729,49.46743],[0.47657,49.47866],[0.49317,49.4936],[0.42213,49.46442],[0.33961,49.45673],[0.25685,49.46406],[0.18531,49.47997],[0.16481,49.47997],[0.14731,49.48094],[0.12436,49.48578],[0.10442,49.4936],[0.09596,49.50324],[0.09278,49.50926],[0.07862,49.51553],[0.07537,49.52408],[0.07659,49.53498],[0.07968,49.54218],[0.13087,49.6035],[0.17091,49.69164],[0.18588,49.70319],[0.23585,49.72931],[0.24676,49.72944],[0.25685,49.73591],[0.38746,49.77505],[0.39763,49.78437],[0.5228,49.83295],[0.55738,49.83979],[0.59669,49.85724],[0.67482,49.8758],[0.76092,49.87507],[1.17262,49.96101],[1.19695,49.97358],[1.2212,49.97899],[1.261,50.00751],[1.39129,50.07518],[1.4441,50.11726],[1.45582,50.1236],[1.46453,50.13215],[1.48683,50.18505],[1.52101,50.21467],[1.55535,50.21772],[1.65431,50.18659],[1.66407,50.18708],[1.67254,50.19253],[1.67254,50.19937],[1.66196,50.19892],[1.65528,50.20051],[1.65008,50.20478],[1.64454,50.21239],[1.66505,50.21239],[1.66505,50.21979],[1.64568,50.22004],[1.6255,50.22431],[1.61004,50.23224],[1.60353,50.24348],[1.59392,50.25629],[1.55112,50.26968],[1.54151,50.2779],[1.54314,50.31],[1.55152,50.34907],[1.57203,50.37568],[1.59498,50.37267],[1.61036,50.37067],[1.61036,50.3769],[1.55519,50.40477],[1.55519,50.41157],[1.5735,50.44538],[1.57423,50.49238],[1.57927,50.53315],[1.61036,50.54816],[1.58334,50.57469],[1.57789,50.58861],[1.57358,50.63556],[1.56316,50.67829],[1.56267,50.69896],[1.56764,50.71674],[1.58872,50.75629],[1.60011,50.77098],[1.60564,50.79002],[1.59929,50.81293],[1.58318,50.8498],[1.58082,50.86371],[1.58058,50.8688],[1.60483,50.88105],[1.61346,50.88337],[1.63429,50.88459],[1.65333,50.88911],[1.67018,50.90009],[1.69907,50.9256],[1.72983,50.94391],[1.9214,50.99677],[1.9393,50.99445],[1.97348,51.00715],[2.13404,51.01996],[2.30551,51.05541],[2.31609,51.05903],[2.32447,51.05988],[2.38445,51.05533],[2.46608,51.06879],[2.50668,51.08076],[2.52149,51.08739],[2.5218,51.08754]],[[1.98337,42.44126],[1.98616,42.44126],[1.99608,42.44284],[1.9995,42.4439],[1.98844,42.45819],[1.97831,42.47498],[1.96797,42.4857],[1.9566,42.48177],[1.94565,42.46382],[1.94751,42.45123],[1.96063,42.44371],[1.98337,42.44126]]],[[[-1.21939,45.94391],[-1.22436,45.93505],[-1.21394,45.92805],[-1.18517,45.91596],[-1.17772,45.90693],[-1.1761,45.89875],[-1.18419,45.85635],[-1.19457,45.83006],[-1.20922,45.81415],[-1.22688,45.81977],[-1.2412,45.85456],[-1.24942,45.86774],[-1.26036,45.88182],[-1.319,45.92813],[-1.34016,45.93867],[-1.36172,45.95673],[-1.37833,45.97598],[-1.37389,45.98493],[-1.37165,45.99531],[-1.38292,46.0185],[-1.40494,46.05317],[-1.37389,46.05024],[-1.33991,46.03783],[-1.30871,46.02025],[-1.28515,46.00165],[-1.27383,45.99763],[-1.26122,46.00068],[-1.24763,46.00178],[-1.23363,45.99168],[-1.22956,45.97923],[-1.23119,45.96792],[-1.23046,45.9582],[-1.21939,45.95075],[-1.21939,45.94391]]],[[[-1.2814,46.15619],[-1.28628,46.1601],[-1.29068,46.16132],[-1.33609,46.16722],[-1.43285,46.21084],[-1.48892,46.20336],[-1.50426,46.20767],[-1.54483,46.23989],[-1.55582,46.24555],[-1.55582,46.25178],[-1.49812,46.26191],[-1.48009,46.25922],[-1.47273,46.25528],[-1.46789,46.2499],[-1.46744,46.24396],[-1.47387,46.2381],[-1.49771,46.24518],[-1.50796,46.24555],[-1.49055,46.22443],[-1.46418,46.22492],[-1.43545,46.23383],[-1.41112,46.2381],[-1.41112,46.23127],[-1.42536,46.23127],[-1.42536,46.22382],[-1.40876,46.21825],[-1.3081,46.20694],[-1.28474,46.19644],[-1.26574,46.18098],[-1.25414,46.16242],[-1.26342,46.16185],[-1.27086,46.16022],[-1.2814,46.15619]]]]}},{"type":"Feature","properties":{"ADM0_A3":"DEU","NAME_FR":"Allemagne"},"geometry":{"type":"MultiPolygon","coordinates":[[[[13.81573,48.76643],[13.78586,48.72478],[13.78358,48.71527],[13.78875,48.71651],[13.7994,48.70261],[13.80436,48.69956],[13.81686,48.69558],[13.80353,48.68716],[13.80095,48.67522],[13.80622,48.64292],[13.80549,48.62613],[13.80239,48.61171],[13.79619,48.59858],[13.77903,48.57393],[13.77428,48.56921],[13.76601,48.56376],[13.75805,48.56148],[13.73728,48.55926],[13.73387,48.55978],[13.72539,48.54838],[13.71651,48.52169],[13.71434,48.52322],[13.67336,48.53549],[13.65806,48.55109],[13.64183,48.5591],[13.62437,48.56536],[13.5207,48.58458],[13.48722,48.58158],[13.45456,48.57344],[13.44557,48.56791],[13.44009,48.56097],[13.44071,48.55735],[13.44371,48.55285],[13.44774,48.53482],[13.45704,48.52518],[13.45921,48.51639],[13.45642,48.50665],[13.44298,48.48771],[13.43823,48.47854],[13.43637,48.46924],[13.43823,48.441],[13.43616,48.43059],[13.43172,48.42371],[13.42717,48.41854],[13.42521,48.41338],[13.41952,48.39216],[13.40557,48.37658],[13.3078,48.31964],[13.27421,48.3071],[13.13644,48.29106],[13.03278,48.26357],[13.01665,48.25589],[12.97945,48.23202],[12.9472,48.22],[12.9317,48.21163],[12.93304,48.20925],[12.87764,48.20205],[12.86255,48.19665],[12.85346,48.18998],[12.83516,48.1707],[12.82214,48.16068],[12.78235,48.14202],[12.77832,48.13872],[12.76406,48.12376],[12.75796,48.1219],[12.75145,48.1221],[12.74504,48.12063],[12.73894,48.11345],[12.73698,48.09996],[12.74204,48.08678],[12.75093,48.07474],[12.76023,48.06487],[12.83062,48.01547],[12.8456,47.99314],[12.84825,47.98239],[12.8486,47.98095],[12.85398,47.97048],[12.86204,47.96255],[12.88601,47.95289],[12.90617,47.93891],[12.91423,47.93599],[12.93108,47.92488],[12.96498,47.87196],[12.98658,47.85026],[12.99123,47.84711],[12.92674,47.77739],[12.92126,47.76954],[12.91929,47.76318],[12.91898,47.75678],[12.91723,47.75016],[12.91082,47.74308],[12.91061,47.74293],[12.89201,47.72355],[12.90834,47.71236],[12.96405,47.70536],[12.97903,47.70709],[13.00435,47.71461],[13.01986,47.71293],[13.03226,47.70662],[13.04456,47.69657],[13.06409,47.67399],[13.07205,47.65947],[13.07484,47.64665],[13.07422,47.63451],[13.07205,47.62242],[13.06957,47.62025],[13.05768,47.60043],[13.05706,47.59766],[13.04094,47.58335],[13.03825,47.58402],[13.03908,47.56134],[13.04125,47.5619],[13.04011,47.56046],[13.0306,47.54426],[13.02812,47.54165],[13.02812,47.52423],[13.02895,47.51803],[13.03122,47.51255],[13.03443,47.50744],[13.03701,47.50136],[13.03732,47.49305],[13.0088,47.4701],[13.00187,47.46602],[12.99112,47.46568],[12.98492,47.46827],[12.97934,47.47225],[12.96973,47.47573],[12.95929,47.47553],[12.95102,47.47248],[12.94255,47.47049],[12.93159,47.47351],[12.8826,47.49858],[12.83692,47.53265],[12.82845,47.53726],[12.81904,47.53953],[12.80364,47.54134],[12.77894,47.55483],[12.77367,47.5795],[12.78586,47.60268],[12.81315,47.61182],[12.79331,47.62479],[12.76736,47.63637],[12.75165,47.64939],[12.76199,47.66686],[12.74483,47.66536],[12.68871,47.67513],[12.65306,47.67513],[12.6174,47.66934],[12.59838,47.66288],[12.56338,47.64176],[12.55384,47.63601],[12.53823,47.63133],[12.51715,47.62854],[12.49658,47.6289],[12.48252,47.63358],[12.45276,47.64975],[12.4447,47.65629],[12.43922,47.66448],[12.42878,47.6858],[12.42413,47.69156],[12.4077,47.69373],[12.36842,47.68355],[12.35147,47.68169],[12.2937,47.69001],[12.27189,47.68789],[12.24957,47.68001],[12.23871,47.6789],[12.22879,47.68487],[12.22331,47.6959],[12.22662,47.70288],[12.23303,47.70887],[12.23654,47.71678],[12.23913,47.72745],[12.24223,47.73202],[12.23975,47.73169],[12.22518,47.72737],[12.21649,47.7237],[12.19241,47.71016],[12.1766,47.70582],[12.17856,47.69766],[12.18177,47.69213],[12.18911,47.68557],[12.19727,47.68009],[12.20233,47.67779],[12.20513,47.67229],[12.20678,47.64557],[12.20575,47.63621],[12.20213,47.62983],[12.1736,47.60508],[12.16564,47.60397],[11.93589,47.61074],[11.85197,47.59916],[11.8407,47.59461],[11.83068,47.57761],[11.82034,47.57529],[11.76402,47.58312],[11.68257,47.58335],[11.63896,47.58924],[11.62046,47.58965],[11.61705,47.58676],[11.58914,47.57038],[11.58232,47.55978],[11.57447,47.53663],[11.5694,47.52738],[11.55121,47.51369],[11.52951,47.50785],[11.48259,47.50258],[11.45995,47.50744],[11.43535,47.50971],[11.41262,47.50609],[11.36549,47.46933],[11.37779,47.46705],[11.38864,47.46222],[11.39246,47.45478],[11.38388,47.44486],[11.36766,47.44013],[11.32425,47.43943],[11.30565,47.4354],[11.28632,47.42321],[11.27309,47.41111],[11.25883,47.40073],[11.23702,47.39396],[11.21304,47.39582],[11.21521,47.423],[11.19382,47.42894],[11.1686,47.42426],[11.10328,47.39357],[11.08375,47.38951],[10.97946,47.39055],[10.96551,47.39608],[10.95528,47.40961],[10.95766,47.40972],[10.96086,47.41432],[10.96313,47.42124],[10.96282,47.42796],[10.95983,47.43251],[10.90991,47.46899],[10.85844,47.48517],[10.85162,47.4931],[10.88386,47.50801],[10.89223,47.51488],[10.86929,47.52658],[10.85864,47.53067],[10.84479,47.53131],[10.83064,47.52857],[10.79033,47.51607],[10.76077,47.51364],[10.75219,47.51539],[10.74723,47.52015],[10.74392,47.52532],[10.73989,47.52847],[10.60791,47.56227],[10.58373,47.56247],[10.56988,47.55594],[10.54962,47.53679],[10.53691,47.52987],[10.52512,47.52847],[10.48254,47.53286],[10.46694,47.53772],[10.45877,47.54165],[10.4535,47.54625],[10.45174,47.55483],[10.45547,47.56118],[10.46032,47.56599],[10.46156,47.56991],[10.45712,47.57924],[10.4536,47.5811],[10.44596,47.57906],[10.42921,47.57702],[10.41423,47.57301],[10.41567,47.56439],[10.42436,47.55335],[10.43097,47.54216],[10.42973,47.53291],[10.4196,47.49305],[10.43366,47.48785],[10.44224,47.48139],[10.44761,47.47258],[10.45174,47.46021],[10.45195,47.43876],[10.44286,47.41628],[10.42828,47.39605],[10.41164,47.38104],[10.40306,47.37711],[10.38198,47.37212],[10.37165,47.36739],[10.36565,47.36111],[10.34343,47.33076],[10.32545,47.31432],[10.30591,47.30218],[10.26116,47.2835],[10.23935,47.27773],[10.17495,47.27238],[10.15988,47.27112],[10.15543,47.27288],[10.15946,47.27913],[10.16866,47.29042],[10.17269,47.29231],[10.18592,47.295],[10.19078,47.29825],[10.19326,47.30492],[10.19274,47.31091],[10.19047,47.31748],[10.20856,47.35448],[10.20928,47.37248],[10.19088,47.37923],[10.14696,47.3738],[10.13507,47.36489],[10.13083,47.36267],[10.12567,47.36269],[10.11533,47.36695],[10.11037,47.36739],[10.09724,47.36313],[10.0896,47.35928],[10.08288,47.35907],[10.07316,47.36548],[10.06779,47.37504],[10.06686,47.38579],[10.06417,47.39618],[10.05321,47.40486],[10.07595,47.41687],[10.0806,47.42739],[10.07182,47.43912],[10.02262,47.48795],[10.01125,47.48444],[10.00237,47.47917],[9.99358,47.47659],[9.98263,47.48103],[9.98108,47.48687],[9.98076,47.48992],[9.98076,47.49294],[9.97167,47.5064],[9.95916,47.51488],[9.94873,47.52423],[9.94594,47.54077],[9.93384,47.53421],[9.91875,47.53219],[9.88899,47.53379],[9.85891,47.54134],[9.85385,47.54041],[9.84155,47.53503],[9.83349,47.53462],[9.81313,47.54175],[9.8093,47.55232],[9.81127,47.56449],[9.80796,47.57632],[9.79628,47.58495],[9.78212,47.58841],[9.76713,47.58728],[9.75267,47.58206],[9.73086,47.5649],[9.71846,47.54671],[9.70399,47.53142],[9.6767,47.52263],[9.61262,47.52188],[9.55414,47.53274],[9.54989,47.53353],[9.54748,47.53455],[9.27321,47.65009],[9.23435,47.65616],[9.19694,47.65614],[9.1834,47.67043],[9.1281,47.67043],[9.01659,47.6789],[8.99767,47.67383],[8.98176,47.66216],[8.94538,47.6543],[8.9062,47.65179],[8.88171,47.65614],[8.85267,47.67079],[8.85193,47.67128],[8.83779,47.68084],[8.83768,47.68779],[8.85608,47.69068],[8.83024,47.70719],[8.79758,47.72003],[8.77071,47.72086],[8.76172,47.70125],[8.76988,47.69507],[8.71707,47.69456],[8.71511,47.70107],[8.71262,47.70869],[8.70467,47.71533],[8.70043,47.7235],[8.70374,47.73003],[8.71707,47.74355],[8.71976,47.74732],[8.71314,47.75742],[8.70332,47.75871],[8.69227,47.75716],[8.68193,47.75874],[8.67449,47.7667],[8.66663,47.77827],[8.65702,47.78812],[8.6441,47.79101],[8.63501,47.7846],[8.62984,47.7628],[8.61744,47.75732],[8.60762,47.76225],[8.60411,47.7744],[8.60318,47.78732],[8.60162,47.7946],[8.58312,47.80024],[8.55822,47.80117],[8.5423,47.79502],[8.5516,47.77925],[8.53651,47.77409],[8.48267,47.76685],[8.4715,47.76706],[8.46365,47.76391],[8.45011,47.75047],[8.44546,47.74318],[8.43791,47.72319],[8.42727,47.71647],[8.40195,47.70709],[8.39213,47.69952],[8.39099,47.69213],[8.39523,47.68482],[8.39771,47.67629],[8.3913,47.66546],[8.40701,47.66156],[8.41197,47.66105],[8.4376,47.64784],[8.45827,47.63988],[8.47605,47.6404],[8.49083,47.64557],[8.50468,47.65226],[8.51967,47.65735],[8.56824,47.66293],[8.58219,47.66133],[8.59359,47.65817],[8.59821,47.65689],[8.60731,47.65629],[8.60162,47.6326],[8.59511,47.63482],[8.59449,47.64097],[8.59356,47.64257],[8.58922,47.64247],[8.58395,47.64112],[8.58033,47.639],[8.57806,47.63348],[8.57971,47.62893],[8.58209,47.62503],[8.5825,47.62159],[8.58126,47.61477],[8.58178,47.60766],[8.58064,47.60017],[8.5763,47.59502],[8.57413,47.59244],[8.5607,47.5894],[8.55172,47.59686],[8.54964,47.59859],[8.53775,47.61213],[8.52235,47.6219],[8.49238,47.61983],[8.46179,47.60614],[8.45011,47.58903],[8.44887,47.58428],[8.4211,47.58111],[8.41807,47.58077],[8.35409,47.58102],[8.31616,47.58785],[8.30635,47.59219],[8.29932,47.60182],[8.29394,47.61146],[8.28857,47.6158],[8.27699,47.61663],[8.25105,47.622],[8.23297,47.62195],[8.17901,47.6158],[8.17385,47.61353],[8.16889,47.60865],[8.16207,47.60376],[8.14377,47.60007],[8.12207,47.59213],[8.1139,47.58785],[8.10543,47.58126],[8.1014,47.57619],[8.09695,47.57185],[8.08724,47.56738],[8.04228,47.56056],[7.91216,47.56056],[7.90947,47.5648],[7.90751,47.57418],[7.9043,47.58356],[7.8982,47.58785],[7.83371,47.59048],[7.81966,47.59534],[7.80147,47.57609],[7.78555,47.5632],[7.76674,47.55596],[7.72732,47.55042],[7.68344,47.54426],[7.66142,47.54625],[7.6469,47.55145],[7.60975,47.56475],[7.61234,47.56473],[7.63589,47.56459],[7.64654,47.57154],[7.65967,47.59658],[7.63703,47.59498],[7.58603,47.58462],[7.59011,47.59482],[7.59249,47.59841],[7.59032,47.60795],[7.58505,47.61317],[7.57864,47.61694],[7.57264,47.622],[7.55011,47.65244],[7.53657,47.66521],[7.52179,47.67043],[7.51787,47.67502],[7.51466,47.6858],[7.51187,47.70732],[7.51539,47.71332],[7.53192,47.7252],[7.53781,47.73182],[7.53833,47.74815],[7.52593,47.78316],[7.52862,47.79703],[7.54288,47.82943],[7.54846,47.83424],[7.562,47.83923],[7.56417,47.85041],[7.559,47.86902],[7.55921,47.87346],[7.55838,47.87599],[7.55786,47.87853],[7.559,47.88271],[7.562,47.88705],[7.56861,47.89137],[7.57264,47.8963],[7.57895,47.90633],[7.58081,47.9108],[7.57957,47.92705],[7.58494,47.94041],[7.61161,47.9594],[7.62112,47.97144],[7.61895,48.00265],[7.57574,48.05371],[7.57264,48.09497],[7.57895,48.11448],[7.58567,48.12973],[7.5929,48.13867],[7.59972,48.14471],[7.60479,48.15257],[7.60675,48.16698],[7.61336,48.17921],[7.67662,48.2384],[7.68716,48.25292],[7.69346,48.26987],[7.69553,48.29018],[7.70245,48.31119],[7.71858,48.32],[7.73697,48.32666],[7.75072,48.34137],[7.75196,48.35534],[7.7469,48.36868],[7.74038,48.38144],[7.73718,48.39348],[7.73832,48.40661],[7.74566,48.43301],[7.75072,48.44441],[7.75765,48.45389],[7.76416,48.46035],[7.76922,48.47007],[7.77129,48.48911],[7.77646,48.49818],[7.78844,48.50634],[7.81346,48.51947],[7.81346,48.52634],[7.80167,48.54758],[7.80178,48.58236],[7.81025,48.61502],[7.85242,48.65868],[7.8641,48.66416],[7.88063,48.66773],[7.89593,48.67651],[7.92332,48.69822],[7.9352,48.70333],[7.94843,48.71186],[7.95918,48.72137],[7.96363,48.72928],[7.96487,48.74834],[7.97014,48.75728],[7.98151,48.75976],[8.00962,48.76007],[8.01727,48.76183],[8.02295,48.76509],[8.02512,48.77062],[8.02729,48.78002],[8.03194,48.78534],[8.03659,48.78829],[8.03876,48.79077],[8.04755,48.79103],[8.08424,48.80405],[8.09034,48.80751],[8.10274,48.82131],[8.14811,48.90373],[8.17933,48.9427],[8.19989,48.95825],[8.20031,48.95856],[8.18873,48.96575],[8.09044,48.97918],[7.9319,49.03484],[7.91381,49.03618],[7.85686,49.03225],[7.77367,49.04812],[7.76261,49.04615],[7.73914,49.03773],[7.72695,49.03566],[7.71734,49.03659],[7.69615,49.04156],[7.68509,49.0428],[7.67248,49.04104],[7.6608,49.03773],[7.64881,49.03572],[7.64494,49.03629],[7.63497,49.03778],[7.62566,49.043],[7.61595,49.05597],[7.60861,49.06197],[7.58639,49.06956],[7.54267,49.07458],[7.52086,49.08367],[7.50774,49.09458],[7.4851,49.11871],[7.47105,49.12832],[7.4728,49.13163],[7.47529,49.1339],[7.48273,49.13705],[7.47611,49.15152],[7.45803,49.15586],[7.41482,49.15778],[7.41048,49.16894],[7.39105,49.17002],[7.37163,49.16617],[7.36759,49.16537],[7.35095,49.15917],[7.3463,49.15421],[7.33907,49.13969],[7.334,49.13416],[7.32646,49.13183],[7.30599,49.13013],[7.29711,49.12811],[7.2908,49.1231],[7.28026,49.10899],[7.27437,49.10501],[7.26806,49.10563],[7.24119,49.1139],[7.15499,49.11442],[7.13929,49.11793],[7.12357,49.12331],[7.08533,49.14155],[7.07986,49.14201],[7.07076,49.13612],[7.07159,49.13059],[7.07479,49.12537],[7.07324,49.12031],[7.04255,49.1076],[7.02053,49.11897],[7.00896,49.14641],[7.00947,49.1817],[6.98787,49.18243],[6.92545,49.20558],[6.91439,49.20666],[6.88524,49.2048],[6.84349,49.21105],[6.83346,49.20945],[6.82768,49.19555],[6.83522,49.17938],[6.83904,49.16279],[6.82179,49.14775],[6.80907,49.14584],[6.77011,49.1553],[6.72556,49.15555],[6.71378,49.15886],[6.70097,49.17287],[6.70376,49.18511],[6.70882,49.19777],[6.70252,49.21364],[6.69848,49.21359],[6.68505,49.2078],[6.6806,49.20749],[6.67792,49.21105],[6.67595,49.21891],[6.67482,49.22113],[6.67161,49.22532],[6.66376,49.24387],[6.65952,49.24676],[6.64567,49.25002],[6.6403,49.25276],[6.63916,49.25679],[6.64123,49.26692],[6.63968,49.27115],[6.57317,49.31312],[6.55643,49.3264],[6.55012,49.33802],[6.5556,49.34717],[6.57338,49.34774],[6.57772,49.3558],[6.57431,49.36179],[6.52573,49.39549],[6.51881,49.40215],[6.52077,49.40257],[6.52056,49.40815],[6.51788,49.41642],[6.51167,49.42474],[6.49452,49.43554],[6.40274,49.46546],[6.39168,49.4667],[6.38352,49.46463],[6.3645,49.4561],[6.35386,49.45476],[6.34531,49.45535],[6.34538,49.46272],[6.34228,49.493],[6.34881,49.52529],[6.35075,49.53491],[6.35075,49.56659],[6.35644,49.5776],[6.37153,49.593],[6.39757,49.61387],[6.4077,49.62741],[6.41525,49.63465],[6.41793,49.63914],[6.417,49.64576],[6.4109,49.64963],[6.4045,49.65247],[6.40274,49.65578],[6.41824,49.66989],[6.49173,49.70079],[6.48976,49.70296],[6.48294,49.70808],[6.48635,49.71294],[6.491,49.71443],[6.49969,49.71221],[6.49255,49.71841],[6.4878,49.7256],[6.48553,49.73376],[6.48625,49.7427],[6.49596,49.74823],[6.49638,49.75211],[6.49369,49.75655],[6.49379,49.76363],[6.49855,49.78539],[6.5,49.78606],[6.5001,49.79448],[6.50227,49.79588],[6.50258,49.79567],[6.49721,49.79944],[6.49328,49.7996],[6.46248,49.80549],[6.41452,49.80549],[6.39706,49.80859],[6.38011,49.81556],[6.35137,49.83329],[6.33442,49.84022],[6.32564,49.84037],[6.31065,49.83448],[6.30259,49.83494],[6.30156,49.8383],[6.29557,49.84862],[6.29153,49.85556],[6.28678,49.86104],[6.27221,49.86714],[6.23831,49.87691],[6.2227,49.88714],[6.18983,49.9383],[6.17268,49.95623],[6.16193,49.94248],[6.15397,49.95122],[6.13878,49.97933],[6.12152,49.99628],[6.11718,50.00439],[6.11997,50.0155],[6.11377,50.03638],[6.10726,50.0446],[6.0964,50.04863],[6.1057,50.0603],[6.10942,50.06356],[6.10715,50.06377],[6.10116,50.06341],[6.0994,50.06413],[6.1057,50.09224],[6.11056,50.10599],[6.11749,50.12046],[6.12658,50.12733],[6.12948,50.13405],[6.12596,50.1402],[6.11583,50.14547],[6.118,50.15038],[6.12131,50.16159],[6.12317,50.1649],[6.13175,50.16831],[6.1517,50.16934],[6.15914,50.17244],[6.16513,50.1819],[6.16575,50.19317],[6.16017,50.20453],[6.14684,50.21404],[6.15717,50.22272],[6.17981,50.23301],[6.18963,50.24272],[6.2104,50.24903],[6.2534,50.25678],[6.27179,50.26742],[6.26735,50.27642],[6.26942,50.28649],[6.27603,50.2961],[6.28595,50.30386],[6.29949,50.30887],[6.31065,50.30825],[6.32202,50.30541],[6.33546,50.30386],[6.36202,50.30696],[6.37453,50.31548],[6.3734,50.32308],[6.37246,50.32944],[6.33773,50.36809],[6.33639,50.37992],[6.34331,50.39331],[6.35044,50.41687],[6.35117,50.43356],[6.34734,50.43697],[6.34021,50.43785],[6.33163,50.4469],[6.32616,50.45703],[6.32326,50.46602],[6.32574,50.47403],[6.3369,50.481],[6.31872,50.48167],[6.27541,50.48803],[6.26011,50.49268],[6.25784,50.49408],[6.25557,50.49459],[6.25309,50.49408],[6.25091,50.49268],[6.21712,50.48602],[6.2072,50.48633],[6.19924,50.49041],[6.19066,50.50183],[6.1826,50.50658],[6.19056,50.51521],[6.17888,50.51578],[6.17082,50.51795],[6.16947,50.5225],[6.17733,50.5302],[6.16069,50.54358],[6.17908,50.56198],[6.21061,50.57867],[6.23293,50.58715],[6.23293,50.59076],[6.2443,50.59955],[6.25133,50.60844],[6.24906,50.61443],[6.18002,50.61552],[6.15945,50.62239],[6.14777,50.63676],[6.1611,50.64218],[6.10023,50.7013],[6.081,50.7135],[6.06436,50.71448],[6.02478,50.70755],[6.01155,50.70853],[6.00762,50.7169],[6.01134,50.72745],[6.01083,50.73706],[5.99419,50.74259],[5.99274,50.74445],[5.99264,50.74626],[5.99326,50.74807],[5.99491,50.74993],[5.99708,50.76295],[5.99057,50.76905],[5.98065,50.77344],[5.973,50.78181],[5.96876,50.79463],[5.98395,50.7922],[5.99832,50.80072],[6.00359,50.81261],[6.00142,50.82181],[6.00049,50.83044],[6.00928,50.84046],[6.02302,50.84542],[6.04555,50.84418],[6.05671,50.85266],[6.06281,50.86294],[6.06312,50.8709],[6.05465,50.89147],[6.05651,50.89808],[6.06178,50.90351],[6.06374,50.90754],[6.03108,50.91472],[6.00752,50.92408],[5.99987,50.9294],[5.99729,50.93736],[5.99584,50.95177],[5.99966,50.9601],[6.00576,50.96852],[6.00369,50.97374],[5.96783,50.971],[5.94158,50.97648],[5.92773,50.97767],[5.91419,50.97524],[5.88825,50.96712],[5.87461,50.96537],[5.87357,50.99058],[5.85817,51.01934],[5.85249,51.04275],[5.8805,51.05205],[5.89435,51.04714],[5.90623,51.0374],[5.91957,51.0297],[5.93796,51.03094],[5.95026,51.03947],[5.96948,51.06492],[5.98292,51.07469],[6.07542,51.12037],[6.13237,51.13983],[6.14725,51.15225],[6.12627,51.16458],[6.14911,51.17634],[6.15707,51.17925],[6.13413,51.18422],[6.08431,51.16269],[6.06085,51.17091],[6.05372,51.18938],[6.05661,51.21171],[6.06519,51.23163],[6.07542,51.24266],[6.09651,51.25881],[6.14777,51.31816],[6.15821,51.32459],[6.18363,51.3357],[6.19355,51.34452],[6.19893,51.35697],[6.20203,51.37888],[6.20782,51.38767],[6.19273,51.39896],[6.19407,51.41738],[6.20172,51.43864],[6.20534,51.45844],[6.20048,51.47657],[6.19335,51.50934],[6.15304,51.53843],[6.08648,51.59553],[6.08214,51.60781],[6.08751,51.6221],[6.09919,51.64447],[6.0315,51.663],[6.00855,51.68119],[6.02199,51.70951],[6.01207,51.71586],[5.98974,51.72638],[5.97827,51.72979],[5.94923,51.72938],[5.93931,51.73188],[5.94013,51.74263],[5.94606,51.74629],[5.96235,51.75635],[5.96411,51.77656],[5.95078,51.79591],[5.92804,51.80674],[5.93145,51.81565],[5.94809,51.82296],[5.98892,51.82746],[6.00824,51.83257],[6.02891,51.84211],[6.04328,51.84686],[6.084,51.85366],[6.11645,51.84828],[6.14002,51.84454],[6.15614,51.84206],[6.14271,51.85518],[6.10539,51.87947],[6.09299,51.88531],[6.12699,51.89673],[6.15924,51.8873],[6.19138,51.87115],[6.22518,51.86255],[6.25639,51.86681],[6.26466,51.86619],[6.27179,51.8619],[6.28285,51.8496],[6.2874,51.84616],[6.32574,51.84255],[6.34197,51.83668],[6.34497,51.8211],[6.38248,51.82759],[6.38662,51.83756],[6.37845,51.86012],[6.44253,51.84836],[6.46289,51.84836],[6.47943,51.85301],[6.52862,51.87642],[6.62815,51.89751],[6.71668,51.89926],[6.74375,51.90833],[6.76701,51.92551],[6.78985,51.95114],[6.79801,51.9567],[6.80566,51.95753],[6.81073,51.96058],[6.81166,51.9728],[6.80918,51.97954],[6.80401,51.98437],[6.77817,52.00127],[6.71285,52.02385],[6.69094,52.02786],[6.67502,52.03481],[6.67296,52.05005],[6.67988,52.06047],[6.68887,52.0631],[6.69942,52.06357],[6.7114,52.06729],[6.71946,52.07357],[6.72763,52.08631],[6.7329,52.09199],[6.74985,52.10287],[6.76587,52.1084],[6.77158,52.10879],[6.83067,52.11289],[6.84328,52.12],[6.8654,52.1478],[6.88483,52.16033],[6.92772,52.17191],[6.94767,52.18281],[6.97113,52.20627],[6.98188,52.214],[7.02632,52.23064],[7.02911,52.23578],[7.0266,52.23862],[7.02074,52.24526],[7.01185,52.26663],[7.01247,52.28495],[7.01971,52.30004],[7.03976,52.32862],[7.04823,52.36507],[7.03418,52.39078],[6.9733,52.45137],[6.96699,52.44956],[6.96079,52.44285],[6.95149,52.43747],[6.92648,52.43298],[6.90023,52.43192],[6.87201,52.43473],[6.82034,52.44683],[6.74117,52.45367],[6.71481,52.46155],[6.69507,52.47561],[6.68898,52.49052],[6.68753,52.50814],[6.68401,52.52599],[6.67172,52.54168],[6.68825,52.54258],[6.74375,52.55971],[6.71099,52.57664],[6.70396,52.58307],[6.70365,52.59139],[6.7082,52.59969],[6.71016,52.60865],[6.70179,52.61912],[6.71908,52.62676],[6.73703,52.6347],[6.77052,52.64103],[6.8654,52.64196],[6.91842,52.63219],[6.96772,52.63666],[6.98281,52.63278],[7.01846,52.62599],[7.03665,52.64738],[7.04399,52.68263],[7.0533,52.79058],[7.06198,52.82401],[7.07215,52.84132],[7.07986,52.85442],[7.16192,52.93264],[7.18362,52.96612],[7.19282,52.99801],[7.19437,53.03384],[7.18507,53.10544],[7.18135,53.11418],[7.17649,53.11939],[7.17267,53.12575],[7.17194,53.13771],[7.17443,53.14578],[7.18858,53.16779],[7.19541,53.185],[7.19851,53.20058],[7.19747,53.21662],[7.19459,53.24502],[7.20444,53.24828],[7.21583,53.2556],[7.22462,53.26293],[7.23357,53.27363],[7.23699,53.28555],[7.2295,53.29658],[7.25473,53.31952],[7.26832,53.32368],[7.29152,53.32392],[7.31316,53.3205],[7.34767,53.30736],[7.36655,53.3028],[7.34254,53.32404],[7.30291,53.33275],[7.07521,53.33759],[7.03826,53.34858],[7.02361,53.37641],[7.02328,53.45051],[7.02768,53.46735],[7.04705,53.49771],[7.05144,53.5126],[7.05974,53.52172],[7.07936,53.52155],[7.11964,53.5163],[7.12501,53.52436],[7.13453,53.52741],[7.14177,53.53718],[7.13999,53.54979],[7.13111,53.55695],[7.1019,53.56574],[7.08888,53.57372],[7.08676,53.58686],[7.10092,53.59789],[7.13315,53.61127],[7.16944,53.63548],[7.18898,53.6435],[7.22609,53.66649],[7.30502,53.6848],[7.45883,53.69514],[7.46957,53.69074],[7.48024,53.68203],[7.50392,53.67866],[7.65138,53.69697],[7.95143,53.72191],[8.03142,53.70808],[8.03142,53.70063],[8.02491,53.67255],[8.05291,53.6363],[8.09409,53.60472],[8.12762,53.59077],[8.12762,53.58462],[8.11915,53.57193],[8.13461,53.56745],[8.15675,53.56367],[8.16798,53.55321],[8.16489,53.53522],[8.15545,53.52603],[8.1338,53.5163],[8.11573,53.51073],[8.07634,53.50861],[8.05877,53.50202],[8.077,53.46869],[8.08619,53.45612],[8.09978,53.44741],[8.11248,53.45108],[8.12387,53.45401],[8.14064,53.4536],[8.15235,53.44977],[8.1714,53.43659],[8.17856,53.43374],[8.1867,53.42951],[8.19483,53.42011],[8.20533,53.41071],[8.21974,53.40644],[8.2365,53.40672],[8.24871,53.40839],[8.25945,53.4123],[8.27174,53.4195],[8.29282,53.4405],[8.31512,53.47492],[8.32049,53.50922],[8.29152,53.52936],[8.25221,53.5231],[8.23121,53.52521],[8.23316,53.53986],[8.24171,53.5563],[8.24887,53.59028],[8.25733,53.60444],[8.27068,53.61286],[8.28761,53.61689],[8.32936,53.61811],[8.34848,53.61286],[8.36329,53.60057],[8.3755,53.5869],[8.38771,53.57713],[8.42807,53.56477],[8.51344,53.55476],[8.55209,53.54361],[8.55209,53.5362],[8.52817,53.52391],[8.5062,53.50796],[8.49,53.4864],[8.4839,53.45734],[8.48504,53.40119],[8.4909,53.37645],[8.50441,53.35806],[8.50733,53.3828],[8.49676,53.44526],[8.49757,53.47476],[8.51287,53.49649],[8.53582,53.50617],[8.55665,53.51821],[8.56577,53.5467],[8.5608,53.5517],[8.53517,53.59077],[8.52752,53.59663],[8.5171,53.61017],[8.50831,53.62515],[8.50123,53.64419],[8.48707,53.66694],[8.4839,53.68358],[8.4861,53.70043],[8.4922,53.71516],[8.52963,53.7707],[8.55616,53.83096],[8.57325,53.85765],[8.58758,53.87043],[8.60711,53.88154],[8.62924,53.88939],[8.65187,53.89248],[8.6727,53.89159],[8.68458,53.88849],[8.70916,53.87197],[8.74464,53.85415],[8.78248,53.84248],[8.86069,53.831],[8.90358,53.83173],[8.97625,53.84243],[9.01629,53.84052],[9.035,53.85358],[9.11451,53.86514],[9.19361,53.86469],[9.2107,53.87197],[9.22429,53.86591],[9.24073,53.86416],[9.27467,53.86514],[9.28338,53.86164],[9.30535,53.84455],[9.40268,53.74242],[9.44288,53.7143],[9.47096,53.70063],[9.48471,53.69009],[9.49838,53.65986],[9.56707,53.5996],[9.58237,53.5913],[9.60092,53.58633],[9.62477,53.58462],[9.63722,53.581],[9.69662,53.55663],[9.76401,53.54767],[9.81902,53.54035],[9.83204,53.54361],[9.81959,53.55663],[9.78207,53.56973],[9.69239,53.57591],[9.65577,53.58462],[9.58367,53.61245],[9.55079,53.63459],[9.53907,53.66649],[9.53614,53.69375],[9.53224,53.71117],[9.52223,53.71662],[9.47527,53.73216],[9.46022,53.73542],[9.4358,53.74868],[9.41245,53.77875],[9.39666,53.81102],[9.39519,53.831],[9.35873,53.83955],[9.29558,53.87189],[9.25782,53.88556],[9.22047,53.89077],[9.09343,53.89248],[9.05543,53.9029],[9.02996,53.90713],[9.01832,53.90274],[9.00782,53.89248],[8.98463,53.89704],[8.94947,53.91291],[8.91603,53.9374],[8.83334,54.03644],[8.87184,54.04694],[8.89064,54.0478],[8.91456,54.04389],[8.95387,54.02831],[8.97535,54.02408],[8.99724,54.03022],[9.00489,54.04116],[9.01303,54.06098],[9.01857,54.08242],[9.01832,54.09789],[9.00668,54.10814],[8.98813,54.11787],[8.97446,54.12808],[8.97731,54.13947],[8.97731,54.1457],[8.95289,54.15009],[8.91798,54.14631],[8.88543,54.13703],[8.86744,54.12519],[8.86069,54.12519],[8.83334,54.15314],[8.81568,54.1756],[8.81284,54.18049],[8.82097,54.20051],[8.83627,54.21776],[8.84669,54.23355],[8.83961,54.24873],[8.83961,54.25556],[8.8519,54.26105],[8.89422,54.26821],[8.91147,54.26919],[8.92205,54.27424],[8.93751,54.28669],[8.95314,54.30256],[8.96315,54.31761],[8.94028,54.31501],[8.9026,54.29584],[8.88111,54.29027],[8.88307,54.29361],[8.88592,54.30073],[8.88795,54.30394],[8.85759,54.30183],[8.80543,54.29243],[8.77467,54.29027],[8.73894,54.29389],[8.72348,54.29027],[8.6902,54.27147],[8.67848,54.26919],[8.65187,54.27485],[8.62338,54.29011],[8.60271,54.31208],[8.59986,54.33808],[8.61402,54.34837],[8.64137,54.35566],[8.67205,54.35928],[8.69557,54.35859],[8.69557,54.36542],[8.67758,54.36791],[8.66383,54.37556],[8.65065,54.378],[8.63478,54.36542],[8.62623,54.37641],[8.62916,54.38768],[8.63844,54.39814],[8.64845,54.4064],[8.66977,54.40082],[8.75082,54.4138],[8.86069,54.4138],[8.88608,54.41779],[8.90724,54.42552],[8.94947,54.44733],[8.98805,54.45844],[9.00473,54.46589],[9.01149,54.48212],[9.01157,54.50633],[8.9861,54.52928],[8.90447,54.58063],[8.89283,54.59125],[8.88795,54.60187],[8.87875,54.60651],[8.85816,54.60615],[8.83709,54.60269],[8.82586,54.59813],[8.81902,54.60562],[8.85328,54.61929],[8.81837,54.67365],[8.80543,54.68757],[8.7767,54.69798],[8.72267,54.72553],[8.68873,54.7353],[8.68873,54.74217],[8.69435,54.76024],[8.68133,54.78059],[8.66188,54.8006],[8.64845,54.81786],[8.64275,54.84418],[8.64723,54.86738],[8.66078,54.89631],[8.69588,54.88998],[8.73278,54.88905],[8.80089,54.90383],[8.82425,54.9059],[8.90414,54.89794],[8.98269,54.87934],[9.19477,54.8504],[9.21151,54.84182],[9.21606,54.83174],[9.21905,54.81779],[9.22639,54.80591],[9.24407,54.80177],[9.31703,54.80162],[9.33202,54.80322],[9.34173,54.80906],[9.356,54.81133],[9.36695,54.81702],[9.38504,54.81939],[9.40519,54.80839],[9.42214,54.80725],[9.43692,54.81014],[9.4375,54.81041],[9.45143,54.81037],[9.511,54.82783],[9.52996,54.8415],[9.55437,54.84711],[9.56691,54.86017],[9.57993,54.86628],[9.58318,54.83027],[9.6316,54.81989],[9.69304,54.81802],[9.73463,54.80732],[9.75213,54.79963],[9.77809,54.79316],[9.80177,54.78339],[9.81218,54.76606],[9.82374,54.75674],[9.84986,54.75935],[9.89536,54.76948],[9.89145,54.79027],[9.91505,54.7912],[9.94752,54.77953],[9.97047,54.76264],[9.98414,54.7285],[9.99049,54.72053],[9.99952,54.71296],[10.01824,54.70124],[10.00538,54.6955],[9.9922,54.69648],[9.97983,54.69977],[9.97047,54.70124],[9.97104,54.69904],[9.9463,54.68765],[9.94313,54.68757],[9.9367,54.685],[9.93238,54.68525],[9.92994,54.68309],[9.92945,54.6739],[9.9441,54.67333],[9.97022,54.67792],[9.99635,54.67878],[10.0114,54.66706],[10.02215,54.67243],[10.03354,54.67292],[10.03907,54.66681],[10.03191,54.65278],[10.03696,54.6389],[10.03761,54.61909],[10.03191,54.5777],[10.02687,54.55996],[10.02003,54.54584],[10.01043,54.53433],[9.99781,54.52367],[9.96559,54.50617],[9.9253,54.49311],[9.88201,54.48485],[9.8401,54.48212],[9.8401,54.47529],[9.88331,54.4621],[10.12468,54.49575],[10.1434,54.49185],[10.20387,54.46101],[10.18393,54.44937],[10.18385,54.43842],[10.19174,54.42617],[10.19703,54.4101],[10.19125,54.39672],[10.17709,54.38426],[10.15903,54.37531],[10.14178,54.37226],[10.14438,54.37002],[10.1478,54.36831],[10.14828,54.36518],[10.14178,54.35859],[10.15252,54.35179],[10.15553,54.34341],[10.15162,54.33397],[10.14178,54.32441],[10.16375,54.32917],[10.18035,54.34113],[10.20387,54.37226],[10.21713,54.40542],[10.22438,54.4138],[10.23439,54.41771],[10.27215,54.42007],[10.28582,54.42475],[10.29249,54.43016],[10.29762,54.43574],[10.3069,54.44111],[10.31837,54.44331],[10.36085,54.44111],[10.38282,54.43476],[10.44337,54.4064],[10.60108,54.36542],[10.6902,54.31623],[10.73129,54.31021],[10.77711,54.31513],[10.8108,54.32738],[10.86793,54.35859],[10.90089,54.37104],[10.93531,54.37954],[11.01881,54.38589],[11.01881,54.3791],[11.00082,54.37857],[10.97584,54.3784],[10.99318,54.37385],[11.01051,54.37718],[11.03395,54.36762],[11.10418,54.39289],[11.13551,54.38589],[11.0984,54.36152],[11.08774,54.35175],[11.0818,54.35464],[11.06658,54.35859],[11.0774,54.34223],[11.0866,54.30244],[11.09449,54.28352],[11.08709,54.2709],[11.08774,54.25389],[11.09449,54.22508],[11.09018,54.20799],[11.08058,54.19888],[11.07097,54.19257],[11.06658,54.18391],[10.95045,54.13947],[10.91033,54.1092],[10.89283,54.10252],[10.85239,54.09431],[10.84457,54.09447],[10.83611,54.08999],[10.82936,54.09284],[10.82228,54.09736],[10.81332,54.09789],[10.80543,54.09488],[10.80144,54.09223],[10.76287,54.05683],[10.75262,54.05012],[10.75262,54.04389],[10.76588,54.02436],[10.78045,54.00995],[10.79965,54.00056],[10.82691,53.99543],[10.86557,53.99779],[10.8755,53.99543],[10.88258,53.98505],[10.88356,53.97313],[10.88738,53.96393],[10.90211,53.96137],[10.90602,53.96121],[10.91765,53.96076],[10.92262,53.96137],[10.93539,53.96727],[10.96469,53.98542],[10.98121,53.98924],[11.00025,53.9916],[11.05348,54.00849],[11.17506,54.01801],[11.18385,54.01602],[11.19077,54.01032],[11.19728,53.99624],[11.20436,53.98924],[11.23992,53.98347],[11.24537,53.97842],[11.24073,53.95563],[11.24293,53.94522],[11.25563,53.94086],[11.28541,53.93968],[11.29371,53.94086],[11.33416,53.96137],[11.34181,53.95832],[11.35206,53.94416],[11.35825,53.94086],[11.39991,53.94086],[11.4004,53.93773],[11.43873,53.90913],[11.4463,53.90615],[11.45769,53.90615],[11.45899,53.91669],[11.46909,53.93277],[11.47682,53.9527],[11.47242,53.96882],[11.47983,53.97614],[11.48951,53.98062],[11.49789,53.98184],[11.49594,53.98631],[11.4935,53.99763],[11.49171,54.00235],[11.52589,54.02277],[11.52589,54.03022],[11.51905,54.03022],[11.51905,54.03644],[11.54461,54.03018],[11.55323,54.03022],[11.5735,54.03905],[11.59132,54.06562],[11.60475,54.07123],[11.6128,54.0729],[11.6194,54.0773],[11.62452,54.08364],[11.62892,54.09105],[11.62957,54.09602],[11.62208,54.09956],[11.62208,54.10468],[11.62525,54.10981],[11.62941,54.11323],[11.63315,54.11591],[11.65789,54.14224],[11.68971,54.15522],[11.72877,54.15852],[11.81227,54.14981],[12.05063,54.17992],[12.08815,54.19408],[12.09327,54.16543],[12.08953,54.13764],[12.09164,54.114],[12.115,54.09789],[12.10532,54.11001],[12.10035,54.13597],[12.09506,54.1457],[12.10548,54.15738],[12.13429,54.16698],[12.14283,54.18049],[12.1316,54.18114],[12.12086,54.18],[12.11061,54.17744],[12.10133,54.17365],[12.1089,54.18301],[12.14283,54.20917],[12.1631,54.21992],[12.18686,54.24335],[12.20094,54.24873],[12.21404,54.25096],[12.2894,54.27509],[12.32732,54.29377],[12.34213,54.30394],[12.37818,54.34492],[12.43832,54.39582],[12.44483,54.40546],[12.4861,54.44733],[12.50196,54.47358],[12.51344,54.48224],[12.53387,54.48827],[12.53387,54.48212],[12.52703,54.48212],[12.54835,54.46206],[12.59148,54.45173],[12.8191,54.45173],[12.85662,54.44111],[12.87965,54.4488],[12.90838,54.44465],[12.92115,54.4335],[12.89633,54.42007],[12.87078,54.41681],[12.76368,54.42219],[12.72096,54.43159],[12.69459,54.43366],[12.68678,54.43163],[12.67612,54.42255],[12.67042,54.42007],[12.65008,54.42007],[12.6242,54.42292],[12.61451,54.41974],[12.60841,54.4064],[12.60222,54.4138],[12.59693,54.41193],[12.58806,54.40746],[12.58172,54.4064],[12.58351,54.39785],[12.58766,54.39403],[12.594,54.39277],[12.60222,54.39208],[12.59864,54.39155],[12.59588,54.39151],[12.59441,54.3902],[12.59474,54.38589],[12.57553,54.392],[12.55405,54.39082],[12.53598,54.38373],[12.52703,54.37226],[12.51075,54.38426],[12.49098,54.39008],[12.45476,54.39208],[12.43849,54.38752],[12.42498,54.37592],[12.41847,54.36066],[12.424,54.34492],[12.40968,54.34663],[12.40382,54.34809],[12.39674,54.35175],[12.3899,54.34492],[12.39649,54.33295],[12.39161,54.32111],[12.37908,54.31244],[12.36256,54.31021],[12.36964,54.29658],[12.37794,54.28587],[12.38014,54.27709],[12.36883,54.26919],[12.41245,54.25141],[12.43678,54.24771],[12.45818,54.25556],[12.44264,54.25519],[12.43084,54.25861],[12.41033,54.26919],[12.41684,54.28095],[12.42628,54.28962],[12.45143,54.30394],[12.45729,54.3063],[12.46827,54.30834],[12.47242,54.31021],[12.4756,54.31513],[12.47657,54.32779],[12.47869,54.33185],[12.49562,54.34028],[12.56056,54.35859],[12.54705,54.36449],[12.54078,54.36542],[12.54078,54.37226],[12.55934,54.37629],[12.56609,54.37592],[12.57423,54.37226],[12.57423,54.3791],[12.59295,54.36933],[12.62273,54.37393],[12.67726,54.39208],[12.67506,54.39541],[12.67237,54.40298],[12.67042,54.4064],[12.68084,54.41087],[12.69256,54.41364],[12.70485,54.41462],[12.71754,54.4138],[12.71754,54.4064],[12.70248,54.40412],[12.69239,54.39619],[12.68653,54.38475],[12.68409,54.37226],[12.69662,54.38495],[12.70118,54.39167],[12.7046,54.3996],[12.71355,54.39008],[12.72381,54.38125],[12.73504,54.37816],[12.7461,54.38589],[12.75782,54.37979],[12.76857,54.38007],[12.77833,54.38475],[12.78712,54.39208],[12.78989,54.38435],[12.79469,54.37714],[12.80096,54.37075],[12.81804,54.35798],[12.82179,54.35615],[12.82537,54.35724],[12.83546,54.35859],[12.85467,54.35786],[12.86476,54.35957],[12.87599,54.36542],[12.88453,54.37348],[12.89487,54.38972],[12.90382,54.3996],[12.92937,54.41437],[12.96909,54.42939],[13.0088,54.43806],[13.03419,54.43366],[13.02149,54.42646],[13.02101,54.41454],[13.02858,54.40184],[13.04037,54.39208],[13.08367,54.37897],[13.09555,54.37226],[13.07667,54.35252],[13.08074,54.33714],[13.10922,54.31021],[13.11207,54.2993],[13.11207,54.28848],[13.11492,54.28001],[13.12599,54.2766],[13.17066,54.2766],[13.17066,54.26919],[13.16131,54.26903],[13.15463,54.26732],[13.1434,54.26301],[13.17612,54.26484],[13.22836,54.24738],[13.26319,54.2425],[13.28883,54.23428],[13.32179,54.19452],[13.34889,54.18049],[13.33334,54.17402],[13.32154,54.16681],[13.34653,54.16694],[13.3838,54.17813],[13.40349,54.17365],[13.39568,54.16193],[13.39088,54.15729],[13.38299,54.15314],[13.39479,54.14891],[13.40211,54.15131],[13.4087,54.15461],[13.41774,54.15314],[13.42319,54.1481],[13.43767,54.12519],[13.45037,54.11042],[13.4651,54.09846],[13.48357,54.0913],[13.50709,54.09105],[13.50709,54.09789],[13.49887,54.10248],[13.48748,54.11392],[13.47926,54.11835],[13.47926,54.12519],[13.60271,54.13947],[13.63233,54.14753],[13.68344,54.16804],[13.71193,54.17365],[13.71648,54.16844],[13.71469,54.16405],[13.70826,54.16087],[13.69825,54.15933],[13.69825,54.15314],[13.72877,54.14387],[13.80812,54.10468],[13.80812,54.09789],[13.79371,54.0832],[13.78549,54.06391],[13.7732,54.04633],[13.7461,54.03644],[13.75815,54.03099],[13.78712,54.0091],[13.79762,53.99893],[13.80348,53.99632],[13.8318,53.98924],[13.83863,53.98631],[13.84311,53.97956],[13.8462,53.97223],[13.84913,53.9676],[13.85027,53.96402],[13.84897,53.95946],[13.84864,53.95555],[13.85255,53.95384],[13.86687,53.95466],[13.87013,53.95384],[13.8755,53.95124],[13.8816,53.94904],[13.88795,53.94758],[13.89357,53.94709],[13.90602,53.94306],[13.90756,53.93354],[13.90138,53.92231],[13.89015,53.91291],[13.81853,53.878],[13.80812,53.86514],[13.81707,53.85293],[13.83578,53.84748],[13.85434,53.84492],[13.8628,53.84125],[13.86915,53.83031],[13.8838,53.81769],[13.89991,53.80915],[13.91066,53.81049],[13.98422,53.77399],[14.01735,53.76952],[14.03354,53.75751],[14.03745,53.75528],[14.06153,53.75641],[14.06886,53.75528],[14.094,53.74632],[14.10613,53.74335],[14.18653,53.73981],[14.21469,53.74486],[14.22657,53.75869],[14.23414,53.76179],[14.25017,53.75995],[14.2645,53.75161],[14.26743,53.73542],[14.25953,53.72797],[14.21274,53.70808],[14.22535,53.70376],[14.24,53.70075],[14.2562,53.69945],[14.2639,53.69998],[14.26386,53.69988],[14.2651,53.67176],[14.26097,53.65621],[14.27606,53.63662],[14.29704,53.59776],[14.2989,53.58789],[14.29621,53.55131],[14.29694,53.52914],[14.30417,53.50852],[14.32846,53.48609],[14.3389,53.46521],[14.35988,53.44408],[14.37032,53.3923],[14.39126,53.33402],[14.39801,53.31522],[14.39957,53.30675],[14.40019,53.28861],[14.40329,53.27879],[14.40938,53.27243],[14.42468,53.26466],[14.42861,53.25908],[14.44163,53.25184],[14.41559,53.22099],[14.40825,53.2144],[14.39771,53.21099],[14.38778,53.20208],[14.38065,53.18986],[14.37786,53.17655],[14.38148,53.1603],[14.38747,53.14614],[14.38954,53.13167],[14.35957,53.07506],[14.35678,53.06668],[14.34334,53.04862],[14.31264,53.02922],[14.25373,53.00088],[14.19286,52.98165],[14.14449,52.95992],[14.14449,52.95369],[14.15048,52.94364],[14.16268,52.90817],[14.16495,52.89566],[14.16082,52.87675],[14.15048,52.86463],[14.12392,52.85065],[14.1354,52.8366],[14.15276,52.82833],[14.17374,52.82435],[14.19596,52.82337],[14.21601,52.81799],[14.24867,52.79458],[14.27595,52.78572],[14.3822,52.73815],[14.39771,52.72712],[14.43192,52.68609],[14.44235,52.67996],[14.46137,52.67456],[14.4901,52.65064],[14.54994,52.63619],[14.60797,52.59646],[14.61371,52.59253],[14.64482,52.57692],[14.61681,52.54103],[14.60906,52.5178],[14.62767,52.50742],[14.63232,52.49674],[14.61578,52.47328],[14.59159,52.4498],[14.53982,52.42187],[14.5454,52.38215],[14.56917,52.33851],[14.59015,52.30942],[14.58415,52.29123],[14.60658,52.27575],[14.64048,52.26505],[14.6689,52.261],[14.69691,52.25348],[14.71241,52.23591],[14.7121,52.21544],[14.69257,52.19958],[14.69257,52.19338],[14.70704,52.17945],[14.70322,52.16516],[14.69247,52.14697],[14.68637,52.12103],[14.69639,52.10669],[14.7614,52.07667],[14.74301,52.06253],[14.73536,52.05403],[14.73216,52.04507],[14.73029,52.03589],[14.72606,52.02644],[14.70446,52.00223],[14.69908,51.99251],[14.69557,51.93146],[14.68709,51.9119],[14.67169,51.89389],[14.6533,51.87862],[14.59594,51.84242],[14.58281,51.82508],[14.58581,51.80389],[14.60224,51.78831],[14.62033,51.78054],[14.63418,51.76901],[14.6381,51.74263],[14.64844,51.71721],[14.67097,51.70077],[14.71955,51.67563],[14.73246,51.65835],[14.74228,51.63297],[14.74394,51.60664],[14.73216,51.58662],[14.71272,51.56742],[14.70456,51.54799],[14.70677,51.54083],[14.71004,51.53024],[14.73216,51.51582],[14.79747,51.5021],[14.81856,51.4927],[14.81856,51.4926],[14.8414,51.48443],[14.88832,51.47575],[14.91095,51.46898],[14.92656,51.46133],[14.94506,51.44919],[14.9554,51.43541],[14.94692,51.42291],[14.95065,51.39654],[14.95664,51.35415],[14.95664,51.35322],[14.96098,51.33529],[14.96377,51.32839],[14.98227,51.30801],[15.0049,51.29129],[15.01948,51.27168],[15.01431,51.24266],[15.01792,51.23956],[15.02206,51.23677],[15.0049,51.21561],[14.99136,51.18897],[14.9832,51.16091],[14.98206,51.13564],[14.98,51.1228],[14.97338,51.11613],[14.96563,51.11151],[14.96025,51.10458],[14.9585,51.09474],[14.95829,51.07551],[14.95529,51.06404],[14.91065,50.99265],[14.86021,50.91684],[14.82465,50.89183],[14.8105,50.87705],[14.81039,50.85845],[14.79458,50.83163],[14.78507,50.82005],[14.77536,50.81297],[14.75923,50.81018],[14.73753,50.8107],[14.70042,50.81597],[14.66218,50.83437],[14.64792,50.83938],[14.61319,50.84558],[14.60834,50.85307],[14.61185,50.87095],[14.6288,50.89612],[14.63459,50.9094],[14.62922,50.92072],[14.61712,50.92087],[14.56183,50.90635],[14.55036,50.91209],[14.55584,50.92428],[14.56782,50.93865],[14.57558,50.95069],[14.57743,50.96573],[14.57433,50.97549],[14.56669,50.9834],[14.55459,50.99265],[14.54229,50.99875],[14.51532,51.00304],[14.50292,51.00852],[14.49351,51.01671],[14.4901,51.0227],[14.48793,51.02872],[14.48214,51.0372],[14.47346,51.02337],[14.46209,51.01965],[14.42582,51.02094],[14.39781,51.01311],[14.38675,51.01327],[14.3759,51.01699],[14.36939,51.02244],[14.36411,51.028],[14.35657,51.03234],[14.31936,51.04001],[14.28753,51.03683],[14.26355,51.02143],[14.2495,50.99265],[14.23833,50.98247],[14.25001,50.97761],[14.28381,50.97482],[14.30376,50.96971],[14.30221,50.96769],[14.29373,50.96397],[14.2928,50.95348],[14.31833,50.93751],[14.35523,50.93064],[14.38189,50.92087],[14.3759,50.89596],[14.34655,50.8802],[14.2681,50.88413],[14.23213,50.87938],[14.22128,50.87261],[14.20299,50.85514],[14.19079,50.8479],[14.03494,50.80259],[14.01571,50.80176],[13.97913,50.80476],[13.95959,50.80207],[13.94884,50.79721],[13.93355,50.78481],[13.92332,50.77995],[13.91071,50.77876],[13.90099,50.78062],[13.89252,50.78042],[13.88332,50.77323],[13.87908,50.76352],[13.88032,50.75504],[13.8827,50.74802],[13.88218,50.74274],[13.87536,50.73654],[13.86957,50.73525],[13.86347,50.73515],[13.83454,50.72368],[13.81655,50.72135],[13.77066,50.7246],[13.74906,50.72321],[13.71103,50.71427],[13.69175,50.71184],[13.60194,50.71215],[13.55657,50.70672],[13.51564,50.69102],[13.52721,50.67567],[13.52329,50.66218],[13.50995,50.65122],[13.49332,50.64321],[13.4991,50.6352],[13.49817,50.62916],[13.49218,50.62446],[13.48226,50.62089],[13.46489,50.60709],[13.44794,50.59727],[13.42934,50.59433],[13.40702,50.60131],[13.4004,50.60658],[13.38635,50.62161],[13.38097,50.62549],[13.36877,50.62833],[13.36599,50.62709],[13.36537,50.62347],[13.35937,50.61934],[13.32185,50.60239],[13.31627,50.59603],[13.30563,50.57578],[13.28465,50.56896],[13.26801,50.57366],[13.25178,50.58089],[13.23235,50.58203],[13.19907,50.52534],[13.1847,50.50875],[13.16011,50.49702],[13.1074,50.49899],[13.07918,50.49278],[13.07897,50.49268],[13.07887,50.49268],[13.06977,50.49108],[13.06037,50.49061],[13.05107,50.49113],[13.04228,50.49278],[13.03453,50.4965],[13.02626,50.49764],[13.01789,50.49635],[13.00962,50.49268],[13.00311,50.45191],[12.9966,50.43367],[12.98244,50.42297],[12.96063,50.40923],[12.95257,50.40416],[12.91836,50.4054],[12.82576,50.44142],[12.81739,50.44302],[12.8084,50.44183],[12.79434,50.43589],[12.78814,50.43434],[12.77026,50.43594],[12.75424,50.43532],[12.73791,50.43155],[12.72509,50.42343],[12.70298,50.40152],[12.69181,50.39465],[12.67879,50.39372],[12.62536,50.39992],[12.55053,50.39636],[12.51022,50.38876],[12.48252,50.37357],[12.47508,50.36943],[12.47157,50.36447],[12.4695,50.35941],[12.46682,50.35491],[12.46702,50.35285],[12.46837,50.34949],[12.46898,50.34556],[12.46682,50.34189],[12.46278,50.34049],[12.45379,50.3407],[12.45017,50.33936],[12.43829,50.33254],[12.40894,50.32199],[12.39819,50.31517],[12.36718,50.27905],[12.35581,50.2714],[12.34465,50.26639],[12.33649,50.25859],[12.3338,50.24272],[12.31406,50.2265],[12.30869,50.21709],[12.30558,50.19931],[12.30858,50.18691],[12.31437,50.17621],[12.31437,50.16733],[12.30042,50.16081],[12.28336,50.16221],[12.27323,50.17234],[12.26125,50.19988],[12.26021,50.20505],[12.25845,50.21089],[12.25432,50.2174],[12.24998,50.22117],[12.23251,50.23249],[12.22993,50.23482],[12.2289,50.23704],[12.22983,50.23905],[12.23251,50.24097],[12.23375,50.24169],[12.2351,50.24226],[12.23644,50.24257],[12.23799,50.24272],[12.24244,50.24835],[12.24295,50.25295],[12.23964,50.25657],[12.23251,50.2591],[12.20378,50.25957],[12.18921,50.26246],[12.17805,50.26877],[12.17412,50.27657],[12.17443,50.29373],[12.16854,50.30298],[12.14931,50.31171],[12.10134,50.31398],[12.07614,50.31517],[12.09919,50.29977],[12.10725,50.29089],[12.11097,50.27662],[12.10911,50.26381],[12.10239,50.25916],[12.09206,50.25482],[12.07955,50.24272],[12.08989,50.23084],[12.13929,50.21104],[12.16378,50.19378],[12.17505,50.18262],[12.1827,50.17074],[12.18559,50.1557],[12.17856,50.13296],[12.17918,50.11798],[12.18787,50.10283],[12.20203,50.09451],[12.21804,50.08857],[12.23251,50.08051],[12.2414,50.07064],[12.24347,50.06041],[12.24368,50.05131],[12.24688,50.04496],[12.39819,49.99276],[12.39922,49.99276],[12.41452,49.98305],[12.45131,49.98057],[12.46816,49.97023],[12.47074,49.95561],[12.46382,49.94212],[12.46268,49.93127],[12.50361,49.91577],[12.51787,49.9122],[12.52407,49.90496],[12.52097,49.88553],[12.51291,49.87024],[12.48986,49.84269],[12.48252,49.82724],[12.46247,49.83122],[12.45638,49.81712],[12.45586,49.79613],[12.45266,49.7797],[12.43674,49.76926],[12.3954,49.75789],[12.38362,49.74286],[12.38858,49.73231],[12.39891,49.7195],[12.41958,49.70022],[12.43395,49.6918],[12.44924,49.68503],[12.48252,49.67469],[12.49637,49.66999],[12.50464,49.6594],[12.50536,49.64612],[12.49689,49.63387],[12.49947,49.63253],[12.50743,49.63],[12.50268,49.62214],[12.50196,49.61971],[12.51219,49.61165],[12.53606,49.60312],[12.5466,49.59558],[12.55363,49.58473],[12.55828,49.56256],[12.56231,49.55083],[12.56872,49.53884],[12.57503,49.5299],[12.58288,49.5224],[12.59373,49.51501],[12.605,49.51279],[12.61554,49.51378],[12.62298,49.50985],[12.62433,49.493],[12.62722,49.46019],[12.63218,49.44396],[12.64355,49.42949],[12.66308,49.4189],[12.70918,49.40474],[12.72933,49.39115],[12.76209,49.34324],[12.77791,49.33255],[12.79775,49.32784],[12.85666,49.32221],[12.87537,49.32386],[12.87092,49.33673],[12.88467,49.33957],[12.92291,49.3327],[12.93986,49.32676],[12.95433,49.31911],[12.98244,49.29963],[12.99981,49.29492],[13.00539,49.28676],[13.00673,49.2771],[13.01128,49.26779],[13.04321,49.24289],[13.04342,49.24278],[13.05582,49.23818],[13.14946,49.15483],[13.16259,49.13514],[13.1785,49.11835],[13.20682,49.1075],[13.26728,49.10563],[13.28733,49.10057],[13.29953,49.09365],[13.32991,49.06693],[13.37239,49.03851],[13.38355,49.02109],[13.38418,48.99303],[13.39854,48.97768],[13.42727,48.95996],[13.4589,48.94502],[13.48226,48.93763],[13.49259,48.95505],[13.5021,48.96606],[13.51595,48.97024],[13.52239,48.96934],[13.53889,48.96704],[13.55646,48.95996],[13.57341,48.95102],[13.59047,48.94482],[13.60866,48.94616],[13.61114,48.92725],[13.62178,48.90906],[13.63739,48.89345],[13.65444,48.88224],[13.67336,48.87635],[13.71062,48.87247],[13.72467,48.8673],[13.74793,48.84338],[13.79619,48.77981],[13.81573,48.76643]]]]}},{"type":"Feature","properties":{"ADM0_A3":"LUX","NAME_FR":"Luxembourg"},"geometry":{"type":"MultiPolygon","coordinates":[[[[6.11749,50.12046],[6.11056,50.10599],[6.1057,50.09224],[6.0994,50.06413],[6.10116,50.06341],[6.10715,50.06377],[6.10942,50.06356],[6.1057,50.0603],[6.0964,50.04863],[6.10726,50.0446],[6.11377,50.03638],[6.11997,50.0155],[6.11718,50.00439],[6.12152,49.99628],[6.13878,49.97933],[6.15397,49.95122],[6.16193,49.94248],[6.17268,49.95623],[6.18983,49.9383],[6.2227,49.88714],[6.23831,49.87691],[6.27221,49.86714],[6.28678,49.86104],[6.29153,49.85556],[6.29557,49.84862],[6.30156,49.8383],[6.30259,49.83494],[6.31065,49.83448],[6.32564,49.84037],[6.33442,49.84022],[6.35137,49.83329],[6.38011,49.81556],[6.39706,49.80859],[6.41452,49.80549],[6.46248,49.80549],[6.49328,49.7996],[6.49721,49.79944],[6.50258,49.79567],[6.50227,49.79588],[6.5001,49.79448],[6.5,49.78606],[6.49855,49.78539],[6.49379,49.76363],[6.49369,49.75655],[6.49638,49.75211],[6.49596,49.74823],[6.48625,49.7427],[6.48553,49.73376],[6.4878,49.7256],[6.49255,49.71841],[6.49969,49.71221],[6.491,49.71443],[6.48635,49.71294],[6.48294,49.70808],[6.48976,49.70296],[6.49173,49.70079],[6.41824,49.66989],[6.40274,49.65578],[6.4045,49.65247],[6.4109,49.64963],[6.417,49.64576],[6.41793,49.63914],[6.41525,49.63465],[6.4077,49.62741],[6.39757,49.61387],[6.37153,49.593],[6.35644,49.5776],[6.35075,49.56659],[6.35075,49.53491],[6.34881,49.52529],[6.34228,49.493],[6.34538,49.46272],[6.34531,49.45535],[6.32533,49.45672],[6.29877,49.46623],[6.25112,49.48946],[6.24937,49.49031],[6.22198,49.49744],[6.19355,49.49941],[6.13609,49.49527],[6.1426,49.48608],[6.11439,49.48437],[6.10726,49.48251],[6.10198,49.47641],[6.10209,49.47001],[6.09981,49.46463],[6.08772,49.46163],[6.07801,49.45202],[6.06333,49.44846],[5.97806,49.4451],[5.9607,49.44132],[5.94695,49.46995],[5.92814,49.4823],[5.86469,49.49217],[5.83957,49.49987],[5.8221,49.51052],[5.79068,49.53775],[5.81446,49.54514],[5.8374,49.56111],[5.84691,49.57672],[5.82996,49.58276],[5.84122,49.58969],[5.84918,49.59971],[5.862,49.62276],[5.86996,49.62886],[5.87988,49.63485],[5.88546,49.64353],[5.87988,49.65774],[5.87264,49.66172],[5.85259,49.66322],[5.84577,49.66658],[5.84226,49.67392],[5.8437,49.67749],[5.8467,49.68069],[5.84722,49.6872],[5.84877,49.69273],[5.85363,49.6963],[5.85735,49.70043],[5.8564,49.70581],[5.856,49.70808],[5.85022,49.71402],[5.8437,49.71433],[5.8373,49.71294],[5.83172,49.71361],[5.82572,49.71578],[5.81177,49.71852],[5.80536,49.72188],[5.80577,49.7242],[5.8036,49.73815],[5.80205,49.74286],[5.77849,49.77304],[5.77187,49.77939],[5.75916,49.78446],[5.74841,49.78564],[5.73829,49.78885],[5.72774,49.80022],[5.72164,49.81278],[5.7202,49.82471],[5.72464,49.83427],[5.73653,49.83944],[5.72692,49.84523],[5.72867,49.84884],[5.73053,49.85117],[5.73198,49.85417],[5.73188,49.85995],[5.75813,49.8582],[5.74883,49.86729],[5.72671,49.8782],[5.71493,49.88187],[5.71896,49.89137],[5.75358,49.93018],[5.75761,49.93654],[5.75999,49.9416],[5.76371,49.94682],[5.77156,49.95354],[5.77859,49.95659],[5.79337,49.95881],[5.80164,49.96382],[5.8126,49.97757],[5.80856,49.9831],[5.80154,49.98868],[5.80267,50.00248],[5.80887,50.0078],[5.82913,50.01359],[5.83637,50.01855],[5.83885,50.02646],[5.83885,50.03586],[5.83771,50.04744],[5.8437,50.05364],[5.85828,50.0618],[5.86437,50.06749],[5.86686,50.07431],[5.86882,50.09054],[5.87244,50.09689],[5.88897,50.10661],[5.92618,50.11834],[5.94106,50.12831],[5.94902,50.14268],[5.95316,50.15637],[5.96163,50.16562],[5.98292,50.16707],[5.99832,50.17498],[6.00473,50.17048],[6.00804,50.16092],[6.01413,50.15358],[6.02297,50.15082],[6.02736,50.14945],[6.03863,50.14841],[6.06137,50.15074],[6.07005,50.1542],[6.07646,50.15864],[6.08421,50.15932],[6.09713,50.15131],[6.10147,50.14211],[6.10033,50.13265],[6.1026,50.12474],[6.11749,50.12046]]]]}},{"type":"Feature","properties":{"ADM0_A3":"BEL","NAME_FR":"Belgique"},"geometry":{"type":"MultiPolygon","coordinates":[[[[2.5218,51.08754],[2.542,51.09687],[2.57993,51.1048],[2.71567,51.1695],[2.9236,51.24649],[3.12485,51.32966],[3.34897,51.37515],[3.34942,51.37522],[3.35807,51.33671],[3.35393,51.31191],[3.35321,51.2886],[3.36737,51.26349],[3.39166,51.24677],[3.3988,51.2447],[3.42194,51.23799],[3.45388,51.23563],[3.50121,51.24028],[3.50411,51.24974],[3.50152,51.2624],[3.50338,51.27395],[3.51434,51.28103],[3.52901,51.28333],[3.54503,51.28393],[3.58482,51.28953],[3.60953,51.29044],[3.63505,51.28783],[3.75732,51.26232],[3.77623,51.25452],[3.7814,51.24142],[3.77975,51.23031],[3.7814,51.21987],[3.79629,51.20876],[3.80869,51.20533],[3.92703,51.20625],[3.94945,51.21078],[3.99503,51.23323],[4.11895,51.2724],[4.16856,51.29687],[4.20794,51.33059],[4.21352,51.34054],[4.22096,51.36382],[4.22149,51.368],[4.22218,51.36774],[4.24106,51.35659],[4.24903,51.34667],[4.25611,51.32844],[4.27263,51.31582],[4.29078,51.30589],[4.30299,51.29609],[4.30665,51.28974],[4.30812,51.28364],[4.30543,51.2766],[4.29868,51.2696],[4.29672,51.26756],[4.30836,51.27123],[4.31642,51.27684],[4.33082,51.29609],[4.29713,51.30516],[4.28932,51.30915],[4.28541,51.31802],[4.28614,51.33967],[4.28305,51.35008],[4.27564,51.3581],[4.26107,51.36938],[4.28112,51.36895],[4.2901,51.36875],[4.32628,51.35643],[4.3456,51.35229],[4.39222,51.35041],[4.41123,51.35674],[4.4162,51.37397],[4.4101,51.38379],[4.38767,51.40053],[4.37992,51.40953],[4.38064,51.41965],[4.38715,51.42746],[4.38922,51.43459],[4.37713,51.44288],[4.42942,51.46198],[4.48306,51.47433],[4.51262,51.47738],[4.52523,51.47593],[4.53319,51.46758],[4.53185,51.45087],[4.52337,51.43841],[4.52151,51.42865],[4.54063,51.42007],[4.55386,51.41929],[4.5827,51.4226],[4.61463,51.41756],[4.63014,51.41821],[4.64357,51.42141],[4.65391,51.42622],[4.73121,51.48562],[4.76418,51.49624],[4.77865,51.49536],[4.79684,51.49102],[4.81359,51.48412],[4.82392,51.47565],[4.82609,51.46055],[4.81989,51.44622],[4.81545,51.43107],[4.82268,51.41369],[4.77907,51.42642],[4.7678,51.42539],[4.76212,51.41338],[4.7833,51.40764],[4.85327,51.40614],[4.87167,51.40304],[4.91033,51.3919],[4.93193,51.39562],[4.95714,51.411],[4.98019,51.43053],[4.9958,51.44671],[5.00272,51.459],[5.00613,51.46831],[5.01213,51.47433],[5.02753,51.47681],[5.03032,51.47443],[5.06029,51.46198],[5.07993,51.43854],[5.07641,51.4219],[5.06525,51.40591],[5.06174,51.38426],[5.06815,51.37454],[5.10256,51.35066],[5.10783,51.34198],[5.11806,51.31992],[5.12292,51.31338],[5.14018,51.30739],[5.17884,51.30951],[5.19734,51.30834],[5.21491,51.29434],[5.21542,51.25873],[5.23299,51.25592],[5.23946,51.25693],[5.27072,51.26183],[5.38906,51.25871],[5.40993,51.26354],[5.45189,51.28212],[5.47164,51.28809],[5.49324,51.28654],[5.5167,51.27723],[5.5352,51.26204],[5.54233,51.24266],[5.54553,51.21992],[5.55141,51.21677],[5.56837,51.20765],[5.62501,51.1969],[5.63855,51.19091],[5.64816,51.18396],[5.65901,51.17907],[5.67617,51.17918],[5.71803,51.1846],[5.73084,51.18375],[5.74717,51.1776],[5.76805,51.15946],[5.78138,51.15241],[5.81208,51.15732],[5.82913,51.15646],[5.83802,51.14373],[5.8405,51.13892],[5.82644,51.13016],[5.82324,51.11874],[5.84598,51.10339],[5.83678,51.09949],[5.82665,51.09691],[5.8159,51.09587],[5.80495,51.09662],[5.80743,51.08939],[5.80898,51.08634],[5.81177,51.08231],[5.80433,51.06859],[5.79885,51.06148],[5.79131,51.055],[5.77963,51.0613],[5.77146,51.05812],[5.7664,51.04844],[5.76402,51.03518],[5.77756,51.02355],[5.76175,50.99916],[5.72237,50.95942],[5.74469,50.96325],[5.7543,50.96309],[5.76402,50.95942],[5.75255,50.94723],[5.73529,50.92397],[5.72237,50.91167],[5.71761,50.90924],[5.70604,50.90661],[5.69446,50.90366],[5.62232,50.85266],[5.62449,50.83028],[5.64072,50.81504],[5.65743,50.80764],[5.66325,50.80506],[5.68485,50.7985],[5.70046,50.79556],[5.6987,50.78377],[5.68837,50.76083],[5.70656,50.75422],[5.71741,50.75282],[5.72785,50.75416],[5.73278,50.75885],[5.74356,50.7691],[5.75244,50.77344],[5.76247,50.77101],[5.78293,50.7567],[5.79317,50.75215],[5.87988,50.75354],[5.89129,50.75125],[5.9022,50.74905],[5.97476,50.74755],[5.99491,50.74993],[5.99326,50.74807],[5.99264,50.74626],[5.99274,50.74445],[5.99419,50.74259],[6.01083,50.73706],[6.01134,50.72745],[6.00762,50.7169],[6.01155,50.70853],[6.02478,50.70755],[6.06436,50.71448],[6.081,50.7135],[6.10023,50.7013],[6.1611,50.64218],[6.14777,50.63676],[6.15945,50.62239],[6.18002,50.61552],[6.24906,50.61443],[6.25133,50.60844],[6.2443,50.59955],[6.23293,50.59076],[6.23293,50.58715],[6.21061,50.57867],[6.17908,50.56198],[6.16069,50.54358],[6.17733,50.5302],[6.16947,50.5225],[6.17082,50.51795],[6.17888,50.51578],[6.19056,50.51521],[6.1826,50.50658],[6.19066,50.50183],[6.19924,50.49041],[6.2072,50.48633],[6.21712,50.48602],[6.25091,50.49268],[6.25309,50.49408],[6.25557,50.49459],[6.25784,50.49408],[6.26011,50.49268],[6.27541,50.48803],[6.31872,50.48167],[6.3369,50.481],[6.32574,50.47403],[6.32326,50.46602],[6.32616,50.45703],[6.33163,50.4469],[6.34021,50.43785],[6.34734,50.43697],[6.35117,50.43356],[6.35044,50.41687],[6.34331,50.39331],[6.33639,50.37992],[6.33773,50.36809],[6.37246,50.32944],[6.3734,50.32308],[6.37453,50.31548],[6.36202,50.30696],[6.33546,50.30386],[6.32202,50.30541],[6.31065,50.30825],[6.29949,50.30887],[6.28595,50.30386],[6.27603,50.2961],[6.26942,50.28649],[6.26735,50.27642],[6.27179,50.26742],[6.2534,50.25678],[6.2104,50.24903],[6.18963,50.24272],[6.17981,50.23301],[6.15717,50.22272],[6.14684,50.21404],[6.16017,50.20453],[6.16575,50.19317],[6.16513,50.1819],[6.15914,50.17244],[6.1517,50.16934],[6.13175,50.16831],[6.12317,50.1649],[6.12131,50.16159],[6.118,50.15038],[6.11583,50.14547],[6.12596,50.1402],[6.12948,50.13405],[6.12658,50.12733],[6.11749,50.12046],[6.1026,50.12474],[6.10033,50.13265],[6.10147,50.14211],[6.09713,50.15131],[6.08421,50.15932],[6.07646,50.15864],[6.07005,50.1542],[6.06137,50.15074],[6.03863,50.14841],[6.02736,50.14945],[6.02297,50.15082],[6.01413,50.15358],[6.00804,50.16092],[6.00473,50.17048],[5.99832,50.17498],[5.98292,50.16707],[5.96163,50.16562],[5.95316,50.15637],[5.94902,50.14268],[5.94106,50.12831],[5.92618,50.11834],[5.88897,50.10661],[5.87244,50.09689],[5.86882,50.09054],[5.86686,50.07431],[5.86437,50.06749],[5.85828,50.0618],[5.8437,50.05364],[5.83771,50.04744],[5.83885,50.03586],[5.83885,50.02646],[5.83637,50.01855],[5.82913,50.01359],[5.80887,50.0078],[5.80267,50.00248],[5.80154,49.98868],[5.80856,49.9831],[5.8126,49.97757],[5.80164,49.96382],[5.79337,49.95881],[5.77859,49.95659],[5.77156,49.95354],[5.76371,49.94682],[5.75999,49.9416],[5.75761,49.93654],[5.75358,49.93018],[5.71896,49.89137],[5.71493,49.88187],[5.72671,49.8782],[5.74883,49.86729],[5.75813,49.8582],[5.73188,49.85995],[5.73198,49.85417],[5.73053,49.85117],[5.72867,49.84884],[5.72692,49.84523],[5.73653,49.83944],[5.72464,49.83427],[5.7202,49.82471],[5.72164,49.81278],[5.72774,49.80022],[5.73829,49.78885],[5.74841,49.78564],[5.75916,49.78446],[5.77187,49.77939],[5.77849,49.77304],[5.80205,49.74286],[5.8036,49.73815],[5.80577,49.7242],[5.80536,49.72188],[5.81177,49.71852],[5.82572,49.71578],[5.83172,49.71361],[5.8373,49.71294],[5.8437,49.71433],[5.85022,49.71402],[5.856,49.70808],[5.8564,49.70581],[5.85735,49.70043],[5.85363,49.6963],[5.84877,49.69273],[5.84722,49.6872],[5.8467,49.68069],[5.8437,49.67749],[5.84226,49.67392],[5.84577,49.66658],[5.85259,49.66322],[5.87264,49.66172],[5.87988,49.65774],[5.88546,49.64353],[5.87988,49.63485],[5.86996,49.62886],[5.862,49.62276],[5.84918,49.59971],[5.84122,49.58969],[5.82996,49.58276],[5.84691,49.57672],[5.8374,49.56111],[5.81446,49.54514],[5.79068,49.53775],[5.77901,49.53961],[5.75709,49.5484],[5.74635,49.54943],[5.7356,49.54571],[5.72268,49.5346],[5.71028,49.53109],[5.68868,49.53352],[5.66718,49.54044],[5.64465,49.5438],[5.61974,49.53553],[5.60785,49.52494],[5.60558,49.51775],[5.60227,49.51372],[5.58749,49.51243],[5.57892,49.51393],[5.5476,49.52344],[5.52879,49.51796],[5.50367,49.50509],[5.47773,49.49522],[5.45613,49.49894],[5.44993,49.50783],[5.45096,49.51677],[5.45417,49.52618],[5.45437,49.53662],[5.45024,49.54576],[5.40208,49.60245],[5.39117,49.60882],[5.38347,49.6133],[5.35247,49.62069],[5.3411,49.62514],[5.3349,49.62581],[5.33118,49.62312],[5.32694,49.61764],[5.32167,49.61258],[5.31454,49.61113],[5.2979,49.61325],[5.29304,49.61718],[5.29066,49.62638],[5.29376,49.64054],[5.30183,49.6439],[5.30637,49.64751],[5.29945,49.6625],[5.28012,49.6779],[5.25924,49.69134],[5.23764,49.69097],[5.19248,49.68281],[5.16943,49.6872],[5.15124,49.69599],[5.13636,49.70534],[5.09378,49.74534],[5.08189,49.75273],[5.04623,49.75939],[5.02629,49.76673],[4.98908,49.79055],[4.97099,49.79707],[4.96837,49.79698],[4.95001,49.79639],[4.9066,49.78647],[4.88418,49.78415],[4.85803,49.78657],[4.84904,49.79417],[4.84924,49.83158],[4.84676,49.83753],[4.83695,49.84802],[4.83488,49.85303],[4.83674,49.85913],[4.84563,49.86585],[4.84893,49.87107],[4.85431,49.88331],[4.85937,49.89168],[4.86196,49.90031],[4.8602,49.91334],[4.84459,49.93173],[4.79726,49.94429],[4.78392,49.95829],[4.78826,49.97426],[4.82671,50.03602],[4.82764,50.04671],[4.82609,50.05503],[4.82723,50.06408],[4.84604,50.09069],[4.85214,50.09162],[4.86289,50.08408],[4.86516,50.10159],[4.87053,50.12226],[4.87188,50.13978],[4.86268,50.14759],[4.83136,50.1434],[4.8201,50.14645],[4.81555,50.16133],[4.78857,50.15337],[4.68192,50.08392],[4.67613,50.07607],[4.67344,50.0662],[4.67582,50.0602],[4.67954,50.05519],[4.68057,50.04832],[4.67292,50.01638],[4.6659,50.00052],[4.6567,49.98909],[4.64584,49.9845],[4.60419,49.98021],[4.46477,49.93561],[4.43511,49.93225],[4.42765,49.93357],[4.2776,49.96016],[4.21595,49.95441],[4.20112,49.95302],[4.18768,49.95551],[4.13166,49.97499],[4.13237,49.97495],[4.13962,49.97452],[4.13838,49.9892],[4.13291,50.00449],[4.12815,50.00579],[4.13229,50.01757],[4.13735,50.02506],[4.14458,50.0308],[4.16288,50.0418],[4.18603,50.05245],[4.21001,50.06015],[4.21032,50.06671],[4.20339,50.07467],[4.1974,50.08408],[4.18055,50.12723],[4.17063,50.13048],[4.15988,50.1294],[4.13993,50.12356],[4.12577,50.12816],[4.12815,50.14624],[4.14737,50.18634],[4.15275,50.20453],[4.1573,50.2127],[4.16794,50.22246],[4.19151,50.2343],[4.20132,50.24153],[4.2037,50.25197],[4.1976,50.25848],[4.1852,50.26546],[4.17177,50.27089],[4.16277,50.27295],[4.15027,50.26954],[4.14975,50.26313],[4.15099,50.25626],[4.14365,50.25161],[4.12526,50.25714],[4.09787,50.29481],[4.0772,50.30665],[4.05591,50.31455],[4.02273,50.33812],[4.0033,50.34406],[3.98211,50.34261],[3.91855,50.32546],[3.89592,50.3253],[3.87804,50.33078],[3.86088,50.33848],[3.84021,50.3452],[3.79866,50.34845],[3.75505,50.34633],[3.74151,50.34313],[3.73345,50.33724],[3.71546,50.31765],[3.71112,50.30933],[3.70844,50.30634],[3.70389,50.30432],[3.70223,50.30525],[3.70079,50.30468],[3.69686,50.29822],[3.66172,50.31931],[3.65293,50.36018],[3.65283,50.40685],[3.64436,50.4455],[3.62813,50.46436],[3.60829,50.47651],[3.58637,50.48348],[3.56374,50.48653],[3.49914,50.48679],[3.48674,50.49268],[3.49646,50.50379],[3.49801,50.51185],[3.4915,50.51707],[3.47713,50.51986],[3.46287,50.51914],[3.45264,50.51485],[3.44271,50.50849],[3.42917,50.50183],[3.38535,50.49165],[3.36107,50.48979],[3.3436,50.49294],[3.29988,50.50746],[3.28675,50.51407],[3.27104,50.52694],[3.26588,50.53831],[3.26433,50.5702],[3.23787,50.62647],[3.22981,50.65541],[3.24376,50.6721],[3.23239,50.69593],[3.22443,50.70517],[3.211,50.70797],[3.19694,50.70921],[3.18898,50.7151],[3.17668,50.73411],[3.16281,50.74994],[3.1462,50.76889],[3.12925,50.77907],[3.1033,50.78408],[3.02382,50.76826],[2.97142,50.75783],[2.94838,50.74869],[2.93019,50.73623],[2.90011,50.70311],[2.88688,50.69665],[2.87128,50.69877],[2.86673,50.70009],[2.78673,50.72337],[2.76823,50.73324],[2.76296,50.73938],[2.74953,50.75959],[2.74384,50.7662],[2.70663,50.78879],[2.70002,50.79628],[2.69692,50.80305],[2.69186,50.80884],[2.67873,50.81323],[2.66922,50.8139],[2.65062,50.81225],[2.64245,50.81245],[2.62778,50.81442],[2.62044,50.81649],[2.61517,50.82217],[2.60659,50.83483],[2.60204,50.83809],[2.58995,50.84201],[2.58675,50.84542],[2.58778,50.85002],[2.59553,50.86113],[2.59667,50.86765],[2.57693,50.91152],[2.58271,50.92067],[2.60576,50.93524],[2.61165,50.94123],[2.60845,50.96113],[2.59274,50.97611],[2.55698,51.00118],[2.54706,51.02048],[2.53703,51.06461],[2.5218,51.08754]]]]}},{"type":"Feature","properties":{"ADM0_A3":"GBR","NAME_FR":"Royaume-Uni"},"geometry":{"type":"MultiPolygon","coordinates":[[[[-2.66535,51.61726],[-2.69376,51.59618],[-2.71312,51.58662],[-2.76049,51.57978],[-2.79808,51.5635],[-2.8164,51.55557],[-2.85871,51.54613],[-2.94335,51.54255],[-2.95629,51.54572],[-2.9641,51.5528],[-2.96947,51.55988],[-2.97468,51.56297],[-2.98404,51.55854],[-3.01024,51.53803],[-3.0157,51.53164],[-3.07372,51.50837],[-3.07649,51.50776],[-3.08894,51.50507],[-3.10562,51.49722],[-3.1317,51.48041],[-3.13508,51.4763],[-3.14094,51.46479],[-3.14538,51.45995],[-3.15241,51.45718],[-3.16666,51.456],[-3.17239,51.45327],[-3.17272,51.45311],[-3.16006,51.43183],[-3.16714,51.41047],[-3.1848,51.39761],[-3.20401,51.4016],[-3.21886,51.40278],[-3.28942,51.38422],[-3.53917,51.39851],[-3.55744,51.4051],[-3.57531,51.42044],[-3.60473,51.4457],[-3.6632,51.47622],[-3.67699,51.47704],[-3.69542,51.4715],[-3.71793,51.47858],[-3.73762,51.49087],[-3.74804,51.50092],[-3.74942,51.50536],[-3.74767,51.50702],[-3.74454,51.50764],[-3.74185,51.50837],[-3.74934,51.52806],[-3.7519,51.53307],[-3.75894,51.54678],[-3.77013,51.5633],[-3.78222,51.57665],[-3.79027,51.58198],[-3.80773,51.58918],[-3.81697,51.5965],[-3.83267,51.61555],[-3.84162,51.62153],[-3.85489,51.62385],[-3.88679,51.62141],[-3.96239,51.61563],[-3.97663,51.61188],[-3.98998,51.60651],[-3.99877,51.60029],[-3.99991,51.59089],[-3.99226,51.58112],[-3.9818,51.5716],[-3.9746,51.56297],[-4.01618,51.56297],[-4.0161,51.56037],[-4.02082,51.55585],[-4.02652,51.55402],[-4.02921,51.55927],[-4.03197,51.56314],[-4.03856,51.56623],[-4.04646,51.56843],[-4.05313,51.56924],[-4.0563,51.56704],[-4.06558,51.55756],[-4.07022,51.55557],[-4.07681,51.55695],[-4.08727,51.56192],[-4.11213,51.56562],[-4.12165,51.56598],[-4.13219,51.56297],[-4.14273,51.55695],[-4.15681,51.54629],[-4.16641,51.54255],[-4.1765,51.54426],[-4.18773,51.54877],[-4.19677,51.54938],[-4.20055,51.53876],[-4.21337,51.53913],[-4.27245,51.55476],[-4.28991,51.55557],[-4.29332,51.55915],[-4.29516,51.56196],[-4.29735,51.56924],[-4.27831,51.57819],[-4.28083,51.58881],[-4.2897,51.60155],[-4.28991,51.61701],[-4.25577,51.62385],[-4.25202,51.6271],[-4.24128,51.63935],[-4.23473,51.64496],[-4.22851,51.63744],[-4.23473,51.63744],[-4.23473,51.63129],[-4.22785,51.62812],[-4.22102,51.62385],[-4.19009,51.63028],[-4.13903,51.63231],[-4.0913,51.63988],[-4.07022,51.6623],[-4.06981,51.66893],[-4.07038,51.6743],[-4.07055,51.67597],[-4.07543,51.6778],[-4.08727,51.66885],[-4.09545,51.66511],[-4.10684,51.66425],[-4.14635,51.66706],[-4.20055,51.68586],[-4.21495,51.67967],[-4.29369,51.67227],[-4.3153,51.67748],[-4.34236,51.69086],[-4.36644,51.70848],[-4.37926,51.72687],[-4.33804,51.72333],[-4.31998,51.72484],[-4.31046,51.73371],[-4.32873,51.73298],[-4.34716,51.73578],[-4.36254,51.74287],[-4.37182,51.75479],[-4.36876,51.75699],[-4.3629,51.76386],[-4.35802,51.77314],[-4.35823,51.78213],[-4.3651,51.78905],[-4.37149,51.78596],[-4.37926,51.77529],[-4.38492,51.77188],[-4.39297,51.76374],[-4.39916,51.76162],[-4.40933,51.76317],[-4.41788,51.76789],[-4.4265,51.77529],[-4.44579,51.77326],[-4.44933,51.7663],[-4.4414,51.75678],[-4.4265,51.7473],[-4.46076,51.73578],[-4.49889,51.73485],[-4.57421,51.74116],[-4.60342,51.73924],[-4.63923,51.73318],[-4.64537,51.73212],[-4.67821,51.71743],[-4.68029,51.69269],[-4.68944,51.6916],[-4.69164,51.68989],[-4.69164,51.68598],[-4.69396,51.67841],[-4.71231,51.65009],[-4.72142,51.65205],[-4.73493,51.65925],[-4.74185,51.65607],[-4.75919,51.64496],[-4.8483,51.64631],[-4.86351,51.64411],[-4.87898,51.63744],[-4.88781,51.62995],[-4.89574,51.62108],[-4.90477,51.61384],[-4.9237,51.60863],[-4.932,51.59903],[-4.94103,51.5965],[-4.94603,51.5976],[-4.95645,51.60277],[-5.0216,51.61603],[-5.04577,51.6269],[-5.03661,51.63744],[-5.05118,51.65693],[-5.10049,51.6647],[-5.11974,51.67841],[-5.11343,51.68529],[-5.03661,51.67841],[-5.03873,51.68183],[-5.04133,51.6894],[-5.04345,51.69269],[-5.02868,51.69294],[-5.00255,51.6874],[-4.98819,51.68586],[-4.9746,51.68793],[-4.94103,51.70014],[-4.89265,51.70637],[-4.86828,51.71678],[-4.85806,51.71833],[-4.84484,51.71381],[-4.84484,51.72004],[-4.8734,51.73774],[-4.87902,51.76203],[-4.86254,51.78238],[-4.82433,51.78827],[-4.82433,51.79572],[-4.83601,51.79072],[-4.86498,51.78327],[-4.92129,51.78001],[-4.93358,51.77529],[-4.91723,51.77534],[-4.90518,51.77119],[-4.90054,51.76211],[-4.90624,51.7473],[-4.89208,51.73941],[-4.89566,51.72818],[-4.91055,51.71821],[-4.98819,51.70685],[-5.00992,51.70637],[-5.14924,51.71809],[-5.1669,51.71381],[-5.15697,51.69758],[-5.16861,51.68891],[-5.18285,51.68928],[-5.18065,51.70014],[-5.18065,51.70637],[-5.23013,51.73005],[-5.2495,51.73371],[-5.22814,51.73395],[-5.21394,51.73575],[-5.20287,51.74079],[-5.19115,51.75104],[-5.17683,51.75967],[-5.14322,51.76386],[-5.12597,51.7685],[-5.11026,51.77851],[-5.10709,51.78807],[-5.11229,51.81318],[-5.11339,51.8288],[-5.1175,51.84369],[-5.12589,51.85602],[-5.13964,51.864],[-5.14647,51.85716],[-5.16438,51.86677],[-5.20376,51.87018],[-5.22159,51.87767],[-5.23583,51.87104],[-5.29141,51.864],[-5.31094,51.864],[-5.30427,51.86762],[-5.29735,51.87018],[-5.29735,51.87767],[-5.30069,51.88202],[-5.30256,51.88524],[-5.30016,51.88833],[-5.29052,51.892],[-5.29052,51.89814],[-5.29833,51.91096],[-5.28893,51.91694],[-5.25284,51.91865],[-5.2342,51.92304],[-5.20417,51.94229],[-5.19115,51.9466],[-5.16039,51.94945],[-5.11954,51.95893],[-5.08804,51.97602],[-5.08503,52.00186],[-5.07079,52.00186],[-5.07079,52.00804],[-5.08275,52.01447],[-5.08121,52.02119],[-5.07022,52.02635],[-5.0537,52.02851],[-5.0266,52.02741],[-5.01504,52.02534],[-4.96174,52.00751],[-4.94254,52.00747],[-4.91369,52.01484],[-4.92052,52.02851],[-4.9016,52.02643],[-4.86319,52.017],[-4.84142,52.01484],[-4.83226,52.01899],[-4.83385,52.02875],[-4.83829,52.04011],[-4.838,52.04902],[-4.83039,52.05292],[-4.79699,52.05646],[-4.77758,52.06489],[-4.76317,52.07587],[-4.73868,52.10082],[-4.72029,52.11335],[-4.70653,52.11347],[-4.67345,52.0974],[-4.67569,52.12694],[-4.63752,52.13849],[-4.51382,52.13569],[-4.50227,52.13837],[-4.49576,52.1435],[-4.49096,52.15038],[-4.48428,52.15632],[-4.4547,52.16206],[-4.4348,52.17036],[-4.4154,52.18154],[-4.38557,52.20344],[-4.37125,52.2093],[-4.35473,52.2121],[-4.33434,52.21284],[-4.31583,52.2163],[-4.19713,52.27928],[-4.13907,52.33023],[-4.10961,52.3653],[-4.09626,52.38788],[-4.08739,52.43012],[-4.07897,52.45303],[-4.06794,52.47362],[-4.05655,52.48786],[-4.06184,52.49706],[-4.06404,52.50918],[-4.06257,52.52098],[-4.05655,52.52945],[-4.04849,52.53046],[-4.0266,52.52338],[-4.01618,52.52196],[-3.99877,52.52595],[-3.94734,52.54926],[-3.94734,52.55671],[-3.97448,52.55654],[-4.02587,52.54536],[-4.05313,52.54243],[-4.06847,52.55012],[-4.11412,52.58861],[-4.12548,52.60391],[-4.12222,52.62873],[-4.10595,52.65351],[-4.08483,52.67267],[-4.06713,52.68024],[-4.06355,52.68309],[-4.05883,52.6966],[-4.05655,52.70067],[-4.05272,52.70222],[-4.04198,52.70466],[-4.00109,52.72411],[-3.98827,52.73428],[-4.01472,52.73233],[-4.03197,52.72394],[-4.04882,52.72158],[-4.12515,52.77831],[-4.14436,52.8028],[-4.14904,52.81208],[-4.14623,52.82022],[-4.1289,52.82364],[-4.11734,52.83076],[-4.11978,52.84626],[-4.12776,52.86172],[-4.13219,52.86831],[-4.13199,52.88247],[-4.12987,52.88923],[-4.12361,52.89326],[-4.06404,52.91918],[-4.0714,52.92109],[-4.07457,52.9228],[-4.07763,52.92666],[-4.0891,52.91885],[-4.10049,52.91413],[-4.11059,52.91568],[-4.11856,52.92666],[-4.1444,52.91478],[-4.17162,52.91348],[-4.22851,52.91918],[-4.30069,52.90559],[-4.31729,52.89936],[-4.33731,52.89203],[-4.40661,52.89252],[-4.42723,52.88597],[-4.4462,52.87592],[-4.48168,52.8509],[-4.47794,52.84833],[-4.47549,52.84414],[-4.49136,52.8382],[-4.50097,52.82681],[-4.50133,52.81391],[-4.48912,52.80317],[-4.50194,52.79499],[-4.50919,52.79145],[-4.51647,52.7895],[-4.52855,52.79047],[-4.54247,52.80069],[-4.56395,52.80524],[-4.58308,52.81464],[-4.59464,52.8168],[-4.60652,52.81509],[-4.61351,52.8111],[-4.61921,52.80654],[-4.62633,52.80317],[-4.64859,52.79963],[-4.7045,52.80317],[-4.71931,52.79751],[-4.73323,52.7875],[-4.74743,52.78343],[-4.76285,52.7895],[-4.75251,52.79877],[-4.75145,52.80321],[-4.75544,52.80931],[-4.74926,52.81428],[-4.73493,52.83047],[-4.59606,52.92841],[-4.58096,52.9335],[-4.56208,52.93452],[-4.54353,52.93793],[-4.524,52.94424],[-4.44343,52.98216],[-4.4237,53.00263],[-4.35823,53.02847],[-4.34997,53.04149],[-4.34569,53.05947],[-4.34386,53.10106],[-4.34089,53.11274],[-4.33434,53.11677],[-4.32763,53.11469],[-4.3247,53.1079],[-4.32067,53.10151],[-4.31224,53.10944],[-4.30476,53.121],[-4.30362,53.12531],[-4.26354,53.15453],[-4.25235,53.15941],[-4.23453,53.16401],[-4.2213,53.17504],[-4.20055,53.20099],[-4.17797,53.2176],[-4.15152,53.2281],[-4.12222,53.23347],[-4.09069,53.23517],[-4.08235,53.23355],[-4.07433,53.23066],[-4.06688,53.22907],[-4.05411,53.23436],[-4.0323,53.24071],[-4.0089,53.24445],[-3.9746,53.26179],[-3.86531,53.28913],[-3.83129,53.28913],[-3.84142,53.30744],[-3.87076,53.32563],[-3.87841,53.33759],[-3.85997,53.33633],[-3.84057,53.33283],[-3.82299,53.32657],[-3.81013,53.31708],[-3.79052,53.32343],[-3.76887,53.31916],[-3.7482,53.30781],[-3.73192,53.29287],[-3.7163,53.28693],[-3.6022,53.28889],[-3.56233,53.29442],[-3.37206,53.3509],[-3.33031,53.35179],[-3.29239,53.34052],[-3.27131,53.33055],[-3.26207,53.3205],[-3.2508,53.31257],[-3.12222,53.26227],[-3.10753,53.2519],[-3.09512,53.23933],[-3.08776,53.23469],[-3.08454,53.23859],[-3.08454,53.25858],[-3.08454,53.27546],[-3.09594,53.28714],[-3.11119,53.3028],[-3.13541,53.33381],[-3.17154,53.36225],[-3.18521,53.37727],[-3.18635,53.39277],[-3.17553,53.40274],[-3.1573,53.40876],[-3.11465,53.41266],[-3.09423,53.41739],[-3.05826,53.43476],[-3.03555,53.43374],[-3.0122,53.41669],[-2.95295,53.32392],[-2.93513,53.30947],[-2.91055,53.29633],[-2.8815,53.2884],[-2.85058,53.28913],[-2.8496,53.2912],[-2.84838,53.29556],[-2.84496,53.30012],[-2.83755,53.3028],[-2.8286,53.30244],[-2.81338,53.29776],[-2.80614,53.29658],[-2.78978,53.29743],[-2.7755,53.29987],[-2.74812,53.30964],[-2.75365,53.32245],[-2.75088,53.33161],[-2.74315,53.33853],[-2.73449,53.34443],[-2.72614,53.34199],[-2.71744,53.34272],[-2.70861,53.34614],[-2.69978,53.35179],[-2.7141,53.35236],[-2.76439,53.34516],[-2.77538,53.34101],[-2.78238,53.32636],[-2.79979,53.32103],[-2.81033,53.32172],[-2.84366,53.32392],[-2.88646,53.33356],[-2.92496,53.35],[-2.95694,53.37055],[-2.98082,53.39277],[-3.09659,53.54434],[-3.10192,53.55805],[-3.09948,53.57201],[-3.08764,53.58771],[-3.02184,53.65282],[-2.96866,53.69404],[-2.96036,53.69758],[-2.95173,53.70808],[-2.91145,53.72504],[-2.89904,53.73542],[-2.98485,53.73607],[-3.02147,53.7458],[-3.04918,53.76952],[-3.05639,53.80305],[-3.04491,53.87848],[-3.05663,53.90615],[-3.04068,53.92353],[-3.01757,53.93195],[-2.92569,53.9527],[-2.90925,53.95384],[-2.89611,53.94774],[-2.88854,53.94603],[-2.88537,53.95051],[-2.88199,53.95653],[-2.87418,53.96166],[-2.86514,53.96548],[-2.85798,53.9676],[-2.86925,53.97883],[-2.83446,53.99982],[-2.83007,54.01602],[-2.84752,54.00837],[-2.86486,54.0043],[-2.8955,54.00235],[-2.9003,54.00495],[-2.91609,54.02656],[-2.9182,54.03433],[-2.91128,54.03998],[-2.90079,54.04491],[-2.89208,54.05012],[-2.87267,54.0716],[-2.85888,54.081],[-2.82677,54.08881],[-2.81517,54.09878],[-2.79597,54.12519],[-2.81282,54.13988],[-2.83642,54.16759],[-2.85094,54.18464],[-2.85424,54.19408],[-2.83288,54.19904],[-2.81029,54.2119],[-2.79524,54.22948],[-2.79597,54.24873],[-2.80281,54.24873],[-2.80663,54.23371],[-2.82087,54.22175],[-2.85058,54.20775],[-2.88638,54.19627],[-2.90465,54.18765],[-2.91267,54.17699],[-2.9204,54.16206],[-2.9392,54.1551],[-2.9842,54.15314],[-2.99771,54.15957],[-3.01134,54.17414],[-3.01732,54.19009],[-3.00817,54.20034],[-3.01537,54.2119],[-3.02448,54.22158],[-3.03576,54.22598],[-3.04918,54.22207],[-3.04467,54.20832],[-3.04784,54.19432],[-3.05354,54.1813],[-3.05663,54.17023],[-3.06102,54.16193],[-3.09073,54.13947],[-3.10765,54.11856],[-3.11791,54.10883],[-3.14525,54.10004],[-3.14745,54.08869],[-3.1444,54.07514],[-3.14538,54.06379],[-3.18053,54.09284],[-3.18977,54.09789],[-3.20572,54.09854],[-3.21955,54.10077],[-3.23111,54.10513],[-3.24096,54.11213],[-3.23811,54.12759],[-3.23253,54.14468],[-3.23314,54.15917],[-3.2484,54.16681],[-3.2484,54.17365],[-3.2152,54.17984],[-3.20678,54.20893],[-3.20906,54.24274],[-3.20739,54.26301],[-3.22313,54.25764],[-3.23135,54.24722],[-3.24096,54.22207],[-3.23217,54.20254],[-3.24714,54.19794],[-3.27013,54.19912],[-3.286,54.19721],[-3.30679,54.19188],[-3.32852,54.20474],[-3.36449,54.2425],[-3.39419,54.26439],[-3.40738,54.27774],[-3.41291,54.29377],[-3.41039,54.30146],[-3.40599,54.30964],[-3.40412,54.31855],[-3.41145,54.33275],[-3.41344,54.34296],[-3.41633,54.34492],[-3.44017,54.35175],[-3.47427,54.3935],[-3.49771,54.40583],[-3.59187,54.4831],[-3.60814,54.48827],[-3.61319,54.49164],[-3.62369,54.50609],[-3.63418,54.51288],[-3.62682,54.52041],[-3.6162,54.52757],[-3.61156,54.52993],[-3.59032,54.56464],[-3.56383,54.64277],[-3.53014,54.68806],[-3.51602,54.71288],[-3.50918,54.72167],[-3.50072,54.72598],[-3.47887,54.7309],[-3.46813,54.7353],[-3.45543,54.74502],[-3.43956,54.76146],[-3.43098,54.78046],[-3.44017,54.79743],[-3.40754,54.85602],[-3.38793,54.88337],[-3.36449,54.89981],[-3.34496,54.90253],[-3.33336,54.89728],[-3.32274,54.88988],[-3.30647,54.88618],[-3.29573,54.88691],[-3.25463,54.89981],[-3.26732,54.9055],[-3.31729,54.92032],[-3.29149,54.93667],[-3.27652,54.94343],[-3.21361,54.95441],[-3.20104,54.95222],[-3.19367,54.94864],[-3.18798,54.94449],[-3.18017,54.94082],[-3.14281,54.93354],[-3.12279,54.93268],[-3.03954,54.94717],[-3.02184,54.95441],[-3.09073,54.95441],[-3.09073,54.96125],[-3.07152,54.96312],[-3.05622,54.96882],[-3.04092,54.97248],[-3.02184,54.96809],[-3.02184,54.97553],[-3.0463,54.98212],[-3.05029,54.98151],[-3.13541,54.96809],[-3.45385,54.98176],[-3.47069,54.98444],[-3.48624,54.98949],[-3.50105,54.9925],[-3.51529,54.9892],[-3.51236,54.98713],[-3.51146,54.98688],[-3.51089,54.98599],[-3.50918,54.98176],[-3.52603,54.97712],[-3.54186,54.98066],[-3.57055,54.99543],[-3.58361,54.96809],[-3.57567,54.95734],[-3.57063,54.93757],[-3.56876,54.916],[-3.57055,54.89981],[-3.58169,54.88361],[-3.59838,54.878],[-3.69176,54.8832],[-3.71764,54.88085],[-3.73925,54.85981],[-3.81013,54.86628],[-3.80785,54.86107],[-3.80679,54.86091],[-3.80333,54.85887],[-3.81237,54.85517],[-3.81981,54.8559],[-3.82608,54.85993],[-3.83129,54.86628],[-3.81998,54.87857],[-3.81505,54.87714],[-3.81013,54.8725],[-3.81163,54.88003],[-3.81322,54.88312],[-3.81697,54.88618],[-3.82885,54.87499],[-3.84431,54.86628],[-3.83975,54.8559],[-3.83747,54.852],[-3.84411,54.85098],[-3.8579,54.84455],[-3.82384,54.82469],[-3.83361,54.82005],[-3.88573,54.80646],[-3.96418,54.77192],[-4.01171,54.76821],[-4.04288,54.76948],[-4.04288,54.77692],[-4.04678,54.77802],[-4.0502,54.77855],[-4.05333,54.77998],[-4.05578,54.78254],[-4.05297,54.78547],[-4.05016,54.78901],[-4.04971,54.78998],[-4.05175,54.80004],[-4.04772,54.81306],[-4.04996,54.82323],[-4.06359,54.82685],[-4.06404,54.83153],[-4.0786,54.82412],[-4.09008,54.80976],[-4.09349,54.79267],[-4.08385,54.77692],[-4.12296,54.77302],[-4.17394,54.7923],[-4.20914,54.82624],[-4.20055,54.86628],[-4.2154,54.86103],[-4.23973,54.843],[-4.25577,54.83832],[-4.27074,54.83942],[-4.34529,54.86017],[-4.35692,54.86555],[-4.36563,54.8725],[-4.37515,54.88691],[-4.37987,54.89789],[-4.38679,54.90477],[-4.4029,54.90729],[-4.40901,54.90302],[-4.41682,54.89281],[-4.42357,54.88036],[-4.4265,54.86945],[-4.41723,54.84593],[-4.40941,54.83124],[-4.4029,54.82469],[-4.38671,54.82416],[-4.37243,54.82185],[-4.35961,54.81664],[-4.34765,54.80732],[-4.34447,54.7945],[-4.35318,54.78311],[-4.35814,54.77098],[-4.34386,54.75641],[-4.35652,54.74189],[-4.35326,54.72089],[-4.34813,54.70197],[-4.35473,54.69379],[-4.36034,54.6916],[-4.36531,54.68696],[-4.3719,54.68228],[-4.38239,54.68008],[-4.40526,54.68207],[-4.4265,54.68757],[-4.45181,54.6988],[-4.46117,54.70124],[-4.49673,54.70063],[-4.50561,54.70466],[-4.56363,54.75641],[-4.59667,54.77529],[-4.71447,54.81786],[-4.75959,54.82534],[-4.78108,54.83308],[-4.79963,54.86127],[-4.82103,54.86664],[-4.85912,54.86628],[-4.88305,54.86009],[-4.90587,54.8498],[-4.92577,54.83739],[-4.94103,54.82469],[-4.94961,54.81582],[-4.95368,54.81],[-4.95482,54.80476],[-4.9547,54.79743],[-4.95287,54.78897],[-4.94791,54.77733],[-4.94026,54.76703],[-4.93016,54.76264],[-4.92325,54.75186],[-4.91194,54.72822],[-4.89598,54.70453],[-4.86726,54.69013],[-4.86693,54.68146],[-4.87214,54.66332],[-4.87243,54.65404],[-4.87206,54.64924],[-4.85912,54.63296],[-4.88061,54.63622],[-4.92349,54.64973],[-4.94408,54.65278],[-4.95368,54.65973],[-4.95987,54.67552],[-4.95897,54.69196],[-4.94726,54.70124],[-4.95482,54.70746],[-4.95889,54.71406],[-4.95906,54.72093],[-4.9547,54.7285],[-4.97338,54.72972],[-4.98156,54.73163],[-4.98819,54.7353],[-4.99266,54.74433],[-4.99706,54.75837],[-5.00328,54.77131],[-5.01301,54.77692],[-5.03319,54.78242],[-5.12824,54.84894],[-5.15714,54.8791],[-5.17553,54.91462],[-5.18065,54.95441],[-5.1776,54.99055],[-5.17081,55.00869],[-5.15673,55.01655],[-5.13561,55.01586],[-5.12458,55.01679],[-5.11974,55.01992],[-5.11514,55.03156],[-5.10521,55.02619],[-5.09553,55.01508],[-5.09187,55.00971],[-5.07689,54.99555],[-5.06949,54.98603],[-5.06456,54.97553],[-5.06379,54.96459],[-5.06526,54.94033],[-5.06086,54.93114],[-5.04751,54.92032],[-5.03099,54.91132],[-5.01309,54.90961],[-4.99559,54.92032],[-4.9923,54.92426],[-4.98819,54.92772],[-4.98819,54.93456],[-5.02408,54.97639],[-5.02977,54.9855],[-5.0325,54.99372],[-5.03303,54.99527],[-5.04703,55.01508],[-5.05028,55.0268],[-5.04967,55.04898],[-5.0476,55.05573],[-5.04345,55.06428],[-5.02579,55.08869],[-5.01895,55.10224],[-5.01618,55.12263],[-5.0078,55.14118],[-4.98827,55.15266],[-4.94726,55.16791],[-4.88239,55.21857],[-4.87755,55.22089],[-4.86726,55.22248],[-4.86531,55.22565],[-4.86559,55.23631],[-4.86482,55.24136],[-4.84195,55.27509],[-4.838,55.284],[-4.83723,55.29385],[-4.83975,55.31558],[-4.838,55.32502],[-4.83251,55.33112],[-4.79922,55.35472],[-4.78108,55.36351],[-4.7731,55.36937],[-4.76716,55.37906],[-4.75878,55.40229],[-4.74926,55.41376],[-4.71703,55.43049],[-4.6505,55.44847],[-4.62633,55.46841],[-4.61779,55.49559],[-4.62678,55.51972],[-4.65079,55.53706],[-4.68716,55.54413],[-4.66625,55.5622],[-4.66649,55.5633],[-4.67113,55.58442],[-4.69274,55.60521],[-4.72199,55.61921],[-4.77652,55.63288],[-4.80875,55.63361],[-4.81811,55.63719],[-4.81062,55.64655],[-4.81062,55.654],[-4.86856,55.6756],[-4.90099,55.69233],[-4.92052,55.70856],[-4.87633,55.73526],[-4.86107,55.75674],[-4.86531,55.79047],[-4.87173,55.80244],[-4.8778,55.81102],[-4.88272,55.82136],[-4.88866,55.86453],[-4.88882,55.8653],[-4.89265,55.89289],[-4.88646,55.91966],[-4.87214,55.9372],[-4.84936,55.94823],[-4.81811,55.95563],[-4.79939,55.95791],[-4.7858,55.95698],[-4.72232,55.94009],[-4.70543,55.93846],[-4.69396,55.94135],[-4.67251,55.93378],[-4.50597,55.91909],[-4.48168,55.92829],[-4.59061,55.94151],[-4.63004,55.94627],[-4.67345,55.96186],[-4.72452,55.99836],[-4.76504,56.00707],[-4.78344,56.01765],[-4.79922,56.03095],[-4.81062,56.04377],[-4.82372,56.07368],[-4.82433,56.07852],[-4.83918,56.08063],[-4.84431,56.07298],[-4.84374,56.06297],[-4.83755,56.0506],[-4.79015,56.0102],[-4.77892,55.99209],[-4.78531,55.98404],[-4.80362,55.98208],[-4.82803,55.98233],[-4.85155,55.98802],[-4.86229,56.00214],[-4.86539,56.02021],[-4.86685,56.05834],[-4.86539,56.06672],[-4.82632,56.12421],[-4.75544,56.18838],[-4.75089,56.2027],[-4.75552,56.20653],[-4.76626,56.20209],[-4.77994,56.19147],[-4.83727,56.12442],[-4.85167,56.11262],[-4.87312,56.11201],[-4.88061,56.11986],[-4.87898,56.15054],[-4.88317,56.16401],[-4.89354,56.17426],[-4.90709,56.17707],[-4.92052,56.16791],[-4.90909,56.14997],[-4.89525,56.11473],[-4.88622,56.08039],[-4.88915,56.06485],[-4.90193,56.06192],[-4.90437,56.05435],[-4.90005,56.03413],[-4.90005,56.01459],[-4.89802,56.00117],[-4.89265,55.98973],[-4.9064,55.98575],[-4.92146,55.98867],[-4.93749,55.99384],[-4.9547,55.99657],[-4.9547,55.98973],[-4.94201,55.98631],[-4.92886,55.98115],[-4.91845,55.97333],[-4.91369,55.96186],[-4.91739,55.94745],[-4.92723,55.93769],[-4.93871,55.92963],[-4.94726,55.92084],[-4.95214,55.90913],[-4.95499,55.89936],[-4.95922,55.89012],[-4.96898,55.87987],[-4.98314,55.87104],[-4.99474,55.86982],[-5.02636,55.87373],[-5.04247,55.88475],[-5.05675,55.91031],[-5.0668,55.93879],[-5.07079,55.95869],[-5.11083,55.98896],[-5.11604,56.00169],[-5.12361,56.00991],[-5.13964,56.00275],[-5.12377,55.98631],[-5.08568,55.93187],[-5.07824,55.91096],[-5.08654,55.90127],[-5.10562,55.90498],[-5.17154,55.93553],[-5.18065,55.94843],[-5.18065,55.96931],[-5.19083,55.96174],[-5.19961,55.94855],[-5.20572,55.93452],[-5.20792,55.92463],[-5.21264,55.91714],[-5.24205,55.89289],[-5.21813,55.86469],[-5.20816,55.84927],[-5.20108,55.83149],[-5.21939,55.83145],[-5.26317,55.84577],[-5.2967,55.85269],[-5.30712,55.86042],[-5.31339,55.88544],[-5.31933,55.88911],[-5.32722,55.89155],[-5.33483,55.89667],[-5.33829,55.90375],[-5.3391,55.91303],[-5.33829,55.93138],[-5.33609,55.93919],[-5.32616,55.95026],[-5.32396,55.95869],[-5.32575,55.96723],[-5.33829,55.99657],[-5.31363,56.01236],[-5.2045,56.11945],[-5.14647,56.13312],[-5.1046,56.15152],[-5.09496,56.15738],[-5.05944,56.20311],[-5.04345,56.2163],[-5.0133,56.22761],[-4.97497,56.23701],[-4.94009,56.25141],[-4.92052,56.27778],[-4.9381,56.27098],[-4.97509,56.24799],[-4.99193,56.24299],[-5.0327,56.24116],[-5.04955,56.23705],[-5.06456,56.22931],[-5.07543,56.21699],[-5.09944,56.18195],[-5.10888,56.17471],[-5.22814,56.12922],[-5.31094,56.05805],[-5.31994,56.05492],[-5.33804,56.0541],[-5.34569,56.05121],[-5.34529,56.04613],[-5.35021,56.03193],[-5.35635,56.01976],[-5.35936,56.02074],[-5.36864,56.00943],[-5.39029,56.00568],[-5.41503,56.0069],[-5.43383,56.0102],[-5.43456,56.01496],[-5.43472,56.02363],[-5.43712,56.03001],[-5.44441,56.02757],[-5.44791,56.02228],[-5.44823,56.01606],[-5.44762,56.00943],[-5.45499,55.95563],[-5.45141,55.95344],[-5.43643,55.94896],[-5.43078,55.94819],[-5.42081,55.92829],[-5.41674,55.91681],[-5.41601,55.90742],[-5.41251,55.8996],[-5.40038,55.89289],[-5.40038,55.8867],[-5.40722,55.8867],[-5.40722,55.87987],[-5.40294,55.87873],[-5.39289,55.87373],[-5.39769,55.87157],[-5.4025,55.86835],[-5.40722,55.86628],[-5.3518,55.83242],[-5.32677,55.80858],[-5.31778,55.78303],[-5.32457,55.76923],[-5.33853,55.76264],[-5.37243,55.75641],[-5.38756,55.75031],[-5.43346,55.72102],[-5.44457,55.71162],[-5.45397,55.70059],[-5.46117,55.68814],[-5.46361,55.67984],[-5.46618,55.66218],[-5.46862,55.654],[-5.4901,55.6446],[-5.48827,55.64033],[-5.48428,55.63573],[-5.48229,55.63288],[-5.48388,55.61005],[-5.47476,55.60395],[-5.46264,55.60204],[-5.45499,55.59195],[-5.46109,55.5788],[-5.47692,55.5749],[-5.48876,55.56908],[-5.48229,55.55028],[-5.50353,55.52652],[-5.50963,55.51679],[-5.51061,55.51146],[-5.50963,55.49258],[-5.51098,55.48444],[-5.51427,55.48387],[-5.51879,55.48517],[-5.52326,55.48265],[-5.54552,55.44916],[-5.56151,55.43553],[-5.58462,55.42744],[-5.58462,55.42121],[-5.57213,55.42231],[-5.56208,55.41987],[-5.55309,55.41454],[-5.54369,55.40693],[-5.52745,55.38435],[-5.52668,55.38028],[-5.51496,55.37368],[-5.52505,55.35863],[-5.55797,55.33185],[-5.57437,55.32201],[-5.59411,55.31314],[-5.61628,55.30659],[-5.63996,55.3039],[-5.64953,55.30516],[-5.6691,55.31086],[-5.6809,55.31135],[-5.6914,55.30858],[-5.71402,55.29914],[-5.72558,55.29707],[-5.75455,55.29735],[-5.77229,55.30126],[-5.78287,55.31354],[-5.79467,55.35639],[-5.7967,55.3791],[-5.79141,55.39863],[-5.76342,55.41206],[-5.72541,55.43757],[-5.71565,55.4479],[-5.71524,55.4689],[-5.72012,55.49152],[-5.72191,55.51386],[-5.70775,55.54336],[-5.71207,55.55073],[-5.71886,55.55732],[-5.72183,55.5646],[-5.71813,55.57575],[-5.69449,55.60554],[-5.67333,55.64061],[-5.66942,55.66071],[-5.6809,55.67446],[-5.62654,55.70063],[-5.61946,55.71198],[-5.61319,55.72577],[-5.5983,55.74299],[-5.58121,55.75764],[-5.56786,55.76386],[-5.53917,55.77094],[-5.50463,55.78937],[-5.4735,55.81566],[-5.45499,55.84577],[-5.55175,55.78364],[-5.58747,55.76716],[-5.59944,55.76423],[-5.61262,55.76386],[-5.60578,55.77684],[-5.63321,55.78278],[-5.64672,55.7875],[-5.66039,55.79735],[-5.66796,55.81102],[-5.66902,55.83784],[-5.67406,55.84577],[-5.63199,55.88178],[-5.6256,55.88984],[-5.61937,55.90314],[-5.60436,55.91364],[-5.58629,55.92333],[-5.57103,55.93452],[-5.59349,55.92797],[-5.62759,55.90534],[-5.6538,55.89761],[-5.6717,55.88691],[-5.6809,55.8867],[-5.68798,55.89338],[-5.69416,55.90498],[-5.6964,55.91596],[-5.58682,56.01203],[-5.57844,56.02448],[-5.58267,56.02896],[-5.57665,56.03254],[-5.57103,56.03754],[-5.58389,56.04072],[-5.59642,56.03681],[-5.60985,56.03001],[-5.6256,56.02448],[-5.6317,56.00593],[-5.67488,55.97773],[-5.67406,55.95563],[-5.69078,55.93765],[-5.69449,55.93452],[-5.7045,55.93675],[-5.70751,55.94257],[-5.70588,55.94965],[-5.70198,55.95563],[-5.69644,55.98216],[-5.6599,56.02326],[-5.58462,56.08466],[-5.58153,56.08828],[-5.58007,56.09292],[-5.57746,56.09699],[-5.57103,56.09903],[-5.56461,56.09809],[-5.55655,56.09589],[-5.55069,56.09349],[-5.55053,56.09219],[-5.54784,56.09003],[-5.53946,56.08686],[-5.53161,56.08633],[-5.5301,56.09219],[-5.53474,56.09854],[-5.54141,56.10248],[-5.54751,56.10489],[-5.55053,56.10643],[-5.55696,56.12222],[-5.5587,56.13081],[-5.55468,56.1374],[-5.52253,56.16576],[-5.51574,56.17471],[-5.50963,56.18838],[-5.53991,56.18342],[-5.56249,56.16791],[-5.58267,56.15058],[-5.60578,56.13996],[-5.59936,56.16059],[-5.58641,56.18114],[-5.56941,56.20026],[-5.55053,56.2163],[-5.55944,56.22956],[-5.54723,56.24018],[-5.52562,56.24726],[-5.50617,56.24982],[-5.49474,56.25312],[-5.49283,56.2604],[-5.49926,56.26765],[-5.51269,56.27094],[-5.55427,56.26349],[-5.56314,56.26032],[-5.57262,56.25385],[-5.58235,56.24876],[-5.59215,56.24982],[-5.59805,56.25861],[-5.59557,56.26992],[-5.58462,56.29076],[-5.57258,56.32807],[-5.56273,56.34105],[-5.54369,56.35285],[-5.52522,56.34663],[-5.4982,56.34833],[-5.44811,56.35969],[-5.44811,56.36591],[-5.47216,56.36494],[-5.51537,56.35684],[-5.53751,56.35969],[-5.51732,56.39277],[-5.50963,56.40062],[-5.49893,56.40473],[-5.48607,56.40811],[-5.47802,56.41291],[-5.48229,56.42113],[-5.45702,56.44086],[-5.42357,56.45002],[-5.32287,56.45498],[-5.24205,56.44221],[-5.20873,56.44685],[-5.18187,56.45966],[-5.11852,56.50776],[-5.08568,56.54877],[-5.06456,56.56513],[-5.08654,56.5585],[-5.0996,56.54365],[-5.11059,56.52587],[-5.12597,56.51048],[-5.1669,56.49006],[-5.19017,56.46865],[-5.20108,56.4621],[-5.24376,56.45922],[-5.35017,56.47297],[-5.37808,56.45897],[-5.39428,56.46548],[-5.41055,56.50365],[-5.42414,56.50007],[-5.43594,56.49116],[-5.45499,56.46955],[-5.46862,56.47574],[-5.43334,56.52363],[-5.42764,56.53783],[-5.4038,56.5246],[-5.37926,56.51919],[-5.35668,56.51968],[-5.33829,56.52416],[-5.29052,56.54466],[-5.26504,56.55121],[-5.25255,56.55634],[-5.24205,56.56513],[-5.27562,56.55362],[-5.28677,56.55207],[-5.30679,56.5528],[-5.31094,56.55207],[-5.32771,56.54466],[-5.33869,56.5423],[-5.36034,56.53221],[-5.37243,56.53034],[-5.38435,56.53343],[-5.4005,56.54365],[-5.41393,56.54466],[-5.41088,56.55207],[-5.4073,56.55533],[-5.4027,56.55744],[-5.39664,56.56171],[-5.39269,56.56647],[-5.38931,56.5749],[-5.38663,56.5788],[-5.36071,56.60627],[-5.35192,56.61294],[-5.31086,56.63361],[-5.30451,56.64016],[-5.29845,56.64643],[-5.31778,56.65388],[-5.31778,56.66132],[-5.30907,56.66425],[-5.28677,56.67499],[-5.26146,56.67333],[-5.2482,56.67406],[-5.2189,56.68867],[-5.19644,56.68867],[-5.15331,56.68122],[-5.13264,56.68452],[-5.09337,56.69904],[-5.01281,56.7093],[-4.99559,56.71597],[-5.16055,56.69587],[-5.23827,56.71662],[-5.23851,56.72256],[-5.22842,56.73648],[-5.22208,56.74152],[-5.15465,56.78229],[-5.13638,56.79877],[-5.11974,56.81843],[-5.17907,56.78925],[-5.18749,56.78115],[-5.19176,56.77464],[-5.20226,56.76911],[-5.21467,56.7652],[-5.22497,56.76374],[-5.23347,56.76069],[-5.23705,56.75336],[-5.23892,56.74445],[-5.24205,56.73648],[-5.25524,56.72158],[-5.26846,56.71308],[-5.28336,56.70938],[-5.30101,56.70856],[-5.3098,56.70649],[-5.31916,56.6975],[-5.34016,56.69306],[-5.34838,56.6872],[-5.35936,56.67499],[-5.38805,56.65522],[-5.40388,56.64924],[-5.42422,56.64704],[-5.4344,56.64289],[-5.44872,56.62458],[-5.45812,56.62035],[-5.47077,56.61839],[-5.48257,56.61327],[-5.49332,56.60639],[-5.53344,56.5729],[-5.5996,56.52904],[-5.66739,56.49848],[-5.67406,56.49689],[-5.68301,56.50064],[-5.69469,56.51386],[-5.70539,56.51667],[-5.72179,56.5185],[-5.74083,56.52326],[-5.75821,56.52998],[-5.77025,56.53783],[-5.7552,56.55402],[-5.75105,56.562],[-5.74913,56.57197],[-5.75666,56.57197],[-5.79385,56.54328],[-5.85436,56.55048],[-6.00341,56.61872],[-6.00984,56.62653],[-6.00817,56.64228],[-5.99804,56.64989],[-5.98351,56.65282],[-5.93358,56.65473],[-5.89904,56.65082],[-5.86685,56.64155],[-5.83918,56.62653],[-5.83169,56.63398],[-5.85562,56.64472],[-5.86559,56.65143],[-5.86583,56.66132],[-5.76,56.70075],[-5.7355,56.70234],[-5.6726,56.68415],[-5.64737,56.68122],[-5.59415,56.68334],[-5.56481,56.68765],[-5.54369,56.69546],[-5.63654,56.68867],[-5.65856,56.69074],[-5.70885,56.70856],[-5.74999,56.71455],[-5.85904,56.68122],[-5.8968,56.67512],[-5.90738,56.67499],[-5.92032,56.67797],[-5.94274,56.68675],[-5.95556,56.68867],[-6.02489,56.6857],[-6.09862,56.69697],[-6.12385,56.69562],[-6.14354,56.68488],[-6.16173,56.67821],[-6.18659,56.6811],[-6.20962,56.68846],[-6.22277,56.69546],[-6.22818,56.70108],[-6.23253,56.70653],[-6.23534,56.71239],[-6.2364,56.71906],[-6.23449,56.72858],[-6.22956,56.72907],[-6.22277,56.7272],[-6.21532,56.72964],[-6.19347,56.74852],[-6.18053,56.75462],[-6.02697,56.76374],[-6.01488,56.76703],[-5.97989,56.78156],[-5.9652,56.78486],[-5.94823,56.78254],[-5.93798,56.77692],[-5.92854,56.76996],[-5.91364,56.76374],[-5.86091,56.7508],[-5.8522,56.74697],[-5.85334,56.75788],[-5.85814,56.76846],[-5.8684,56.77587],[-5.88634,56.77741],[-5.88634,56.78486],[-5.87401,56.78571],[-5.86181,56.7851],[-5.85009,56.78246],[-5.83918,56.77741],[-5.82461,56.78758],[-5.80207,56.79181],[-5.7766,56.78799],[-5.75666,56.78486],[-5.83169,56.80537],[-5.85082,56.81802],[-5.85119,56.82892],[-5.83747,56.83662],[-5.73388,56.84479],[-5.69274,56.85493],[-5.66039,56.87299],[-5.67357,56.87653],[-5.69201,56.87531],[-5.70848,56.87055],[-5.72436,56.85383],[-5.7445,56.85415],[-5.78392,56.85993],[-5.77538,56.86994],[-5.7355,56.89411],[-5.78059,56.89875],[-5.87487,56.88715],[-5.92113,56.89411],[-5.88756,56.89912],[-5.8522,56.90034],[-5.8522,56.9077],[-5.85985,56.91055],[-5.88012,56.92202],[-5.86254,56.93374],[-5.85143,56.95425],[-5.84252,56.97744],[-5.83169,56.99714],[-5.81412,57.00951],[-5.78604,57.02058],[-5.75524,57.02656],[-5.72932,57.02383],[-5.71988,57.01756],[-5.69994,56.99811],[-5.6883,56.98969],[-5.67406,56.98359],[-5.65856,56.97948],[-5.6256,56.97663],[-5.57128,56.98383],[-5.52326,56.99714],[-5.52326,57.00397],[-5.54044,57.00117],[-5.55651,56.99608],[-5.57128,56.99331],[-5.58462,56.99714],[-5.60709,56.98851],[-5.62881,56.99189],[-5.64989,56.99966],[-5.67032,57.00397],[-5.68554,57.00959],[-5.68171,57.02241],[-5.68004,57.0362],[-5.70198,57.04491],[-5.71093,57.04418],[-5.73135,57.03901],[-5.74234,57.03807],[-5.75255,57.0406],[-5.7696,57.04975],[-5.78018,57.05174],[-5.79113,57.05927],[-5.77619,57.07583],[-5.73449,57.10541],[-5.72265,57.11644],[-5.71565,57.12006],[-5.70328,57.12075],[-5.6737,57.11904],[-5.66348,57.12373],[-5.64586,57.12946],[-5.62084,57.12409],[-5.57844,57.10639],[-5.55826,57.10041],[-5.45983,57.0998],[-5.45499,57.10297],[-5.44742,57.11017],[-5.43078,57.11075],[-5.4143,57.10822],[-5.40722,57.10639],[-5.40038,57.10639],[-5.40038,57.11384],[-5.42003,57.12067],[-5.5039,57.1127],[-5.52742,57.10749],[-5.54064,57.10639],[-5.54772,57.11009],[-5.57331,57.12788],[-5.58462,57.13369],[-5.66845,57.14765],[-5.6809,57.1579],[-5.67382,57.17499],[-5.63882,57.20238],[-5.6256,57.21625],[-5.64415,57.23322],[-5.62011,57.25214],[-5.57824,57.26675],[-5.54369,57.2709],[-5.51159,57.25764],[-5.48009,57.23701],[-5.44628,57.22305],[-5.40722,57.22993],[-5.40722,57.23672],[-5.44884,57.24209],[-5.45812,57.24665],[-5.47289,57.26122],[-5.4829,57.26801],[-5.4925,57.2709],[-5.50194,57.27766],[-5.48892,57.29243],[-5.46483,57.30663],[-5.44066,57.31184],[-5.44066,57.31928],[-5.465,57.32494],[-5.48176,57.31672],[-5.49429,57.30443],[-5.50617,57.29816],[-5.52343,57.29515],[-5.55846,57.28144],[-5.57844,57.27766],[-5.59944,57.27924],[-5.63744,57.28901],[-5.65697,57.29133],[-5.70006,57.2836],[-5.72057,57.28449],[-5.72932,57.29816],[-5.72525,57.30158],[-5.70198,57.33234],[-5.69376,57.3371],[-5.67199,57.34443],[-5.66348,57.34968],[-5.65437,57.35395],[-5.64721,57.34992],[-5.64147,57.34321],[-5.63654,57.33979],[-5.61319,57.34199],[-5.50129,57.371],[-5.45665,57.39354],[-5.44811,57.4217],[-5.46508,57.4239],[-5.49205,57.40876],[-5.53751,57.37393],[-5.56347,57.3631],[-5.58666,57.36506],[-5.61091,57.37141],[-5.63996,57.37393],[-5.61559,57.38247],[-5.60709,57.38911],[-5.6092,57.39777],[-5.61775,57.4101],[-5.61962,57.41669],[-5.62401,57.41641],[-5.63996,57.40803],[-5.70718,57.35977],[-5.73241,57.35277],[-5.78458,57.34858],[-5.80777,57.35493],[-5.82486,57.39435],[-5.82226,57.3935],[-5.81737,57.39521],[-5.81286,57.3981],[-5.81119,57.40119],[-5.81387,57.40453],[-5.82311,57.41234],[-5.82486,57.41547],[-5.82527,57.4289],[-5.82189,57.43553],[-5.81119,57.44221],[-5.82152,57.44546],[-5.85253,57.45038],[-5.85904,57.4527],[-5.8612,57.46345],[-5.87051,57.48078],[-5.87267,57.49372],[-5.8697,57.50088],[-5.85607,57.51781],[-5.8522,57.52412],[-5.85106,57.5384],[-5.85147,57.55109],[-5.84708,57.55891],[-5.83169,57.55882],[-5.83385,57.56338],[-5.83703,57.57477],[-5.83918,57.57929],[-5.8214,57.5832],[-5.80362,57.58137],[-5.78637,57.57518],[-5.73257,57.54523],[-5.71565,57.5384],[-5.70702,57.5423],[-5.68977,57.5279],[-5.6809,57.52412],[-5.65087,57.51264],[-5.63996,57.51105],[-5.64533,57.51667],[-5.6483,57.52188],[-5.65054,57.5268],[-5.65355,57.53156],[-5.58153,57.5384],[-5.54027,57.53449],[-5.51684,57.53486],[-5.51269,57.54149],[-5.54312,57.55537],[-5.58837,57.56102],[-5.63272,57.55768],[-5.66039,57.54458],[-5.69449,57.56631],[-5.6892,57.5694],[-5.6809,57.57929],[-5.71422,57.58271],[-5.73168,57.59829],[-5.74425,57.61799],[-5.76281,57.63398],[-5.77815,57.63744],[-5.79361,57.63858],[-5.8059,57.64265],[-5.81119,57.6551],[-5.80541,57.66718],[-5.78502,57.67951],[-5.79076,57.68854],[-5.79076,57.69599],[-5.75357,57.70746],[-5.73449,57.70795],[-5.70499,57.69013],[-5.69249,57.69107],[-5.68196,57.69872],[-5.67406,57.70966],[-5.68517,57.71141],[-5.69229,57.7165],[-5.69884,57.72309],[-5.70885,57.72956],[-5.72053,57.73338],[-5.80382,57.74384],[-5.80696,57.75462],[-5.80207,57.78059],[-5.80382,57.79222],[-5.80126,57.80044],[-5.80993,57.82062],[-5.81119,57.8332],[-5.80736,57.84394],[-5.79996,57.8537],[-5.78954,57.86201],[-5.77652,57.86791],[-5.75113,57.87336],[-5.72476,57.87352],[-5.69864,57.86909],[-5.67406,57.8605],[-5.67789,57.84691],[-5.67479,57.82709],[-5.66796,57.80695],[-5.66039,57.79222],[-5.65054,57.78181],[-5.63736,57.77424],[-5.62214,57.77021],[-5.60578,57.77049],[-5.61327,57.77521],[-5.61791,57.78022],[-5.6256,57.79222],[-5.61303,57.79263],[-5.60326,57.79108],[-5.58462,57.78482],[-5.59118,57.80443],[-5.58703,57.81859],[-5.58528,57.83145],[-5.59899,57.84687],[-5.63756,57.86636],[-5.65038,57.87775],[-5.63996,57.88784],[-5.64769,57.88898],[-5.65079,57.89082],[-5.65355,57.89468],[-5.64395,57.9042],[-5.62076,57.92088],[-5.61262,57.92878],[-5.59821,57.91901],[-5.58731,57.91511],[-5.55053,57.91511],[-5.55626,57.88776],[-5.5279,57.86758],[-5.48705,57.85586],[-5.45499,57.8537],[-5.46117,57.8605],[-5.44904,57.86913],[-5.43712,57.89765],[-5.42764,57.90827],[-5.41491,57.90815],[-5.3695,57.89753],[-5.35562,57.89126],[-5.3275,57.87328],[-5.29385,57.86205],[-5.22159,57.84687],[-5.23632,57.86078],[-5.24755,57.86701],[-5.27676,57.87417],[-5.32067,57.89851],[-5.38492,57.91413],[-5.39289,57.9182],[-5.3944,57.9239],[-5.39684,57.92621],[-5.39733,57.9289],[-5.39289,57.93561],[-5.38654,57.93643],[-5.37898,57.93183],[-5.37173,57.93106],[-5.3662,57.94306],[-5.34716,57.93671],[-5.31916,57.91474],[-5.29735,57.90827],[-5.286,57.90876],[-5.26696,57.91401],[-5.25626,57.91511],[-5.24364,57.91291],[-5.22102,57.90404],[-5.21129,57.90209],[-5.1988,57.89777],[-5.16226,57.87848],[-5.11998,57.86799],[-5.09114,57.84032],[-5.07079,57.8332],[-5.07649,57.83853],[-5.0834,57.84756],[-5.08934,57.85724],[-5.09187,57.8642],[-5.09716,57.87092],[-5.19726,57.91787],[-5.22159,57.92133],[-5.22159,57.92878],[-5.20189,57.92866],[-5.19396,57.93598],[-5.19555,57.94766],[-5.2045,57.96015],[-5.21671,57.96589],[-5.24889,57.96939],[-5.26317,57.97655],[-5.29263,57.98062],[-5.33389,58.00853],[-5.35936,58.01138],[-5.35717,58.01407],[-5.35668,58.01488],[-5.35192,58.01752],[-5.36693,58.02888],[-5.38659,58.03254],[-5.42764,58.03119],[-5.42431,58.03555],[-5.42235,58.03897],[-5.41959,58.04206],[-5.41393,58.04548],[-5.41393,58.05231],[-5.44701,58.08438],[-5.42809,58.09797],[-5.39004,58.09219],[-5.3662,58.06598],[-5.34431,58.07551],[-5.32287,58.07172],[-5.30077,58.07014],[-5.27676,58.08641],[-5.28307,58.08641],[-5.27807,58.09626],[-5.2788,58.10537],[-5.28356,58.11347],[-5.29052,58.12055],[-5.27676,58.12055],[-5.27676,58.12739],[-5.29735,58.13483],[-5.28409,58.14008],[-5.25552,58.14379],[-5.24205,58.14789],[-5.24205,58.15534],[-5.27505,58.15453],[-5.29084,58.15632],[-5.3048,58.1621],[-5.29735,58.1684],[-5.3048,58.17333],[-5.31306,58.17731],[-5.32189,58.18024],[-5.33145,58.18203],[-5.32934,58.18671],[-5.32616,58.19843],[-5.32396,58.20311],[-5.33682,58.20319],[-5.34679,58.20685],[-5.39289,58.2447],[-5.39208,58.26138],[-5.37589,58.26423],[-5.3529,58.25894],[-5.31078,58.24339],[-5.29385,58.24091],[-5.27697,58.24339],[-5.23729,58.25764],[-5.21605,58.26142],[-5.19433,58.26],[-5.17321,58.25092],[-5.16564,58.25825],[-5.15225,58.26484],[-5.13834,58.2696],[-5.12938,58.27139],[-5.11156,58.26826],[-5.08129,58.2541],[-5.0677,58.25092],[-5.01773,58.25324],[-5.00243,58.25092],[-4.93358,58.22305],[-4.94343,58.23359],[-4.95482,58.23981],[-4.982,58.25092],[-4.96886,58.25678],[-4.94034,58.25947],[-4.92675,58.26459],[-4.99022,58.27143],[-5.00992,58.27139],[-5.01806,58.26862],[-5.02937,58.25971],[-5.04003,58.25776],[-5.05012,58.25991],[-5.07071,58.26923],[-5.08165,58.27139],[-5.09642,58.27676],[-5.12597,58.3002],[-5.13622,58.30557],[-5.13744,58.30927],[-5.15636,58.32461],[-5.16015,58.32661],[-5.16779,58.33926],[-5.17101,58.34667],[-5.17321,58.35395],[-5.15331,58.35395],[-5.1634,58.36457],[-5.16291,58.3745],[-5.15591,58.38447],[-5.14647,58.39496],[-5.1455,58.40005],[-5.14672,58.40664],[-5.14684,58.41242],[-5.14306,58.41478],[-5.13549,58.41376],[-5.12222,58.40957],[-5.11604,58.4086],[-5.05797,58.38727],[-5.01618,58.38813],[-5.04394,58.40009],[-5.05337,58.40664],[-5.05028,58.41478],[-5.05704,58.42219],[-5.06615,58.41714],[-5.07616,58.4145],[-5.08682,58.41389],[-5.09805,58.41478],[-5.09805,58.42219],[-5.08812,58.42194],[-5.08503,58.42219],[-5.08503,58.42902],[-5.09179,58.42976],[-5.09602,58.43146],[-5.10554,58.43651],[-5.05012,58.4538],[-5.02554,58.4477],[-4.99559,58.43651],[-5.10554,58.48737],[-5.10562,58.50556],[-5.10367,58.51423],[-5.09586,58.51887],[-5.04279,58.53547],[-5.02798,58.54409],[-5.01618,58.55939],[-5.02294,58.55939],[-5.01521,58.58006],[-5.01159,58.60057],[-5.00495,58.61774],[-4.98819,58.62832],[-4.85949,58.61323],[-4.83593,58.60505],[-4.81811,58.59292],[-4.81794,58.58759],[-4.81281,58.57197],[-4.80675,58.55842],[-4.80382,58.55939],[-4.8046,58.54833],[-4.80724,58.53962],[-4.81163,58.53205],[-4.81811,58.52464],[-4.79979,58.53246],[-4.79182,58.54165],[-4.78991,58.55174],[-4.79015,58.56249],[-4.78576,58.57705],[-4.77709,58.58332],[-4.7716,58.5904],[-4.77652,58.60716],[-4.75886,58.59911],[-4.72802,58.57746],[-4.71133,58.57306],[-4.68326,58.56151],[-4.6704,58.55939],[-4.66002,58.55585],[-4.65929,58.54755],[-4.66324,58.5384],[-4.66731,58.53205],[-4.67903,58.52391],[-4.71447,58.5056],[-4.73241,58.48045],[-4.75154,58.46162],[-4.76098,58.44798],[-4.74242,58.44953],[-4.68297,58.48457],[-4.67345,58.48737],[-4.66686,58.50292],[-4.6505,58.50995],[-4.63044,58.51496],[-4.61213,58.52464],[-4.60106,58.54194],[-4.59512,58.56],[-4.58495,58.57416],[-4.56054,58.5799],[-4.51749,58.57551],[-4.47549,58.56562],[-4.4265,58.54637],[-4.4265,58.53889],[-4.42789,58.53531],[-4.4287,58.53473],[-4.4265,58.52464],[-4.44994,58.5102],[-4.46475,58.49201],[-4.47765,58.47134],[-4.49535,58.44953],[-4.4781,58.45356],[-4.46117,58.46247],[-4.43391,58.48363],[-4.43273,58.48762],[-4.43399,58.49238],[-4.43423,58.49628],[-4.43016,58.49799],[-4.42593,58.49909],[-4.38537,58.52241],[-4.38239,58.52464],[-4.34386,58.53889],[-4.31701,58.54572],[-4.307,58.54637],[-4.28718,58.54291],[-4.25731,58.52798],[-4.23473,58.52464],[-4.24893,58.53205],[-4.23819,58.53644],[-4.23225,58.54243],[-4.22769,58.54816],[-4.22102,58.55195],[-4.20971,58.55292],[-4.19078,58.54784],[-4.17699,58.54637],[-4.1682,58.54938],[-4.16055,58.56257],[-4.14932,58.56562],[-4.1112,58.56562],[-4.09024,58.56208],[-4.08145,58.56184],[-4.07022,58.56562],[-4.06151,58.57282],[-4.04882,58.58959],[-4.03978,58.59292],[-4.03063,58.59406],[-4.02904,58.59516],[-4.02782,58.59272],[-4.00927,58.57331],[-4.00377,58.57062],[-3.98143,58.57306],[-3.89574,58.56562],[-3.81013,58.57306],[-3.76696,58.58373],[-3.69835,58.61115],[-3.6599,58.62084],[-3.59756,58.62714],[-3.5655,58.62661],[-3.54259,58.62084],[-3.55248,58.61547],[-3.55626,58.614],[-3.53205,58.60212],[-3.50402,58.60334],[-3.44701,58.614],[-3.39147,58.60065],[-3.36408,58.60082],[-3.35082,58.62084],[-3.36775,58.6247],[-3.38606,58.63174],[-3.40225,58.64203],[-3.41291,58.65559],[-3.39005,58.67178],[-3.37487,58.67707],[-3.35827,58.67548],[-3.35436,58.67015],[-3.3518,58.66083],[-3.34789,58.65205],[-3.34057,58.64814],[-3.30988,58.64814],[-3.24425,58.659],[-3.20409,58.66112],[-3.15193,58.64126],[-3.11876,58.6411],[-3.05289,58.64814],[-3.01911,58.64033],[-3.02538,58.62214],[-3.04442,58.60163],[-3.04918,58.58674],[-3.06046,58.57844],[-3.07543,58.56037],[-3.08454,58.55195],[-3.11075,58.53864],[-3.11803,58.53205],[-3.12926,58.51264],[-3.1293,58.49641],[-3.11872,58.48444],[-3.09752,58.47748],[-3.08507,58.47826],[-3.07396,58.48168],[-3.06444,58.48298],[-3.05663,58.47748],[-3.05333,58.46577],[-3.05773,58.45685],[-3.06676,58.45116],[-3.07706,58.44953],[-3.08633,58.41421],[-3.12979,58.36929],[-3.18277,58.32844],[-3.22053,58.30557],[-3.26228,58.29263],[-3.34984,58.27611],[-3.385,58.26459],[-3.4381,58.23603],[-3.44701,58.22675],[-3.45474,58.21015],[-3.47346,58.19343],[-3.51529,58.1684],[-3.73502,58.07217],[-3.80919,58.05191],[-3.8275,58.04206],[-3.83625,58.03144],[-3.8461,58.01118],[-3.85171,58.00389],[-3.86058,57.99893],[-3.88561,57.9914],[-3.91731,57.98745],[-3.98143,57.96357],[-3.99096,57.96039],[-3.99767,57.95441],[-4.00137,57.94611],[-4.00194,57.93561],[-4.0183,57.94062],[-4.02306,57.94306],[-4.01618,57.94929],[-4.03014,57.95319],[-4.05578,57.95498],[-4.08438,57.96418],[-4.0891,57.96015],[-4.08633,57.95189],[-4.07763,57.94306],[-4.06265,57.93696],[-4.03148,57.93618],[-4.01618,57.9322],[-4.00943,57.92768],[-3.98827,57.90827],[-4.00894,57.88959],[-4.01382,57.87934],[-4.00935,57.86791],[-4.02514,57.86807],[-4.05484,57.87434],[-4.07022,57.87417],[-4.07934,57.87027],[-4.09691,57.85737],[-4.10497,57.8537],[-4.13292,57.85415],[-4.19042,57.87006],[-4.21817,57.87417],[-4.2989,57.86278],[-4.32095,57.87104],[-4.35318,57.89521],[-4.3723,57.90449],[-4.39241,57.90827],[-4.33959,57.86571],[-4.30773,57.85147],[-4.2694,57.84687],[-4.22907,57.85724],[-4.20824,57.8592],[-4.19058,57.85029],[-4.17345,57.83902],[-4.14973,57.82982],[-4.13345,57.83015],[-4.13907,57.84687],[-4.07506,57.82319],[-4.03991,57.81818],[-3.98351,57.84235],[-3.95149,57.83832],[-3.9337,57.82567],[-3.94734,57.81269],[-3.91478,57.80768],[-3.87767,57.81672],[-3.84187,57.83491],[-3.81355,57.85712],[-3.79845,57.86652],[-3.78604,57.86542],[-3.77945,57.85566],[-3.78222,57.83942],[-3.79003,57.83071],[-3.92602,57.73481],[-3.94884,57.72492],[-3.97521,57.70327],[-3.98827,57.69599],[-4.00805,57.69379],[-4.02367,57.69782],[-4.02864,57.70771],[-4.01618,57.72333],[-4.04296,57.73729],[-4.07795,57.73029],[-4.15534,57.69257],[-4.16857,57.68944],[-4.194,57.68854],[-4.25927,57.6787],[-4.27782,57.68061],[-4.29479,57.68016],[-4.30215,57.66861],[-4.30883,57.65485],[-4.32404,57.64826],[-4.33821,57.64509],[-4.40319,57.60952],[-4.41218,57.60297],[-4.42032,57.59296],[-4.42846,57.57754],[-4.42345,57.57681],[-4.4099,57.58246],[-4.37987,57.58934],[-4.3651,57.59723],[-4.35106,57.60737],[-4.34081,57.61717],[-4.32873,57.62629],[-4.28311,57.64142],[-4.24454,57.66303],[-4.20189,57.67499],[-4.19376,57.67552],[-4.18224,57.6728],[-4.16902,57.66376],[-4.11872,57.6577],[-4.09679,57.65811],[-4.08072,57.66498],[-4.06811,57.67231],[-4.02465,57.6872],[-4.00935,57.68854],[-4.00451,57.67597],[-4.02526,57.65522],[-4.05419,57.63573],[-4.0834,57.62336],[-4.11856,57.59296],[-4.11547,57.58784],[-4.11229,57.58413],[-4.10888,57.58145],[-4.10497,57.57929],[-4.15136,57.57685],[-4.17064,57.57075],[-4.18749,57.55882],[-4.17809,57.54955],[-4.18493,57.54816],[-4.208,57.55207],[-4.2626,57.55207],[-4.2626,57.54458],[-4.23396,57.54511],[-4.22029,57.5434],[-4.208,57.5384],[-4.22631,57.51545],[-4.23746,57.50532],[-4.24893,57.49746],[-4.2128,57.49217],[-4.19481,57.4916],[-4.1739,57.49746],[-4.15762,57.50849],[-4.15005,57.51504],[-4.14932,57.51789],[-4.12678,57.51887],[-4.1162,57.5218],[-4.09752,57.53669],[-4.083,57.54442],[-4.06729,57.54995],[-4.05313,57.55207],[-4.03498,57.55687],[-4.04646,57.56786],[-4.08385,57.58613],[-4.05602,57.58515],[-3.96434,57.59296],[-3.86828,57.58788],[-3.83747,57.59296],[-3.6848,57.65445],[-3.62515,57.66193],[-3.63256,57.65095],[-3.63768,57.64623],[-3.64562,57.64142],[-3.63248,57.63565],[-3.61962,57.63622],[-3.60607,57.63947],[-3.59097,57.64142],[-3.61156,57.66812],[-3.57478,57.66112],[-3.55492,57.65986],[-3.53576,57.66193],[-3.52147,57.66779],[-3.50544,57.67866],[-3.49596,57.69135],[-3.5017,57.70283],[-3.49185,57.71312],[-3.48282,57.71402],[-3.47305,57.71101],[-3.46068,57.70966],[-3.44787,57.71247],[-3.42125,57.72138],[-3.40917,57.72333],[-3.28474,57.72044],[-3.21007,57.694],[-3.07868,57.66942],[-3.0349,57.66861],[-2.9945,57.67552],[-2.93269,57.69961],[-2.91609,57.70283],[-2.75805,57.70283],[-2.75121,57.70063],[-2.74112,57.69086],[-2.73107,57.68854],[-2.71988,57.69062],[-2.71154,57.694],[-2.70352,57.69473],[-2.69294,57.68854],[-2.65892,57.69745],[-2.57339,57.68146],[-2.54198,57.68236],[-2.52611,57.66861],[-2.51814,57.67011],[-2.51106,57.6778],[-2.49796,57.68236],[-2.48005,57.68122],[-2.43285,57.66812],[-2.42553,57.67573],[-2.41779,57.67426],[-2.40876,57.66962],[-2.39806,57.66812],[-2.38659,57.67158],[-2.3695,57.68057],[-2.3605,57.68236],[-2.34105,57.67585],[-2.32897,57.67406],[-2.3236,57.67894],[-2.32055,57.68456],[-2.31338,57.68993],[-2.30407,57.694],[-2.29564,57.69599],[-2.27432,57.69383],[-2.23013,57.67914],[-2.20995,57.67552],[-2.18407,57.67845],[-2.12434,57.70283],[-2.10814,57.70498],[-1.99767,57.70283],[-1.99694,57.69904],[-1.99083,57.69038],[-1.98217,57.6811],[-1.9735,57.67552],[-1.96129,57.67471],[-1.94473,57.68256],[-1.93249,57.68236],[-1.92569,57.67817],[-1.91421,57.66474],[-1.82946,57.61347],[-1.82046,57.59634],[-1.81701,57.57819],[-1.81139,57.56049],[-1.79601,57.54458],[-1.79601,57.5384],[-1.80004,57.52587],[-1.78954,57.51484],[-1.76114,57.49746],[-1.77538,57.49653],[-1.78214,57.489],[-1.78124,57.48041],[-1.77172,57.47626],[-1.75935,57.47358],[-1.76594,57.46743],[-1.78917,57.45645],[-1.83015,57.42617],[-1.84748,57.40815],[-1.84997,57.39435],[-1.9545,57.34113],[-1.98029,57.31928],[-2.04467,57.22651],[-2.06851,57.17463],[-2.07413,57.1542],[-2.0714,57.13556],[-2.05236,57.12743],[-2.04931,57.11884],[-2.06526,57.10053],[-2.06583,57.09984],[-2.15616,57.0207],[-2.18692,56.98469],[-2.2001,56.94872],[-2.19713,56.94025],[-2.19123,56.93415],[-2.18627,56.92674],[-2.18639,56.91454],[-2.19131,56.90892],[-2.20971,56.89582],[-2.21369,56.89069],[-2.21988,56.87263],[-2.23461,56.8614],[-2.26895,56.84634],[-2.29581,56.82526],[-2.31981,56.80158],[-2.33609,56.79084],[-2.39183,56.77119],[-2.40868,56.76293],[-2.42642,56.75129],[-2.43594,56.74038],[-2.44075,56.73485],[-2.45165,56.69098],[-2.46373,56.67878],[-2.47741,56.66869],[-2.48746,56.65388],[-2.48754,56.64606],[-2.48127,56.63239],[-2.48062,56.62653],[-2.48619,56.61957],[-2.50406,56.60883],[-2.51456,56.5915],[-2.53002,56.58076],[-2.62377,56.5434],[-2.64094,56.52237],[-2.66137,56.51423],[-2.69978,56.50365],[-2.70873,56.496],[-2.72765,56.46955],[-2.73729,56.46703],[-2.74437,56.46955],[-2.75231,56.47362],[-2.7648,56.47574],[-2.81933,56.4713],[-3.05565,56.45213],[-3.06062,56.45173],[-3.09927,56.44188],[-3.1339,56.42695],[-3.23819,56.36774],[-3.28018,56.3579],[-3.32348,56.36591],[-3.31151,56.35651],[-3.29402,56.35277],[-3.25154,56.35285],[-3.23062,56.35602],[-3.18838,56.37018],[-3.14957,56.37556],[-2.95027,56.43187],[-2.93993,56.43854],[-2.93065,56.44806],[-2.90909,56.45571],[-2.885,56.45799],[-2.86791,56.45185],[-2.85009,56.44204],[-2.81477,56.44042],[-2.80281,56.42797],[-2.80089,56.40892],[-2.80826,56.39106],[-2.8216,56.37617],[-2.83755,56.36591],[-2.81298,56.36591],[-2.80919,56.36286],[-2.80476,56.34911],[-2.80281,56.3454],[-2.79149,56.34248],[-2.78262,56.34162],[-2.77526,56.33942],[-2.76863,56.33234],[-2.67715,56.32844],[-2.65526,56.32217],[-2.6212,56.30443],[-2.61319,56.30191],[-2.57681,56.28392],[-2.57681,56.27778],[-2.63012,56.24852],[-2.64835,56.2287],[-2.67203,56.2224],[-2.7202,56.2163],[-2.7836,56.19196],[-2.80614,56.18838],[-2.83072,56.19074],[-2.89208,56.20889],[-2.94005,56.20942],[-2.96434,56.20563],[-2.97468,56.19831],[-2.98241,56.18911],[-3.03555,56.16791],[-3.09105,56.13227],[-3.10753,56.1269],[-3.12755,56.12287],[-3.13829,56.11221],[-3.15225,56.07852],[-3.16356,56.06387],[-3.17837,56.05809],[-3.24844,56.05598],[-3.26838,56.05093],[-3.30305,56.03754],[-3.34268,56.02717],[-3.38183,56.02338],[-3.42097,56.02489],[-3.58259,56.05174],[-3.6715,56.05085],[-3.71003,56.05809],[-3.74543,56.07221],[-3.74649,56.07278],[-3.78222,56.09219],[-3.80313,56.10712],[-3.81701,56.11225],[-3.83747,56.11262],[-3.83747,56.10643],[-3.7777,56.08283],[-3.76915,56.07514],[-3.76085,56.07245],[-3.72643,56.03803],[-3.72142,56.03071],[-3.71264,56.029],[-3.69347,56.03115],[-3.68663,56.03071],[-3.67956,56.02546],[-3.67479,56.0187],[-3.66828,56.01276],[-3.65624,56.0102],[-3.59972,56.01724],[-3.57738,56.01703],[-3.40543,55.98973],[-3.35827,55.98973],[-3.34089,55.99445],[-3.33104,55.99409],[-3.32042,55.98603],[-3.30346,55.97761],[-3.12182,55.96931],[-3.11474,55.96613],[-3.09683,55.95197],[-3.09073,55.94819],[-3.07824,55.94685],[-3.0157,55.95051],[-2.93993,55.96931],[-2.91666,55.98062],[-2.90005,55.99616],[-2.88288,56.00849],[-2.85798,56.0102],[-2.86364,56.02228],[-2.86632,56.02676],[-2.87096,56.03071],[-2.85277,56.03978],[-2.82315,56.05976],[-2.80281,56.06485],[-2.63512,56.05805],[-2.61596,56.05317],[-2.58755,56.03095],[-2.56941,56.02448],[-2.57836,56.008],[-2.58365,56.00275],[-2.56957,55.99994],[-2.54406,56.00267],[-2.52896,55.99657],[-2.52481,56.00056],[-2.51456,56.00576],[-2.50792,56.0102],[-2.49328,56.00153],[-2.4525,55.98526],[-2.41438,55.97834],[-2.35094,55.94819],[-2.30777,55.935],[-2.14684,55.9173],[-2.13801,55.91462],[-2.13256,55.90644],[-2.13109,55.8972],[-2.12877,55.8898],[-2.12096,55.8867],[-2.09948,55.88178],[-2.08019,55.86937],[-2.02286,55.80549],[-2.00967,55.79084],[-1.87784,55.69489],[-1.86319,55.67162],[-1.8531,55.65933],[-1.83153,55.6507],[-1.82608,55.64362],[-1.82168,55.63642],[-1.81648,55.63288],[-1.80712,55.63451],[-1.80077,55.63923],[-1.79629,55.64423],[-1.79259,55.64655],[-1.7814,55.64566],[-1.76862,55.64191],[-1.7565,55.63361],[-1.74767,55.61921],[-1.76797,55.61921],[-1.76797,55.61298],[-1.75597,55.60887],[-1.72086,55.61457],[-1.69913,55.61298],[-1.63085,55.58511],[-1.63085,55.57827],[-1.63634,55.57168],[-1.63467,55.5644],[-1.62767,55.55712],[-1.61718,55.55028],[-1.63085,55.54413],[-1.63085,55.5373],[-1.62222,55.53408],[-1.60293,55.52363],[-1.60293,55.51679],[-1.61132,55.50804],[-1.60635,55.50324],[-1.59634,55.4999],[-1.58935,55.49567],[-1.58495,55.48371],[-1.58137,55.41665],[-1.58312,55.40693],[-1.58829,55.39057],[-1.5891,55.3852],[-1.58935,55.37653],[-1.58332,55.35472],[-1.55858,55.32892],[-1.55582,55.31135],[-1.55704,55.30663],[-1.55899,55.30207],[-1.56192,55.2978],[-1.56574,55.29365],[-1.57006,55.2862],[-1.56823,55.27961],[-1.56428,55.27326],[-1.56208,55.26667],[-1.55647,55.25503],[-1.54394,55.24388],[-1.52099,55.2294],[-1.52916,55.21625],[-1.52408,55.21011],[-1.51427,55.20478],[-1.50796,55.19465],[-1.51081,55.18476],[-1.51757,55.17621],[-1.52212,55.16747],[-1.51793,55.15713],[-1.50072,55.14179],[-1.49596,55.13459],[-1.49254,55.11298],[-1.48375,55.0917],[-1.48009,55.08539],[-1.47623,55.08364],[-1.46329,55.08031],[-1.45958,55.0786],[-1.45808,55.07575],[-1.4547,55.06757],[-1.4383,55.0423],[-1.42919,55.03327],[-1.42406,55.02436],[-1.4195,55.0117],[-1.41291,55.00031],[-1.40152,54.99543],[-1.39818,54.99262],[-1.37023,54.97553],[-1.36266,54.96479],[-1.36172,54.95869],[-1.36352,54.95425],[-1.364,54.94819],[-1.36286,54.92593],[-1.36034,54.91706],[-1.35314,54.91352],[-1.35582,54.90428],[-1.29678,54.77993],[-1.27546,54.74844],[-1.24047,54.72167],[-1.22509,54.71503],[-1.17223,54.70124],[-1.17223,54.69379],[-1.19262,54.69379],[-1.19245,54.68928],[-1.19078,54.68618],[-1.18517,54.68008],[-1.18273,54.67207],[-1.17882,54.66474],[-1.17292,54.65835],[-1.1647,54.65278],[-1.17292,54.64419],[-1.18249,54.63923],[-1.20629,54.63296],[-1.20372,54.62572],[-1.19884,54.62157],[-1.1918,54.61978],[-1.18212,54.61929],[-1.17935,54.62092],[-1.17846,54.62421],[-1.17699,54.62678],[-1.17223,54.62613],[-1.16959,54.6236],[-1.16543,54.61872],[-1.16295,54.61396],[-1.1647,54.6118],[-1.15266,54.61319],[-1.14672,54.61848],[-1.13805,54.64655],[-1.1206,54.633],[-1.10363,54.62466],[-1.08422,54.62043],[-1.04206,54.61709],[-0.99348,54.59813],[-0.78791,54.56078],[-0.56298,54.47736],[-0.53466,54.46101],[-0.52286,54.44709],[-0.5218,54.43806],[-0.52359,54.43024],[-0.52042,54.42007],[-0.51,54.41157],[-0.4768,54.3972],[-0.46276,54.38898],[-0.44774,54.3732],[-0.43057,54.34931],[-0.41845,54.32404],[-0.41804,54.30394],[-0.41454,54.29731],[-0.40901,54.29076],[-0.40119,54.28563],[-0.39074,54.28352],[-0.39489,54.27314],[-0.39757,54.26919],[-0.38927,54.26407],[-0.37047,54.24771],[-0.36278,54.2425],[-0.32201,54.23607],[-0.31192,54.23163],[-0.30012,54.22468],[-0.27709,54.21776],[-0.2696,54.20767],[-0.26256,54.1811],[-0.26037,54.17699],[-0.23388,54.16047],[-0.11144,54.13158],[-0.07551,54.11213],[-0.16393,54.0834],[-0.19469,54.06232],[-0.21947,54.02277],[-0.19742,53.99482],[-0.16869,53.92935],[-0.15111,53.89932],[-0.04516,53.80121],[0.13347,53.64265],[0.14926,53.60961],[0.13689,53.57713],[0.1312,53.57343],[0.10963,53.56289],[0.13136,53.59369],[0.136,53.61066],[0.12021,53.61811],[0.09946,53.6223],[0.05616,53.64126],[0.03452,53.64606],[0.01482,53.64326],[-0.02391,53.62885],[-0.04503,53.62556],[-0.06941,53.62694],[-0.09227,53.63105],[-0.11262,53.63752],[-0.13004,53.64606],[-0.22533,53.71992],[-0.26037,53.73542],[-0.29564,53.7388],[-0.30517,53.73969],[-0.43114,53.7143],[-0.4497,53.7143],[-0.51049,53.7143],[-0.54442,53.70946],[-0.5515,53.71117],[-0.57624,53.72565],[-0.57917,53.72797],[-0.63703,53.732],[-0.65836,53.72797],[-0.72647,53.70063],[-0.71736,53.69868],[-0.70857,53.69575],[-0.70018,53.69184],[-0.69245,53.687],[-0.67748,53.70283],[-0.64981,53.7106],[-0.61954,53.71186],[-0.59618,53.70808],[-0.55549,53.6905],[-0.54475,53.68358],[-0.52994,53.67768],[-0.51403,53.6813],[-0.48632,53.69449],[-0.30724,53.71426],[-0.27937,53.7071],[-0.26037,53.687],[-0.18863,53.62043],[-0.14403,53.60663],[-0.11319,53.58462],[-0.09594,53.57713],[-0.06094,53.57396],[-0.04662,53.57038],[9e-05,53.53535],[0.09596,53.48835],[0.11508,53.48322],[0.13404,53.48062],[0.15187,53.47582],[0.16782,53.4645],[0.17091,53.45702],[0.17311,53.44676],[0.17579,53.43769],[0.18149,53.43374],[0.1906,53.43187],[0.21949,53.4195],[0.21193,53.41266],[0.22934,53.40477],[0.24488,53.39094],[0.25611,53.37507],[0.26043,53.36148],[0.34213,53.2263],[0.35621,53.18854],[0.35662,53.14574],[0.33579,53.09345],[0.32984,53.08649],[0.3187,53.08369],[0.29884,53.0812],[0.28248,53.07486],[0.19304,53.02009],[0.17449,53.01545],[0.16082,53.00898],[0.08212,52.93867],[0.06117,52.92499],[0.03761,52.91918],[0.02215,52.91258],[0.00856,52.89863],[0.01026,52.88646],[0.04066,52.88508],[0.09254,52.89252],[0.10564,52.88935],[0.13347,52.87519],[0.14715,52.87202],[0.17091,52.86213],[0.22242,52.81367],[0.24676,52.79572],[0.2645,52.8037],[0.28565,52.80557],[0.32553,52.80317],[0.34181,52.79743],[0.36988,52.77302],[0.38453,52.76838],[0.38453,52.77521],[0.37924,52.79084],[0.39942,52.80952],[0.42555,52.82738],[0.43865,52.84072],[0.44402,52.86506],[0.45672,52.892],[0.47234,52.91645],[0.48569,52.9335],[0.52027,52.95527],[0.56959,52.96931],[0.62338,52.97565],[0.67189,52.97443],[0.6644,52.98188],[0.68474,52.9864],[0.7068,52.98322],[0.72918,52.97748],[0.7505,52.97443],[0.8357,52.97443],[0.8755,52.96817],[0.92107,52.95466],[0.96844,52.9475],[1.01393,52.96015],[1.00343,52.96475],[0.99155,52.96748],[0.97901,52.96841],[0.96608,52.9676],[0.96608,52.97443],[1.27467,52.92918],[1.39601,52.89142],[1.64422,52.77582],[1.67335,52.75568],[1.69703,52.73102],[1.71583,52.68374],[1.73414,52.65461],[1.74724,52.62519],[1.74073,52.60391],[1.74684,52.58853],[1.74871,52.56879],[1.74757,52.53278],[1.77117,52.48591],[1.7671,52.47695],[1.7544,52.46735],[1.72926,52.4156],[1.73015,52.40591],[1.72788,52.39631],[1.6836,52.32453],[1.65187,52.28913],[1.64112,52.28181],[1.63054,52.27045],[1.62827,52.24482],[1.63087,52.19977],[1.6255,52.18037],[1.60743,52.14594],[1.60353,52.12783],[1.5892,52.10082],[1.58758,52.08698],[1.58229,52.08149],[1.50367,52.06098],[1.48683,52.04902],[1.47202,52.05622],[1.46681,52.048],[1.46388,52.03514],[1.45582,52.02851],[1.44898,52.02497],[1.42481,52.00186],[1.35483,51.95405],[1.34352,51.94286],[1.33229,51.94009],[1.26442,51.99437],[1.23487,52.00031],[1.18523,52.02509],[1.15789,52.02851],[1.15789,52.02167],[1.19353,52.0008],[1.21437,51.99144],[1.26026,51.98481],[1.27076,51.98151],[1.27516,51.977],[1.27442,51.96088],[1.27101,51.95645],[1.25074,51.95962],[1.23894,51.95864],[1.21762,51.95433],[1.20574,51.95344],[1.19321,51.95551],[1.16529,51.96703],[1.14308,51.96605],[1.09449,51.95596],[1.0691,51.95344],[1.09547,51.94575],[1.26205,51.93915],[1.28199,51.9466],[1.27849,51.92792],[1.19955,51.87767],[1.21225,51.87165],[1.22788,51.86738],[1.26442,51.864],[1.27475,51.87031],[1.28224,51.88056],[1.28663,51.88166],[1.28826,51.86058],[1.27638,51.84479],[1.21925,51.81184],[1.16782,51.79023],[1.13543,51.78172],[1.06544,51.77529],[1.04664,51.77705],[1.03728,51.78217],[1.02133,51.80256],[0.98878,51.83027],[0.97983,51.84357],[0.97706,51.82461],[0.96209,51.81379],[0.92514,51.80256],[0.8943,51.78461],[0.88697,51.78213],[0.8864,51.77668],[0.88347,51.76472],[0.87892,51.75275],[0.87371,51.7473],[0.86199,51.74555],[0.84596,51.73676],[0.8357,51.73371],[0.8235,51.73383],[0.80144,51.73969],[0.79176,51.74116],[0.7671,51.73945],[0.72088,51.72818],[0.69858,51.72004],[0.7142,51.71528],[0.73243,51.71377],[0.74928,51.70848],[0.76075,51.69269],[0.78907,51.71015],[0.85304,51.7189],[0.88356,51.72687],[0.91236,51.74152],[0.93002,51.7436],[0.94557,51.73371],[0.94744,51.72525],[0.94459,51.71548],[0.94044,51.70799],[0.93816,51.70637],[0.9402,51.69843],[0.94402,51.69058],[0.95183,51.67841],[0.94174,51.67304],[0.938,51.6645],[0.93816,51.64126],[0.93474,51.63589],[0.92677,51.63093],[0.91147,51.62385],[0.93849,51.62499],[0.94809,51.62153],[0.95183,51.61701],[0.92449,51.58832],[0.8733,51.55947],[0.8283,51.54186],[0.81625,51.53718],[0.77125,51.52827],[0.69207,51.53632],[0.6644,51.53506],[0.66375,51.53555],[0.65056,51.53579],[0.64666,51.53535],[0.64405,51.53506],[0.64275,51.53352],[0.62338,51.52204],[0.60865,51.51899],[0.59523,51.51862],[0.58229,51.51655],[0.56886,51.50837],[0.55275,51.51797],[0.54721,51.51773],[0.5254,51.51691],[0.45606,51.50556],[0.45086,51.49828],[0.44801,51.48823],[0.44166,51.47704],[0.42848,51.46711],[0.41407,51.4619],[0.39918,51.4584],[0.38453,51.45311],[0.44842,51.45995],[0.4568,51.46312],[0.46144,51.47016],[0.46485,51.47724],[0.46957,51.48041],[0.53484,51.49168],[0.69483,51.47704],[0.70948,51.47053],[0.72193,51.45629],[0.72315,51.44672],[0.71315,51.44123],[0.69239,51.43952],[0.65651,51.44452],[0.64096,51.44416],[0.60939,51.42512],[0.57276,51.41958],[0.55454,51.41218],[0.56227,51.40656],[0.5691,51.3996],[0.57651,51.39362],[0.58595,51.39106],[0.67189,51.39106],[0.7129,51.38422],[0.70493,51.39598],[0.70037,51.40982],[0.70533,51.4195],[0.72641,51.41901],[0.72836,51.40624],[0.73927,51.38793],[0.75343,51.37153],[0.76441,51.36441],[0.97722,51.34919],[1.10092,51.37324],[1.42384,51.39208],[1.44825,51.38288],[1.43914,51.35008],[1.43556,51.34374],[1.43084,51.33779],[1.42514,51.33295],[1.41863,51.32966],[1.38299,51.32978],[1.37762,51.32624],[1.38063,51.30476],[1.38787,51.28791],[1.40431,51.26138],[1.4131,51.22175],[1.4048,51.18354],[1.38445,51.15168],[1.35719,51.13101],[1.29038,51.11652],[1.26295,51.10326],[1.25164,51.10252],[1.22999,51.1037],[1.21811,51.10098],[1.20826,51.09467],[1.19972,51.08759],[1.19207,51.08259],[1.17221,51.07738],[1.1067,51.07636],[1.08717,51.07298],[1.0669,51.0644],[1.0276,51.04165],[0.97641,50.99445],[0.96648,50.98273],[0.96909,50.95685],[0.97983,50.91816],[0.94516,50.90937],[0.8698,50.92512],[0.80226,50.93919],[0.76246,50.93089],[0.6644,50.87031],[0.6242,50.85871],[0.40748,50.82933],[0.37029,50.81879],[0.36524,50.819],[0.35426,50.80964],[0.34441,50.79906],[0.3423,50.79515],[0.30812,50.78095],[0.27101,50.74738],[0.2339,50.74702],[0.21412,50.74893],[0.16831,50.75983],[0.1574,50.76105],[0.12208,50.76081],[0.11305,50.76415],[0.09555,50.77505],[0.07704,50.779],[0.03452,50.78095],[0.01755,50.78486],[-0.17317,50.82901],[-0.20613,50.83104],[-0.20889,50.83011],[-0.23314,50.82193],[-0.26968,50.83129],[-0.39757,50.80207],[-0.56896,50.80207],[-0.73274,50.76728],[-0.74157,50.76923],[-0.74987,50.77387],[-0.75821,50.77709],[-0.76757,50.77473],[-0.7731,50.76602],[-0.76626,50.74714],[-0.77099,50.73688],[-0.78995,50.73005],[-0.81281,50.73477],[-0.90412,50.77188],[-0.91149,50.77782],[-0.90587,50.78803],[-0.89249,50.79462],[-0.86364,50.80207],[-0.86364,50.80825],[-0.87361,50.81293],[-0.89314,50.82534],[-0.90469,50.82933],[-0.90953,50.82599],[-0.9217,50.8216],[-0.92894,50.82282],[-0.91902,50.83617],[-0.9298,50.83999],[-0.9392,50.84325],[-0.97077,50.84699],[-0.99486,50.84707],[-1.00186,50.84711],[-1.02074,50.84365],[-1.03356,50.82591],[-1.04263,50.80191],[-1.05622,50.78303],[-1.08275,50.78095],[-1.10302,50.79548],[-1.09362,50.81293],[-1.07531,50.83002],[-1.06916,50.84365],[-1.08731,50.8498],[-1.08812,50.84976],[-1.14981,50.84667],[-1.1647,50.84365],[-1.12971,50.8251],[-1.12377,50.81879],[-1.12121,50.79938],[-1.12491,50.78872],[-1.13805,50.78095],[-1.15111,50.7814],[-1.16934,50.78587],[-1.18562,50.79243],[-1.19262,50.79865],[-1.19929,50.80793],[-1.23152,50.81891],[-1.2552,50.83194],[-1.28816,50.83918],[-1.30142,50.84365],[-1.31859,50.85692],[-1.33894,50.87271],[-1.44929,50.91206],[-1.46642,50.91816],[-1.46642,50.91193],[-1.45645,50.90876],[-1.43798,50.90131],[-1.42561,50.90009],[-1.40111,50.88117],[-1.32307,50.82575],[-1.31428,50.81216],[-1.31729,50.80024],[-1.33983,50.79515],[-1.40396,50.79157],[-1.41869,50.7884],[-1.41137,50.7849],[-1.40494,50.78095],[-1.40494,50.77473],[-1.45051,50.76935],[-1.47623,50.76341],[-1.48754,50.75772],[-1.49193,50.75727],[-1.52473,50.76105],[-1.5572,50.72329],[-1.5594,50.71922],[-1.56119,50.71898],[-1.58072,50.72264],[-1.60212,50.73176],[-1.67064,50.74006],[-1.67292,50.74006],[-1.69302,50.73994],[-1.71508,50.73578],[-1.75353,50.72285],[-1.77172,50.72012],[-1.79743,50.72317],[-1.83507,50.72769],[-1.85741,50.72695],[-1.87735,50.72285],[-1.89635,50.7163],[-1.89688,50.71605],[-1.91389,50.70742],[-1.92911,50.69587],[-1.94001,50.69082],[-1.94433,50.69766],[-1.94612,50.70791],[-1.94929,50.71332],[-1.9877,50.72012],[-2.0139,50.71894],[-2.02196,50.72012],[-2.02546,50.72386],[-2.02619,50.72508],[-2.03384,50.73713],[-2.03897,50.73994],[-2.04808,50.73481],[-2.08267,50.69896],[-2.06957,50.7001],[-2.05773,50.70283],[-2.04662,50.70726],[-2.03563,50.71332],[-2.01415,50.68879],[-2.00251,50.6813],[-1.98412,50.67853],[-1.96744,50.67866],[-1.95279,50.67658],[-1.94587,50.66885],[-1.95295,50.65184],[-1.93822,50.64582],[-1.93249,50.64444],[-1.96728,50.61709],[-1.9652,50.6022],[-1.98371,50.59663],[-2.06517,50.59553],[-2.08218,50.59785],[-2.15734,50.62051],[-2.34264,50.63377],[-2.37706,50.64753],[-2.39835,50.64558],[-2.4359,50.63752],[-2.44762,50.62788],[-2.46007,50.60651],[-2.46565,50.58515],[-2.45645,50.57551],[-2.43122,50.57026],[-2.4287,50.55756],[-2.43928,50.54181],[-2.45336,50.52766],[-2.45954,50.52766],[-2.46036,50.5655],[-2.48351,50.5904],[-2.69294,50.69282],[-2.86482,50.73379],[-2.88732,50.73436],[-2.94555,50.72582],[-2.96276,50.72329],[-2.9982,50.70824],[-3.02184,50.70649],[-3.05972,50.71332],[-3.07136,50.71101],[-3.09415,50.69896],[-3.09923,50.69709],[-3.11583,50.68797],[-3.12548,50.68529],[-3.13589,50.68594],[-3.15514,50.69135],[-3.16649,50.69282],[-3.18562,50.69074],[-3.21915,50.68081],[-3.25984,50.67455],[-3.27139,50.6645],[-3.28043,50.65119],[-3.29556,50.63752],[-3.36815,50.61709],[-3.39074,50.61783],[-3.40754,50.62128],[-3.42097,50.62946],[-3.43334,50.64444],[-3.44636,50.66828],[-3.45043,50.67231],[-3.45328,50.67328],[-3.45543,50.67544],[-3.45861,50.67756],[-3.46443,50.67853],[-3.46776,50.67642],[-3.4689,50.6717],[-3.46784,50.66698],[-3.45531,50.6579],[-3.44205,50.62352],[-3.43334,50.61026],[-3.45116,50.59943],[-3.46727,50.5856],[-3.48176,50.56855],[-3.49486,50.54816],[-3.50597,50.52082],[-3.50503,50.50121],[-3.48746,50.45942],[-3.50976,50.45848],[-3.53213,50.45478],[-3.54943,50.44652],[-3.55626,50.43212],[-3.54931,50.4156],[-3.53197,50.41022],[-3.48746,50.41157],[-3.48746,50.40477],[-3.49747,50.38736],[-3.49828,50.38369],[-3.50731,50.3828],[-3.51496,50.37995],[-3.52013,50.37482],[-3.52693,50.3498],[-3.53889,50.34443],[-3.55451,50.34764],[-3.57055,50.35639],[-3.57779,50.33405],[-3.59911,50.32583],[-3.62157,50.32193],[-3.63199,50.31232],[-3.63736,50.2954],[-3.64757,50.27456],[-3.65331,50.25104],[-3.64562,50.22602],[-3.66063,50.22102],[-3.70092,50.21353],[-3.71801,50.21239],[-3.74039,50.21589],[-3.75862,50.22175],[-3.77424,50.22297],[-3.78897,50.21239],[-3.82632,50.2342],[-3.88418,50.28046],[-3.94994,50.319],[-3.96101,50.32225],[-3.9702,50.32075],[-3.99576,50.31143],[-4.00561,50.30923],[-4.01134,50.30695],[-4.02477,50.29719],[-4.03295,50.29491],[-4.04406,50.29645],[-4.05435,50.30036],[-4.07022,50.30923],[-4.06794,50.31281],[-4.06404,50.32225],[-4.08601,50.32624],[-4.10827,50.33662],[-4.11872,50.35187],[-4.10497,50.37067],[-4.14175,50.36904],[-4.15274,50.37067],[-4.16552,50.37637],[-4.17146,50.3828],[-4.17577,50.39086],[-4.18383,50.40107],[-4.19148,50.41763],[-4.18391,50.43171],[-4.17032,50.44514],[-4.15953,50.45942],[-4.17943,50.45307],[-4.18956,50.45368],[-4.20055,50.45942],[-4.20368,50.4514],[-4.20474,50.44868],[-4.21239,50.44147],[-4.22252,50.43797],[-4.23473,50.4383],[-4.23473,50.43212],[-4.2202,50.42585],[-4.21614,50.41572],[-4.21972,50.4051],[-4.22851,50.39737],[-4.24144,50.39468],[-4.28991,50.39737],[-4.27302,50.3819],[-4.21618,50.38776],[-4.19376,50.3769],[-4.22851,50.37067],[-4.22851,50.36384],[-4.22012,50.3653],[-4.20055,50.36384],[-4.208,50.35639],[-4.18004,50.35639],[-4.18004,50.35016],[-4.19131,50.34756],[-4.19799,50.34223],[-4.19913,50.33539],[-4.19376,50.32844],[-4.19376,50.32225],[-4.215,50.32315],[-4.2257,50.33539],[-4.2351,50.34956],[-4.25235,50.35639],[-4.33772,50.37067],[-4.3837,50.3675],[-4.45621,50.3382],[-4.49535,50.32844],[-4.65982,50.32225],[-4.65958,50.32062],[-4.66271,50.31778],[-4.66779,50.31533],[-4.67345,50.31542],[-4.68716,50.34272],[-4.69433,50.34345],[-4.70019,50.34089],[-4.70556,50.33755],[-4.71133,50.33588],[-4.73156,50.33466],[-4.75211,50.33031],[-4.7633,50.32209],[-4.75544,50.30923],[-4.75544,50.30174],[-4.76236,50.29804],[-4.77164,50.29157],[-4.77986,50.28433],[-4.78336,50.2779],[-4.78189,50.2718],[-4.77652,50.26508],[-4.77652,50.26081],[-4.78844,50.24209],[-4.79015,50.23656],[-4.80016,50.22956],[-4.84972,50.23457],[-4.86872,50.22944],[-4.88732,50.21499],[-4.90477,50.20844],[-4.94726,50.19937],[-4.96068,50.1905],[-5.00243,50.14411],[-5.01456,50.15656],[-5.02037,50.19196],[-5.03319,50.19937],[-5.05297,50.19579],[-5.05362,50.18692],[-5.05187,50.17552],[-5.06456,50.16462],[-5.06456,50.15839],[-5.0585,50.15546],[-5.04345,50.14411],[-5.05187,50.1446],[-5.05846,50.14273],[-5.07079,50.13727],[-5.08031,50.13272],[-5.08161,50.12539],[-5.08096,50.11717],[-5.08503,50.10993],[-5.0939,50.10554],[-5.12597,50.09634],[-5.11465,50.09663],[-5.10607,50.09512],[-5.09187,50.0895],[-5.0869,50.08906],[-5.07535,50.09048],[-5.07079,50.0895],[-5.06847,50.08515],[-5.06493,50.07185],[-5.06086,50.06904],[-5.05651,50.06061],[-5.06949,50.04218],[-5.09805,50.01439],[-5.10729,50.01301],[-5.12743,50.01545],[-5.13964,50.01439],[-5.14647,50.01056],[-5.17614,49.98794],[-5.18773,49.9645],[-5.19115,49.95913],[-5.2001,49.96137],[-5.21036,49.96674],[-5.24039,49.98835],[-5.24523,49.99311],[-5.2495,50.00007],[-5.25304,50.01264],[-5.25227,50.0207],[-5.25267,50.02778],[-5.25976,50.03766],[-5.2884,50.06769],[-5.30435,50.08027],[-5.32396,50.0895],[-5.38419,50.10798],[-5.42471,50.11274],[-5.45812,50.12588],[-5.47484,50.13044],[-5.49568,50.12962],[-5.52184,50.12373],[-5.54092,50.11347],[-5.54064,50.09976],[-5.53466,50.08234],[-5.54556,50.06891],[-5.56347,50.05964],[-5.57844,50.05476],[-5.61946,50.04621],[-5.66739,50.04287],[-5.70515,50.05231],[-5.71565,50.08271],[-5.70596,50.08348],[-5.6988,50.08539],[-5.69449,50.0895],[-5.69441,50.09577],[-5.69709,50.10053],[-5.70031,50.10322],[-5.70198,50.10318],[-5.70739,50.12202],[-5.70922,50.13264],[-5.70539,50.13727],[-5.70352,50.14061],[-5.68464,50.16153],[-5.67675,50.16502],[-5.64737,50.17207],[-5.58361,50.19587],[-5.54943,50.20352],[-5.51098,50.21947],[-5.48912,50.21979],[-5.45812,50.20075],[-5.43798,50.19432],[-5.41739,50.20246],[-5.40294,50.21735],[-5.39586,50.22724],[-5.39289,50.23656],[-5.38756,50.2403],[-5.35192,50.2403],[-5.31485,50.25361],[-5.20031,50.33076],[-5.16356,50.34723],[-5.14989,50.35016],[-5.14647,50.35529],[-5.14566,50.36689],[-5.14704,50.37938],[-5.15368,50.39948],[-5.14241,50.40449],[-5.12727,50.40522],[-5.11974,50.40477],[-5.05028,50.4287],[-5.04817,50.43439],[-5.03873,50.4479],[-5.02977,50.48676],[-5.02864,50.50702],[-5.02526,50.52424],[-5.01561,50.53803],[-4.99559,50.54816],[-4.97517,50.54816],[-4.96784,50.55158],[-4.95482,50.56123],[-4.94726,50.56244],[-4.94148,50.55695],[-4.93712,50.54532],[-4.93444,50.53164],[-4.93358,50.52025],[-4.92687,50.52289],[-4.92431,50.52448],[-4.92052,50.52766],[-4.90242,50.52058],[-4.86095,50.51919],[-4.84484,50.51407],[-4.85582,50.52741],[-4.87328,50.53408],[-4.90624,50.54198],[-4.92186,50.55488],[-4.92024,50.56415],[-4.91519,50.5725],[-4.92052,50.58295],[-4.92052,50.58918],[-4.89566,50.58592],[-4.8212,50.58918],[-4.79247,50.5952],[-4.7766,50.60985],[-4.76504,50.628],[-4.74926,50.64444],[-4.75544,50.65937],[-4.75194,50.67007],[-4.74193,50.67487],[-4.72814,50.67231],[-4.6573,50.71113],[-4.64558,50.72354],[-4.63781,50.74116],[-4.61901,50.75479],[-4.57726,50.77473],[-4.55012,50.80956],[-4.55492,50.89777],[-4.54377,50.93919],[-4.53686,50.94758],[-4.52269,50.97272],[-4.52668,50.98037],[-4.53043,50.9947],[-4.53132,51.00869],[-4.52644,51.01496],[-4.43733,51.01496],[-4.42642,51.01268],[-4.40575,51.00288],[-4.39574,51.00068],[-4.33772,50.99665],[-4.31729,51.00068],[-4.30232,51.00751],[-4.23473,51.05533],[-4.22916,51.0611],[-4.22468,51.06708],[-4.21849,51.07245],[-4.208,51.07636],[-4.21426,51.08601],[-4.22631,51.11323],[-4.22851,51.12043],[-4.23192,51.12669],[-4.24901,51.14289],[-4.25577,51.15152],[-4.22232,51.14973],[-4.21483,51.15152],[-4.20836,51.1623],[-4.20983,51.17284],[-4.21727,51.18138],[-4.22851,51.18623],[-4.22851,51.19245],[-4.15233,51.21162],[-3.96947,51.2224],[-3.932,51.23135],[-3.9132,51.23338],[-3.84089,51.23338],[-3.81896,51.23607],[-3.7871,51.24677],[-3.76915,51.24771],[-3.63976,51.22639],[-3.55932,51.2281],[-3.43419,51.20978],[-3.40437,51.19204],[-3.385,51.18623],[-3.27074,51.1894],[-3.19888,51.20356],[-3.16275,51.20673],[-3.09675,51.20453],[-3.05753,51.20816],[-3.02929,51.2204],[-3.02184,51.21357],[-3.03555,51.19929],[-3.02184,51.19245],[-3.00479,51.21312],[-3.00133,51.2204],[-2.99958,51.23322],[-3.00154,51.23969],[-3.00499,51.24506],[-3.00817,51.25454],[-3.00764,51.29198],[-3.01061,51.31098],[-3.02184,51.32282],[-3.00243,51.31908],[-2.99218,51.32193],[-2.9921,51.32205],[-2.98839,51.33112],[-2.98778,51.34667],[-2.97989,51.35586],[-2.96597,51.36494],[-2.95958,51.37425],[-2.97468,51.38422],[-2.95295,51.39851],[-2.92101,51.39444],[-2.88418,51.41698],[-2.8164,51.47362],[-2.79857,51.48261],[-2.78087,51.48908],[-2.76122,51.49287],[-2.73762,51.49409],[-2.71642,51.49958],[-2.69616,51.51264],[-2.60782,51.60737],[-2.5996,51.6114],[-2.58922,51.61424],[-2.58043,51.61864],[-2.57681,51.62751],[-2.57445,51.63573],[-2.56896,51.64496],[-2.56224,51.65339],[-2.55639,51.65925],[-2.49918,51.69676],[-2.465,51.7259],[-2.44774,51.73188],[-2.4049,51.74116],[-2.38854,51.75043],[-2.38077,51.76191],[-2.38337,51.77326],[-2.39806,51.78213],[-2.40241,51.76358],[-2.4204,51.75312],[-2.44343,51.74844],[-2.46329,51.7473],[-2.48209,51.74287],[-2.49584,51.732],[-2.50796,51.71857],[-2.52212,51.70637],[-2.58169,51.68171],[-2.59113,51.67536],[-2.60021,51.6656],[-2.66535,51.61726]]],[[[-1.08275,50.71332],[-1.06233,50.69282],[-1.06233,50.68529],[-1.06696,50.68525],[-1.06965,50.6835],[-1.07189,50.68098],[-1.07531,50.67853],[-1.1127,50.67145],[-1.12865,50.66645],[-1.15636,50.65078],[-1.16222,50.64598],[-1.1647,50.64094],[-1.16413,50.61937],[-1.16503,50.60822],[-1.16845,50.60346],[-1.2792,50.58251],[-1.31554,50.58918],[-1.44595,50.64814],[-1.45279,50.65428],[-1.48595,50.66934],[-1.49743,50.67231],[-1.53515,50.66938],[-1.5515,50.66511],[-1.56949,50.65803],[-1.54532,50.6861],[-1.50593,50.70771],[-1.41869,50.73379],[-1.42089,50.73045],[-1.42345,50.7237],[-1.42536,50.72012],[-1.40087,50.72199],[-1.37755,50.7342],[-1.3435,50.76105],[-1.31851,50.77216],[-1.29577,50.77318],[-1.14428,50.73379],[-1.11954,50.7342],[-1.10912,50.73286],[-1.09703,50.72695],[-1.09642,50.72443],[-1.09765,50.71601],[-1.09703,50.71332],[-1.09423,50.71263],[-1.08556,50.71402],[-1.08275,50.71332]]],[[[-0.95987,50.80825],[-0.95987,50.80207],[-0.95458,50.79881],[-0.94563,50.79181],[-0.93883,50.7884],[-0.93883,50.78095],[-1.02074,50.7884],[-1.02074,50.79515],[-0.99869,50.80101],[-0.97256,50.82978],[-0.95987,50.82933],[-0.95031,50.8238],[-0.94783,50.81782],[-0.9514,50.81244],[-0.95987,50.80825]]],[[[0.91147,51.41218],[0.93246,51.39769],[0.94215,51.383],[0.93637,51.37104],[0.91147,51.36441],[0.79477,51.37055],[0.77508,51.37531],[0.75758,51.38642],[0.7435,51.40009],[0.7339,51.41218],[0.74684,51.43964],[0.75392,51.4457],[0.76694,51.44794],[0.8908,51.42105],[0.90056,51.41755],[0.91147,51.41218]]]]}},{"type":"Feature","properties":{"ADM0_A3":"NLD","NAME_FR":"Pays-Bas"},"geometry":{"type":"MultiPolygon","coordinates":[[[[7.19459,53.24502],[7.19747,53.21662],[7.19851,53.20058],[7.19541,53.185],[7.18858,53.16779],[7.17443,53.14578],[7.17194,53.13771],[7.17267,53.12575],[7.17649,53.11939],[7.18135,53.11418],[7.18507,53.10544],[7.19437,53.03384],[7.19282,52.99801],[7.18362,52.96612],[7.16192,52.93264],[7.07986,52.85442],[7.07215,52.84132],[7.06198,52.82401],[7.0533,52.79058],[7.04399,52.68263],[7.03665,52.64738],[7.01846,52.62599],[6.98281,52.63278],[6.96772,52.63666],[6.91842,52.63219],[6.8654,52.64196],[6.77052,52.64103],[6.73703,52.6347],[6.71908,52.62676],[6.70179,52.61912],[6.71016,52.60865],[6.7082,52.59969],[6.70365,52.59139],[6.70396,52.58307],[6.71099,52.57664],[6.74375,52.55971],[6.68825,52.54258],[6.67172,52.54168],[6.68401,52.52599],[6.68753,52.50814],[6.68898,52.49052],[6.69507,52.47561],[6.71481,52.46155],[6.74117,52.45367],[6.82034,52.44683],[6.87201,52.43473],[6.90023,52.43192],[6.92648,52.43298],[6.95149,52.43747],[6.96079,52.44285],[6.96699,52.44956],[6.9733,52.45137],[7.03418,52.39078],[7.04823,52.36507],[7.03976,52.32862],[7.01971,52.30004],[7.01247,52.28495],[7.01185,52.26663],[7.02074,52.24526],[7.0266,52.23862],[7.02911,52.23578],[7.02632,52.23064],[6.98188,52.214],[6.97113,52.20627],[6.94767,52.18281],[6.92772,52.17191],[6.88483,52.16033],[6.8654,52.1478],[6.84328,52.12],[6.83067,52.11289],[6.77158,52.10879],[6.76587,52.1084],[6.74985,52.10287],[6.7329,52.09199],[6.72763,52.08631],[6.71946,52.07357],[6.7114,52.06729],[6.69942,52.06357],[6.68887,52.0631],[6.67988,52.06047],[6.67296,52.05005],[6.67502,52.03481],[6.69094,52.02786],[6.71285,52.02385],[6.77817,52.00127],[6.80401,51.98437],[6.80918,51.97954],[6.81166,51.9728],[6.81073,51.96058],[6.80566,51.95753],[6.79801,51.9567],[6.78985,51.95114],[6.76701,51.92551],[6.74375,51.90833],[6.71668,51.89926],[6.62815,51.89751],[6.52862,51.87642],[6.47943,51.85301],[6.46289,51.84836],[6.44253,51.84836],[6.37845,51.86012],[6.38662,51.83756],[6.38248,51.82759],[6.34497,51.8211],[6.34197,51.83668],[6.32574,51.84255],[6.2874,51.84616],[6.28285,51.8496],[6.27179,51.8619],[6.26466,51.86619],[6.25639,51.86681],[6.22518,51.86255],[6.19138,51.87115],[6.15924,51.8873],[6.12699,51.89673],[6.09299,51.88531],[6.10539,51.87947],[6.14271,51.85518],[6.15614,51.84206],[6.14002,51.84454],[6.11645,51.84828],[6.084,51.85366],[6.04328,51.84686],[6.02891,51.84211],[6.00824,51.83257],[5.98892,51.82746],[5.94809,51.82296],[5.93145,51.81565],[5.92804,51.80674],[5.95078,51.79591],[5.96411,51.77656],[5.96235,51.75635],[5.94606,51.74629],[5.94013,51.74263],[5.93931,51.73188],[5.94923,51.72938],[5.97827,51.72979],[5.98974,51.72638],[6.01207,51.71586],[6.02199,51.70951],[6.00855,51.68119],[6.0315,51.663],[6.09919,51.64447],[6.08751,51.6221],[6.08214,51.60781],[6.08648,51.59553],[6.15304,51.53843],[6.19335,51.50934],[6.20048,51.47657],[6.20534,51.45844],[6.20172,51.43864],[6.19407,51.41738],[6.19273,51.39896],[6.20782,51.38767],[6.20203,51.37888],[6.19893,51.35697],[6.19355,51.34452],[6.18363,51.3357],[6.15821,51.32459],[6.14777,51.31816],[6.09651,51.25881],[6.07542,51.24266],[6.06519,51.23163],[6.05661,51.21171],[6.05372,51.18938],[6.06085,51.17091],[6.08431,51.16269],[6.13413,51.18422],[6.15707,51.17925],[6.14911,51.17634],[6.12627,51.16458],[6.14725,51.15225],[6.13237,51.13983],[6.07542,51.12037],[5.98292,51.07469],[5.96948,51.06492],[5.95026,51.03947],[5.93796,51.03094],[5.91957,51.0297],[5.90623,51.0374],[5.89435,51.04714],[5.8805,51.05205],[5.85249,51.04275],[5.85817,51.01934],[5.87357,50.99058],[5.87461,50.96537],[5.88825,50.96712],[5.91419,50.97524],[5.92773,50.97767],[5.94158,50.97648],[5.96783,50.971],[6.00369,50.97374],[6.00576,50.96852],[5.99966,50.9601],[5.99584,50.95177],[5.99729,50.93736],[5.99987,50.9294],[6.00752,50.92408],[6.03108,50.91472],[6.06374,50.90754],[6.06178,50.90351],[6.05651,50.89808],[6.05465,50.89147],[6.06312,50.8709],[6.06281,50.86294],[6.05671,50.85266],[6.04555,50.84418],[6.02302,50.84542],[6.00928,50.84046],[6.00049,50.83044],[6.00142,50.82181],[6.00359,50.81261],[5.99832,50.80072],[5.98395,50.7922],[5.96876,50.79463],[5.973,50.78181],[5.98065,50.77344],[5.99057,50.76905],[5.99708,50.76295],[5.99491,50.74993],[5.97476,50.74755],[5.9022,50.74905],[5.89129,50.75125],[5.87988,50.75354],[5.79317,50.75215],[5.78293,50.7567],[5.76247,50.77101],[5.75244,50.77344],[5.74356,50.7691],[5.73278,50.75885],[5.72785,50.75416],[5.71741,50.75282],[5.70656,50.75422],[5.68837,50.76083],[5.6987,50.78377],[5.70046,50.79556],[5.68485,50.7985],[5.66325,50.80506],[5.65743,50.80764],[5.64072,50.81504],[5.62449,50.83028],[5.62232,50.85266],[5.69446,50.90366],[5.70604,50.90661],[5.71761,50.90924],[5.72237,50.91167],[5.73529,50.92397],[5.75255,50.94723],[5.76402,50.95942],[5.7543,50.96309],[5.74469,50.96325],[5.72237,50.95942],[5.76175,50.99916],[5.77756,51.02355],[5.76402,51.03518],[5.7664,51.04844],[5.77146,51.05812],[5.77963,51.0613],[5.79131,51.055],[5.79885,51.06148],[5.80433,51.06859],[5.81177,51.08231],[5.80898,51.08634],[5.80743,51.08939],[5.80495,51.09662],[5.8159,51.09587],[5.82665,51.09691],[5.83678,51.09949],[5.84598,51.10339],[5.82324,51.11874],[5.82644,51.13016],[5.8405,51.13892],[5.83802,51.14373],[5.82913,51.15646],[5.81208,51.15732],[5.78138,51.15241],[5.76805,51.15946],[5.74717,51.1776],[5.73084,51.18375],[5.71803,51.1846],[5.67617,51.17918],[5.65901,51.17907],[5.64816,51.18396],[5.63855,51.19091],[5.62501,51.1969],[5.56837,51.20765],[5.55141,51.21677],[5.54553,51.21992],[5.54233,51.24266],[5.5352,51.26204],[5.5167,51.27723],[5.49324,51.28654],[5.47164,51.28809],[5.45189,51.28212],[5.40993,51.26354],[5.38906,51.25871],[5.27072,51.26183],[5.23946,51.25693],[5.23299,51.25592],[5.21542,51.25873],[5.21491,51.29434],[5.19734,51.30834],[5.17884,51.30951],[5.14018,51.30739],[5.12292,51.31338],[5.11806,51.31992],[5.10783,51.34198],[5.10256,51.35066],[5.06815,51.37454],[5.06174,51.38426],[5.06525,51.40591],[5.07641,51.4219],[5.07993,51.43854],[5.06029,51.46198],[5.03032,51.47443],[5.02753,51.47681],[5.01213,51.47433],[5.00613,51.46831],[5.00272,51.459],[4.9958,51.44671],[4.98019,51.43053],[4.95714,51.411],[4.93193,51.39562],[4.91033,51.3919],[4.87167,51.40304],[4.85327,51.40614],[4.7833,51.40764],[4.76212,51.41338],[4.7678,51.42539],[4.77907,51.42642],[4.82268,51.41369],[4.81545,51.43107],[4.81989,51.44622],[4.82609,51.46055],[4.82392,51.47565],[4.81359,51.48412],[4.79684,51.49102],[4.77865,51.49536],[4.76418,51.49624],[4.73121,51.48562],[4.65391,51.42622],[4.64357,51.42141],[4.63014,51.41821],[4.61463,51.41756],[4.5827,51.4226],[4.55386,51.41929],[4.54063,51.42007],[4.52151,51.42865],[4.52337,51.43841],[4.53185,51.45087],[4.53319,51.46758],[4.52523,51.47593],[4.51262,51.47738],[4.48306,51.47433],[4.42942,51.46198],[4.37713,51.44288],[4.38922,51.43459],[4.38715,51.42746],[4.38064,51.41965],[4.37992,51.40953],[4.38767,51.40053],[4.4101,51.38379],[4.4162,51.37397],[4.41123,51.35674],[4.39222,51.35041],[4.3456,51.35229],[4.32628,51.35643],[4.2901,51.36875],[4.28112,51.36895],[4.26107,51.36938],[4.25709,51.3725],[4.24903,51.38422],[4.24635,51.39643],[4.24684,51.40672],[4.24488,51.4145],[4.23471,51.41901],[4.22299,51.40949],[4.20102,51.40534],[4.11109,51.40697],[4.09034,51.41128],[4.07016,51.41901],[4.01515,51.44892],[3.99879,51.45311],[3.95704,51.4558],[3.94313,51.45038],[3.91342,51.41527],[3.90211,51.40493],[3.88673,51.39981],[3.85076,51.39737],[3.8379,51.39224],[3.82716,51.39106],[3.81642,51.39411],[3.78907,51.41218],[3.72877,51.43081],[3.68971,51.45429],[3.674,51.45539],[3.63258,51.4457],[3.61004,51.44505],[3.5534,51.45311],[3.53541,51.45922],[3.52019,51.47337],[3.50685,51.48933],[3.4948,51.50092],[3.46192,51.51899],[3.45102,51.52973],[3.44703,51.54597],[3.45753,51.55508],[3.5604,51.59463],[3.82887,51.61274],[3.85108,51.61078],[3.86606,51.60541],[3.88217,51.5961],[3.89649,51.58381],[3.90577,51.56924],[3.89527,51.5666],[3.87827,51.55939],[3.87159,51.55557],[3.87159,51.54938],[3.9673,51.54312],[4.01588,51.53083],[4.05714,51.50837],[4.07032,51.49274],[4.09002,51.45824],[4.10483,51.4457],[4.12875,51.44135],[4.18084,51.44587],[4.20045,51.43952],[4.22023,51.44355],[4.25278,51.44253],[4.26384,51.4444],[4.28321,51.4477],[4.29672,51.47053],[4.28859,51.49213],[4.26775,51.50829],[4.23976,51.5185],[4.23048,51.51956],[4.19467,51.52359],[4.15333,51.53506],[4.13795,51.53587],[4.10629,51.53352],[4.09132,51.53506],[4.06723,51.54401],[3.98813,51.59028],[4.04119,51.60602],[4.06772,51.61066],[4.15724,51.6079],[4.18336,51.60293],[4.20688,51.59052],[4.20729,51.59028],[4.20265,51.60912],[4.18995,51.61668],[4.18613,51.61681],[4.14666,51.61787],[4.136,51.62043],[4.12599,51.6247],[4.11801,51.63068],[4.11297,51.63939],[4.10987,51.65087],[4.10963,51.6623],[4.11264,51.6708],[4.12566,51.67963],[4.14291,51.68415],[4.17693,51.68586],[4.16635,51.69269],[4.14112,51.70392],[4.07154,51.71719],[4.05714,51.73029],[4.05079,51.76349],[4.03395,51.78425],[4.00978,51.79792],[3.98146,51.81],[3.96258,51.80121],[3.93718,51.79633],[3.91139,51.79637],[3.89186,51.79295],[3.88819,51.78889],[3.88111,51.78807],[3.87159,51.78827],[3.86232,51.81607],[3.89137,51.82827],[3.95411,51.84016],[3.96266,51.84736],[3.98219,51.84829],[4.01564,51.84357],[4.04347,51.83422],[4.04762,51.83369],[4.05502,51.83422],[4.06544,51.8371],[4.07765,51.84357],[4.07008,51.85273],[4.04461,51.8745],[4.03785,51.87792],[4.03207,51.88202],[4.0298,51.88825],[4.03199,51.89606],[4.03663,51.90156],[4.04127,51.9055],[4.04347,51.90868],[4.04021,51.92406],[4.02117,51.96332],[4.01002,51.98013],[4.01564,51.9877],[4.02247,51.99437],[4.06902,51.98794],[4.10768,51.99189],[4.14186,52.0056],[4.28468,52.11294],[4.40691,52.22346],[4.50815,52.33637],[4.56861,52.44526],[4.57732,52.47358],[4.57732,52.48094],[4.59693,52.50658],[4.63933,52.70067],[4.65707,52.75019],[4.65984,52.76529],[4.66944,52.79658],[4.71168,52.8631],[4.72136,52.89594],[4.72242,52.9145],[4.72641,52.9383],[4.7339,52.95889],[4.74545,52.9676],[4.80698,52.96182],[4.81691,52.9676],[4.82439,52.96015],[4.80942,52.92959],[4.83277,52.91132],[4.87379,52.90396],[4.9131,52.90559],[4.9358,52.9134],[4.97828,52.9357],[4.99903,52.94033],[5.03891,52.94351],[5.07814,52.95401],[5.27947,53.06293],[5.2942,53.07343],[5.31276,53.08283],[5.3589,53.08934],[5.37924,53.09736],[5.39975,53.12206],[5.42709,53.19033],[5.44744,53.22089],[5.48259,53.24555],[5.50424,53.25702],[5.54103,53.26659],[5.55787,53.27802],[5.5735,53.29165],[5.59156,53.3028],[5.61183,53.30712],[5.65968,53.31196],[5.69459,53.33006],[5.85475,53.3688],[5.8908,53.38426],[5.91375,53.3854],[5.98081,53.40607],[6.07732,53.40892],[6.18605,53.411],[6.27394,53.41266],[6.28435,53.41055],[6.30193,53.40111],[6.31153,53.39899],[6.32008,53.4007],[6.34555,53.41266],[6.49439,53.43871],[6.73024,53.46064],[6.82911,53.45059],[6.84978,53.44489],[6.86687,53.43427],[6.90056,53.35179],[6.90577,53.35049],[6.93002,53.34007],[6.93189,53.33759],[6.9367,53.33539],[6.94166,53.33071],[6.94858,53.32608],[6.98015,53.31977],[7.02003,53.30614],[7.03777,53.30964],[7.04624,53.30386],[7.05828,53.30195],[7.07008,53.30394],[7.07862,53.30964],[7.08546,53.30964],[7.08546,53.3028],[7.07749,53.29865],[7.0735,53.29564],[7.07374,53.29133],[7.07862,53.28294],[7.08074,53.26679],[7.11109,53.25633],[7.18336,53.2451],[7.19459,53.24502]]],[[[3.34942,51.37522],[3.51092,51.40794],[3.52573,51.4156],[3.54135,51.41673],[3.60467,51.39106],[3.70216,51.3736],[3.73422,51.35578],[3.75554,51.35008],[3.79591,51.35008],[3.83399,51.34325],[3.85817,51.34544],[3.95582,51.37177],[3.96925,51.38166],[3.97462,51.4016],[3.98414,51.41047],[4.00571,51.40982],[4.02906,51.4042],[4.04347,51.39851],[4.05006,51.39224],[4.06129,51.37665],[4.07016,51.37055],[4.08131,51.36815],[4.10548,51.36612],[4.11549,51.36099],[4.12192,51.35936],[4.15651,51.35757],[4.17368,51.37373],[4.18002,51.37743],[4.19956,51.37604],[4.22149,51.368],[4.22096,51.36382],[4.21352,51.34054],[4.20794,51.33059],[4.16856,51.29687],[4.11895,51.2724],[3.99503,51.23323],[3.94945,51.21078],[3.92703,51.20625],[3.80869,51.20533],[3.79629,51.20876],[3.7814,51.21987],[3.77975,51.23031],[3.7814,51.24142],[3.77623,51.25452],[3.75732,51.26232],[3.63505,51.28783],[3.60953,51.29044],[3.58482,51.28953],[3.54503,51.28393],[3.52901,51.28333],[3.51434,51.28103],[3.50338,51.27395],[3.50152,51.2624],[3.50411,51.24974],[3.50121,51.24028],[3.45388,51.23563],[3.42194,51.23799],[3.3988,51.2447],[3.39166,51.24677],[3.36737,51.26349],[3.35321,51.2886],[3.35393,51.31191],[3.35807,51.33671],[3.34942,51.37522]]],[[[4.03663,51.68586],[4.07838,51.67862],[4.09734,51.67023],[4.09938,51.65412],[4.08904,51.64403],[4.0726,51.63691],[4.05486,51.63264],[3.97804,51.62328],[3.9603,51.62385],[3.92311,51.63247],[3.90154,51.642],[3.89194,51.6555],[3.88559,51.66836],[3.8698,51.67609],[3.83058,51.68586],[3.8239,51.68989],[3.81764,51.69526],[3.80925,51.69953],[3.79591,51.70014],[3.77125,51.68183],[3.76539,51.67841],[3.72055,51.67683],[3.70004,51.68061],[3.6867,51.69269],[3.68946,51.72504],[3.72584,51.73973],[3.81007,51.7473],[3.81422,51.74824],[3.83058,51.7473],[3.84376,51.74283],[3.93963,51.74116],[3.96176,51.7381],[3.97804,51.73029],[4.01539,51.70173],[4.02027,51.69648],[4.02662,51.69111],[4.03663,51.68586]]]]}}]}